#include "IdleFrames.h"
namespace tamassol { namespace assets {
alignas(4) const uint16_t kIdleOpen[16384] = {
    0x0000, 0x0000, 0x0000, 0x0000, 0x0000, 0x0000, 0x0000, 0x0000, 0x0000, 0x0000, 0x0000, 0x0000, 0x0000, 0x0000, 0x0000, 0x0000,
    0x0000, 0x0000, 0x0000, 0x0000, 0x0000, 0x0000, 0x0000, 0x0000, 0x0000, 0x0000, 0x0000, 0x0000, 0x0000, 0x0000, 0x0000, 0x0000,
    0x0000, 0x0000, 0x0000, 0x0000, 0x0000, 0x0000, 0x0000, 0x0000, 0x0000, 0x0000, 0x0000, 0x0000, 0x0000, 0x0000, 0x0000, 0x0000,
    0x0000, 0x0000, 0x0000, 0x0000, 0x0000, 0x0000, 0x0000, 0x0000, 0x0000, 0x0000, 0x0000, 0x0000, 0x0000, 0x0000, 0x0000, 0x0000,
    0x0000, 0x0000, 0x0000, 0x0000, 0x0000, 0x0000, 0x0000, 0x0000, 0x0000, 0x0000, 0x0000, 0x0000, 0x0000, 0x0000, 0x0000, 0x0000,
    0x0000, 0x0000, 0x0000, 0x0000, 0x0000, 0x0000, 0x0000, 0x0000, 0x0000, 0x0000, 0x0000, 0x0000, 0x0000, 0x0000, 0x0000, 0x0000,
    0x0000, 0x0000, 0x0000, 0x0000, 0x0000, 0x0000, 0x0000, 0x0000, 0x0000, 0x0000, 0x0000, 0x0000, 0x0000, 0x0000, 0x0000, 0x0000,
    0x0000, 0x0000, 0x0000, 0x0000, 0x0000, 0x0000, 0x0000, 0x0000, 0x0000, 0x0000, 0x0000, 0x0000, 0x0000, 0x0000, 0x0000, 0x0000,
    0x0000, 0x0000, 0x0000, 0x0000, 0x0000, 0x0000, 0x0000, 0x0000, 0x0000, 0x0000, 0x0000, 0x0000, 0x0000, 0x0000, 0x0000, 0x0000,
    0x0000, 0x0000, 0x0000, 0x0000, 0x0000, 0x0000, 0x0000, 0x0000, 0x0000, 0x0000, 0x0000, 0x0000, 0x0000, 0x0000, 0x0000, 0x0000,
    0x0000, 0x0000, 0x0000, 0x0000, 0x0000, 0x0000, 0x0000, 0x0000, 0x0000, 0x0000, 0x0000, 0x0000, 0x0000, 0x0000, 0x0000, 0x0000,
    0x0000, 0x0000, 0x0000, 0x0000, 0x0000, 0x0000, 0x0000, 0x0000, 0x0000, 0x0000, 0x0000, 0x0000, 0x0000, 0x0000, 0x0000, 0x0000,
    0xB9E0, 0xB9E0, 0xB9E0, 0x0000, 0x0000, 0x0000, 0x0000, 0x0000, 0x0000, 0x0000, 0x0000, 0x0000, 0x0000, 0x0000, 0x0000, 0x0000,
    0x0000, 0x0000, 0x0000, 0x0000, 0x0000, 0x0000, 0x0000, 0x0000, 0x0000, 0x0000, 0x0000, 0x0000, 0x0000, 0x0000, 0x0000, 0x0000,
    0x0000, 0x0000, 0x0000, 0x0000, 0x0000, 0x0000, 0x0000, 0x0000, 0x0000, 0x0000, 0x0000, 0x0000, 0x0000, 0x0000, 0x0000, 0x0000,
    0x0000, 0x0000, 0x0000, 0x0000, 0x0000, 0x0000, 0x0000, 0x0000, 0x0000, 0x0000, 0x0000, 0x0000, 0x0000, 0x0000, 0x0000, 0x0000,
    0x0000, 0x0000, 0x0000, 0x0000, 0x0000, 0x0000, 0x0000, 0x0000, 0x0000, 0x0000, 0x0000, 0x0000, 0x0000, 0x0000, 0x0000, 0x0000,
    0x0000, 0x0000, 0x0000, 0x0000, 0x0000, 0x0000, 0x0000, 0x0000, 0x0000, 0x0000, 0x0000, 0x0000, 0x0000, 0x0000, 0x0000, 0x0000,
    0x0000, 0x0000, 0x0000, 0x0000, 0x0000, 0x0000, 0x0000, 0x0000, 0x0000, 0x0000, 0x0000, 0x0000, 0x0000, 0x0000, 0x0000, 0x0000,
    0x0000, 0x0000, 0x0000, 0x0000, 0x0000, 0x0000, 0x0000, 0x0000, 0x0000, 0x0000, 0x0000, 0x0000, 0x0000, 0x0000, 0x0000, 0x0000,
    0xC9A0, 0xC9C0, 0xC1A0, 0x0000, 0x0000, 0x0000, 0x0000, 0x0000, 0x0000, 0x0000, 0x0000, 0x0000, 0x0000, 0x0000, 0x0000, 0x0000,
    0x0000, 0x0000, 0x0000, 0x0000, 0x0000, 0x0000, 0x0000, 0x0000, 0x0000, 0x0000, 0x0000, 0x0000, 0x0000, 0x0000, 0x0000, 0x0000,
    0x0000, 0x0000, 0x0000, 0x0000, 0x0000, 0x0000, 0x0000, 0x0000, 0x0000, 0x0000, 0x0000, 0x0000, 0x0000, 0x0000, 0x0000, 0x0000,
    0x0000, 0x0000, 0x0000, 0x0000, 0x0000, 0x0000, 0x0000, 0x0000, 0x0000, 0x0000, 0x0000, 0x0000, 0x0000, 0x0000, 0x0000, 0x0000,
    0x0000, 0x0000, 0x0000, 0x0000, 0x0000, 0x0000, 0x0000, 0x0000, 0x0000, 0x0000, 0x0000, 0x0000, 0x0000, 0x0000, 0x0000, 0x0000,
    0x0000, 0x0000, 0x0000, 0x0000, 0x0000, 0x0000, 0x0000, 0x0000, 0x0000, 0x0000, 0x0000, 0x0000, 0x0000, 0x0000, 0x0000, 0x0000,
    0x0000, 0x0000, 0x0000, 0x0000, 0x0000, 0x0000, 0x0000, 0x0000, 0x0000, 0x0000, 0x0000, 0x0000, 0x0000, 0x0000, 0x0000, 0x0000,
    0x0000, 0x0000, 0x0000, 0x0000, 0x0000, 0x0000, 0x0000, 0x0000, 0x0000, 0x0000, 0x0000, 0x0000, 0x0000, 0x0000, 0xC1E0, 0xC1A0,
    0xFFC8, 0xF7A9, 0xC1C0, 0xF800, 0x0000, 0x0000, 0x0000, 0x0000, 0x0000, 0x0000, 0x0000, 0x0000, 0x0000, 0x0000, 0x0000, 0x0000,
    0x0000, 0x0000, 0x0000, 0x0000, 0x0000, 0x0000, 0x0000, 0x0000, 0x0000, 0x0000, 0x0000, 0x0000, 0x0000, 0x0000, 0x0000, 0x0000,
    0x0000, 0x0000, 0x0000, 0x0000, 0x0000, 0x0000, 0x0000, 0x0000, 0x0000, 0x0000, 0x0000, 0x0000, 0x0000, 0x0000, 0x0000, 0x0000,
    0x0000, 0x0000, 0x0000, 0x0000, 0x0000, 0x0000, 0x0000, 0x0000, 0x0000, 0x0000, 0x0000, 0x0000, 0x0000, 0x0000, 0x0000, 0x0000,
    0x0000, 0x0000, 0x0000, 0x0000, 0x0000, 0x0000, 0x0000, 0x0000, 0x0000, 0x0000, 0x0000, 0x0000, 0x0000, 0x0000, 0x0000, 0x0000,
    0x0000, 0x0000, 0x0000, 0x0000, 0x0000, 0x0000, 0x0000, 0x0000, 0x0000, 0x0000, 0x0000, 0x0000, 0x0000, 0x0000, 0x0000, 0x0000,
    0x0000, 0x0000, 0x0000, 0x0000, 0x0000, 0x0000, 0x0000, 0x0000, 0x0000, 0x0000, 0x0000, 0x0000, 0x0000, 0x0000, 0x0000, 0x0000,
    0x0000, 0x0000, 0x0000, 0x0000, 0x0000, 0x0000, 0x0000, 0x0000, 0x0000, 0x0000, 0x0000, 0x0000, 0x0000, 0x0000, 0xCA20, 0xC9A0,
    0xFFC8, 0xFFA8, 0xC1A0, 0xF800, 0x0000, 0x0000, 0x0000, 0x0000, 0x0000, 0x0000, 0x0000, 0x0000, 0x0000, 0x0000, 0x0000, 0x0000,
    0x0000, 0x0000, 0x0000, 0x0000, 0x0000, 0x0000, 0x0000, 0x0000, 0x0000, 0x0000, 0x0000, 0x0000, 0x0000, 0x0000, 0x0000, 0x0000,
    0x0000, 0x0000, 0x0000, 0x0000, 0x0000, 0x0000, 0x0000, 0x0000, 0x0000, 0x0000, 0x0000, 0x0000, 0x0000, 0x0000, 0x0000, 0x0000,
    0x0000, 0x0000, 0x0000, 0x0000, 0x0000, 0x0000, 0x0000, 0x0000, 0x0000, 0x0000, 0x0000, 0x0000, 0x0000, 0x0000, 0x0000, 0x0000,
    0x0000, 0x0000, 0x0000, 0x0000, 0x0000, 0x0000, 0x0000, 0x0000, 0x0000, 0x0000, 0x0000, 0x0000, 0x0000, 0x0000, 0x0000, 0x0000,
    0x0000, 0x0000, 0x0000, 0x0000, 0x0000, 0x0000, 0x0000, 0x0000, 0x0000, 0x0000, 0x0000, 0x0000, 0x0000, 0x0000, 0x0000, 0x0000,
    0x0000, 0x0000, 0x0000, 0x0000, 0x0000, 0x0000, 0x0000, 0x0000, 0x0000, 0x0000, 0x0000, 0x0000, 0x0000, 0x0000, 0x0000, 0x0000,
    0x0000, 0x0000, 0x0000, 0x0000, 0x0000, 0x0000, 0x0000, 0x0000, 0x0000, 0x0000, 0x0000, 0x0000, 0x0000, 0xC180, 0xF6A6, 0xFFE8,
    0xFFC8, 0xFFA8, 0xC9C0, 0xF800, 0x0000, 0x0000, 0x0000, 0x0000, 0x0000, 0x0000, 0x0000, 0x0000, 0x0000, 0x0000, 0x0000, 0x0000,
    0x0000, 0x0000, 0x0000, 0x0000, 0x0000, 0x0000, 0x0000, 0x0000, 0x0000, 0x0000, 0x0000, 0x0000, 0x0000, 0x0000, 0x0000, 0x0000,
    0x0000, 0x0000, 0x0000, 0x0000, 0x0000, 0x0000, 0x0000, 0x0000, 0x0000, 0x0000, 0x0000, 0x0000, 0x0000, 0x0000, 0x0000, 0x0000,
    0x0000, 0x0000, 0x0000, 0x0000, 0x0000, 0x0000, 0x0000, 0x0000, 0x0000, 0x0000, 0x0000, 0x0000, 0x0000, 0x0000, 0x0000, 0x0000,
    0x0000, 0x0000, 0x0000, 0x0000, 0x0000, 0x0000, 0x0000, 0x0000, 0x0000, 0x0000, 0x0000, 0x0000, 0x0000, 0x0000, 0x0000, 0x0000,
    0x0000, 0x0000, 0x0000, 0x0000, 0x0000, 0x0000, 0x0000, 0x0000, 0x0000, 0x0000, 0x0000, 0x0000, 0x0000, 0x0000, 0x0000, 0x0000,
    0x0000, 0x0000, 0x0000, 0x0000, 0x0000, 0x0000, 0x0000, 0x0000, 0x0000, 0x0000, 0x0000, 0x0000, 0x0000, 0x0000, 0x0000, 0x0000,
    0x0000, 0x0000, 0x0000, 0x0000, 0x0000, 0x0000, 0x0000, 0x0000, 0x0000, 0x0000, 0x0000, 0xC9E0, 0xCA20, 0xF6A6, 0xFFA9, 0xFFC8,
    0xFFC8, 0xFFA8, 0xC180, 0xF800, 0x0000, 0x0000, 0x0000, 0x0000, 0x0000, 0x0000, 0x0000, 0x0000, 0x0000, 0x0000, 0x0000, 0x0000,
    0x0000, 0x0000, 0x0000, 0x0000, 0x0000, 0x0000, 0x0000, 0x0000, 0x0000, 0x0000, 0x0000, 0x0000, 0x0000, 0x0000, 0x0000, 0x0000,
    0x0000, 0x0000, 0x0000, 0x0000, 0x0000, 0x0000, 0x0000, 0x0000, 0x0000, 0x0000, 0x0000, 0x0000, 0x0000, 0x0000, 0x0000, 0x0000,
    0x0000, 0x0000, 0x0000, 0x0000, 0x0000, 0x0000, 0x0000, 0x0000, 0x0000, 0x0000, 0x0000, 0x0000, 0x0000, 0x0000, 0x0000, 0x0000,
    0x0000, 0x0000, 0x0000, 0x0000, 0x0000, 0x0000, 0x0000, 0x0000, 0x0000, 0x0000, 0x0000, 0x0000, 0x0000, 0x0000, 0x0000, 0x0000,
    0x0000, 0x0000, 0x0000, 0x0000, 0x0000, 0x0000, 0x0000, 0x0000, 0x0000, 0x0000, 0x0000, 0x0000, 0x0000, 0x0000, 0x0000, 0x0000,
    0x0000, 0x0000, 0x0000, 0x0000, 0x0000, 0x0000, 0x0000, 0x0000, 0x0000, 0x0000, 0x0000, 0x0000, 0x0000, 0x0000, 0x0000, 0x0000,
    0x0000, 0x0000, 0x0000, 0x0000, 0x0000, 0x0000, 0x0000, 0x0000, 0x0000, 0x0000, 0x0000, 0xC160, 0xC180, 0xFFC8, 0xFFC8, 0xFFC8,
    0xFFC8, 0xFFA8, 0xC120, 0xF800, 0x0000, 0x0000, 0x0000, 0x0000, 0x0000, 0x0000, 0x0000, 0x0000, 0x0000, 0x0000, 0x0000, 0x0000,
    0x0000, 0x0000, 0x0000, 0x0000, 0x0000, 0x0000, 0x0000, 0x0000, 0x0000, 0x0000, 0x0000, 0x0000, 0x0000, 0x0000, 0x0000, 0x0000,
    0x0000, 0x0000, 0x0000, 0x0000, 0x0000, 0x0000, 0x0000, 0x0000, 0x0000, 0x0000, 0x0000, 0x0000, 0x0000, 0x0000, 0x0000, 0x0000,
    0x0000, 0x0000, 0x0000, 0x0000, 0x0000, 0x0000, 0x0000, 0x0000, 0x0000, 0x0000, 0x0000, 0x0000, 0x0000, 0x0000, 0x0000, 0x0000,
    0x0000, 0x0000, 0x0000, 0x0000, 0x0000, 0x0000, 0x0000, 0x0000, 0x0000, 0x0000, 0x0000, 0x0000, 0x0000, 0x0000, 0x0000, 0x0000,
    0x0000, 0x0000, 0x0000, 0x0000, 0x0000, 0x0000, 0x0000, 0x0000, 0x0000, 0x0000, 0x0000, 0x0000, 0x0000, 0x0000, 0x0000, 0x0000,
    0x0000, 0x0000, 0x0000, 0x0000, 0x0000, 0x0000, 0x0000, 0x0000, 0x0000, 0x0000, 0x0000, 0x0000, 0x0000, 0x0000, 0x0000, 0x0000,
    0x0000, 0x0000, 0x0000, 0x0000, 0x0000, 0x0000, 0x0000, 0x0000, 0x0000, 0x0000, 0xC180, 0xFFC8, 0xFFC8, 0xFFC8, 0xFFC8, 0xFFC8,
    0xFFC8, 0xFFA8, 0xC0E0, 0xF800, 0x0000, 0x0000, 0x0000, 0x0000, 0x0000, 0x0000, 0x0000, 0x0000, 0x0000, 0x0000, 0x0000, 0x0000,
    0x0000, 0x0000, 0x0000, 0x0000, 0x0000, 0x0000, 0x0000, 0x0000, 0x0000, 0x0000, 0x0000, 0x0000, 0x0000, 0x0000, 0x0000, 0x0000,
    0x0000, 0x0000, 0x0000, 0x0000, 0x0000, 0x0000, 0x0000, 0x0000, 0x0000, 0x0000, 0x0000, 0x0000, 0x0000, 0x0000, 0x0000, 0x0000,
    0x0000, 0x0000, 0x0000, 0x0000, 0x0000, 0x0000, 0x0000, 0x0000, 0x0000, 0x0000, 0x0000, 0x0000, 0x0000, 0x0000, 0x0000, 0x0000,
    0x0000, 0x0000, 0x0000, 0x0000, 0x0000, 0x0000, 0x0000, 0x0000, 0x0000, 0x0000, 0x0000, 0x0000, 0x0000, 0x0000, 0x0000, 0x0000,
    0x0000, 0x0000, 0x0000, 0x0000, 0x0000, 0x0000, 0x0000, 0x0000, 0x0000, 0x0000, 0x0000, 0x0000, 0x0000, 0x0000, 0x0000, 0x0000,
    0x0000, 0x0000, 0x0000, 0x0000, 0x0000, 0x0000, 0x0000, 0x0000, 0x0000, 0x0000, 0x0000, 0x0000, 0x0000, 0x0000, 0x0000, 0x0000,
    0x0000, 0x0000, 0x0000, 0x0000, 0x0000, 0x0000, 0x0000, 0x0000, 0x0000, 0xE687, 0xC9C0, 0xFFA8, 0xFFC8, 0xFFC8, 0xFFC8, 0xFFC8,
    0xFFC8, 0xFF88, 0xC0E0, 0xF800, 0x0000, 0x0000, 0x0000, 0x0000, 0x0000, 0x0000, 0x0000, 0x0000, 0x0000, 0x0000, 0x0000, 0x0000,
    0x0000, 0x0000, 0x0000, 0x0000, 0x0000, 0x0000, 0x0000, 0x0000, 0x0000, 0x0000, 0x0000, 0x0000, 0x0000, 0x0000, 0x0000, 0x0000,
    0x0000, 0x0000, 0x0000, 0x0000, 0x0000, 0x0000, 0x0000, 0x0000, 0x0000, 0x0000, 0x0000, 0x0000, 0x0000, 0x0000, 0x0000, 0x0000,
    0x0000, 0x0000, 0x0000, 0x0000, 0x0000, 0x0000, 0x0000, 0x0000, 0x0000, 0x0000, 0x0000, 0x0000, 0x0000, 0x0000, 0x0000, 0x0000,
    0x0000, 0x0000, 0x0000, 0x0000, 0x0000, 0x0000, 0x0000, 0x0000, 0x0000, 0x0000, 0x0000, 0x0000, 0x0000, 0x0000, 0x0000, 0x0000,
    0x0000, 0x0000, 0x0000, 0x0000, 0x0000, 0x0000, 0x0000, 0x0000, 0x0000, 0x0000, 0x0000, 0x0000, 0x0000, 0x0000, 0x0000, 0x0000,
    0x0000, 0x0000, 0x0000, 0x0000, 0x0000, 0x0000, 0x0000, 0x0000, 0x0000, 0x0000, 0x0000, 0x0000, 0x0000, 0x0000, 0x0000, 0x0000,
    0x0000, 0x0000, 0x0000, 0x0000, 0x0000, 0x0000, 0x0000, 0x0000, 0xC180, 0xC140, 0xFFC7, 0xFFC7, 0xFFC8, 0xFFC8, 0xFFC8, 0xFFC8,
    0xFD20, 0xFD20, 0xC080, 0xF800, 0x0000, 0x0000, 0x0000, 0x0000, 0x0000, 0x0000, 0x0000, 0xC840, 0xC080, 0x0000, 0x0000, 0x0000,
    0x0000, 0x0000, 0x0000, 0x0000, 0x0000, 0x0000, 0x0000, 0x0000, 0x0000, 0x0000, 0x0000, 0x0000, 0x0000, 0x0000, 0x0000, 0x0000,
    0x0000, 0x0000, 0x0000, 0x0000, 0x0000, 0x0000, 0x0000, 0x0000, 0x0000, 0x0000, 0x0000, 0x0000, 0x0000, 0x0000, 0x0000, 0x0000,
    0x0000, 0x0000, 0x0000, 0x0000, 0x0000, 0x0000, 0x0000, 0x0000, 0x0000, 0x0000, 0x0000, 0x0000, 0x0000, 0x0000, 0x0000, 0x0000,
    0x0000, 0x0000, 0x0000, 0x0000, 0x0000, 0x0000, 0x0000, 0x0000, 0x0000, 0x0000, 0x0000, 0x0000, 0x0000, 0x0000, 0x0000, 0x0000,
    0x0000, 0x0000, 0x0000, 0x0000, 0x0000, 0x0000, 0x0000, 0x0000, 0x0000, 0x0000, 0x0000, 0x0000, 0x0000, 0x0000, 0x0000, 0x0000,
    0x0000, 0x0000, 0x0000, 0x0000, 0x0000, 0x0000, 0x0000, 0x0000, 0x0000, 0x0000, 0x0000, 0x0000, 0x0000, 0x0000, 0x0000, 0x0000,
    0x0000, 0x0000, 0x0000, 0x0000, 0x0000, 0x0000, 0xBA00, 0xC180, 0xFFA8, 0xFFC7, 0xFFC8, 0xFFC8, 0xFFC8, 0xFFC8, 0xFFC8, 0xFFC8,
    0xFB60, 0xFBA0, 0xB800, 0xF800, 0x0000, 0x0000, 0x0000, 0x0000, 0x0000, 0x0000, 0xB840, 0xFB80, 0xFB80, 0xB820, 0x98A0, 0x0000,
    0x0000, 0x0000, 0x0000, 0x0000, 0x0000, 0x0000, 0x0000, 0x0000, 0x0000, 0x0000, 0x0000, 0x0000, 0x0000, 0x0000, 0x0000, 0x0000,
    0x0000, 0x0000, 0x0000, 0x0000, 0x0000, 0x0000, 0x0000, 0x0000, 0x0000, 0x0000, 0x0000, 0x0000, 0x0000, 0x0000, 0x0000, 0x0000,
    0x0000, 0x0000, 0x0000, 0x0000, 0x0000, 0x0000, 0x0000, 0x0000, 0x0000, 0x0000, 0x0000, 0x0000, 0x0000, 0x0000, 0x0000, 0x0000,
    0x0000, 0x0000, 0x0000, 0x0000, 0x0000, 0x0000, 0x0000, 0x0000, 0x0000, 0x0000, 0x0000, 0x0000, 0x0000, 0x0000, 0x0000, 0x0000,
    0x0000, 0x0000, 0x0000, 0x0000, 0x0000, 0x0000, 0x0000, 0x0000, 0x0000, 0x0000, 0x0000, 0x0000, 0x0000, 0x0000, 0x0000, 0x0000,
    0x0000, 0x0000, 0x0000, 0x0000, 0x0000, 0x0000, 0x0000, 0x0000, 0x0000, 0x0000, 0x0000, 0x0000, 0x0000, 0x0000, 0x0000, 0x0000,
    0x0000, 0x0000, 0x0000, 0x0000, 0x0000, 0x0000, 0xBA61, 0xC160, 0xFFC8, 0xFFC8, 0xFFC8, 0xFFC8, 0xFFC8, 0xFFC8, 0xFFC8, 0xFFC8,
    0xFB40, 0xF340, 0xB000, 0x0000, 0x0000, 0x0000, 0x0000, 0x0000, 0x0000, 0x0000, 0xC040, 0xF360, 0xFB80, 0xC000, 0xA8E0, 0x0000,
    0x0000, 0x0000, 0x0000, 0x0000, 0x0000, 0x0000, 0x0000, 0x0000, 0x0000, 0x0000, 0x0000, 0x0000, 0x0000, 0x0000, 0x0000, 0x0000,
    0x0000, 0x0000, 0x0000, 0x0000, 0x0000, 0x0000, 0x0000, 0x0000, 0x0000, 0x0000, 0x0000, 0x0000, 0x0000, 0x0000, 0x0000, 0x0000,
    0x0000, 0x0000, 0x0000, 0x0000, 0x0000, 0x0000, 0x0000, 0x0000, 0x0000, 0x0000, 0x0000, 0x0000, 0x0000, 0x0000, 0x0000, 0x0000,
    0x0000, 0x0000, 0x0000, 0x0000, 0x0000, 0x0000, 0x0000, 0x0000, 0x0000, 0x0000, 0x0000, 0x0000, 0x0000, 0x0000, 0x0000, 0x0000,
    0x0000, 0x0000, 0x0000, 0x0000, 0x0000, 0x0000, 0x0000, 0x0000, 0x0000, 0x0000, 0x0000, 0x0000, 0x0000, 0x0000, 0x0000, 0x0000,
    0x0000, 0x0000, 0x0000, 0x0000, 0x0000, 0x0000, 0x0000, 0x0000, 0x0000, 0x0000, 0x0000, 0x0000, 0x0000, 0x0000, 0x0000, 0x0000,
    0x0000, 0x0000, 0x0000, 0x0000, 0x0000, 0x0000, 0xC261, 0xC160, 0xFFC8, 0xFFC8, 0xFFC8, 0xFFC8, 0xFFC8, 0xFFC8, 0xFFC8, 0xFFC8,
    0xB000, 0xB000, 0x0000, 0x0000, 0x0000, 0x0000, 0x0000, 0x0000, 0xB8A0, 0xB020, 0xFFA6, 0xD160, 0xC980, 0x0000, 0x0000, 0x0000,
    0x0000, 0x0000, 0x0000, 0x0000, 0x0000, 0x0000, 0x0000, 0x0000, 0x0000, 0x0000, 0x0000, 0x0000, 0x0000, 0x0000, 0x0000, 0x0000,
    0x0000, 0x0000, 0x0000, 0x0000, 0x0000, 0x0000, 0x0000, 0x0000, 0x0000, 0x0000, 0x0000, 0x0000, 0x0000, 0x0000, 0x0000, 0x0000,
    0x0000, 0x0000, 0x0000, 0x0000, 0x0000, 0x0000, 0x0000, 0x0000, 0x0000, 0x0000, 0x0000, 0x0000, 0x0000, 0x0000, 0x0000, 0x0000,
    0x0000, 0x0000, 0x0000, 0x0000, 0x0000, 0x0000, 0x0000, 0x0000, 0x0000, 0x0000, 0x0000, 0x0000, 0x0000, 0x0000, 0x0000, 0x0000,
    0x0000, 0x0000, 0x0000, 0x0000, 0x0000, 0x0000, 0x0000, 0x0000, 0x0000, 0x0000, 0x0000, 0x0000, 0x0000, 0x0000, 0x0000, 0x0000,
    0x0000, 0x0000, 0x0000, 0x0000, 0x0000, 0x0000, 0x0000, 0x0000, 0x0000, 0x0000, 0x0000, 0x0000, 0x0000, 0x0000, 0x0000, 0x0000,
    0x0000, 0x0000, 0x0000, 0x0000, 0x0000, 0xC9A0, 0xDB62, 0xFFE8, 0xFFC8, 0xFFC8, 0xFFC8, 0xFFC8, 0xFFC8, 0xFFC8, 0xFFC8, 0xFFC8,
    0xB000, 0xB800, 0x0000, 0x0000, 0x0000, 0x0000, 0xC0E0, 0xC080, 0xFFE8, 0xFFE9, 0xFFA6, 0xB860, 0xC060, 0x0000, 0x0000, 0x0000,
    0x0000, 0x0000, 0x0000, 0x0000, 0x0000, 0x0000, 0x0000, 0x0000, 0x0000, 0x0000, 0x0000, 0x0000, 0x0000, 0x0000, 0x0000, 0x0000,
    0x0000, 0x0000, 0x0000, 0x0000, 0x0000, 0x0000, 0x0000, 0x0000, 0x0000, 0x0000, 0x0000, 0x0000, 0x0000, 0x0000, 0x0000, 0x0000,
    0x0000, 0x0000, 0x0000, 0x0000, 0x0000, 0x0000, 0x0000, 0x0000, 0x0000, 0x0000, 0x0000, 0x0000, 0x0000, 0x0000, 0x0000, 0x0000,
    0x0000, 0x0000, 0x0000, 0x0000, 0x0000, 0x0000, 0x0000, 0x0000, 0x0000, 0x0000, 0x0000, 0x0000, 0x0000, 0x0000, 0x0000, 0x0000,
    0x0000, 0x0000, 0x0000, 0x0000, 0x0000, 0x0000, 0x0000, 0x0000, 0x0000, 0x0000, 0x0000, 0x0000, 0x0000, 0x0000, 0x0000, 0x0000,
    0x0000, 0x0000, 0x0000, 0x0000, 0x0000, 0x0000, 0x0000, 0x0000, 0x0000, 0x0000, 0x0000, 0x0000, 0x0000, 0x0000, 0x0000, 0x0000,
    0x0000, 0x0000, 0x0000, 0x0000, 0x0000, 0xC160, 0xCB62, 0xFFC7, 0xFFC8, 0xFFC7, 0xFFC8, 0xFFC8, 0xFFC8, 0xFFC8, 0xFFC8, 0xFFC8,
    0xB000, 0xB800, 0x0000, 0x0000, 0x0000, 0x0000, 0xB8E0, 0xB840, 0xFFC8, 0xFFC8, 0xFFA6, 0xC060, 0xC060, 0x0000, 0x0000, 0x0000,
    0x0000, 0x0000, 0x0000, 0x0000, 0x0000, 0x0000, 0x0000, 0x0000, 0x0000, 0x0000, 0x0000, 0x0000, 0x0000, 0x0000, 0x0000, 0x0000,
    0x0000, 0x0000, 0x0000, 0x0000, 0x0000, 0x0000, 0x0000, 0x0000, 0x0000, 0x0000, 0x0000, 0x0000, 0x0000, 0x0000, 0x0000, 0x0000,
    0x0000, 0x0000, 0x0000, 0x0000, 0x0000, 0x0000, 0x0000, 0x0000, 0x0000, 0x0000, 0x0000, 0x0000, 0x0000, 0x0000, 0x0000, 0x0000,
    0x0000, 0x0000, 0x0000, 0x0000, 0x0000, 0x0000, 0x0000, 0x0000, 0x0000, 0x0000, 0x0000, 0x0000, 0x0000, 0x0000, 0x0000, 0x0000,
    0x0000, 0x0000, 0x0000, 0x0000, 0x0000, 0x0000, 0x0000, 0x0000, 0x0000, 0x0000, 0x0000, 0x0000, 0x0000, 0x0000, 0x0000, 0x0000,
    0x0000, 0x0000, 0x0000, 0x0000, 0x0000, 0x0000, 0x0000, 0x0000, 0x0000, 0x0000, 0x0000, 0x0000, 0x0000, 0x0000, 0x0000, 0x0000,
    0x0000, 0x0000, 0x0000, 0xC160, 0xC160, 0xFFC7, 0xFFC7, 0xFFC7, 0xFFD3, 0xFFD5, 0xFFC8, 0xFFC8, 0xFFC8, 0xFFC8, 0xFFC8, 0xFFC8,
    0xA800, 0xB000, 0x0000, 0x0000, 0x0000, 0xB8A0, 0xF625, 0xFFC8, 0xFFC8, 0xFFE9, 0xFC80, 0xC020, 0xB800, 0x0000, 0x0000, 0x0000,
    0x0000, 0x0000, 0x0000, 0x0000, 0x0000, 0x0000, 0x0000, 0x0000, 0x0000, 0x0000, 0x0000, 0x0000, 0x0000, 0x0000, 0x0000, 0x0000,
    0x0000, 0x0000, 0x0000, 0x0000, 0x0000, 0x0000, 0x0000, 0x0000, 0x0000, 0x0000, 0x0000, 0x0000, 0x0000, 0x0000, 0x0000, 0x0000,
    0x0000, 0x0000, 0x0000, 0x0000, 0x0000, 0x0000, 0x0000, 0x0000, 0x0000, 0x0000, 0x0000, 0x0000, 0x0000, 0x0000, 0x0000, 0x0000,
    0x0000, 0x0000, 0x0000, 0x0000, 0x0000, 0x0000, 0x0000, 0x0000, 0x0000, 0x0000, 0x0000, 0x0000, 0x0000, 0x0000, 0x0000, 0x0000,
    0x0000, 0x0000, 0x0000, 0x0000, 0x0000, 0x0000, 0x0000, 0x0000, 0x0000, 0x0000, 0x0000, 0x0000, 0x0000, 0x0000, 0x0000, 0x0000,
    0x0000, 0x0000, 0x0000, 0x0000, 0x0000, 0x0000, 0x0000, 0x0000, 0x0000, 0x0000, 0x0000, 0x0000, 0x0000, 0x0000, 0x0000, 0x0000,
    0x0000, 0x0000, 0x0000, 0xB8E0, 0xB900, 0xFFC8, 0xFFC7, 0xFFC7, 0xFFD4, 0xFFD5, 0xFFC8, 0xFFC8, 0xFFC8, 0xFFC8, 0xFFC8, 0xFFC9,
    0xA800, 0xB000, 0xBBE0, 0xFFE0, 0xAD4A, 0xB860, 0xF6A8, 0xFFC8, 0xFFC8, 0xFFE8, 0xFCE0, 0xC020, 0xC820, 0x0000, 0x0000, 0x0000,
    0x0000, 0x0000, 0x0000, 0x0000, 0x0000, 0x0000, 0xF800, 0x0000, 0x0000, 0x0000, 0x0000, 0x0000, 0x0000, 0x0000, 0x0000, 0x0000,
    0x0000, 0x0000, 0x0000, 0x0000, 0x0000, 0x0000, 0x0000, 0x0000, 0x0000, 0x0000, 0x0000, 0x0000, 0x0000, 0x0000, 0x0000, 0x0000,
    0x0000, 0x0000, 0x0000, 0x0000, 0x0000, 0x0000, 0x0000, 0x0000, 0x0000, 0x0000, 0x0000, 0x0000, 0x0000, 0x0000, 0x0000, 0x0000,
    0x0000, 0x0000, 0x0000, 0x0000, 0x0000, 0x0000, 0x0000, 0x0000, 0x0000, 0x0000, 0x0000, 0x0000, 0x0000, 0x0000, 0x0000, 0x0000,
    0x0000, 0x0000, 0x0000, 0x0000, 0x0000, 0x0000, 0x0000, 0x0000, 0x0000, 0x0000, 0x0000, 0x0000, 0x0000, 0x0000, 0x0000, 0x0000,
    0x0000, 0x0000, 0x0000, 0x0000, 0x0000, 0x0000, 0x0000, 0x0000, 0x0000, 0x0000, 0x0000, 0x0000, 0x0000, 0x0000, 0x0000, 0x0000,
    0x0000, 0xD3E0, 0xC980, 0xFF65, 0xFF63, 0xFFC7, 0xFFCA, 0xFFD4, 0xFFC7, 0xFFC8, 0xFFC8, 0xFFC8, 0xFFC8, 0xFFC8, 0xFEE2, 0xFEA1,
    0xB000, 0xB000, 0xC120, 0xC140, 0xC140, 0xFFC8, 0xFFC8, 0xFFC8, 0xFFC8, 0xFFE8, 0xC040, 0xB800, 0x0000, 0x0000, 0x0000, 0x0000,
    0x0000, 0x0000, 0x0000, 0x0000, 0xF800, 0xB800, 0xB880, 0x0000, 0x0000, 0x0000, 0x0000, 0x0000, 0x0000, 0x0000, 0x0000, 0x0000,
    0x0000, 0x0000, 0x0000, 0x0000, 0x0000, 0x0000, 0x0000, 0x0000, 0x0000, 0x0000, 0x0000, 0x0000, 0x0000, 0x0000, 0x0000, 0x0000,
    0x0000, 0x0000, 0x0000, 0x0000, 0x0000, 0x0000, 0x0000, 0x0000, 0x0000, 0x0000, 0x0000, 0x0000, 0x0000, 0x0000, 0x0000, 0x0000,
    0x0000, 0x0000, 0x0000, 0x0000, 0x0000, 0x0000, 0x0000, 0x0000, 0x0000, 0x0000, 0x0000, 0x0000, 0x0000, 0x0000, 0x0000, 0x0000,
    0x0000, 0x0000, 0x0000, 0x0000, 0x0000, 0x0000, 0x0000, 0x0000, 0x0000, 0x0000, 0x0000, 0x0000, 0x0000, 0x0000, 0x0000, 0x0000,
    0x0000, 0x0000, 0x0000, 0x0000, 0x0000, 0x0000, 0x0000, 0x0000, 0x0000, 0x0000, 0x0000, 0x0000, 0x0000, 0x0000, 0x0000, 0x0000,
    0xC120, 0xC960, 0xFF22, 0xFFD3, 0xFFD3, 0xFFD3, 0xFFD1, 0xFFC7, 0xFFC8, 0xFFC8, 0xFFC8, 0xFFC8, 0xFFC8, 0xFFC8, 0xFEE2, 0xFEC1,
    0xA800, 0xA800, 0xFF64, 0xFFC8, 0xFFC9, 0xFFC8, 0xFFC8, 0xFFC8, 0xFFC8, 0xFFE9, 0xB800, 0xB800, 0x0000, 0x0000, 0x0000, 0x0000,
    0x0000, 0x0000, 0x0000, 0xC000, 0xC000, 0xFB80, 0xC040, 0xC000, 0x0000, 0x0000, 0x0000, 0x0000, 0x0000, 0x0000, 0x0000, 0x0000,
    0x0000, 0x0000, 0x0000, 0x0000, 0x0000, 0x0000, 0x0000, 0x0000, 0x0000, 0x0000, 0x0000, 0x0000, 0x0000, 0x0000, 0x0000, 0x0000,
    0x0000, 0x0000, 0x0000, 0x0000, 0x0000, 0x0000, 0x0000, 0x0000, 0x0000, 0x0000, 0x0000, 0x0000, 0x0000, 0x0000, 0x0000, 0x0000,
    0x0000, 0x0000, 0x0000, 0x0000, 0x0000, 0x0000, 0x0000, 0x0000, 0x0000, 0x0000, 0x0000, 0x0000, 0x0000, 0x0000, 0x0000, 0x0000,
    0x0000, 0x0000, 0x0000, 0x0000, 0x0000, 0x0000, 0x0000, 0x0000, 0x0000, 0x0000, 0x0000, 0x0000, 0x0000, 0x0000, 0x0000, 0x0000,
    0x0000, 0x0000, 0x0000, 0x0000, 0x0000, 0x0000, 0x0000, 0x0000, 0x0000, 0x0000, 0x0000, 0x0000, 0x0000, 0x0000, 0x0000, 0x0000,
    0xC120, 0xC180, 0xFF43, 0xFFD3, 0xFFD3, 0xFFD3, 0xFFCF, 0xFFC8, 0xFFC8, 0xFFC8, 0xFFC8, 0xFFC8, 0xFFC8, 0xFFC8, 0xFEE1, 0xFEC1,
    0xB800, 0xB000, 0xFF64, 0xFFC8, 0xFFC8, 0xFFC8, 0xFFC8, 0xFFC8, 0xFFC8, 0xFFE9, 0xB800, 0xB800, 0x0000, 0x0000, 0x0000, 0x0000,
    0x0000, 0x0000, 0x0000, 0xC000, 0xC000, 0xFBA0, 0xC040, 0xC000, 0xF800, 0x0000, 0x0000, 0x0000, 0x0000, 0x0000, 0x0000, 0x0000,
    0x0000, 0x0000, 0x0000, 0x0000, 0x0000, 0x0000, 0x0000, 0x0000, 0x0000, 0x0000, 0x0000, 0x0000, 0x0000, 0x0000, 0x0000, 0x0000,
    0x0000, 0x0000, 0x0000, 0x0000, 0x0000, 0x0000, 0x0000, 0x0000, 0x0000, 0x0000, 0x0000, 0x0000, 0x0000, 0x0000, 0x0000, 0x0000,
    0x0000, 0x0000, 0x0000, 0x0000, 0x0000, 0x0000, 0x0000, 0x0000, 0x0000, 0x0000, 0x0000, 0x0000, 0x0000, 0x0000, 0x0000, 0x0000,
    0x0000, 0x0000, 0x0000, 0x0000, 0x0000, 0x0000, 0x0000, 0x0000, 0x0000, 0x0000, 0x0000, 0x0000, 0x0000, 0x0000, 0x0000, 0x0000,
    0x0000, 0x0000, 0x0000, 0x0000, 0x0000, 0x0000, 0x0000, 0x0000, 0x0000, 0x0000, 0x0000, 0x0000, 0x0000, 0x0000, 0xC200, 0xC140,
    0xFF02, 0xFEE1, 0xFFD3, 0xFFD3, 0xFFD3, 0xFFD3, 0xFFD0, 0xFFC8, 0xFFC8, 0xFFC8, 0xFFC8, 0xFFC8, 0xFFC8, 0xFFC8, 0xFEE1, 0xFEC1,
    0xFEC1, 0xFEC1, 0xFFC8, 0xFFC8, 0xFFC8, 0xFFD3, 0xFFC9, 0xFFC8, 0xFFC8, 0xFFE9, 0xC060, 0xC800, 0x0000, 0x0000, 0x0000, 0x0000,
    0x0000, 0x0000, 0xC000, 0xFCA0, 0xFC80, 0xFC40, 0xC060, 0xB800, 0xF800, 0x0000, 0x0000, 0x0000, 0x0000, 0x0000, 0x0000, 0x0000,
    0x0000, 0x0000, 0x0000, 0x0000, 0x0000, 0x0000, 0x0000, 0x0000, 0x0000, 0x0000, 0x0000, 0x0000, 0x0000, 0x0000, 0x0000, 0x0000,
    0x0000, 0x0000, 0x0000, 0x0000, 0x0000, 0x0000, 0x0000, 0x0000, 0x0000, 0x0000, 0x0000, 0x0000, 0x0000, 0x0000, 0x0000, 0x0000,
    0x0000, 0x0000, 0x0000, 0x0000, 0x0000, 0x0000, 0x0000, 0x0000, 0x0000, 0x0000, 0x0000, 0x0000, 0x0000, 0x0000, 0x0000, 0x0000,
    0x0000, 0x0000, 0x0000, 0x0000, 0x0000, 0x0000, 0x0000, 0x0000, 0x0000, 0x0000, 0x0000, 0x0000, 0x0000, 0x0000, 0x0000, 0x0000,
    0x0000, 0x0000, 0x0000, 0x0000, 0x0000, 0x0000, 0x0000, 0x0000, 0x0000, 0x0000, 0x0000, 0x0000, 0x0000, 0xC980, 0xEBE0, 0xFEE1,
    0xFFC7, 0xFFC9, 0xFFD3, 0xFFD2, 0xFFD3, 0xFFC8, 0xFFC8, 0xFFC8, 0xFFC8, 0xFFC8, 0xFFC8, 0xFFC8, 0xFFC8, 0xFFC8, 0xFEE2, 0xFEC1,
    0xFFC8, 0xFFC9, 0xFFC8, 0xFFC8, 0xFFC9, 0xFFC8, 0xFFC8, 0xFFC8, 0xFFC8, 0xFFE8, 0xFC80, 0xC860, 0xC840, 0x0000, 0xC860, 0xC840,
    0xC020, 0xC000, 0xFCE0, 0xFC80, 0xFC80, 0xFCA0, 0xFAC0, 0xFB00, 0xC840, 0xC820, 0x0000, 0x0000, 0x0000, 0x0000, 0x0000, 0x0000,
    0x0000, 0x0000, 0x0000, 0x0000, 0x0000, 0x0000, 0xC021, 0xC001, 0xC001, 0xC002, 0x0000, 0x0000, 0x0000, 0x0000, 0x0000, 0x0000,
    0x0000, 0x0000, 0x0000, 0x0000, 0x0000, 0x0000, 0x0000, 0x0000, 0x0000, 0x0000, 0x0000, 0x0000, 0x0000, 0x0000, 0x0000, 0x0000,
    0x0000, 0x0000, 0x0000, 0x0000, 0x0000, 0x0000, 0x0000, 0x0000, 0x0000, 0x0000, 0x0000, 0x0000, 0x0000, 0x0000, 0x0000, 0x0000,
    0x0000, 0x0000, 0x0000, 0x0000, 0x0000, 0x0000, 0x0000, 0x0000, 0x0000, 0x0000, 0x0000, 0x0000, 0x0000, 0x0000, 0x0000, 0x0000,
    0x0000, 0x0000, 0x0000, 0x0000, 0x0000, 0x0000, 0x0000, 0x0000, 0x0000, 0x0000, 0x0000, 0x0000, 0x0000, 0xC120, 0xE380, 0xFE61,
    0xFFC7, 0xFFC8, 0xFFD3, 0xFFD3, 0xFFD2, 0xFFC8, 0xFFC8, 0xFFC8, 0xFFC8, 0xFFC8, 0xFFC8, 0xFFC8, 0xFFC8, 0xFFC7, 0xFEE1, 0xFEC1,
    0xFFC8, 0xFFC8, 0xFFC8, 0xFFC8, 0xFFC8, 0xFFC8, 0xFFC8, 0xFFC8, 0xFFC8, 0xFFE8, 0xFC20, 0xC020, 0xC020, 0x0000, 0xC040, 0xB800,
    0xB800, 0xB800, 0xFC80, 0xFC80, 0xFC80, 0xFC80, 0xFAE0, 0xFAC0, 0xB800, 0xC000, 0x0000, 0x0000, 0x0000, 0x0000, 0x0000, 0x0000,
    0x0000, 0x0000, 0x0000, 0x0000, 0x0000, 0x0000, 0xB801, 0xB001, 0xB001, 0xB801, 0x0000, 0x0000, 0x0000, 0x0000, 0x0000, 0x0000,
    0x0000, 0x0000, 0x0000, 0x0000, 0x0000, 0x0000, 0x0000, 0x0000, 0x0000, 0x0000, 0x0000, 0x0000, 0x0000, 0x0000, 0x0000, 0x0000,
    0x0000, 0x0000, 0x0000, 0x0000, 0x0000, 0x0000, 0x0000, 0x0000, 0x0000, 0x0000, 0x0000, 0x0000, 0x0000, 0x0000, 0x0000, 0x0000,
    0x0000, 0x0000, 0x0000, 0x0000, 0x0000, 0x0000, 0x0000, 0x0000, 0x0000, 0x0000, 0x0000, 0x0000, 0x0000, 0x0000, 0x0000, 0x0000,
    0x0000, 0x0000, 0x0000, 0xB800, 0xB800, 0xF800, 0x0000, 0x0000, 0x0000, 0x0000, 0x0000, 0x0000, 0x0000, 0xC920, 0xE442, 0xFFA5,
    0xFFD3, 0xFFD3, 0xFFD3, 0xFFC8, 0xFFC8, 0xFFC8, 0xFFC8, 0xFFC8, 0xFFC8, 0xFFC8, 0xFFC8, 0xFFC8, 0xFFC8, 0xFEA1, 0xFFA7, 0xFFC8,
    0xFFC8, 0xFFC8, 0xFFC8, 0xFFC8, 0xFFC8, 0xFFC8, 0xFFC8, 0xFFC8, 0xFFC8, 0xFFE8, 0xFC20, 0xB800, 0xB800, 0xC000, 0xD880, 0xD880,
    0xFC60, 0xFC60, 0xFC80, 0xFC80, 0xFC80, 0xFCA0, 0xFB80, 0xFB80, 0xB800, 0xC000, 0x0000, 0x0000, 0x0000, 0x0000, 0x0000, 0x0000,
    0x0000, 0x0000, 0x0000, 0x0000, 0xF800, 0xA801, 0xFA60, 0xFA00, 0xB001, 0xB801, 0x0000, 0x0000, 0x0000, 0x0000, 0x0000, 0x0000,
    0x0000, 0x0000, 0x0000, 0x0000, 0x0000, 0x0000, 0x0000, 0x0000, 0x0000, 0x0000, 0x0000, 0x0000, 0x0000, 0x0000, 0x0000, 0x0000,
    0x0000, 0x0000, 0x0000, 0x0000, 0x0000, 0x0000, 0x0000, 0x0000, 0x0000, 0x0000, 0x0000, 0x0000, 0x0000, 0x0000, 0x0000, 0x0000,
    0x0000, 0x0000, 0x0000, 0x0000, 0x0000, 0x0000, 0x0000, 0x0000, 0x0000, 0x0000, 0x0000, 0x0000, 0x0000, 0x0000, 0x0000, 0x0000,
    0x0000, 0x0000, 0x0000, 0xB000, 0xB800, 0x0000, 0xF800, 0xF800, 0x0000, 0xF800, 0x0000, 0xF800, 0x0000, 0xC900, 0xECA3, 0xFFA6,
    0xFFD3, 0xFFD3, 0xFFD2, 0xFFC8, 0xFFC8, 0xFFC8, 0xFFC8, 0xFFC8, 0xFFC8, 0xFFC8, 0xFFC8, 0xFFC8, 0xFFC8, 0xFEA1, 0xFFA7, 0xFFC8,
    0xFFC8, 0xFFC8, 0xFFC8, 0xFFC8, 0xFFC8, 0xFFC8, 0xFFC8, 0xFFC8, 0xFFC8, 0xFFE8, 0xFC20, 0xB820, 0xB800, 0xB800, 0xE060, 0xE080,
    0xFC60, 0xFC60, 0xFC60, 0xFC80, 0xFC80, 0xFC80, 0xFB80, 0xFB80, 0xB020, 0xB000, 0x7800, 0x0000, 0x0000, 0x0000, 0x0000, 0x0000,
    0x0000, 0x0000, 0x0000, 0xA800, 0xF800, 0xA001, 0xFA80, 0xFA00, 0xB001, 0xB801, 0x0000, 0x0000, 0x0000, 0x0000, 0x0000, 0x0000,
    0x0000, 0x0000, 0x0000, 0x0000, 0x0000, 0x0000, 0x0000, 0x0000, 0x0000, 0x0000, 0x0000, 0x0000, 0x0000, 0x0000, 0x0000, 0x0000,
    0x0000, 0x0000, 0x0000, 0x0000, 0x0000, 0x0000, 0x0000, 0x0000, 0x0000, 0x0000, 0x0000, 0x0000, 0x0000, 0x0000, 0x0000, 0x0000,
    0x0000, 0x0000, 0x0000, 0x0000, 0x0000, 0x0000, 0x0000, 0x0000, 0x0000, 0x0000, 0x0000, 0x0000, 0x0000, 0x0000, 0x0000, 0x0000,
    0x0000, 0x0000, 0x0000, 0xC800, 0xC000, 0xC000, 0xC000, 0xC000, 0xC0C0, 0xC8E0, 0xF800, 0xB840, 0xC060, 0xFF64, 0xFFA6, 0xFFC8,
    0xFFD3, 0xFFD2, 0xFFC8, 0xFFC8, 0xFFC8, 0xFFC8, 0xFFC8, 0xFFC8, 0xFFC8, 0xFFC8, 0xFFC8, 0xFF02, 0xFEE1, 0xFFC8, 0xFFC8, 0xFFC8,
    0xFFC8, 0xFFC8, 0xFFC8, 0xFFC8, 0xFFC8, 0xFFC8, 0xFFC8, 0xFFC8, 0xFFC8, 0xFFE8, 0xFC20, 0xD020, 0xC820, 0xFB60, 0xFC40, 0xFC80,
    0xFC60, 0xFC60, 0xFC60, 0xFC80, 0xFC80, 0xFC80, 0xFC80, 0xFC80, 0xFAC0, 0xFAC0, 0xB800, 0xB800, 0x0000, 0x0000, 0x0000, 0x0000,
    0x0000, 0x0000, 0x0000, 0xB001, 0xB001, 0xFBA0, 0xFBA0, 0xFBA0, 0xB001, 0xB801, 0x0000, 0x0000, 0x0000, 0x0000, 0x0000, 0x0000,
    0x0000, 0x0000, 0x0000, 0x0000, 0x0000, 0x0000, 0x0000, 0x0000, 0x0000, 0x0000, 0x0000, 0x0000, 0x0000, 0x0000, 0x0000, 0x0000,
    0x0000, 0x0000, 0x0000, 0x0000, 0x0000, 0x0000, 0x0000, 0x0000, 0x0000, 0x0000, 0x0000, 0x0000, 0x0000, 0x0000, 0x0000, 0x0000,
    0x0000, 0x0000, 0x0000, 0x0000, 0x0000, 0x0000, 0x0000, 0x0000, 0x0000, 0x0000, 0x0000, 0x0000, 0x0000, 0x0000, 0x0000, 0x0000,
    0x0000, 0x0000, 0x0000, 0xB000, 0xB000, 0xFC00, 0xFBE0, 0xFBE0, 0xF260, 0xFAA0, 0xC020, 0xD9A0, 0xD9C0, 0xFFA5, 0xFFCB, 0xFFD3,
    0xFFD2, 0xFFD2, 0xFFC8, 0xFFC8, 0xFFC8, 0xFFC8, 0xFFC8, 0xFFC8, 0xFFC8, 0xFFC8, 0xFFC8, 0xFFC8, 0xFFC8, 0xFFC8, 0xFFC8, 0xFFC8,
    0xFFC8, 0xFFC8, 0xFFC8, 0xFFC8, 0xFFC8, 0xFFC8, 0xFFC8, 0xFFC8, 0xFFC8, 0xFFE9, 0xFC20, 0xFB80, 0xFBA0, 0xFC80, 0xFC80, 0xFC60,
    0xFC60, 0xFC60, 0xFC60, 0xFC80, 0xFC80, 0xFC60, 0xFC80, 0xFC80, 0xFA80, 0xFAC0, 0xC000, 0xA800, 0x0000, 0x0000, 0x0000, 0x0000,
    0x0000, 0x0000, 0xB001, 0xFB01, 0xFAE0, 0xFCC0, 0xFAE0, 0xFB00, 0xB001, 0xB801, 0x0000, 0x0000, 0x0000, 0x0000, 0x0000, 0x0000,
    0x0000, 0x0000, 0x0000, 0x0000, 0x0000, 0x0000, 0x0000, 0x0000, 0x0000, 0x0000, 0x0000, 0x0000, 0x0000, 0x0000, 0x0000, 0x0000,
    0x0000, 0x0000, 0x0000, 0x0000, 0x0000, 0x0000, 0x0000, 0x0000, 0x0000, 0x0000, 0x0000, 0x0000, 0x0000, 0x0000, 0x0000, 0x0000,
    0x0000, 0x0000, 0x0000, 0x0000, 0x0000, 0x0000, 0x0000, 0x0000, 0x0000, 0x0000, 0x0000, 0x0000, 0x0000, 0x0000, 0x0000, 0x0000,
    0x0000, 0x0000, 0x0000, 0xB800, 0xA800, 0xFC00, 0xFBC0, 0xFBE0, 0xFAC0, 0xFAC0, 0xB800, 0xE1A0, 0xD9A0, 0xFF85, 0xFFCB, 0xFFD3,
    0xFFD3, 0xFFD2, 0xFFC8, 0xFFC8, 0xFFC8, 0xFFC8, 0xFFC8, 0xFFC8, 0xFFC8, 0xFFC8, 0xFFC8, 0xFFC8, 0xFFC8, 0xFFC8, 0xFFC8, 0xFFC8,
    0xFFC8, 0xFFC8, 0xFFC8, 0xFFC8, 0xFFC8, 0xFFC8, 0xFFC8, 0xFFC8, 0xFFC8, 0xFFE8, 0xFC00, 0xFB80, 0xFBA0, 0xFC80, 0xFC80, 0xFC60,
    0xFC60, 0xFC60, 0xFC60, 0xFC60, 0xFC60, 0xFC80, 0xFC80, 0xFC80, 0xFAA0, 0xFAA0, 0xC000, 0xC800, 0x0000, 0x0000, 0x0000, 0x0000,
    0x0000, 0xFFE0, 0xB800, 0xFB00, 0xFB00, 0xFCA0, 0xFB00, 0xFB00, 0xB001, 0xB801, 0x0000, 0x0000, 0x0000, 0x0000, 0x0000, 0x0000,
    0x0000, 0x0000, 0x0000, 0x0000, 0x0000, 0x0000, 0x0000, 0x0000, 0x0000, 0x0000, 0x0000, 0x0000, 0x0000, 0x0000, 0x0000, 0x0000,
    0x0000, 0x0000, 0x0000, 0x0000, 0x0000, 0x0000, 0x0000, 0x0000, 0x0000, 0x0000, 0x0000, 0x0000, 0x0000, 0x0000, 0x0000, 0x0000,
    0x0000, 0x0000, 0x0000, 0x0000, 0x0000, 0x0000, 0xA001, 0xB001, 0xB001, 0xB801, 0x0000, 0x0000, 0x0000, 0x0000, 0x0000, 0x0000,
    0x0000, 0x0000, 0x0000, 0x0000, 0x0000, 0xC000, 0xFC40, 0xFC20, 0xFC20, 0xFC00, 0xFB40, 0xD980, 0xD980, 0xFF85, 0xFFCC, 0xFFD3,
    0xFFC7, 0xFFC8, 0xFFC8, 0xFFC8, 0xFFC8, 0xFFC8, 0xFFC8, 0xFFC8, 0xFFC8, 0xFFC8, 0xFFC8, 0xFFC8, 0xFFC8, 0xFFC8, 0xFFC8, 0xFFC8,
    0xFFC8, 0xFFC8, 0xFFC8, 0xFFC8, 0xFFC8, 0xFFC8, 0xFFC8, 0xFFC8, 0xFFC8, 0xFFE9, 0xFBA0, 0xFC60, 0xFC60, 0xFC60, 0xFC60, 0xFC60,
    0xFE40, 0xFE60, 0xFC60, 0xFC60, 0xFC60, 0xFC60, 0xFC60, 0xFC60, 0xFC80, 0xFC80, 0xFA00, 0xB801, 0xB800, 0x0000, 0x0000, 0x0000,
    0xB000, 0xA800, 0xFBE0, 0xFCA0, 0xFC80, 0xFC80, 0xE060, 0xE080, 0xF800, 0x0000, 0x0000, 0x0000, 0x0000, 0x0000, 0x0000, 0x0000,
    0x0000, 0x0000, 0x0000, 0x0000, 0x0000, 0x0000, 0x0000, 0x0000, 0x0000, 0x0000, 0x0000, 0x0000, 0x0000, 0x0000, 0x0000, 0x0000,
    0x0000, 0x0000, 0x0000, 0x0000, 0x0000, 0x0000, 0x0000, 0x0000, 0x0000, 0x0000, 0x0000, 0x0000, 0x0000, 0x0000, 0x0000, 0x0000,
    0x0000, 0x0000, 0x0000, 0x0000, 0x0000, 0x0000, 0xA801, 0xB801, 0xE9C0, 0xF200, 0xC020, 0x0000, 0x0000, 0x0000, 0x0000, 0x0000,
    0x0000, 0x0000, 0x0000, 0x0000, 0x0000, 0xB800, 0xFC40, 0xFC20, 0xFC00, 0xFC00, 0xFB40, 0xFE41, 0xF642, 0xFFCF, 0xFFAD, 0xFFCA,
    0xFFC8, 0xFFC8, 0xFFC8, 0xFFC8, 0xFFC8, 0xFFC8, 0xFFC8, 0xFFC8, 0xFFC8, 0xFFC8, 0xFFC8, 0xFFC8, 0xFFC8, 0xFFC8, 0xFFC8, 0xFFC8,
    0xFFC8, 0xFFC8, 0xFFC8, 0xFFC8, 0xFFC8, 0xFFC8, 0xFFC8, 0xFFC8, 0xFEA2, 0xFEC1, 0xFC40, 0xFC60, 0xFC60, 0xFC60, 0xFE41, 0xFE61,
    0xFE81, 0xFE81, 0xFE81, 0xFE20, 0xFE41, 0xFC60, 0xFC60, 0xFC60, 0xFC60, 0xFC60, 0xFA40, 0xB000, 0xB800, 0xF800, 0xC040, 0xB860,
    0xF360, 0xEB00, 0xFC80, 0xFCA0, 0xFC80, 0xFCA0, 0xB800, 0xB800, 0xF800, 0x0000, 0x0000, 0x0000, 0x0000, 0x0000, 0x0000, 0x0000,
    0x0000, 0x0000, 0x0000, 0x0000, 0x0000, 0x0000, 0x0000, 0x0000, 0x0000, 0x0000, 0x0000, 0x0000, 0x0000, 0x0000, 0x0000, 0x0000,
    0x0000, 0x0000, 0x0000, 0x0000, 0x0000, 0x0000, 0x0000, 0x0000, 0x0000, 0x0000, 0x0000, 0x0000, 0x0000, 0x0000, 0x0000, 0x0000,
    0x0000, 0x0000, 0x0000, 0x0000, 0x0000, 0x0000, 0xA800, 0xB001, 0xFA60, 0xFA60, 0xB001, 0xA800, 0x0000, 0x0000, 0x0000, 0x0000,
    0x0000, 0x0000, 0x0000, 0x0000, 0x0000, 0xB800, 0xFC60, 0xFC20, 0xFC00, 0xFC00, 0xFB20, 0xFF03, 0xFF23, 0xFFF3, 0xFFCE, 0xFFC8,
    0xFFC8, 0xFFC8, 0xFFC8, 0xFFC8, 0xFFC8, 0xFFC8, 0xFFC8, 0xFFC8, 0xFFC8, 0xFFC8, 0xFFC8, 0xFFC8, 0xFFC8, 0xFFC8, 0xFFC8, 0xFFC8,
    0xFFC8, 0xFFC8, 0xFFC8, 0xFFC8, 0xFFC8, 0xFFC8, 0xFFC8, 0xFFC8, 0xFE60, 0xFEA0, 0xFC60, 0xFC60, 0xFC60, 0xFC60, 0xFE60, 0xFE80,
    0xFE80, 0xFE80, 0xFEA0, 0xFE61, 0xFE40, 0xFC40, 0xFC60, 0xFC60, 0xFC60, 0xFC80, 0xFA40, 0xB000, 0xB000, 0xF800, 0xB820, 0xB800,
    0xFB80, 0xFB80, 0xFCA0, 0xFCA0, 0xFC80, 0xFCA0, 0xA800, 0xB800, 0xF800, 0x0000, 0x0000, 0x0000, 0x0000, 0x0000, 0x0000, 0x0000,
    0x0000, 0x0000, 0x0000, 0x0000, 0x0000, 0x0000, 0x0000, 0x0000, 0x0000, 0x0000, 0x0000, 0x0000, 0x0000, 0x0000, 0x0000, 0x0000,
    0x0000, 0x0000, 0x0000, 0x0000, 0x0000, 0x0000, 0x0000, 0x0000, 0x0000, 0x0000, 0x0000, 0x0000, 0x0000, 0x0000, 0x0000, 0x0000,
    0x0000, 0x0000, 0x0000, 0x0000, 0x0000, 0x0000, 0xA801, 0xA801, 0xF9E0, 0xF9E0, 0xFBC0, 0xB000, 0xB800, 0xB001, 0xB001, 0xB000,
    0x0000, 0x0000, 0x0000, 0x0000, 0x0000, 0x0000, 0xB820, 0xB800, 0xFC20, 0xFBE0, 0xFA60, 0xFFC7, 0xFFC7, 0xFFD3, 0xFFCE, 0xFFC8,
    0xFFC8, 0xFFC8, 0xFFC8, 0xFFC8, 0xFFC8, 0xFFC8, 0xFFC8, 0xFFC8, 0xFFC8, 0xFFC8, 0xFFC8, 0xFFC8, 0xFFC8, 0xFFC8, 0xFFC8, 0xFFC8,
    0xFFC8, 0xFFC8, 0xFFC8, 0xFFC8, 0xFFC8, 0xFFC8, 0xFFC8, 0xFFC9, 0xFC60, 0xFC60, 0xFC60, 0xFC60, 0xFC60, 0xFE80, 0xFE80, 0xFE80,
    0xFE80, 0xFE80, 0xFFC9, 0xFE80, 0xFE81, 0xFE20, 0xFC80, 0xFC60, 0xFC80, 0xFC80, 0xFA40, 0xB000, 0xB800, 0xB800, 0xFB60, 0xFB80,
    0xFC80, 0xFC80, 0xFCA0, 0xFCA0, 0xFC80, 0xC000, 0x0000, 0x0000, 0x0000, 0x0000, 0x0000, 0x0000, 0x0000, 0x0000, 0x0000, 0x0000,
    0x0000, 0x0000, 0x0000, 0x0000, 0x0000, 0x0000, 0x0000, 0x0000, 0x0000, 0x0000, 0x0000, 0x0000, 0x0000, 0x0000, 0x0000, 0x0000,
    0x0000, 0x0000, 0x0000, 0x0000, 0x0000, 0x0000, 0x0000, 0x0000, 0x0000, 0x0000, 0x0000, 0x0000, 0x0000, 0x0000, 0x0000, 0x0000,
    0x0000, 0x0000, 0x0000, 0x0000, 0x0000, 0x0000, 0xA801, 0xB001, 0xF9E0, 0xF9E0, 0xFBA0, 0xC020, 0xB000, 0xB820, 0xB000, 0xB820,
    0xFFE0, 0x0000, 0x0000, 0x0000, 0x0000, 0xF800, 0xC020, 0xC000, 0xFC00, 0xFC00, 0xFA60, 0xFFC7, 0xFFC6, 0xFFF2, 0xFFCF, 0xFFC8,
    0xFFC8, 0xFFC8, 0xFFC8, 0xFFC8, 0xFFC8, 0xFFC8, 0xFF87, 0xFF02, 0xFFC8, 0xFFC8, 0xFFC8, 0xFFC8, 0xFFC8, 0xFFE8, 0xFFE8, 0xFFE9,
    0xFFC9, 0xFFE8, 0xFFC8, 0xFFC8, 0xFFE8, 0xFFC8, 0xFFC7, 0xFFE8, 0xFC40, 0xFC60, 0xFC60, 0xFCA0, 0xFCA0, 0xFEA1, 0xFEC1, 0xFEC1,
    0xFEC1, 0xFE81, 0xFFC9, 0xFEA2, 0xFEC1, 0xFE00, 0xFC60, 0xFC80, 0xFC80, 0xFC80, 0xFA20, 0xB800, 0xB000, 0xB000, 0xF320, 0xFBA0,
    0xFC80, 0xFC80, 0xFCA0, 0xFCA0, 0xFC60, 0xC000, 0x0000, 0x0000, 0x0000, 0x0000, 0x0000, 0x0000, 0x0000, 0x0000, 0x0000, 0x0000,
    0x0000, 0x0000, 0x0000, 0x0000, 0x0000, 0x0000, 0x0000, 0x0000, 0x0000, 0x0000, 0x0000, 0x0000, 0x0000, 0x0000, 0x0000, 0x0000,
    0x0000, 0x0000, 0x0000, 0x0000, 0x0000, 0x0000, 0x0000, 0x0000, 0x0000, 0x0000, 0x0000, 0x0000, 0x0000, 0x0000, 0x0000, 0x0000,
    0x0000, 0x0000, 0x0000, 0x0000, 0x0000, 0x0000, 0xA801, 0xB001, 0xF980, 0xF9A0, 0xFBA0, 0xFBC0, 0xFBE0, 0xFA40, 0xFA00, 0xF9E0,
    0xB800, 0xB001, 0xB001, 0xB000, 0xB001, 0xA800, 0xB000, 0xB000, 0xFC00, 0xFBA0, 0xFD20, 0xFFC9, 0xFFC9, 0xFFC8, 0xFFC8, 0xFFE9,
    0xFEA1, 0xFEA1, 0xFFC8, 0xFFC8, 0xFFC8, 0xFFC9, 0xFF88, 0xFE81, 0xFFC8, 0xFFC8, 0xFFC9, 0xFFC9, 0xFFC9, 0xFDA0, 0xFCE0, 0xFCC0,
    0xFB60, 0xFB80, 0xFB80, 0xFB80, 0xFB80, 0xFBA0, 0xFCA0, 0xFC80, 0xFD60, 0xFD60, 0xFE81, 0xFFC8, 0xFFC8, 0xFFE9, 0xFFC9, 0xFFE9,
    0xFFC8, 0xFFC8, 0xFFC8, 0xFFC8, 0xFFC8, 0xFE80, 0xFCA0, 0xFC80, 0xFC60, 0xFC60, 0xFA20, 0xC000, 0xC000, 0xFBA0, 0xFC80, 0xFC80,
    0xFC80, 0xFC80, 0xFC80, 0xFC80, 0xFC80, 0xB000, 0x0000, 0x0000, 0x0000, 0x0000, 0x0000, 0x0000, 0x0000, 0x0000, 0x0000, 0x0000,
    0x0000, 0x0000, 0x0000, 0x0000, 0x0000, 0x0000, 0x0000, 0x0000, 0x0000, 0x0000, 0x0000, 0x0000, 0x0000, 0x0000, 0x0000, 0x0000,
    0x0000, 0x0000, 0x0000, 0x0000, 0x0000, 0x0000, 0x0000, 0x0000, 0x0000, 0x0000, 0x0000, 0x0000, 0x0000, 0x0000, 0x0000, 0x0000,
    0x0000, 0x0000, 0x0000, 0x0000, 0x0000, 0x0000, 0xA821, 0xA801, 0xFA60, 0xFA60, 0xFA80, 0xFBE0, 0xFBC0, 0xFBE0, 0xFBE0, 0xFBE0,
    0xFB00, 0xFAE0, 0xFB00, 0xF9E0, 0xFA00, 0xB000, 0xB000, 0xB000, 0xC820, 0xC040, 0xFF02, 0xFFC8, 0xFFC9, 0xFFC8, 0xFFC8, 0xFFC9,
    0xFEA0, 0xFE80, 0xFE81, 0xFFC8, 0xFFC9, 0xFE41, 0xFEC3, 0xFFC9, 0xFE41, 0xFE61, 0xFE40, 0xFC81, 0xF480, 0xFC60, 0xFD01, 0xFD01,
    0xFD01, 0xFD01, 0xFD01, 0xFD01, 0xFD01, 0xFD01, 0xFBE0, 0xFBC0, 0xFBA0, 0xFBC0, 0xFDE0, 0xFE01, 0xFE00, 0xFE21, 0xFF87, 0xFFC8,
    0xFFC8, 0xFFC8, 0xFFC8, 0xFFC8, 0xFFC8, 0xFE80, 0xFC80, 0xFC60, 0xFC60, 0xFC60, 0xFA00, 0xFB40, 0xFB20, 0xFC80, 0xFC60, 0xFC80,
    0xFC80, 0xFC80, 0xFC80, 0xFC80, 0xFC80, 0xF960, 0xB000, 0xB001, 0x0000, 0x0000, 0x0000, 0x0000, 0x0000, 0x0000, 0x0000, 0x0000,
    0x0000, 0x0000, 0x0000, 0x0000, 0x0000, 0x0000, 0x0000, 0x0000, 0x0000, 0x0000, 0x0000, 0x0000, 0x0000, 0x0000, 0x0000, 0x0000,
    0x0000, 0x0000, 0x0000, 0x0000, 0x0000, 0x0000, 0x0000, 0x0000, 0x0000, 0x0000, 0x0000, 0x0000, 0x0000, 0x0000, 0x0000, 0x0000,
    0x0000, 0x0000, 0x0000, 0x0000, 0x0000, 0x0000, 0xA800, 0xB001, 0xFA60, 0xFA60, 0xFA60, 0xFBC0, 0xFBC0, 0xFBC0, 0xFBE0, 0xFBE0,
    0xFB00, 0xFB20, 0xFB20, 0xFA00, 0xFA00, 0xB000, 0xB800, 0xB800, 0xC800, 0xC020, 0xFF02, 0xFFC8, 0xFFC8, 0xFFC9, 0xFFC8, 0xFFC8,
    0xFE80, 0xFE81, 0xFE81, 0xFFC8, 0xFFC9, 0xFE41, 0xFEA2, 0xFFC8, 0xFE40, 0xFE61, 0xFE40, 0xFC40, 0xFC80, 0xFC60, 0xFD02, 0xFD01,
    0xFD01, 0xFD01, 0xFD21, 0xFD21, 0xFD21, 0xFD01, 0xFC00, 0xFBC0, 0xFBC0, 0xFB80, 0xFDC0, 0xFE00, 0xFE00, 0xFE00, 0xFF86, 0xFFC8,
    0xFFC8, 0xFFC8, 0xFFC8, 0xFFC8, 0xFFC8, 0xFE81, 0xFC40, 0xFC60, 0xFC60, 0xFC60, 0xFA00, 0xFB40, 0xFB20, 0xFC80, 0xFC80, 0xFC80,
    0xFC80, 0xFC80, 0xFC80, 0xFC80, 0xFC60, 0xF960, 0xA800, 0xA801, 0x0000, 0x0000, 0x0000, 0x0000, 0x0000, 0x0000, 0x0000, 0x0000,
    0x0000, 0x0000, 0x0000, 0x0000, 0x0000, 0x0000, 0x0000, 0x0000, 0x0000, 0x0000, 0x0000, 0x0000, 0x0000, 0x0000, 0x0000, 0x0000,
    0x0000, 0x0000, 0x0000, 0x0000, 0x0000, 0x0000, 0x0000, 0x0000, 0x0000, 0x0000, 0x0000, 0x0000, 0x0000, 0x0000, 0x0000, 0x0000,
    0x0000, 0x0000, 0x0000, 0x0000, 0x0000, 0x0000, 0x0000, 0x0000, 0xB800, 0xC020, 0xFA60, 0xFC00, 0xFBC0, 0xFBC0, 0xFBC0, 0xFBE0,
    0xFBE0, 0xFBE0, 0xFBE0, 0xFBE0, 0xFC00, 0xFBE0, 0xFBE0, 0xFBE0, 0xFAE0, 0xFAC0, 0xFF85, 0xFFC9, 0xFFC9, 0xFFC9, 0xFF45, 0xFE80,
    0xFEA1, 0xFE80, 0xFC20, 0xFBE0, 0xFC00, 0xFBC0, 0xFC60, 0xFCE1, 0xFD01, 0xFD01, 0xFD01, 0xFD01, 0xFD01, 0xFD21, 0xFD01, 0xFD01,
    0xFD01, 0xFD01, 0xFD01, 0xFD22, 0xFD22, 0xFD21, 0xFD22, 0xFD02, 0xFD22, 0xFD01, 0xFBE0, 0xFBE0, 0xFBE0, 0xFD40, 0xFE41, 0xFE61,
    0xFFC8, 0xFFC8, 0xFFC8, 0xFFC9, 0xFFC9, 0xFEC1, 0xFE40, 0xFE40, 0xFC40, 0xFC60, 0xFA00, 0xFC60, 0xFC60, 0xFC80, 0xFC80, 0xFC80,
    0xFC80, 0xFC80, 0xFC80, 0xFC80, 0xFC60, 0xF9E0, 0xA800, 0xB001, 0x0000, 0x0000, 0x0000, 0x0000, 0x0000, 0x0000, 0x0000, 0x0000,
    0x0000, 0x0000, 0x0000, 0x0000, 0x0000, 0x0000, 0x0000, 0x0000, 0x0000, 0x0000, 0x0000, 0x0000, 0x0000, 0x0000, 0x0000, 0x0000,
    0x0000, 0x0000, 0x0000, 0x0000, 0x0000, 0x0000, 0x0000, 0x0000, 0x0000, 0x0000, 0x0000, 0x0000, 0x0000, 0x0000, 0x0000, 0x0000,
    0x0000, 0x0000, 0x0000, 0x0000, 0x0000, 0x0000, 0x0000, 0x0000, 0xB001, 0xB801, 0xFA60, 0xFA40, 0xFA40, 0xFBC0, 0xFBE0, 0xFBE0,
    0xFBE0, 0xFBE0, 0xFBE0, 0xFBE0, 0xFBE0, 0xFBE0, 0xFBE0, 0xFBE0, 0xFC00, 0xFC00, 0xFFC9, 0xFFC8, 0xFFC9, 0xFFC9, 0xFF66, 0xFE80,
    0xFC40, 0xFC60, 0xFC00, 0xFD42, 0xFD42, 0xFD22, 0xFD22, 0xFD01, 0xFD01, 0xFD01, 0xFD02, 0xFD02, 0xFD22, 0xFE21, 0xFD41, 0xFD01,
    0xFD01, 0xFD21, 0xFD22, 0xFF11, 0xFF32, 0xFD01, 0xFD01, 0xFD22, 0xFD01, 0xFD01, 0xFD42, 0xFD42, 0xFD42, 0xFBE0, 0xFC00, 0xFBC0,
    0xFE00, 0xFE40, 0xFE40, 0xFFC9, 0xFFC9, 0xFFC9, 0xFEC2, 0xFEC1, 0xFBA0, 0xFBA0, 0xFD00, 0xFC80, 0xFC80, 0xFC80, 0xFC80, 0xFC80,
    0xFDC0, 0xFDE0, 0xFC60, 0xFC80, 0xFC60, 0xF980, 0xA000, 0xB001, 0x0000, 0x0000, 0x0000, 0x0000, 0x0000, 0xB802, 0x0000, 0x0000,
    0x0000, 0x0000, 0x0000, 0x0000, 0x0000, 0x0000, 0x0000, 0x0000, 0x0000, 0x0000, 0x0000, 0x0000, 0x0000, 0x0000, 0x0000, 0x0000,
    0x0000, 0x0000, 0x0000, 0x0000, 0x0000, 0x0000, 0x0000, 0x0000, 0x0000, 0x0000, 0x0000, 0x0000, 0x0000, 0x0000, 0x0000, 0x0000,
    0x0000, 0x0000, 0x0000, 0x0000, 0x0000, 0x0000, 0x0000, 0x0000, 0xB001, 0xB821, 0xFA60, 0xFA80, 0xFA80, 0xFBE0, 0xFBE0, 0xFBE0,
    0xFBE0, 0xFBE0, 0xFBE0, 0xFBE0, 0xFBE0, 0xFBE0, 0xFC00, 0xFBE0, 0xFBE0, 0xFBC0, 0xFFC9, 0xFFC9, 0xFFC9, 0xFFE9, 0xFF46, 0xFE80,
    0xFC80, 0xFC80, 0xFC00, 0xFD01, 0xFD01, 0xFD01, 0xFD02, 0xFD01, 0xFD01, 0xFD01, 0xFD21, 0xFD01, 0xFD01, 0xFDE1, 0xFD41, 0xFD01,
    0xFD21, 0xFD21, 0xFD02, 0xFED0, 0xFEAF, 0xFCE1, 0xFD01, 0xFD01, 0xFD01, 0xFD01, 0xFD01, 0xFD01, 0xFD01, 0xFC40, 0xFC20, 0xFC20,
    0xFE40, 0xFE40, 0xFE40, 0xFFC8, 0xFFC9, 0xFFC9, 0xFEC1, 0xFEA1, 0xFBC0, 0xFBE0, 0xFC80, 0xFC80, 0xFC80, 0xFC80, 0xFC60, 0xFC60,
    0xFD80, 0xFDA0, 0xFC60, 0xFC60, 0xFC60, 0xF980, 0xA800, 0xB001, 0x0000, 0x0000, 0x0000, 0x0000, 0x0000, 0xA802, 0x5000, 0x0000,
    0x0000, 0x0000, 0x0000, 0x0000, 0x0000, 0x0000, 0x0000, 0x0000, 0x0000, 0x0000, 0x0000, 0x0000, 0x0000, 0x0000, 0x0000, 0x0000,
    0x0000, 0x0000, 0x0000, 0x0000, 0x0000, 0x0000, 0x0000, 0x0000, 0x0000, 0x0000, 0x0000, 0x0000, 0x0000, 0x0000, 0x0000, 0x0000,
    0x0000, 0x0000, 0x0000, 0x0000, 0x0000, 0x0000, 0x0000, 0x0000, 0xB001, 0xA801, 0xFA00, 0xFA80, 0xFA80, 0xFA80, 0xFC80, 0xFCE0,
    0xFCC0, 0xFCC0, 0xFCC0, 0xFCE0, 0xFCE0, 0xFCE0, 0xFBE0, 0xFBE0, 0xFC00, 0xFBC0, 0xFE40, 0xFFC9, 0xFFCA, 0xFE61, 0xFD60, 0xFC00,
    0xFD21, 0xFD01, 0xFD01, 0xFD01, 0xFD01, 0xFD01, 0xFD01, 0xFD01, 0xFD01, 0xFD01, 0xFD01, 0xFE20, 0xFE01, 0xFD01, 0xFD01, 0xFD02,
    0xFD22, 0xFD01, 0xFD02, 0xFFDE, 0xFFFF, 0xFD02, 0xFD01, 0xFD01, 0xFD01, 0xFD01, 0xFD01, 0xFD01, 0xFD01, 0xFD01, 0xFD01, 0xFD01,
    0xFBE0, 0xFBC0, 0xFBE0, 0xFE20, 0xFE40, 0xFFC8, 0xFFC9, 0xFFC9, 0xFB40, 0xFB40, 0xFC80, 0xFC80, 0xFC80, 0xFC80, 0xFE20, 0xFE40,
    0xFD80, 0xFDA0, 0xFC60, 0xFC60, 0xFC60, 0xF920, 0xA801, 0xA801, 0x0000, 0x0000, 0x0000, 0xA801, 0xA801, 0xB801, 0x9800, 0x0000,
    0x0000, 0x0000, 0x0000, 0x0000, 0x0000, 0x0000, 0x0000, 0x0000, 0x0000, 0x0000, 0x0000, 0x0000, 0x0000, 0x0000, 0x0000, 0x0000,
    0x0000, 0x0000, 0x0000, 0x0000, 0x0000, 0x0000, 0x0000, 0x0000, 0x0000, 0x0000, 0x0000, 0x0000, 0x0000, 0x0000, 0x0000, 0x0000,
    0x0000, 0x0000, 0x0000, 0x0000, 0x0000, 0x0000, 0x0000, 0x0000, 0xB802, 0xC021, 0xFA00, 0xFAA0, 0xFA80, 0xFA80, 0xFCA0, 0xFD00,
    0xFCC0, 0xFCC0, 0xFCC0, 0xFCC0, 0xFCE0, 0xFCC0, 0xFBC0, 0xFBE0, 0xFC00, 0xFBC0, 0xFE60, 0xFFCA, 0xFFC9, 0xFE81, 0xFD81, 0xFC00,
    0xFD01, 0xFD01, 0xFD02, 0xFD01, 0xFD01, 0xFD01, 0xFD01, 0xFD01, 0xFD01, 0xFD01, 0xFD21, 0xFE40, 0xFE41, 0xFD01, 0xFD02, 0xFD02,
    0xFD22, 0xFD21, 0xFCE0, 0xFFFE, 0xFFFF, 0xFCC0, 0xFD21, 0xFD01, 0xFD01, 0xFD01, 0xFD01, 0xFD01, 0xFD01, 0xFD01, 0xFD01, 0xFD01,
    0xFC00, 0xFBE0, 0xFBE0, 0xFE40, 0xFE40, 0xFFC8, 0xFFC8, 0xFFC9, 0xFB40, 0xFB40, 0xFC80, 0xFC80, 0xFC80, 0xFC60, 0xFE20, 0xFE40,
    0xFD60, 0xFDA0, 0xFC60, 0xFC60, 0xFC60, 0xF940, 0xA801, 0xA801, 0x0000, 0xF800, 0xF800, 0xA801, 0xA001, 0xB801, 0xA800, 0x0000,
    0x0000, 0x0000, 0x0000, 0x0000, 0x0000, 0x0000, 0x0000, 0x0000, 0x0000, 0x0000, 0x0000, 0x0000, 0x0000, 0x0000, 0x0000, 0x0000,
    0x0000, 0x0000, 0x0000, 0x0000, 0x0000, 0x0000, 0x0000, 0x0000, 0x0000, 0x0000, 0x0000, 0x0000, 0x0000, 0x0000, 0x0000, 0x0000,
    0x0000, 0x0000, 0x0000, 0x0000, 0x0000, 0x0000, 0x0000, 0x0000, 0x0000, 0xD000, 0xC000, 0xFA80, 0xFA80, 0xFA80, 0xFB40, 0xFB60,
    0xFCC0, 0xFCC0, 0xFCE0, 0xFE20, 0xFE20, 0xFE20, 0xFE20, 0xFE00, 0xFD80, 0xFD80, 0xFC20, 0xFEC1, 0xFEC1, 0xFC00, 0xFC81, 0xFD01,
    0xFD01, 0xFD01, 0xFD01, 0xFD01, 0xFD01, 0xFD01, 0xFD01, 0xFD01, 0xFD01, 0xFD01, 0xFD01, 0xFD02, 0xFD01, 0xFD01, 0xFD02, 0xFD22,
    0xFD21, 0xFD01, 0xFFFF, 0xFFFF, 0xFFFF, 0xFFFF, 0xFD67, 0xFD01, 0xFD01, 0xFCE1, 0xFD01, 0xFD01, 0xFD01, 0xFD01, 0xFD01, 0xFD01,
    0xFD01, 0xFD01, 0xFD01, 0xFC20, 0xFC20, 0xFE20, 0xFFA8, 0xFFC9, 0xFD80, 0xFD80, 0xFC80, 0xFC80, 0xFC60, 0xFE20, 0xFE40, 0xFE40,
    0xFD80, 0xFDA0, 0xFC60, 0xFB20, 0xFB20, 0xF960, 0xA801, 0xA801, 0xF800, 0xF800, 0xA801, 0xFB00, 0xFAE0, 0xA001, 0xA800, 0x0000,
    0x0000, 0x0000, 0x0000, 0x0000, 0x0000, 0x0000, 0x0000, 0x0000, 0x0000, 0x0000, 0x0000, 0x0000, 0x0000, 0x0000, 0x0000, 0x0000,
    0x0000, 0x0000, 0x0000, 0x0000, 0x0000, 0x0000, 0x0000, 0x0000, 0x0000, 0x0000, 0x0000, 0x0000, 0x0000, 0x0000, 0x0000, 0x0000,
    0x0000, 0x0000, 0x0000, 0x0000, 0x0000, 0x0000, 0x0000, 0x0000, 0x0000, 0xB000, 0xA801, 0xFA80, 0xFA80, 0xFA80, 0xFA80, 0xFA80,
    0xFC80, 0xFCA0, 0xFE20, 0xFC60, 0xFC60, 0xFE20, 0xFE00, 0xFE00, 0xFE00, 0xFE00, 0xFDE0, 0xFBA0, 0xFBA0, 0xFD21, 0xFD01, 0xFD01,
    0xFD01, 0xFD01, 0xFD01, 0xFD01, 0xFD01, 0xFD02, 0xFD01, 0xFD01, 0xFD01, 0xFD01, 0xFD22, 0xFD22, 0xFD22, 0xFD02, 0xFD01, 0xFD01,
    0xFFDE, 0xFFDF, 0xFFFF, 0xFFFF, 0xFFFF, 0xFFFF, 0xFFFF, 0xFFDE, 0xFD01, 0xFD01, 0xFD01, 0xFD01, 0xFD01, 0xFD01, 0xFD01, 0xFD01,
    0xFD01, 0xFD01, 0xFD01, 0xFD21, 0xFD01, 0xFD01, 0xFC40, 0xFC20, 0xFF84, 0xFF85, 0xFC60, 0xFE40, 0xFE20, 0xFE20, 0xFDA0, 0xFD80,
    0xFC60, 0xFC60, 0xFC60, 0xFA80, 0xFAA0, 0xF0C0, 0xA001, 0xA801, 0xA801, 0xA801, 0xFBA0, 0xFB20, 0xFB20, 0xA801, 0x9800, 0x0000,
    0x0000, 0x0000, 0x0000, 0x0000, 0x0000, 0x0000, 0x0000, 0x0000, 0x0000, 0x0000, 0x0000, 0x0000, 0x0000, 0x0000, 0x0000, 0x0000,
    0x0000, 0x0000, 0x0000, 0x0000, 0x0000, 0x0000, 0x0000, 0x0000, 0x0000, 0x0000, 0x0000, 0x0000, 0x0000, 0x0000, 0x0000, 0x0000,
    0x0000, 0x0000, 0x0000, 0x0000, 0x0000, 0x0000, 0x0000, 0x0000, 0x0000, 0xA800, 0xA801, 0xFAA0, 0xFAA0, 0xFAA0, 0xFA80, 0xFA80,
    0xFC80, 0xFC80, 0xFE20, 0xFC60, 0xFC40, 0xFE00, 0xFE00, 0xFE00, 0xFE20, 0xFE20, 0xFE00, 0xFBA0, 0xFBC0, 0xFD21, 0xFD01, 0xFD01,
    0xFD01, 0xFD01, 0xFD02, 0xFD01, 0xFD01, 0xFD01, 0xFD01, 0xFD01, 0xFD01, 0xFD02, 0xFD21, 0xFD01, 0xFD21, 0xFD22, 0xFD21, 0xFD21,
    0xFFFF, 0xFFFF, 0xFFFF, 0xFFFF, 0xFFFF, 0xFFFF, 0xFFFF, 0xFFFF, 0xFD02, 0xFD02, 0xFD01, 0xFD01, 0xFD01, 0xFD01, 0xFD01, 0xFD01,
    0xFD01, 0xFD01, 0xFD01, 0xFD01, 0xFD21, 0xFD01, 0xFC40, 0xFC20, 0xFF84, 0xFF84, 0xFC60, 0xFE20, 0xFE40, 0xFE40, 0xFDA0, 0xFD80,
    0xFC40, 0xFC60, 0xFC60, 0xFAC0, 0xFAA0, 0xF8E0, 0x9802, 0xA801, 0xA001, 0xA001, 0xFBC0, 0xFB20, 0xFB20, 0xA801, 0xF800, 0x0000,
    0x0000, 0x0000, 0x0000, 0x0000, 0x0000, 0x0000, 0x0000, 0x0000, 0x0000, 0x0000, 0x0000, 0x0000, 0x0000, 0x0000, 0x0000, 0x0000,
    0x0000, 0x0000, 0x0000, 0x0000, 0x0000, 0x0000, 0x0000, 0x0000, 0x0000, 0x0000, 0x0000, 0x0000, 0x0000, 0x0000, 0x0000, 0x0000,
    0x0000, 0x0000, 0x0000, 0x0000, 0x0000, 0x0000, 0x0000, 0x0000, 0x0000, 0xA800, 0xA801, 0xFA20, 0xFA00, 0xFA80, 0xFA80, 0xFAA0,
    0xFCA0, 0xFC80, 0xFC60, 0xFE20, 0xFE00, 0xFEA0, 0xFE00, 0xFE00, 0xFE20, 0xFE20, 0xFBE0, 0xFD01, 0xFD01, 0xFD01, 0xFD01, 0xFD01,
    0xFD01, 0xFD01, 0xFD01, 0xFD01, 0xFD01, 0xFD01, 0xFD01, 0xFD01, 0xFD02, 0xFD01, 0xFD22, 0xFD02, 0xFD01, 0xFD01, 0xFF7B, 0xFFFF,
    0xFFFF, 0xFFFF, 0xFFFF, 0xFFFF, 0xFFFF, 0xFFDF, 0xFFFF, 0xFFFF, 0xFFFF, 0xFFFF, 0xFD01, 0xFD02, 0xFD01, 0xFD01, 0xFD01, 0xFD01,
    0xFD01, 0xFCC2, 0xFE81, 0xFD01, 0xFD21, 0xFD01, 0xFD01, 0xFD22, 0xFC20, 0xFC20, 0xFF85, 0xFE20, 0xFE40, 0xFE40, 0xFC80, 0xFC60,
    0xFC60, 0xFC60, 0xFC60, 0xFA00, 0xFA00, 0xA801, 0xB001, 0xA801, 0xFBC0, 0xFBC0, 0xFBC0, 0xFA60, 0xFA40, 0xA802, 0x98E0, 0x0000,
    0x0000, 0x0000, 0x0000, 0x0000, 0x0000, 0x0000, 0x0000, 0x0000, 0x0000, 0x0000, 0x0000, 0x0000, 0x0000, 0x0000, 0x0000, 0x0000,
    0x0000, 0x0000, 0x0000, 0x0000, 0x0000, 0x0000, 0x0000, 0x0000, 0x0000, 0x0000, 0x0000, 0x0000, 0x0000, 0x0000, 0x0000, 0x0000,
    0x0000, 0x0000, 0x0000, 0x0000, 0x0000, 0x0000, 0x0000, 0x0000, 0x0000, 0x0000, 0x0000, 0xB800, 0xB800, 0xFAA0, 0xFA80, 0xFA80,
    0xFA60, 0xFA80, 0xFC60, 0xFC40, 0xFC40, 0xFE00, 0xFE00, 0xFE00, 0xFC40, 0xFC40, 0xFD01, 0xFD02, 0xFD01, 0xFD01, 0xFD01, 0xFD01,
    0xFD01, 0xFD01, 0xFD21, 0xFD22, 0xFD01, 0xFD01, 0xFD02, 0xFD02, 0xFD01, 0xFD01, 0xFD02, 0xFEF1, 0xFEF0, 0xFFFF, 0xFFFF, 0xFFFF,
    0xFFFF, 0xFFFF, 0xFFFF, 0xFFDF, 0xFFFF, 0xFFFF, 0xFFDF, 0xFFFF, 0xFFFF, 0xFFFF, 0xFFFF, 0xFEAF, 0xFECE, 0xFD01, 0xFCE1, 0xFD01,
    0xFD01, 0xFCE1, 0xFD01, 0xFEA0, 0xFEA0, 0xFD01, 0xFD01, 0xFD01, 0xFD01, 0xFD22, 0xFC00, 0xFE40, 0xFE20, 0xFE40, 0xFC80, 0xFC60,
    0xFC60, 0xFC60, 0xFC80, 0xD020, 0xD020, 0xB001, 0xFC80, 0xFC20, 0xFBC0, 0xFBC0, 0xFBE0, 0xB000, 0xB000, 0xA940, 0xF800, 0x0000,
    0x0000, 0x0000, 0x0000, 0x0000, 0x0000, 0x0000, 0x0000, 0x0000, 0x0000, 0x0000, 0x0000, 0x0000, 0x0000, 0x0000, 0x0000, 0x0000,
    0x0000, 0x0000, 0x0000, 0x0000, 0x0000, 0x0000, 0x0000, 0x0000, 0x0000, 0x0000, 0x0000, 0x0000, 0x0000, 0x0000, 0x0000, 0x0000,
    0x0000, 0x0000, 0x0000, 0x0000, 0x0000, 0x0000, 0x0000, 0x0000, 0x0000, 0x0000, 0x0000, 0xC000, 0xB800, 0xFA80, 0xFA80, 0xFA80,
    0xFA80, 0xFAA0, 0xFC80, 0xFC60, 0xFC60, 0xFE00, 0xFE00, 0xFE00, 0xFC40, 0xFC20, 0xFD01, 0xFD01, 0xFD02, 0xFD02, 0xFD01, 0xFD01,
    0xFD01, 0xFD01, 0xFD22, 0xFD22, 0xFD01, 0xFD22, 0xFD02, 0xFD02, 0xFD01, 0xFD01, 0xFD01, 0xFEF1, 0xFED0, 0xFFFF, 0xFFFF, 0xFFFF,
    0xFFFF, 0xFFFF, 0xFFFF, 0xFFFF, 0xFFFF, 0xFFFF, 0xFFFF, 0xFFFF, 0xFFFF, 0xFFFF, 0xFFDF, 0xFECF, 0xFED0, 0xFD02, 0xFD01, 0xFD01,
    0xFD01, 0xFD01, 0xFD01, 0xFE80, 0xFE80, 0xFD01, 0xFD01, 0xFD01, 0xFD01, 0xFD01, 0xFC20, 0xFE40, 0xFE20, 0xFE20, 0xFC80, 0xFC40,
    0xFC60, 0xFC60, 0xFC60, 0xD820, 0xD820, 0xA801, 0xFC20, 0xFBE0, 0xFBC0, 0xFBC0, 0xFBE0, 0xB801, 0xB800, 0x0000, 0x0000, 0x0000,
    0x0000, 0x0000, 0x0000, 0x0000, 0x0000, 0x0000, 0x0000, 0x0000, 0x0000, 0x0000, 0x0000, 0x0000, 0x0000, 0x0000, 0x0000, 0x0000,
    0x0000, 0x0000, 0x0000, 0x0000, 0x0000, 0x0000, 0x0000, 0x0000, 0x0000, 0x0000, 0x0000, 0x0000, 0x0000, 0x0000, 0x0000, 0x0000,
    0x0000, 0x0000, 0x0000, 0x0000, 0x0000, 0x0000, 0x0000, 0x0000, 0x0000, 0x0000, 0x0000, 0xA802, 0xB001, 0xFA80, 0xFA80, 0xFA80,
    0xFA80, 0xFAC0, 0xFC80, 0xFC80, 0xFC60, 0xFDE0, 0xFC20, 0xFC20, 0xFD21, 0xFD01, 0xFD01, 0xFD01, 0xFD01, 0xFD01, 0xFD01, 0xFD01,
    0xFD01, 0xFD02, 0xFE80, 0xFE40, 0xFE40, 0xFD22, 0xFD22, 0xFD01, 0xFD02, 0xFD02, 0xFD22, 0xFD02, 0xFD01, 0xFD01, 0xFFBE, 0xFFFF,
    0xFFFF, 0xFFDF, 0xFFFF, 0xFFFF, 0xFFFF, 0xFFFF, 0xFFFF, 0xFFFF, 0xFFDF, 0xFFFF, 0xFD02, 0xFD01, 0xFD01, 0xFD01, 0xFD01, 0xFD01,
    0xFD01, 0xFD01, 0xFD21, 0xFD01, 0xFD01, 0xFD01, 0xFD01, 0xFD01, 0xFD01, 0xFD01, 0xFD01, 0xFC20, 0xFC20, 0xFE40, 0xFC80, 0xFC60,
    0xFC60, 0xFC80, 0xFA80, 0xC021, 0xB001, 0xFC20, 0xFD00, 0xFD00, 0xFBE0, 0xFBE0, 0xFB20, 0xA801, 0xA801, 0x0000, 0x0000, 0x0000,
    0x0000, 0x0000, 0x0000, 0x0000, 0x0000, 0x0000, 0x0000, 0x0000, 0x0000, 0x0000, 0x0000, 0x0000, 0x0000, 0x0000, 0x0000, 0x0000,
    0x0000, 0x0000, 0x0000, 0x0000, 0x0000, 0x0000, 0x0000, 0x0000, 0x0000, 0x0000, 0x0000, 0x0000, 0x0000, 0x0000, 0x0000, 0x0000,
    0x0000, 0x0000, 0x0000, 0x0000, 0x0000, 0x0000, 0x0000, 0x0000, 0x0000, 0x0000, 0x0000, 0xB002, 0xB001, 0xFA80, 0xFAA0, 0xFA80,
    0xFAA0, 0xFAC0, 0xFCA0, 0xFC80, 0xFC80, 0xFE00, 0xFC20, 0xFC00, 0xFD21, 0xFD01, 0xFD01, 0xFD01, 0xFD01, 0xFD01, 0xFD01, 0xFD01,
    0xFD01, 0xFD02, 0xFEA0, 0xFE41, 0xFE40, 0xFD21, 0xFD22, 0xFD21, 0xFD01, 0xFD02, 0xFD21, 0xFD01, 0xFD22, 0xFD22, 0xFFBE, 0xFFFF,
    0xFFFF, 0xFFFF, 0xFFFF, 0xFFFF, 0xFFFF, 0xFFFF, 0xFFFF, 0xFFFF, 0xFFFF, 0xFFFF, 0xFD01, 0xFD02, 0xFD01, 0xFD02, 0xFD01, 0xFD21,
    0xF4E2, 0xF4E2, 0xF4C2, 0xF4C2, 0xF4C2, 0xFD01, 0xFD01, 0xFD21, 0xFD22, 0xFD01, 0xFD01, 0xFC20, 0xFC20, 0xFE60, 0xFCA0, 0xFC60,
    0xFC80, 0xFCA0, 0xFA80, 0xB800, 0xB800, 0xFC40, 0xFD40, 0xFD20, 0xFBE0, 0xFBE0, 0xFB40, 0xA801, 0xA801, 0x0000, 0x0000, 0x0000,
    0x0000, 0x0000, 0x0000, 0x0000, 0x0000, 0x0000, 0x0000, 0x0000, 0x0000, 0x0000, 0x0000, 0x0000, 0x0000, 0x0000, 0x0000, 0x0000,
    0x0000, 0x0000, 0x0000, 0x0000, 0x0000, 0x0000, 0x0000, 0x0000, 0x0000, 0x0000, 0x0000, 0x0000, 0x0000, 0x0000, 0x0000, 0x0000,
    0x0000, 0xF800, 0xB002, 0xB002, 0xB002, 0x0000, 0x0000, 0x0000, 0x0000, 0x0000, 0x0000, 0xA803, 0xA803, 0xF940, 0xFA40, 0xFAA0,
    0xFAA0, 0xFAA0, 0xFA80, 0xFC60, 0xFC40, 0xFC60, 0xFD02, 0xFD01, 0xFD01, 0xFD01, 0xFD01, 0xFD01, 0xFD01, 0xFD01, 0xFDC1, 0xFE81,
    0xFD01, 0xFD01, 0xFD01, 0xFD01, 0xFD01, 0xFD22, 0xFD22, 0xFD01, 0xFD01, 0xFD02, 0xFD02, 0xFD01, 0xFD22, 0xFD01, 0xFD02, 0xFD22,
    0xFFFF, 0xFFFF, 0xFFFF, 0xFFFF, 0xFFFF, 0xFFFF, 0xFFBB, 0xFF99, 0xFD02, 0xFD02, 0xFD01, 0xFD02, 0xFD02, 0xFD01, 0xFD22, 0xFD01,
    0x5060, 0x4040, 0x4040, 0x4860, 0x4860, 0xFD01, 0xFD22, 0xFD01, 0xFD22, 0xFD21, 0xFD01, 0xFD01, 0xFD21, 0xFC40, 0xFC60, 0xFC60,
    0xFB60, 0xFB80, 0xF960, 0xFC80, 0xFCA0, 0xFD40, 0xFBC0, 0xFBE0, 0xFBE0, 0xFBE0, 0xFA00, 0xA802, 0xA802, 0x0000, 0x0000, 0x0000,
    0x0000, 0x0000, 0x0000, 0x0000, 0x0000, 0x0000, 0x0000, 0x0000, 0x0000, 0x0000, 0x0000, 0x0000, 0x0000, 0x0000, 0x0000, 0x0000,
    0x0000, 0x0000, 0x0000, 0x0000, 0x0000, 0x0000, 0x0000, 0x0000, 0x0000, 0x0000, 0x0000, 0x0000, 0x0000, 0x0000, 0x0000, 0x0000,
    0x0000, 0xF800, 0xB001, 0xFB80, 0xFB20, 0xB001, 0xB001, 0xA802, 0x0000, 0x0000, 0x0000, 0xF800, 0xF800, 0xB002, 0xE180, 0xFA80,
    0xFAA0, 0xFAA0, 0xFA80, 0xFAA0, 0xFA80, 0xFC40, 0xFD02, 0xFD01, 0xFD01, 0xFD01, 0xFD01, 0xFD01, 0xFD01, 0xFD01, 0xFCA1, 0xFC41,
    0x4860, 0x4840, 0x4040, 0x4840, 0x4040, 0xFAA0, 0xFB40, 0xFD01, 0xFD01, 0xFD01, 0xFD01, 0xFD01, 0xFD01, 0xFD02, 0xFD02, 0xFD01,
    0xFD22, 0xFD01, 0xFFDF, 0xFFFF, 0xFFFF, 0xFF9B, 0xFD46, 0xFD02, 0xFD01, 0xFD02, 0xFD01, 0xFD02, 0xFD21, 0xFD01, 0xEAC0, 0xEA40,
    0xFCE1, 0xFD02, 0xFCE2, 0xF502, 0xF4E2, 0x4860, 0x7100, 0x8140, 0xFD01, 0xFD01, 0xFD01, 0xFD02, 0xFD02, 0xFD02, 0xFB40, 0xFB00,
    0xF9A0, 0xF9A0, 0xFDA0, 0xFDA0, 0xFDC0, 0xFBE0, 0xFBE0, 0xFBC0, 0xFB40, 0xFB40, 0xB800, 0xF800, 0x7800, 0x0000, 0x0000, 0x0000,
    0x0000, 0x0000, 0x0000, 0x0000, 0x0000, 0x0000, 0x0000, 0x0000, 0x0000, 0x0000, 0x0000, 0x0000, 0x0000, 0x0000, 0x0000, 0x0000,
    0x0000, 0x0000, 0x0000, 0x0000, 0x0000, 0x0000, 0x0000, 0x0000, 0x0000, 0x0000, 0x0000, 0x0000, 0x0000, 0x0000, 0x0000, 0x0000,
    0x0000, 0xF800, 0xB001, 0xFB40, 0xFB40, 0xB001, 0xB801, 0xA802, 0xF800, 0x7800, 0x7800, 0xF800, 0xF800, 0xA802, 0xE9C0, 0xFA80,
    0xFAA0, 0xFAA0, 0xFAA0, 0xFAA0, 0xFAA0, 0xFC40, 0xFD22, 0xFD01, 0xFD01, 0xFD01, 0xFD01, 0xFD01, 0xFD01, 0xFD01, 0xFCC2, 0xFC41,
    0x3840, 0x4040, 0x3840, 0x4040, 0x3820, 0xF2A0, 0xF300, 0xFD22, 0xFD02, 0xFD02, 0xFD01, 0xFD01, 0xFD21, 0xFD02, 0xFD22, 0xFD22,
    0xFD22, 0xFD00, 0xFFFF, 0xFFFF, 0xFFDF, 0xFF9A, 0xFD85, 0xFD02, 0xFD01, 0xFD01, 0xFD01, 0xFD22, 0xFD22, 0xFD21, 0xEAA0, 0xEA40,
    0xFD22, 0xFD22, 0xFD22, 0xFD02, 0xFD02, 0x3000, 0x60A0, 0x8920, 0xFD22, 0xFD01, 0xFD21, 0xFD01, 0xFD01, 0xFD22, 0xFB40, 0xFAE0,
    0xF9C0, 0xF180, 0xFDC0, 0xFDA0, 0xFDC0, 0xFBE0, 0xFBE0, 0xFBC0, 0xFB40, 0xFB80, 0xB800, 0xF800, 0x0000, 0x0000, 0x0000, 0x0000,
    0x0000, 0x0000, 0x0000, 0x0000, 0x0000, 0x0000, 0x0000, 0x0000, 0x0000, 0x0000, 0x0000, 0x0000, 0x0000, 0x0000, 0x0000, 0x0000,
    0x0000, 0x0000, 0x0000, 0x0000, 0x0000, 0x0000, 0x0000, 0x0000, 0x0000, 0x0000, 0x0000, 0x0000, 0x0000, 0x0000, 0x0000, 0x0000,
    0x0000, 0x0000, 0xA802, 0xFA00, 0xF9E0, 0xFBC0, 0xFB00, 0xFA60, 0xC000, 0xC000, 0xB001, 0xA802, 0xA802, 0xA802, 0xE1C0, 0xFAA0,
    0xFAA0, 0xFAA0, 0xFAA0, 0xFA80, 0xFA80, 0xFC40, 0xFD01, 0xFD01, 0xFD01, 0xFD01, 0xFD01, 0xFD01, 0xFD01, 0x4840, 0x4040, 0x4040,
    0xFCE1, 0xFD01, 0xFD02, 0xFD22, 0xFD22, 0xFC21, 0xFC40, 0xFD22, 0xFD22, 0xFD22, 0xFD22, 0xFD01, 0xFD01, 0xFD02, 0xFD22, 0xFD22,
    0xFD02, 0xFD22, 0xFD02, 0xFFDE, 0xFFFF, 0xFD22, 0xFCE1, 0xFD02, 0xFD02, 0xFD02, 0xFD02, 0xFD22, 0xFD22, 0xFD81, 0xFD21, 0xFD01,
    0xFD02, 0xFD02, 0xFD22, 0xFD01, 0xFD01, 0xFD22, 0xFD22, 0xFD21, 0x8120, 0x8140, 0xFD01, 0xFD01, 0xFD21, 0xFD22, 0xFB40, 0xFB00,
    0xFE60, 0xFE80, 0xFDA0, 0xFD00, 0xFD20, 0xFBE0, 0xFBE0, 0xFBE0, 0xF9E0, 0xF9E0, 0xA801, 0x0000, 0x0000, 0x0000, 0x0000, 0x0000,
    0x0000, 0x0000, 0x0000, 0x0000, 0xF800, 0xA802, 0x9000, 0x0000, 0x0000, 0x0000, 0x0000, 0x0000, 0x0000, 0x0000, 0x0000, 0x0000,
    0x0000, 0x0000, 0x0000, 0x0000, 0x0000, 0x0000, 0x0000, 0x0000, 0x0000, 0x0000, 0x0000, 0x0000, 0x0000, 0x0000, 0x0000, 0x0000,
    0x0000, 0xF800, 0xB041, 0xC000, 0xC020, 0xFAE0, 0xFB40, 0xFBC0, 0xF320, 0xFB20, 0xFA61, 0xF260, 0xEA40, 0xF280, 0xF360, 0xFBC0,
    0xFC00, 0xFC20, 0xFAA0, 0xFC80, 0xFC61, 0xFCE1, 0xFD01, 0xFD01, 0xFD01, 0xFD01, 0xFD01, 0x9A00, 0xAA40, 0xFD02, 0xFD62, 0xFD21,
    0xFD22, 0xFD02, 0xFD02, 0xFD22, 0xFD22, 0xFD02, 0xFD22, 0xFD22, 0xFDC1, 0xFDC1, 0xFD22, 0xFD01, 0xFD01, 0xFD22, 0xFD01, 0xFD22,
    0xFD02, 0xFD22, 0xFD22, 0xFF34, 0xFF12, 0xFCE1, 0xFD01, 0xFD02, 0xFD02, 0xFD01, 0xFD01, 0xFDC1, 0xFDC1, 0xFD01, 0xFD22, 0xFD22,
    0xFD02, 0xFD21, 0xFD22, 0xFD02, 0xFD21, 0xFD22, 0xFD22, 0xFD22, 0xFD22, 0xFD82, 0xFD01, 0xFD01, 0xFD01, 0xFD22, 0xFCC2, 0xFCE2,
    0xFDA0, 0xFDC0, 0xFD40, 0xFC00, 0xFC00, 0xFBE0, 0xFAC0, 0xFAC0, 0xF920, 0xE8E0, 0xA802, 0x0000, 0x0000, 0x0000, 0x0000, 0x0000,
    0x0000, 0x0000, 0x0000, 0xB001, 0xB021, 0xB801, 0xA021, 0x0000, 0x0000, 0x0000, 0x0000, 0x0000, 0x0000, 0x0000, 0x0000, 0x0000,
    0x0000, 0x0000, 0x0000, 0x0000, 0x0000, 0x0000, 0x0000, 0x0000, 0x0000, 0x0000, 0x0000, 0x0000, 0x0000, 0x0000, 0x0000, 0x0000,
    0x0000, 0x0000, 0x0000, 0xB801, 0xB801, 0xFA80, 0xFB80, 0xFBE0, 0xFB80, 0xFBA0, 0xFAA0, 0xFAA0, 0xFAA0, 0xFAA0, 0xFBC0, 0xFC20,
    0xFC00, 0xFC20, 0xFA60, 0xFCC0, 0xFCA0, 0xFD01, 0xFD01, 0xFD01, 0xFD01, 0xFD01, 0xFD21, 0x70A0, 0x68A0, 0xFD22, 0xFD01, 0xFD01,
    0xFD02, 0xFD02, 0xFD02, 0xFD22, 0xFD22, 0xFD22, 0xFD02, 0xFD22, 0xFDE1, 0xFE01, 0xFD02, 0xFD01, 0xFD01, 0xFD02, 0xFD02, 0xFD22,
    0xFD02, 0xFD22, 0xFD02, 0xFEF1, 0xFF13, 0xFD02, 0xFD02, 0xFD02, 0xFD01, 0xFD01, 0xFD01, 0xFDC1, 0xFDC1, 0xFD01, 0xFD22, 0xFD02,
    0xFD02, 0xFD01, 0xFD22, 0xFD21, 0xFD01, 0xFD22, 0xFD22, 0xFD22, 0xFD01, 0xFD01, 0xFD01, 0xFD01, 0xFD01, 0xFD21, 0xFD01, 0xFD01,
    0xFDA0, 0xFDA0, 0xFD40, 0xFBE0, 0xFBE0, 0xFBE0, 0xFA60, 0xFA80, 0xF900, 0xF100, 0xA002, 0x0000, 0x0000, 0x0000, 0x0000, 0x0000,
    0x0000, 0x0000, 0x0000, 0xA802, 0xA801, 0xB801, 0xA880, 0x0000, 0x0000, 0x0000, 0x0000, 0x0000, 0x0000, 0x0000, 0x0000, 0x0000,
    0x0000, 0x0000, 0x0000, 0x0000, 0x0000, 0x0000, 0x0000, 0x0000, 0x0000, 0x0000, 0x0000, 0x0000, 0x0000, 0x0000, 0x0000, 0x0000,
    0x0000, 0x0000, 0x0000, 0xB001, 0xA801, 0xFAA0, 0xFAA0, 0xFA80, 0xFBA0, 0xFBA0, 0xFBE0, 0xFA80, 0xFAA0, 0xFAC0, 0xFAA0, 0xFAA0,
    0xFC40, 0xFC00, 0xFC20, 0xFD22, 0xFD01, 0xFD01, 0xFD01, 0xFD01, 0xFD22, 0xFD22, 0xFAE0, 0xFD02, 0xFD02, 0xFD01, 0xFD02, 0xFD02,
    0xFD02, 0xFD02, 0xFD22, 0xFD22, 0xFD02, 0xFD02, 0xFD02, 0xFD01, 0xFD02, 0xFD01, 0xFD01, 0xFD02, 0xFD02, 0xFD01, 0xFD02, 0xFD02,
    0xFD02, 0xFD22, 0xFD02, 0xFD01, 0xFD01, 0xFD02, 0xFD22, 0xFD02, 0xFD02, 0xFD01, 0xFD01, 0xFD01, 0xFD01, 0xFD02, 0xFD02, 0xFD02,
    0xFD22, 0xFD22, 0xFD22, 0xFD02, 0xFD22, 0xFD22, 0xFD22, 0xFD21, 0xFF22, 0xFF42, 0xFD01, 0xFD02, 0xFD01, 0xFD01, 0xFDC1, 0xFDA1,
    0xFDA0, 0xFE00, 0xFBC0, 0xFBE0, 0xFC00, 0xFBE0, 0xFA20, 0xFA20, 0xA801, 0xB002, 0xF800, 0xA002, 0xA802, 0xE880, 0xB004, 0xA803,
    0x0000, 0x0000, 0x0000, 0xB001, 0xB001, 0xFAA0, 0xB001, 0xA002, 0x0000, 0x0000, 0x0000, 0x0000, 0x0000, 0x0000, 0x0000, 0x0000,
    0x0000, 0x0000, 0x0000, 0x0000, 0x0000, 0x0000, 0x0000, 0x0000, 0x0000, 0x0000, 0x0000, 0x0000, 0x0000, 0x0000, 0x0000, 0x0000,
    0x0000, 0x0000, 0x0000, 0xA802, 0xA802, 0xFA80, 0xFA80, 0xFA80, 0xFBA0, 0xFBA0, 0xFBC0, 0xFB00, 0xFB00, 0xFAE0, 0xFAC0, 0xFAA0,
    0xFC20, 0xFC00, 0xFC00, 0xFD01, 0xFD01, 0xFD01, 0xFD01, 0xFD01, 0xFD01, 0xFD02, 0xFB00, 0xFD01, 0xFD02, 0xFD02, 0xFD21, 0xFD21,
    0xFDA2, 0xFD61, 0xFD81, 0xFDA2, 0xFD61, 0xFD22, 0xFD22, 0xFD22, 0xFD02, 0xFD02, 0xFD02, 0xFD01, 0xFD01, 0xFD01, 0xFD01, 0xFD02,
    0xFD02, 0xFD02, 0xFD02, 0xFD01, 0xFD02, 0xFD02, 0xFD02, 0xFD22, 0xFD02, 0xFD02, 0xFD02, 0xFD02, 0xFD02, 0xFD02, 0xFD02, 0xFD22,
    0xFD42, 0xFD41, 0xFD81, 0xFD61, 0xFD81, 0xFD61, 0xFD61, 0xFD41, 0xFF42, 0xFF41, 0xFD21, 0xFD01, 0xFD01, 0xFD01, 0xFDA1, 0xFDA1,
    0xFDA0, 0xFDE0, 0xFBE0, 0xFBC0, 0xFBC0, 0xFBE0, 0xF200, 0xF200, 0xB001, 0xB002, 0xD122, 0xA821, 0xA021, 0xF0E0, 0xA004, 0xA803,
    0x0000, 0x0000, 0x0000, 0xA801, 0xA801, 0xFAC0, 0xA841, 0xA001, 0xD140, 0xB9E0, 0x0000, 0x0000, 0x0000, 0x0000, 0x0000, 0x0000,
    0x0000, 0x0000, 0x0000, 0x0000, 0x0000, 0x0000, 0x0000, 0x0000, 0x0000, 0x0000, 0x0000, 0x0000, 0x0000, 0x0000, 0x0000, 0x0000,
    0x0000, 0x0000, 0x0000, 0xA802, 0xA802, 0xF9A0, 0xFA20, 0xFA80, 0xFA80, 0xFAA0, 0xFC00, 0xFC40, 0xFC20, 0xFC20, 0xFB20, 0xFA80,
    0xFC00, 0xFC00, 0xFC00, 0xFD02, 0xFD01, 0xFD01, 0xFD01, 0xFD01, 0xFD01, 0xFD01, 0xFD02, 0xFD61, 0xFD61, 0xFBC1, 0xFB81, 0xF2C0,
    0x2820, 0x3020, 0x3020, 0x3020, 0x3020, 0xF2A0, 0xF360, 0xFD02, 0xFD02, 0xFD02, 0xFD02, 0xFD22, 0xFD01, 0xFD01, 0xFD02, 0xFD02,
    0xFD02, 0xFD02, 0xFD02, 0xFD01, 0xFD02, 0xFD02, 0xFD02, 0xFD22, 0xFD02, 0xFD01, 0xFD01, 0xFD02, 0xFD02, 0xFD22, 0xFD22, 0xFD01,
    0xEA40, 0xEA60, 0x3020, 0x3020, 0x3020, 0x3040, 0x8140, 0xF2A0, 0xFD41, 0xFD61, 0xFD61, 0xFD02, 0xFD01, 0xFDA1, 0xFDA0, 0xFDA1,
    0xFDA0, 0xFDC0, 0xFBC0, 0xFBE0, 0xFBE0, 0xFB20, 0xB800, 0xB801, 0xB002, 0xB001, 0xA801, 0xFBC0, 0xFC00, 0xF9C0, 0x9803, 0xA802,
    0x0000, 0x0000, 0x0000, 0xB001, 0xA821, 0xFC00, 0xFA60, 0xFA20, 0xA802, 0xB801, 0x0000, 0x0000, 0x0000, 0x0000, 0x0000, 0x0000,
    0x0000, 0x0000, 0x0000, 0x0000, 0x0000, 0x0000, 0x0000, 0x0000, 0x0000, 0x0000, 0x0000, 0x0000, 0x0000, 0x0000, 0x0000, 0x0000,
    0x0000, 0x0000, 0x0000, 0x7800, 0xF800, 0xB002, 0xD960, 0xFA80, 0xFA80, 0xFA80, 0xFA80, 0xFC40, 0xFC20, 0xFC40, 0xFC20, 0xFC20,
    0xFC40, 0xFC40, 0xFC60, 0xFCE1, 0xFCE1, 0xFCE1, 0xFD01, 0xFD01, 0xFD01, 0xFD02, 0xFD61, 0xFCC1, 0xFCC1, 0x3840, 0x3040, 0x3040,
    0x3040, 0x3020, 0x3040, 0x3020, 0x3040, 0x3040, 0x4060, 0xE220, 0xFD22, 0xFD22, 0xFD02, 0xFE01, 0xFE01, 0xFD02, 0xFD02, 0xFD22,
    0xFD02, 0xFD02, 0xFD02, 0xFD02, 0xFD02, 0xFD02, 0xFD02, 0xFD01, 0xFE21, 0xFE41, 0xFD02, 0xFD01, 0xFD02, 0xFD22, 0xE2C0, 0xDA00,
    0x3840, 0x3040, 0x3020, 0x3020, 0x3020, 0x3040, 0x3840, 0x3040, 0x4040, 0x3860, 0xFB20, 0xFD42, 0xFD41, 0xFDA1, 0xFDA0, 0xFDA1,
    0xFDA0, 0xFDE0, 0xFBC0, 0xFA80, 0xFA40, 0xF9E0, 0xF1C0, 0xF9E0, 0xFB80, 0xFB80, 0xFBC0, 0xFB40, 0xFB60, 0xF100, 0xA003, 0xA003,
    0x0000, 0x0000, 0x0000, 0xB001, 0xA821, 0xFC40, 0xFC40, 0xFC20, 0xB001, 0xC021, 0x0000, 0x0000, 0x0000, 0x0000, 0x0000, 0x0000,
    0x0000, 0x0000, 0x0000, 0x0000, 0x0000, 0x0000, 0x0000, 0x0000, 0x0000, 0x0000, 0x0000, 0x0000, 0x0000, 0x0000, 0x0000, 0x0000,
    0x0000, 0x0000, 0x0000, 0x0000, 0x0000, 0xA801, 0xD140, 0xFA80, 0xFA80, 0xFA80, 0xFA80, 0xFC40, 0xFC20, 0xFC40, 0xFC40, 0xFC40,
    0xFC60, 0xFC40, 0xFC40, 0xFD01, 0xFD01, 0xFD01, 0xFD01, 0xFD01, 0xFD02, 0xFD02, 0xFD81, 0xFCC1, 0xFCE2, 0x3040, 0x2820, 0x3820,
    0x2820, 0x3840, 0x3020, 0x3040, 0x3040, 0x3040, 0x5080, 0xDA00, 0xFD21, 0xFD42, 0xFD22, 0xFE01, 0xFDE1, 0xFD02, 0xFD02, 0xFD02,
    0xFD02, 0xFD02, 0xFD02, 0xFD22, 0xFD02, 0xFD22, 0xFD02, 0xFD22, 0xFE21, 0xFE21, 0xFD02, 0xFD02, 0xFD22, 0xFD22, 0xD260, 0xE220,
    0x2820, 0x3040, 0x3020, 0x2820, 0x2840, 0x3840, 0x2820, 0x2820, 0x3020, 0x3840, 0xFB00, 0xFD21, 0xFD41, 0xFD80, 0xFD80, 0xFD80,
    0xFDA0, 0xFDC0, 0xFC00, 0xFA60, 0xFA40, 0xF9E0, 0xF9E0, 0xF9E0, 0xFBA0, 0xFBA0, 0xFBC0, 0xFB60, 0xFB40, 0xF900, 0x9803, 0xA002,
    0x0000, 0x0000, 0x0000, 0xA801, 0xA821, 0xFC60, 0xFC40, 0xFC40, 0xB801, 0xC021, 0x0000, 0x0000, 0x0000, 0x0000, 0x0000, 0x0000,
    0x0000, 0x0000, 0x0000, 0x0000, 0x0000, 0x0000, 0x0000, 0x0000, 0x0000, 0x0000, 0x0000, 0x0000, 0x0000, 0x0000, 0x0000, 0x0000,
    0x0000, 0x0000, 0x0000, 0x0000, 0x0000, 0xA803, 0xD8C0, 0xF960, 0xFAA0, 0xFA80, 0xFA80, 0xFA80, 0xFA80, 0xFC40, 0xFC40, 0xFC40,
    0xFC40, 0xFC40, 0xFD40, 0xFCE1, 0xFD01, 0xFD01, 0xFD01, 0xFD01, 0xFDA1, 0xFDA1, 0xFAE0, 0x3040, 0x3040, 0x3040, 0x71E3, 0xFD67,
    0xFF37, 0xF6F7, 0x5080, 0x4060, 0x3840, 0x3840, 0x3840, 0x2820, 0xF280, 0xEA60, 0xFD22, 0xFE01, 0xFE01, 0xFCE2, 0xFD02, 0xFD22,
    0xFD02, 0xFD02, 0xFD02, 0xFD02, 0xFD22, 0xFD02, 0xFE01, 0xFE21, 0xFD21, 0xFD01, 0xFD02, 0xFD02, 0xFD22, 0xE220, 0x58A0, 0x3020,
    0x5080, 0x5060, 0x4880, 0xFF37, 0xFF58, 0xFF57, 0xF3A2, 0xFBC2, 0x3840, 0x3040, 0x3020, 0xF481, 0xFCA1, 0xFD80, 0xFD80, 0xFD81,
    0xFCE0, 0xFCE0, 0xFD00, 0xFD80, 0xFDA0, 0xFC60, 0xFD00, 0xFCE0, 0xFBE0, 0xFBE0, 0xFBA0, 0xF960, 0xF980, 0xB002, 0x0000, 0x0000,
    0x0000, 0x0000, 0x0000, 0xB001, 0xA821, 0xFC40, 0xFC40, 0xFC40, 0xFA80, 0xF2A0, 0xA801, 0xA800, 0x0000, 0x0000, 0x0000, 0x0000,
    0x0000, 0x0000, 0x0000, 0x0000, 0x0000, 0x0000, 0x0000, 0x0000, 0x0000, 0x0000, 0x0000, 0x0000, 0x0000, 0x0000, 0x0000, 0x0000,
    0x0000, 0x0000, 0x0000, 0x0000, 0x0000, 0x0000, 0xB062, 0xA002, 0xFA80, 0xFA80, 0xFA80, 0xFAA0, 0xFAA0, 0xFA60, 0xFBC0, 0xFC40,
    0xFCC0, 0xFCC0, 0xFEA1, 0xFD02, 0xFD01, 0xFD01, 0xFD01, 0xFD02, 0xFBA0, 0xF380, 0x2000, 0x3840, 0x2840, 0xFF11, 0xFF34, 0xFF98,
    0x6880, 0x6060, 0x60C0, 0x68C0, 0x60C0, 0xCD75, 0xC514, 0x60C0, 0x3800, 0x0800, 0xFD22, 0xFD21, 0xFD01, 0xFE22, 0xFD42, 0xFD02,
    0xFD02, 0xFD02, 0xFD02, 0xFD02, 0xFD02, 0xFD02, 0xFE02, 0xFE02, 0xFD02, 0xFD02, 0xFD02, 0xE200, 0xEA60, 0x2000, 0x4840, 0x5060,
    0xEEDB, 0xE6BA, 0x60A0, 0x6060, 0x6060, 0xFF57, 0xFFBA, 0xFF98, 0xF2C1, 0xF2C0, 0x3020, 0xF280, 0xF260, 0xFD80, 0xFD80, 0xFD80,
    0xFDA1, 0xFDA1, 0xFDA1, 0xFCC0, 0xFCC0, 0xFEA1, 0xF360, 0xFBA0, 0xFBE0, 0xFC00, 0xFA80, 0xF100, 0xF100, 0xA002, 0x0000, 0x0000,
    0x0000, 0x0000, 0x0000, 0xA801, 0xA821, 0xFC60, 0xFD00, 0xFD20, 0xFBA0, 0xFBA0, 0xC800, 0xF800, 0x0000, 0x0000, 0x0000, 0x0000,
    0x0000, 0x0000, 0x0000, 0x0000, 0x0000, 0x0000, 0x0000, 0x0000, 0x0000, 0x0000, 0x0000, 0x0000, 0x0000, 0x0000, 0x0000, 0x0000,
    0x0000, 0x0000, 0x0000, 0x0000, 0x0000, 0x0000, 0xB002, 0xA002, 0xFAA0, 0xFAA0, 0xFA80, 0xFA80, 0xFAA0, 0xFA80, 0xFBC0, 0xFC20,
    0xFCA0, 0xFCC0, 0xFEA1, 0xFD02, 0xFCE1, 0xFD01, 0xFD01, 0xFD01, 0xFBC1, 0xFBE1, 0x3040, 0x3820, 0x3040, 0xFE6F, 0xFED2, 0xFF56,
    0x70E0, 0x8100, 0x68C0, 0x60A0, 0x5860, 0xFFDF, 0xFFFF, 0x7A07, 0x3840, 0x3820, 0xFD22, 0xFD22, 0xFD22, 0xFE02, 0xFD61, 0xFD02,
    0xFD22, 0xFD02, 0xFD02, 0xFD02, 0xFD02, 0xFD02, 0xFE02, 0xFE02, 0xFD02, 0xFD02, 0xFD02, 0xF240, 0xEA60, 0x3020, 0x58A0, 0x6943,
    0xFFFF, 0xFFFF, 0x5840, 0x68C0, 0x68C0, 0xFF58, 0xFF57, 0xFF58, 0xF2A0, 0xEA80, 0x3840, 0xE280, 0xFAA0, 0xFD80, 0xFD80, 0xFD80,
    0xFD80, 0xFDA1, 0xFDA0, 0xFCA0, 0xFCA0, 0xFE81, 0xFB40, 0xFBC0, 0xFBC0, 0xFBE0, 0xFAA0, 0xF100, 0xF100, 0xA002, 0x0000, 0x0000,
    0x0000, 0x0000, 0x0000, 0xA801, 0xA821, 0xFC40, 0xFD00, 0xFD00, 0xFB60, 0xFBC0, 0xC800, 0xF800, 0x0000, 0x0000, 0x0000, 0x0000,
    0x0000, 0x0000, 0x0000, 0x0000, 0x0000, 0x0000, 0x0000, 0x0000, 0x0000, 0x0000, 0x0000, 0x0000, 0x0000, 0x0000, 0x0000, 0x0000,
    0x0000, 0x0000, 0x9800, 0xA803, 0xA804, 0x0000, 0x0000, 0x0000, 0xA803, 0xB022, 0xF960, 0xFAA0, 0xFA80, 0xFAA0, 0xFA80, 0xFA80,
    0xFB40, 0xFB20, 0xFDA0, 0xFF02, 0xFF42, 0xFD01, 0xFD01, 0xFD01, 0xFC41, 0xFC83, 0x3020, 0xF321, 0xFB63, 0xFFDD, 0xFFBC, 0xE2C0,
    0x68C0, 0x60A0, 0x60C0, 0x60A0, 0xF79E, 0xFFDF, 0xFFFF, 0xFFFF, 0x2840, 0x3040, 0xFB80, 0xFD22, 0xFD22, 0xFE02, 0xFDE2, 0xFE02,
    0xFCE1, 0xFD02, 0xFD22, 0xFD02, 0xFD02, 0xFE02, 0xFE02, 0xFE02, 0xFE02, 0xFE02, 0xFD02, 0x58E0, 0x2820, 0x4860, 0x4060, 0xFFFF,
    0xFFDF, 0xFFFF, 0xFFFF, 0x68C0, 0x70C0, 0x70E0, 0xFFBE, 0xFFFF, 0xFEB1, 0xF6D2, 0x3040, 0xFBE0, 0xFBC0, 0xFD60, 0xFD81, 0xFD80,
    0xFD81, 0xFD80, 0xFFA7, 0xFF02, 0xFF02, 0xFC40, 0xFBA0, 0xFBA0, 0xFAE0, 0xFAE0, 0xE8A0, 0x9802, 0x9803, 0x0000, 0x0000, 0x0000,
    0x0000, 0xF800, 0xA801, 0xFB80, 0xFB60, 0xFCA0, 0xFEA0, 0xFEC1, 0xFBC0, 0xFBC0, 0xFB00, 0xA802, 0xA801, 0x0000, 0x0000, 0x0000,
    0x0000, 0x0000, 0x0000, 0x0000, 0x0000, 0x0000, 0x0000, 0x0000, 0x0000, 0x0000, 0x0000, 0x0000, 0x0000, 0x0000, 0x0000, 0x0000,
    0x0000, 0x0000, 0x0000, 0xA804, 0xA003, 0x0000, 0x7800, 0xF800, 0xA803, 0xA802, 0xF960, 0xFA80, 0xFAA0, 0xFAA0, 0xFAA0, 0xFA80,
    0xFB40, 0xFB40, 0xFDC0, 0xFF22, 0xFF22, 0xFD02, 0xFCE1, 0xFD01, 0xFC61, 0xF421, 0x3040, 0xFB82, 0xFB00, 0xFFDD, 0xFF9C, 0xE2C0,
    0x5880, 0x60A0, 0x60A0, 0x68C0, 0x7060, 0xFFFF, 0xFFFF, 0x3840, 0x2820, 0x2820, 0xFB60, 0xFD42, 0xFD02, 0xFDE2, 0xFDE2, 0xFDE2,
    0xFCE2, 0xFD02, 0xFD02, 0xFD02, 0xFD02, 0xFE02, 0xFE02, 0xFE02, 0xFE02, 0xFE22, 0xFD02, 0x50C0, 0x3020, 0x5080, 0x58A0, 0x4800,
    0xFFDF, 0xFFBE, 0x6880, 0x70E0, 0x60C0, 0x70E0, 0xFFDF, 0xFFDF, 0xFEB0, 0xFED1, 0x3840, 0xFC00, 0xF380, 0xFD61, 0xFD81, 0xFD81,
    0xFD81, 0xFD41, 0xFFA7, 0xFEE1, 0xFF02, 0xFC80, 0xFB80, 0xFBA0, 0xFAE0, 0xFAE0, 0xE080, 0xA002, 0xA803, 0x0000, 0x0000, 0x0000,
    0xF800, 0x0000, 0xA801, 0xFB80, 0xFB60, 0xFC80, 0xFEC0, 0xFEC1, 0xFBA0, 0xFBC0, 0xFB00, 0xA802, 0xA801, 0x0000, 0x0000, 0x0000,
    0x0000, 0x0000, 0x0000, 0x0000, 0x0000, 0x0000, 0x0000, 0x0000, 0x0000, 0x0000, 0x0000, 0x0000, 0x0000, 0x0000, 0x0000, 0x0000,
    0x0000, 0x0000, 0xA803, 0xF9E0, 0xF9E0, 0xB002, 0xA802, 0xA802, 0xA802, 0xA802, 0xB822, 0xFAA0, 0xFAA0, 0xFAA0, 0xFB80, 0xFB80,
    0xFAA0, 0xFA80, 0xFB20, 0xFF64, 0xFF84, 0xFF64, 0xFD01, 0xFD22, 0xEA60, 0xFA80, 0x3840, 0xFF15, 0xFF35, 0xFFFF, 0xF79E, 0xA9C0,
    0x9140, 0x9960, 0x60C0, 0x2020, 0x1800, 0xA514, 0xAD13, 0x5080, 0x3020, 0x3840, 0xFD42, 0xFD22, 0xFD22, 0xFE02, 0xFDE2, 0xFE02,
    0xFDE2, 0xFDE2, 0xFDE2, 0xFDE2, 0xFDE2, 0xFDE2, 0xFE02, 0xFDE2, 0xFE02, 0xFE02, 0xFD62, 0x2000, 0x2820, 0x5080, 0x4880, 0x3040,
    0xA4F3, 0x0800, 0x68C0, 0xA9A0, 0xB1C0, 0x70E0, 0xFF9E, 0xFFDF, 0xFFDE, 0xFFDF, 0x3020, 0xB9A0, 0xC1E0, 0xFD21, 0xFD60, 0xFD81,
    0xFFA7, 0xFFC8, 0xFFC8, 0xFC80, 0xFCC0, 0xFBA0, 0xFB20, 0xFB40, 0xFA00, 0xFA20, 0xA002, 0x0000, 0x0000, 0x0000, 0x0000, 0x0000,
    0xA802, 0xA802, 0xFA80, 0xFC00, 0xFC20, 0xFCC0, 0xFEC0, 0xFEC1, 0xFCC0, 0xFCC0, 0xFAE0, 0xA801, 0xA801, 0x0000, 0x0000, 0x0000,
    0x0000, 0x0000, 0x0000, 0x0000, 0x0000, 0x0000, 0x0000, 0x0000, 0x0000, 0x0000, 0x0000, 0x0000, 0x0000, 0x0000, 0x0000, 0x0000,
    0x0000, 0x0000, 0xF800, 0xC002, 0xC002, 0xFB00, 0xFBC1, 0xFBC0, 0xFBA0, 0xFB80, 0xFAA0, 0xFA80, 0xFA80, 0xFAA0, 0xFBC0, 0xFC00,
    0xFF22, 0xFF22, 0xFF64, 0xFCE0, 0xFD00, 0xFCE1, 0xFD02, 0xFD02, 0xFC61, 0xF441, 0x3020, 0xFFBE, 0xFFFF, 0xFFFF, 0xF79D, 0xA1A0,
    0xFBA0, 0xF380, 0xC200, 0x1000, 0x1820, 0x1820, 0x2020, 0xA1A0, 0x3840, 0x3040, 0xFD22, 0xFDE2, 0xFDE2, 0xFDE2, 0xFE02, 0xFDE2,
    0xFFBA, 0xFFBA, 0xFFBA, 0xFFBA, 0xFFBA, 0xFF9A, 0xFE05, 0xFDE2, 0xFDE2, 0xFDE2, 0xFE03, 0x2000, 0x2820, 0xB1A0, 0xA980, 0x1820,
    0x2020, 0x1820, 0xB9E0, 0xF3A0, 0xFBE0, 0x70C0, 0xFFBE, 0xFFFF, 0xFFFF, 0xFFBE, 0xB9A0, 0xFCE1, 0xFD22, 0xFD21, 0xFD41, 0xFD61,
    0xFD81, 0xFDA1, 0xFCA0, 0xFB60, 0xFB80, 0xFAE0, 0xF9A0, 0xF9C0, 0xB801, 0xB002, 0xF800, 0x0000, 0xF800, 0xA802, 0xA802, 0xB001,
    0xFA60, 0xFA80, 0xFBE0, 0xFC20, 0xFC40, 0xFEA0, 0xFEA0, 0xFEA1, 0xFCA0, 0xFCC0, 0xFAC0, 0xB001, 0xB001, 0x0000, 0x0000, 0x0000,
    0x0000, 0x0000, 0x0000, 0x0000, 0x0000, 0x0000, 0x0000, 0x0000, 0x0000, 0x0000, 0x0000, 0x0000, 0x0000, 0x0000, 0x0000, 0x0000,
    0x0000, 0x0000, 0x0000, 0xB802, 0xB802, 0xFB20, 0xFBC0, 0xFC00, 0xFBC0, 0xFBC0, 0xFA80, 0xFA80, 0xFAA0, 0xFAA0, 0xFB80, 0xFC00,
    0xFF22, 0xFF42, 0xFF84, 0xFD01, 0xFCE0, 0xFD02, 0xFD02, 0xFD02, 0xFC61, 0xFC82, 0x4040, 0xFFFF, 0xFFFF, 0xFFFF, 0xF79E, 0xB1E0,
    0xFB80, 0xFB80, 0xB9E0, 0x1000, 0x1820, 0x1820, 0x2040, 0xB9E0, 0x3020, 0x2820, 0xFD42, 0xFDE2, 0xFDE2, 0xFDE2, 0xFDE2, 0xFDE2,
    0xFFBA, 0xFFBA, 0xFFBA, 0xFFBA, 0xFFBA, 0xFFBA, 0xFE04, 0xFDE2, 0xFE02, 0xFDE2, 0xFDE2, 0x1800, 0x3820, 0xA9A0, 0xB9C0, 0x2020,
    0x1820, 0x2020, 0xC1E0, 0xFBC0, 0xFBC0, 0x70C0, 0xFFDF, 0xFFFF, 0xFFFF, 0xFFDF, 0xC1A0, 0xFD22, 0xFD21, 0xFD21, 0xFD61, 0xFD61,
    0xFD61, 0xFD61, 0xFC40, 0xFB60, 0xFB60, 0xFAC0, 0xF980, 0xF9A0, 0xA801, 0xA801, 0x0000, 0x0000, 0xF800, 0xB002, 0xA801, 0xB001,
    0xFA80, 0xFA60, 0xFBC0, 0xFC20, 0xFC20, 0xFEA0, 0xFEC0, 0xFEC1, 0xFC80, 0xFCC0, 0xFAC0, 0xA801, 0xA801, 0x0000, 0x0000, 0x0000,
    0x0000, 0x0000, 0x0000, 0x0000, 0x0000, 0x0000, 0x0000, 0x0000, 0x0000, 0x0000, 0x0000, 0x0000, 0x0000, 0x0000, 0x0000, 0x0000,
    0x0000, 0x0000, 0x0000, 0xA002, 0xA802, 0xFA20, 0xFA60, 0xFAC0, 0xFBC0, 0xFBE0, 0xFC40, 0xFC60, 0xFC60, 0xFC60, 0xFB60, 0xFAE0,
    0xFB40, 0xFBA0, 0xFF85, 0xFFA6, 0xFFA6, 0xFD02, 0xFD02, 0xFD22, 0xFD22, 0xFD21, 0xFAA1, 0xFFDF, 0xFFDF, 0xFFFF, 0xFFBE, 0xBA20,
    0xFEC0, 0xFEA0, 0xFC40, 0x1820, 0x1820, 0x1820, 0x4900, 0xFBC0, 0x4860, 0x58A0, 0xFDE2, 0xFDC2, 0xFDE2, 0xFFBA, 0xFFBA, 0xFFBA,
    0xFFBA, 0xFFBA, 0xFFBA, 0xFFBA, 0xFFBB, 0xFFBA, 0xFFBA, 0xFFBA, 0xFE03, 0xFDE2, 0xFE03, 0x6880, 0x60A0, 0xFBE0, 0xFC01, 0x1820,
    0x2020, 0x1800, 0xFC00, 0xFEA0, 0xFE80, 0xB9E0, 0xFFBE, 0xFFFF, 0xFFDF, 0xFFDE, 0xFB61, 0xFD01, 0xFD21, 0xFD21, 0xFD41, 0xFD61,
    0xFD60, 0xFD60, 0xFE81, 0xFEA1, 0xFEA1, 0xFE00, 0xFC60, 0xFC80, 0xFBE0, 0xFC00, 0xB801, 0xA801, 0xA801, 0xFB20, 0xFA80, 0xFA60,
    0xFB40, 0xFB20, 0xFC80, 0xFE00, 0xFE00, 0xFEA0, 0xFEA0, 0xFEC1, 0xFC60, 0xFCA0, 0xFAA0, 0xA002, 0xA802, 0x0000, 0x0000, 0x0000,
    0x0000, 0x0000, 0x0000, 0x0000, 0x0000, 0x0000, 0x0000, 0x0000, 0x0000, 0x0000, 0x0000, 0x0000, 0x0000, 0x0000, 0x0000, 0x0000,
    0x0000, 0x0000, 0x0000, 0xA8A0, 0xB0A1, 0xB021, 0xE9C0, 0xFAC0, 0xFAE0, 0xFAE0, 0xFBC0, 0xFC60, 0xFC80, 0xFC60, 0xFC60, 0xFC40,
    0xFB00, 0xFB00, 0xFB40, 0xFE60, 0xFE80, 0xFE81, 0xFD21, 0xFD22, 0xFD22, 0xFD41, 0xFB81, 0xFFBC, 0xFFBC, 0xFFFF, 0xFF9D, 0xBA20,
    0xFFC1, 0xFFC1, 0xFE40, 0xE320, 0xF3E0, 0xEBC0, 0xF400, 0xFBE0, 0xA180, 0xA180, 0xFE23, 0xFFBA, 0xFFDB, 0xFFBA, 0xFFBA, 0xFFBA,
    0xFFBA, 0xFFBC, 0xFFBB, 0xFFBB, 0xFFBB, 0xFFBA, 0xFFBA, 0xFFBA, 0xFF9A, 0xFFBA, 0xFFBA, 0xAA01, 0xA9A0, 0xFC00, 0xF3A0, 0xFC40,
    0xFC20, 0xF3E0, 0xFE61, 0xFFC5, 0xFFC1, 0xB1C0, 0xFFDE, 0xFFDF, 0xFF9A, 0xFF9A, 0xFC82, 0xFD21, 0xFD22, 0xFD21, 0xFE61, 0xFE60,
    0xFE60, 0xFE81, 0xFE81, 0xFEA1, 0xFEA1, 0xFCE0, 0xFBA0, 0xFBA0, 0xB860, 0xB880, 0xB001, 0xFC00, 0xF400, 0xFB00, 0xFB40, 0xFB40,
    0xFD20, 0xFD20, 0xFCE0, 0xFEA1, 0xFEA1, 0xFEA0, 0xFEA0, 0xFEA1, 0xFC60, 0xFC80, 0xFAA0, 0xA002, 0xA802, 0x0000, 0x0000, 0x0000,
    0x0000, 0x0000, 0x0000, 0x0000, 0x0000, 0x0000, 0x0000, 0x0000, 0x0000, 0x0000, 0x0000, 0x0000, 0x0000, 0x0000, 0x0000, 0x0000,
    0x0000, 0x0000, 0x0000, 0x0000, 0x0000, 0xB802, 0xD980, 0xFAC0, 0xFAC0, 0xFAA0, 0xFBC0, 0xFC80, 0xFC60, 0xFC60, 0xFC40, 0xFC40,
    0xFB20, 0xFB20, 0xFB00, 0xFE60, 0xFE80, 0xFE60, 0xFD01, 0xFD21, 0xFD21, 0xFD01, 0xFB82, 0xFF79, 0xFFBB, 0xFFDF, 0xFFBE, 0xBA00,
    0xFFC2, 0xFFC0, 0xFE41, 0xF360, 0xFBC0, 0xFBE0, 0xFC00, 0xFC00, 0xB180, 0x9940, 0xFE02, 0xFFBC, 0xFFBA, 0xFFBA, 0xFFBA, 0xFFBB,
    0xFFBA, 0x4060, 0x4860, 0x4060, 0x4060, 0xFFBB, 0xFFBA, 0xFFBA, 0xFFBA, 0xFFBA, 0xFFBA, 0xB9E1, 0xB9C0, 0xFBC0, 0xFBE0, 0xFC00,
    0xFBC0, 0xFBC0, 0xFE41, 0xFFC0, 0xFFC1, 0xA9C0, 0xFFFF, 0xFFFF, 0xFF99, 0xFF77, 0xFCA1, 0xFD22, 0xFD21, 0xFD21, 0xFE61, 0xFE60,
    0xFE80, 0xFE80, 0xFE80, 0xFEA1, 0xFEA1, 0xFCA0, 0xFB80, 0xFBA0, 0xB001, 0xB001, 0xB001, 0xFC00, 0xFC20, 0xFAE0, 0xFB40, 0xFB40,
    0xFD00, 0xFD00, 0xFD00, 0xFEA0, 0xFEA0, 0xFEA0, 0xFEC0, 0xFEC1, 0xFC60, 0xFC60, 0xFAA0, 0xA002, 0xA802, 0x0000, 0x0000, 0x0000,
    0x0000, 0x0000, 0x0000, 0x0000, 0x0000, 0x0000, 0x0000, 0x0000, 0x0000, 0x0000, 0x0000, 0x0000, 0x0000, 0x0000, 0x0000, 0x0000,
    0x0000, 0x0000, 0x0000, 0x0000, 0x0000, 0xA803, 0xD0E1, 0xF960, 0xFAA0, 0xFAA0, 0xFA80, 0xFBA0, 0xFB80, 0xFC60, 0xFD00, 0xFD20,
    0xFEA1, 0xFEA0, 0xFEA1, 0xFD80, 0xFD80, 0xFD21, 0xFD21, 0xFD01, 0xFD21, 0xFD01, 0xFB81, 0xFB61, 0xFB61, 0xFFFF, 0xFFFF, 0xFFDF,
    0x9140, 0x9980, 0xFEC0, 0xFFFE, 0xFFFE, 0xFDA0, 0xE540, 0x8940, 0xFF56, 0xFF77, 0xFFBA, 0xFFBA, 0xFFBA, 0xFFBA, 0xFFBA, 0xFFBA,
    0xFFBA, 0xFF9A, 0x4060, 0xB511, 0xFF9A, 0xFFBA, 0xFFBA, 0xFFBA, 0xFFBA, 0xFFBA, 0xFFBA, 0xFFBA, 0xFFBA, 0x9140, 0xD360, 0xFD80,
    0xFFFB, 0xFFFD, 0xFF41, 0x9140, 0x9160, 0xFFFF, 0xFFDF, 0xFFFF, 0xFC81, 0xFCC2, 0xFCA1, 0xFD21, 0xFD21, 0xFD21, 0xFD81, 0xFD81,
    0xFD80, 0xFD81, 0xFE81, 0xFD20, 0xFD00, 0xFBE0, 0xB000, 0xB001, 0xFD40, 0xFD00, 0xFCC0, 0xFB60, 0xFB60, 0xFB60, 0xFE81, 0xFE40,
    0xFD00, 0xFD00, 0xFF64, 0xFEA1, 0xFEA0, 0xFEA0, 0xFEA0, 0xFEA0, 0xFC40, 0xFC60, 0xFAA0, 0xA002, 0xA802, 0x0000, 0x0000, 0x0000,
    0x0000, 0x0000, 0x0000, 0x0000, 0x0000, 0x0000, 0x0000, 0x0000, 0x0000, 0x0000, 0x0000, 0x0000, 0x0000, 0x0000, 0x0000, 0x0000,
    0x0000, 0x0000, 0x0000, 0x0000, 0x0000, 0xA822, 0xD8E0, 0xF140, 0xFAC0, 0xFA80, 0xFA80, 0xFBA0, 0xFB80, 0xFC20, 0xFD00, 0xFD00,
    0xFEA1, 0xFEA0, 0xFE80, 0xFDC1, 0xFDA1, 0xFD22, 0xFD21, 0xFD21, 0xFD41, 0xFD42, 0xFC04, 0xFC66, 0xFC05, 0xFFDE, 0xFFDE, 0xFFDE,
    0xA286, 0xB2C6, 0xF6A1, 0xFF84, 0xFF81, 0xF560, 0xF5C3, 0x9A05, 0xFF78, 0xFF77, 0xFFBA, 0xFFBA, 0xFFBA, 0xFFBA, 0xFFBA, 0xFFBA,
    0xFFBA, 0xFFBA, 0x59C6, 0xCDF5, 0xFFBA, 0xFFBA, 0xFFBA, 0xFFBA, 0xFFBA, 0xFFBA, 0xFFBA, 0xFFBA, 0xFFBB, 0xA2A7, 0xD445, 0xF580,
    0xFFA0, 0xFF60, 0xF640, 0xAA85, 0xB265, 0xFFDE, 0xFFDE, 0xFFDD, 0xFD26, 0xFD46, 0xFD25, 0xFD82, 0xFD41, 0xFD21, 0xFD61, 0xFD81,
    0xFD80, 0xFDA1, 0xFE61, 0xFCA0, 0xFCE0, 0xEB60, 0xB080, 0xC0C0, 0xFD21, 0xFD00, 0xFCA0, 0xFBA0, 0xFB80, 0xFBC0, 0xFE81, 0xFE60,
    0xFD20, 0xFD20, 0xFF65, 0xFEA1, 0xFEA0, 0xFEA0, 0xFEA0, 0xFEA0, 0xFC60, 0xFC60, 0xFAA0, 0xA802, 0xA802, 0x0000, 0x0000, 0x0000,
    0x0000, 0x0000, 0x0000, 0x0000, 0x0000, 0x0000, 0x0000, 0x0000, 0x0000, 0x0000, 0x0000, 0x0000, 0x0000, 0x0000, 0x0000, 0x0000,
    0x0000, 0x0000, 0x0000, 0x0000, 0x0000, 0x0000, 0xA822, 0xA803, 0xFA20, 0xFA20, 0xFA80, 0xFA60, 0xFA80, 0xFB60, 0xFC00, 0xFC40,
    0xFEA0, 0xFEA0, 0xFEA0, 0xFEA1, 0xFEA1, 0xFD21, 0xFD21, 0xFD21, 0xFDC1, 0xFDE1, 0xFF55, 0xFF77, 0xFF77, 0xFF77, 0xFF77, 0xFF77,
    0xFF76, 0xFF56, 0x8100, 0x8920, 0x8100, 0x8920, 0x9225, 0xFFBA, 0xFFBA, 0xFFBA, 0xFFBA, 0xFFBA, 0xFFBA, 0xFFBA, 0xFFBA, 0xFFBA,
    0xFFBA, 0xFFBA, 0xFFBA, 0xFFBB, 0xFFBA, 0xFFBA, 0xFFBA, 0xFFBA, 0xFFBA, 0xFFBA, 0xFFBA, 0xFFBA, 0xFFBA, 0xFFBA, 0xF739, 0x8900,
    0x8100, 0x8920, 0x8920, 0xFF56, 0xFF56, 0xFF77, 0xFF77, 0xFF77, 0xFF77, 0xFF77, 0xFF77, 0xFE22, 0xFE42, 0xFD01, 0xFD61, 0xFD61,
    0xFE60, 0xFEA1, 0xFD80, 0xF9C0, 0xF9A0, 0xB001, 0xFC40, 0xFBC0, 0xFBE0, 0xFC00, 0xFBE0, 0xFC00, 0xFBE0, 0xFE60, 0xFE60, 0xFE60,
    0xFEC1, 0xFEA0, 0xFFA6, 0xFEA1, 0xFEA0, 0xFEA0, 0xFEA0, 0xFEA0, 0xFC60, 0xFC80, 0xFAA0, 0xA802, 0xA802, 0x0000, 0x0000, 0x0000,
    0x0000, 0x0000, 0x0000, 0x0000, 0x0000, 0x0000, 0x0000, 0x0000, 0x0000, 0x0000, 0x0000, 0x0000, 0x0000, 0x0000, 0x0000, 0x0000,
    0x0000, 0x0000, 0x0000, 0x0000, 0x0000, 0x0000, 0x0000, 0xA800, 0xA802, 0xB022, 0xFA60, 0xFA80, 0xFA80, 0xFA80, 0xFAA0, 0xFA80,
    0xFB00, 0xFAE0, 0xFEA0, 0xFD80, 0xFD60, 0xFEC1, 0xFD81, 0xFD81, 0xFF55, 0xFF34, 0xFF77, 0xFF77, 0xFF77, 0xFF77, 0xFF77, 0xFF77,
    0xFF77, 0xFF77, 0xFF56, 0xFFBB, 0xFFBA, 0xFFBA, 0xFFBA, 0xFFBA, 0xFFBA, 0xFFBA, 0xFFBA, 0xFFBA, 0xFFBA, 0x3861, 0xB552, 0xFFBA,
    0xFFBA, 0xFF9A, 0x3861, 0xFFDB, 0xFFBA, 0xFFBA, 0xFFFB, 0x4081, 0xFFBB, 0xFFBA, 0xFFBA, 0xFFBA, 0xFFBA, 0xFFBA, 0xFFBA, 0xFFBA,
    0xFFBA, 0xFFBB, 0xFF56, 0xFF57, 0xFF76, 0xFF76, 0xFF77, 0xFF77, 0xFF77, 0xFF77, 0xFF77, 0xFF55, 0xFF75, 0xFE00, 0xFE00, 0xFE01,
    0xFD40, 0xFD80, 0xF9C0, 0xB822, 0xA822, 0xFA40, 0xFA40, 0xFA60, 0xFC40, 0xFC20, 0xFE60, 0xFE60, 0xFE60, 0xFE60, 0xFE40, 0xFE40,
    0xFFC8, 0xFFC9, 0xFEC1, 0xFEA0, 0xFEC1, 0xFEC0, 0xFEA0, 0xFEA0, 0xFC60, 0xFC80, 0xF120, 0xD8E0, 0xF800, 0xA802, 0xF800, 0x0000,
    0x0000, 0x0000, 0x0000, 0x0000, 0x0000, 0x0000, 0x0000, 0x0000, 0x0000, 0x0000, 0x0000, 0x0000, 0x0000, 0x0000, 0x0000, 0x0000,
    0x0000, 0x0000, 0x0000, 0x0000, 0x0000, 0x0000, 0x0000, 0x0000, 0xA802, 0xB022, 0xFA60, 0xFA80, 0xFA80, 0xFA80, 0xFA80, 0xFAA0,
    0xFAC0, 0xFAE0, 0xFEA1, 0xFD80, 0xFD80, 0xFEC1, 0xFD81, 0xFD82, 0xFF55, 0xFF55, 0xFF77, 0xFF77, 0xFF77, 0xFF77, 0xFF77, 0xFF77,
    0xFF77, 0xFF56, 0xFF77, 0xFFBA, 0xFFBA, 0xFFBA, 0xFFBA, 0xFFBA, 0xFFBA, 0xFFBA, 0xFFBA, 0xFFBA, 0xFFBB, 0x3881, 0x1800, 0xB512,
    0xA48F, 0x2800, 0x3861, 0x1800, 0xACF1, 0xACD1, 0x1800, 0x3061, 0xFFBA, 0xFFBA, 0xFFBA, 0xFFBA, 0xFFBA, 0xFFBA, 0xFFBA, 0xFFBA,
    0xFFBA, 0xFFBB, 0xFF76, 0xFF76, 0xFF56, 0xFF77, 0xFF77, 0xFF77, 0xFF77, 0xFF77, 0xFF77, 0xFF55, 0xFF55, 0xFE00, 0xFE00, 0xFE21,
    0xFD20, 0xFD80, 0xF9C0, 0xA822, 0xB001, 0xFA60, 0xFA40, 0xFA60, 0xFC40, 0xFC20, 0xFE60, 0xFE60, 0xFE60, 0xFE60, 0xFE40, 0xFE41,
    0xFFC8, 0xFFA8, 0xFEA0, 0xFEA1, 0xFEA0, 0xFEC1, 0xFEC0, 0xFEA1, 0xFC60, 0xFCA0, 0xF120, 0xF800, 0x0000, 0xB002, 0xF800, 0x0000,
    0x0000, 0x0000, 0x0000, 0x0000, 0x0000, 0x0000, 0x0000, 0x0000, 0x0000, 0x0000, 0x0000, 0x0000, 0x0000, 0x0000, 0x0000, 0x0000,
    0x0000, 0x0000, 0x0000, 0x0000, 0x0000, 0x0000, 0x0000, 0x0000, 0x0000, 0xB8E0, 0xB002, 0xFAA0, 0xFA80, 0xFA80, 0xFA60, 0xFA60,
    0xFA60, 0xFA60, 0xFAA0, 0xFE81, 0xFEA1, 0xFEC1, 0xFE21, 0xFE01, 0xFEEE, 0xFECD, 0xFF98, 0xFF77, 0xFF77, 0xFF77, 0xFF77, 0xFF77,
    0xFF77, 0xFF77, 0xFFB9, 0xFFBA, 0xFFBA, 0xFFBA, 0xFFBA, 0xFFBA, 0xFFBA, 0xFFBA, 0xFFBA, 0xFFBA, 0xFFBA, 0xFFBA, 0x83AC, 0x3041,
    0x2840, 0x1841, 0xFFBA, 0x2000, 0x2840, 0x3040, 0x1800, 0xFFBA, 0xFFBA, 0xFFBA, 0xFFBA, 0xFFBA, 0xFFBA, 0xFFBA, 0xFFBA, 0xFFBA,
    0xFFBA, 0xFFBA, 0xFFBA, 0xFF76, 0xFF57, 0xFF76, 0xFF77, 0xFF77, 0xFF77, 0xFF77, 0xFF77, 0xFF12, 0xFF12, 0xFE01, 0xFE00, 0xFE00,
    0xFC60, 0xFC80, 0xFCA0, 0xFA20, 0xFA00, 0xB002, 0xFDA0, 0xFD00, 0xFE60, 0xFE60, 0xFE60, 0xFE60, 0xFE60, 0xFE60, 0xFF85, 0xFF64,
    0xFFC8, 0xFFC8, 0xFEC1, 0xFEC0, 0xFEC0, 0xFEC1, 0xFCC0, 0xFC80, 0xFBA0, 0xFC00, 0xC820, 0xC800, 0x0000, 0xB002, 0x0000, 0x0000,
    0x0000, 0x0000, 0x0000, 0x0000, 0x0000, 0x0000, 0x0000, 0x0000, 0x0000, 0x0000, 0x0000, 0x0000, 0x0000, 0x0000, 0x0000, 0x0000,
    0x0000, 0x0000, 0x0000, 0x0000, 0x0000, 0x0000, 0x0000, 0x0000, 0x0000, 0x0000, 0xA800, 0xA803, 0xA802, 0xB002, 0xE220, 0xFB00,
    0xFDA0, 0xFDA0, 0xFD80, 0xFD20, 0xFD20, 0xFD20, 0xFE21, 0xFE00, 0xFE41, 0xFE22, 0xFFBA, 0xFF77, 0xFF77, 0xFF77, 0xFF77, 0xFF77,
    0xFFBA, 0xFFBA, 0xFFBA, 0xFFBA, 0xFFBA, 0xFFBA, 0xFFBA, 0xFFBA, 0xFFBA, 0xFFBA, 0xFFBA, 0xFFBA, 0xFFBA, 0xFFBA, 0xFFBA, 0xFFBA,
    0xFFBA, 0xFFBA, 0xFFBA, 0xFFBA, 0xFFBA, 0xFFBA, 0xFFBA, 0xFFBA, 0xFFBA, 0xFFBA, 0xFFBA, 0xFFBA, 0xFFBA, 0xFFBA, 0xFFBA, 0xFFBA,
    0xFFBA, 0xFFBA, 0xFFBA, 0xFFBA, 0xFFBA, 0xFF77, 0xFF77, 0xFF77, 0xFF77, 0xFF77, 0xFF33, 0xFE02, 0xFE00, 0xFE00, 0xFCE0, 0xFCC0,
    0xFB20, 0xFB60, 0xB822, 0xB001, 0xB002, 0xFD60, 0xFEA0, 0xFE60, 0xFE60, 0xFE60, 0xFE60, 0xFE40, 0xFE61, 0xFFC9, 0xFFCA, 0xFFCA,
    0xFFA8, 0xFFA7, 0xFEA0, 0xFEA0, 0xFEC0, 0xFC40, 0xFC60, 0xFC80, 0xFA00, 0xFA00, 0xA802, 0xB002, 0xB802, 0xF0C0, 0x0000, 0x0000,
    0x0000, 0x0000, 0x0000, 0x0000, 0x0000, 0x0000, 0x0000, 0x0000, 0x0000, 0x0000, 0x0000, 0x0000, 0x0000, 0x0000, 0x0000, 0x0000,
    0x0000, 0x0000, 0x0000, 0x0000, 0x0000, 0x0000, 0x0000, 0x0000, 0x0000, 0x0000, 0x0000, 0xA803, 0xA802, 0xB002, 0xE200, 0xFB20,
    0xFD80, 0xFD60, 0xFD60, 0xFD40, 0xFD40, 0xFD40, 0xFE41, 0xFE20, 0xFE41, 0xFE20, 0xFFBA, 0xFF77, 0xFF77, 0xFF77, 0xFF77, 0xFF77,
    0xFFBA, 0xFFBA, 0xFFBA, 0xFFBA, 0xFFBA, 0xFFBA, 0xFFBA, 0xFFBA, 0xFFBA, 0xFFBA, 0xFFBA, 0xFFBA, 0xFFBA, 0xFFBA, 0xFFBA, 0xFFBA,
    0xFFBA, 0xFFBA, 0xFFBA, 0xFFBA, 0xFFBA, 0xFFBA, 0xFFBA, 0xFFBA, 0xFFBA, 0xFFBA, 0xFFBA, 0xFFBA, 0xFFBA, 0xFFBA, 0xFFBA, 0xFFBA,
    0xFFBA, 0xFFBA, 0xFFBA, 0xFFBA, 0xFFBA, 0xFF77, 0xFF77, 0xFF77, 0xFF77, 0xFF77, 0xFF33, 0xFE01, 0xFE01, 0xFE20, 0xFCC0, 0xFCC0,
    0xFB20, 0xFB40, 0xB001, 0xB801, 0xB001, 0xFD20, 0xFE61, 0xFE40, 0xFE60, 0xFE60, 0xFE60, 0xFE60, 0xFE61, 0xFFCA, 0xFFCA, 0xFFCA,
    0xFFA7, 0xFFA7, 0xFEA0, 0xFEA0, 0xFEA0, 0xFC80, 0xFC80, 0xFC80, 0xFA20, 0xFA20, 0xA002, 0xA802, 0xA802, 0xF0A0, 0x0000, 0x0000,
    0x0000, 0x0000, 0x0000, 0x0000, 0x0000, 0x0000, 0x0000, 0x0000, 0x0000, 0x0000, 0x0000, 0x0000, 0x0000, 0x0000, 0x0000, 0x0000,
    0x0000, 0x0000, 0x0000, 0x0000, 0x0000, 0x0000, 0x0000, 0x0000, 0x0000, 0x0000, 0x0000, 0x0000, 0xF800, 0xF800, 0xB042, 0xA803,
    0xFA40, 0xFA40, 0xFAC0, 0xFBC0, 0xFBC0, 0xFD40, 0xFD20, 0xFD20, 0xFD60, 0xFD20, 0xFE62, 0xFF77, 0xFF76, 0xFF77, 0xFF99, 0xFFB9,
    0xFFBA, 0xFFBA, 0xFFBA, 0xFFBA, 0xFFBA, 0xFFBA, 0xFFBA, 0xFFBA, 0xFFBA, 0xFFBA, 0xFFBA, 0xFFBA, 0xFFBA, 0xFFBA, 0xFFBA, 0xFFBA,
    0xFFBA, 0xFFBA, 0xFFBA, 0xFFBA, 0xFFBA, 0xFFBA, 0xFFBA, 0xFFBA, 0xFFBA, 0xFFBA, 0xFFBA, 0xFFBA, 0xFFBA, 0xFFBA, 0xFFBA, 0xFFBA,
    0xFFBA, 0xFFBA, 0xFFBA, 0xFFBA, 0xFFBA, 0xFF76, 0xFF77, 0xFF77, 0xFE8A, 0xFE8B, 0xFD80, 0xFD00, 0xFD20, 0xFC00, 0xFA00, 0xF9C0,
    0xA802, 0xB801, 0xF400, 0xFDE0, 0xFE00, 0xFEE1, 0xFE20, 0xFE40, 0xFE40, 0xFE61, 0xFF65, 0xFFCF, 0xFFCE, 0xFFC9, 0xFFC9, 0xFFCA,
    0xFFCA, 0xFFCA, 0xFEA0, 0xFC80, 0xFCA0, 0xFCA0, 0xFBA0, 0xFBA0, 0xB001, 0xB001, 0xFA20, 0xFC80, 0xFC60, 0xB002, 0x0000, 0x0000,
    0x0000, 0x0000, 0x0000, 0x0000, 0x0000, 0x0000, 0x0000, 0x0000, 0x0000, 0x0000, 0x0000, 0x0000, 0x0000, 0x0000, 0x0000, 0x0000,
    0x0000, 0x0000, 0x0000, 0x0000, 0x0000, 0x0000, 0x0000, 0x0000, 0x0000, 0x0000, 0x0000, 0x0000, 0x0000, 0xB000, 0xA822, 0xA022,
    0xFA60, 0xFA60, 0xFAC0, 0xFBC0, 0xFBC0, 0xFD40, 0xFD40, 0xFD41, 0xFD40, 0xFD20, 0xFE62, 0xFF75, 0xFF77, 0xFF78, 0xFF99, 0xFFBA,
    0xFFBA, 0xFFBA, 0xFFBA, 0xFFBA, 0xFFBA, 0xFFBA, 0xFFBA, 0xFFBA, 0xFFBA, 0xFFBA, 0xFFBA, 0xFFBA, 0xFFBA, 0xFFBA, 0xFFBA, 0xFFBA,
    0xFFBA, 0xFFBA, 0xFFBA, 0xFFBA, 0xFFBA, 0xFFBA, 0xFFBA, 0xFFBA, 0xFFBA, 0xFFBA, 0xFFBA, 0xFFBA, 0xFFBA, 0xFFBA, 0xFFBA, 0xFFBA,
    0xFFBA, 0xFFBA, 0xFFBA, 0xFFBA, 0xFFBA, 0xFF77, 0xFF77, 0xFF76, 0xFE89, 0xFEAC, 0xFD81, 0xFD00, 0xFD20, 0xFC40, 0xF200, 0xF9E0,
    0xA821, 0xA002, 0xFC40, 0xFDC0, 0xFDE0, 0xFEC1, 0xFE20, 0xFE20, 0xFE40, 0xFE40, 0xFFA6, 0xFFCE, 0xFFCE, 0xFFCA, 0xFFC9, 0xFFCA,
    0xFFCA, 0xFFCB, 0xFEA0, 0xFC80, 0xFCA0, 0xFCA0, 0xFBC0, 0xFBA0, 0xA801, 0xA802, 0xFA00, 0xFC80, 0xFC80, 0xA802, 0x0000, 0x0000,
    0x0000, 0x0000, 0x0000, 0x0000, 0x0000, 0x0000, 0x0000, 0x0000, 0x0000, 0x0000, 0x0000, 0x0000, 0x0000, 0x0000, 0x0000, 0x0000,
    0x0000, 0x0000, 0x0000, 0x0000, 0x0000, 0x0000, 0x0000, 0x0000, 0x0000, 0x0000, 0x0000, 0x0000, 0x0000, 0xA803, 0xD8A1, 0xF900,
    0xFA60, 0xFA40, 0xFA60, 0xFA20, 0xFA40, 0xFA60, 0xFC00, 0xFC00, 0xFC40, 0xFC40, 0xFD81, 0xFE21, 0xFE21, 0xFFB9, 0xFF98, 0xFF98,
    0xFFBA, 0xFFBA, 0xFFBA, 0xFFBA, 0xFFBA, 0xFFBA, 0xFFBA, 0xFFBA, 0xFFBA, 0xFFBA, 0xFFBA, 0xFFBA, 0xFFBA, 0xFFBA, 0xFFBA, 0xFFBA,
    0xFFBA, 0xFFBA, 0xFFBA, 0xFFBA, 0xFFBA, 0xFFBA, 0xFFBA, 0xFFBA, 0xFFBA, 0xFFBA, 0xFFBA, 0xFFBA, 0xFFBA, 0xFFBA, 0xFFBA, 0xFFBA,
    0xFFBA, 0xFFBA, 0xFFBB, 0xFF77, 0xFF76, 0xFF77, 0xFE02, 0xFE02, 0xFD40, 0xFD20, 0xFBE0, 0xFAE0, 0xFAC0, 0xE060, 0xB002, 0xA803,
    0xFBC0, 0xFBA0, 0xFE00, 0xFE81, 0xFE60, 0xFFA7, 0xFE00, 0xFE20, 0xFEA1, 0xFE80, 0xFFCF, 0xFFC9, 0xFFA9, 0xFFC9, 0xFFC9, 0xFFC9,
    0xFFCA, 0xFFC9, 0xFE80, 0xFC60, 0xFC60, 0xFC00, 0xFAA0, 0xFAA0, 0xA801, 0xB001, 0xFEA1, 0xFC80, 0xFCA0, 0xB001, 0x0000, 0x0000,
    0x0000, 0x0000, 0x0000, 0x0000, 0x0000, 0x0000, 0x0000, 0x0000, 0x0000, 0x0000, 0x0000, 0x0000, 0x0000, 0x0000, 0x0000, 0x0000,
    0x0000, 0x0000, 0x0000, 0x0000, 0x0000, 0x0000, 0x0000, 0x0000, 0x0000, 0x0000, 0x0000, 0x0000, 0x0000, 0x0000, 0xB023, 0xA803,
    0xB002, 0xB002, 0xB002, 0xFA60, 0xFA40, 0xFA40, 0xFA40, 0xFA20, 0xFB00, 0xFAE0, 0xFB80, 0xFC60, 0xFC60, 0xF521, 0xFDE2, 0xFE02,
    0xFF56, 0xFF76, 0xFF99, 0xFFBA, 0xFFBA, 0xFFBA, 0xFFBA, 0xFFBA, 0xFFBA, 0xFFBA, 0xFFBA, 0xFFBA, 0xFFBA, 0xFFBA, 0xFFBA, 0xFFBA,
    0xFFBA, 0xFFBA, 0xFFBA, 0xFFBA, 0xFFBA, 0xFFBA, 0xFFBA, 0xFFBA, 0xFFBA, 0xFFBA, 0xFFBA, 0xFFBA, 0xFFBA, 0xFFBA, 0xFFBA, 0xFFBA,
    0xFFBA, 0xFFDC, 0xFF34, 0xFDC1, 0xFDE2, 0xF4C0, 0xFC40, 0xFC40, 0xFB20, 0xFB00, 0xF9E0, 0xA822, 0xA802, 0xA802, 0xEA80, 0xFB00,
    0xFE60, 0xFE60, 0xFE81, 0xFE60, 0xFE61, 0xFFC9, 0xFE00, 0xFE00, 0xFFA7, 0xFFC8, 0xFFEF, 0xFFCA, 0xFFC9, 0xFD80, 0xFFCA, 0xFFCA,
    0xFEA1, 0xFEA0, 0xFD20, 0xFC60, 0xFC60, 0xFAC0, 0xD080, 0xC820, 0xFE80, 0xFEA1, 0xFEA1, 0xFC20, 0xFC00, 0xB001, 0x0000, 0x0000,
    0x0000, 0x0000, 0x0000, 0x0000, 0x0000, 0x0000, 0x0000, 0x0000, 0x0000, 0x0000, 0x0000, 0x0000, 0x0000, 0x0000, 0x0000, 0x0000,
    0x0000, 0x0000, 0x0000, 0x0000, 0x0000, 0x0000, 0x0000, 0x0000, 0x0000, 0x0000, 0x0000, 0x0000, 0x0000, 0x0000, 0xA803, 0xA003,
    0xB002, 0xB002, 0xB002, 0xFA60, 0xFA40, 0xFA60, 0xFA40, 0xFA40, 0xFAE0, 0xFAE0, 0xFBA0, 0xFC60, 0xFC40, 0xFD40, 0xFDA1, 0xFDE2,
    0xFF76, 0xFF76, 0xFF98, 0xFFBB, 0xFFBA, 0xFFBA, 0xFFBA, 0xFFBA, 0xFFBA, 0xFFBA, 0xFFBA, 0xFFBA, 0xFFBA, 0xFFBA, 0xFFBA, 0xFFBA,
    0xFFBA, 0xFFBA, 0xFFBA, 0xFFBA, 0xFFBA, 0xFFBA, 0xFFBA, 0xFFBA, 0xFFBA, 0xFFBA, 0xFFBA, 0xFFBA, 0xFFBA, 0xFFBA, 0xFFBA, 0xFFBA,
    0xFFBA, 0xFFBA, 0xFF55, 0xF5A0, 0xFDC1, 0xFCC0, 0xFC20, 0xFC40, 0xFAE0, 0xFB20, 0xF9E0, 0xB002, 0xA803, 0xA802, 0xF2C0, 0xFB00,
    0xFE81, 0xFE81, 0xFE80, 0xFE81, 0xFE81, 0xFFA8, 0xFDE0, 0xFE01, 0xFFA8, 0xFFC9, 0xFFCE, 0xFFC8, 0xFFC9, 0xFD80, 0xFFA9, 0xFFCA,
    0xFEA1, 0xFEA0, 0xFD40, 0xFC60, 0xFC60, 0xFAE0, 0xC860, 0xD040, 0xFE81, 0xFE81, 0xFEA1, 0xFC20, 0xFC00, 0xA801, 0x0000, 0x0000,
    0x0000, 0x0000, 0x0000, 0x0000, 0x0000, 0x0000, 0x0000, 0x0000, 0x0000, 0x0000, 0x0000, 0x0000, 0x0000, 0x0000, 0x0000, 0x0000,
    0x0000, 0x0000, 0x0000, 0x0000, 0x0000, 0x0000, 0x0000, 0x0000, 0x0000, 0x0000, 0x0000, 0x0000, 0x0000, 0x0000, 0x0000, 0x0000,
    0x0000, 0x0000, 0xF800, 0xA803, 0xA803, 0xB002, 0xF9E0, 0xF9E0, 0xF9E0, 0xF9E0, 0xF980, 0xF960, 0xF960, 0xFB20, 0xFBE0, 0xFC80,
    0xFCA0, 0xFCA0, 0xFDC2, 0xFDC2, 0xFDE2, 0xFF33, 0xFF55, 0xFF97, 0xFFBA, 0xFFBA, 0xFFBA, 0xFFBA, 0xFFBA, 0xFFBA, 0xFFBA, 0xFFBA,
    0xFF98, 0xFF98, 0xFFBA, 0xFFBA, 0xFFBA, 0xFF98, 0xFF98, 0xFF98, 0xFF98, 0xFF98, 0xFF98, 0xFF77, 0xFF76, 0xFE6A, 0xFD62, 0xFD41,
    0xFCC0, 0xFCE0, 0xFA80, 0xFA20, 0xFA20, 0xFA00, 0xFA00, 0xFA20, 0xA803, 0xA803, 0xA803, 0xC800, 0xD140, 0xB002, 0xEC00, 0xFC80,
    0xFE81, 0xFE61, 0xFE80, 0xFF87, 0xFFA7, 0xFFCE, 0xFFA7, 0xFF86, 0xFFC9, 0xFFC8, 0xFFEF, 0xFDA1, 0xFD80, 0xFD80, 0xFFA8, 0xFFA7,
    0xFCC0, 0xFCC0, 0xFC40, 0xFC40, 0xFC20, 0xF180, 0xFDE0, 0xFEA0, 0xFEA0, 0xFEC1, 0xFC40, 0xFC00, 0xFC00, 0xB001, 0x0000, 0x0000,
    0x0000, 0x0000, 0x0000, 0x0000, 0x0000, 0x0000, 0x0000, 0x0000, 0x0000, 0x0000, 0x0000, 0x0000, 0x0000, 0x0000, 0x0000, 0x0000,
    0x0000, 0x0000, 0x0000, 0x0000, 0x0000, 0x0000, 0x0000, 0x0000, 0x0000, 0x0000, 0x0000, 0x0000, 0x0000, 0x0000, 0x0000, 0x0000,
    0x0000, 0x0000, 0x0000, 0x0000, 0x0000, 0x0000, 0xB023, 0xA003, 0xA803, 0xA003, 0xC801, 0xE8E0, 0xF100, 0xF1E0, 0xFA00, 0xF9E0,
    0xF9E0, 0xFA00, 0xF9E0, 0xFA40, 0xFA60, 0xFA80, 0xFA20, 0xFA20, 0xFAA0, 0xFA40, 0xFD23, 0xFD62, 0xFD82, 0xFF13, 0xFF33, 0xFF13,
    0xFF13, 0xFF13, 0xFF12, 0xFF13, 0xFF34, 0xFE6A, 0xFD41, 0xFD22, 0xFB21, 0xFB20, 0xFA40, 0xFA40, 0xFA40, 0xFA80, 0xFA40, 0xF9E0,
    0xF9E0, 0xF9E0, 0xFA00, 0xFA20, 0xFA40, 0xF120, 0xA824, 0xA003, 0x0000, 0x0000, 0x0000, 0xA804, 0xA804, 0xFB80, 0xFC60, 0xFC80,
    0xFE61, 0xFE60, 0xFE60, 0xFFCA, 0xFFF0, 0xFFD1, 0xFFC8, 0xFFCA, 0xFF86, 0xFFA5, 0xFD40, 0xFD60, 0xFD60, 0xFFED, 0xFDA0, 0xFDE0,
    0xFE00, 0xFE00, 0xFE20, 0xFC40, 0xFC60, 0xFF00, 0xFC20, 0xFC00, 0xFC00, 0xFC40, 0xFC20, 0xFA80, 0xFAA0, 0xB001, 0x0000, 0x0000,
    0x0000, 0x0000, 0x0000, 0x0000, 0x0000, 0x0000, 0x0000, 0x0000, 0x0000, 0x0000, 0x0000, 0x0000, 0x0000, 0x0000, 0x0000, 0x0000,
    0x0000, 0x0000, 0x0000, 0x0000, 0x0000, 0x0000, 0x0000, 0x0000, 0x0000, 0x0000, 0x0000, 0x0000, 0x0000, 0x0000, 0x0000, 0x0000,
    0x0000, 0x0000, 0x0000, 0x0000, 0x0000, 0x0000, 0xA803, 0xA003, 0xA003, 0xA003, 0xC001, 0xE8E0, 0xF100, 0xFA20, 0xFA00, 0xFA00,
    0xFA00, 0xFA00, 0xF9E0, 0xFA60, 0xFA60, 0xFA80, 0xFA60, 0xFA80, 0xF2A0, 0xFAC0, 0xFD22, 0xFDA3, 0xFDA3, 0xFF12, 0xFF33, 0xFF33,
    0xFF12, 0xFF12, 0xFF13, 0xFF13, 0xFF33, 0xFE69, 0xFD84, 0xFD43, 0xFB20, 0xFB40, 0xFA80, 0xFA80, 0xFAA0, 0xFA80, 0xFA00, 0xFA00,
    0xFA00, 0xFA00, 0xFA20, 0xFA20, 0xFA40, 0xF120, 0xB003, 0xA003, 0xF800, 0x0000, 0xF800, 0xA804, 0xA803, 0xFB20, 0xFC80, 0xFC80,
    0xFE61, 0xFE81, 0xFE80, 0xFFAB, 0xFFEE, 0xFFD1, 0xFFC9, 0xFFC9, 0xFF85, 0xFF84, 0xFD60, 0xFD60, 0xFD61, 0xFFCE, 0xFDE1, 0xFDE0,
    0xFE01, 0xFE00, 0xFE00, 0xFC40, 0xFC60, 0xFEA1, 0xFC60, 0xFC20, 0xFC40, 0xFC40, 0xFC40, 0xFA80, 0xFAA0, 0xA801, 0x0000, 0x0000,
    0x0000, 0x0000, 0x0000, 0x0000, 0x0000, 0x0000, 0x0000, 0x0000, 0x0000, 0x0000, 0x0000, 0x0000, 0x0000, 0x0000, 0x0000, 0x0000,
    0x0000, 0x0000, 0x0000, 0x0000, 0x0000, 0x0000, 0x0000, 0x0000, 0x0000, 0x0000, 0x0000, 0x0000, 0x0000, 0x0000, 0x0000, 0x0000,
    0x0000, 0x0000, 0x0000, 0x0000, 0x0000, 0x0000, 0x0000, 0xF800, 0xA003, 0xB803, 0xFA60, 0xFA40, 0xFA60, 0xFA60, 0xFA80, 0xFAC0,
    0xFAE0, 0xFAE0, 0xFB20, 0xFB00, 0xFB00, 0xFAE0, 0xFB20, 0xFB80, 0xFE27, 0xFE48, 0xFE48, 0xFE48, 0xFE48, 0xFE48, 0xFE48, 0xFE48,
    0xFE47, 0xFE48, 0xFE47, 0xFE48, 0xFE47, 0xFE48, 0xFE68, 0xFE68, 0xFE48, 0xFE68, 0xFE68, 0xFB60, 0xFB80, 0xFB60, 0xFB80, 0xFB80,
    0xFBA0, 0xFBC0, 0xFB60, 0xFB40, 0xFB60, 0xFB60, 0xFB80, 0xFB60, 0xB803, 0xB004, 0xF800, 0xA004, 0xA003, 0xFB40, 0xFC40, 0xFC60,
    0xFE81, 0xFE80, 0xFFC8, 0xFFC9, 0xFFC8, 0xFFC9, 0xFFC9, 0xFFC9, 0xFFC9, 0xFFC9, 0xFD60, 0xFFCE, 0xFFCE, 0xFFCE, 0xFFCE, 0xFFCE,
    0xFFCE, 0xFFCE, 0xFFCB, 0xFE80, 0xFE80, 0xFC40, 0xFC20, 0xFC20, 0xFC20, 0xFC20, 0xFC40, 0xF940, 0xF120, 0xA003, 0x0000, 0x0000,
    0x0000, 0x0000, 0x0000, 0x0000, 0x0000, 0x0000, 0x0000, 0x0000, 0x0000, 0x0000, 0x0000, 0x0000, 0x0000, 0x0000, 0x0000, 0x0000,
    0x0000, 0x0000, 0x0000, 0x0000, 0x0000, 0x0000, 0x0000, 0x0000, 0x0000, 0x0000, 0x0000, 0x0000, 0x0000, 0x0000, 0x0000, 0x0000,
    0x0000, 0x0000, 0x0000, 0x0000, 0x0000, 0x0000, 0x0000, 0x0000, 0xA001, 0xA801, 0xFA60, 0xFAE0, 0xFAC0, 0xFAA0, 0xFB00, 0xFB00,
    0xFB20, 0xFB00, 0xFBE0, 0xFBE0, 0xFBE0, 0xFB40, 0xFB40, 0xFB60, 0xFE27, 0xFE27, 0xFE27, 0xFE27, 0xFE27, 0xFE27, 0xFE47, 0xFE27,
    0xFE47, 0xFE27, 0xFE27, 0xFE27, 0xFE26, 0xFE47, 0xFE47, 0xFE27, 0xFE47, 0xFE47, 0xFE47, 0xFB40, 0xFB80, 0xFBC0, 0xFBE0, 0xFBC0,
    0xFBE0, 0xFC00, 0xFB40, 0xFB40, 0xFB40, 0xFB40, 0xFB60, 0xFB60, 0xA802, 0xA801, 0x0000, 0xA004, 0xA003, 0xFB20, 0xFC20, 0xFC40,
    0xFE81, 0xFE81, 0xFFC8, 0xFFC8, 0xFFC9, 0xFFC9, 0xFFC9, 0xFFC9, 0xFFC9, 0xFFC9, 0xFD40, 0xFFCE, 0xFFCE, 0xFFCE, 0xFFCE, 0xFFCE,
    0xFFCE, 0xFFD0, 0xFFEB, 0xFEC1, 0xFEA1, 0xFC40, 0xFC40, 0xFC20, 0xFC00, 0xFC00, 0xFC60, 0xF920, 0xF980, 0xB002, 0x0000, 0x0000,
    0x0000, 0x0000, 0x0000, 0x0000, 0x0000, 0x0000, 0x0000, 0x0000, 0x0000, 0x0000, 0x0000, 0x0000, 0x0000, 0x0000, 0x0000, 0x0000,
    0x0000, 0x0000, 0x0000, 0x0000, 0x0000, 0x0000, 0x0000, 0x0000, 0x0000, 0x0000, 0x0000, 0x0000, 0x0000, 0x0000, 0x0000, 0x0000,
    0x0000, 0x0000, 0x0000, 0x0000, 0x0000, 0x0000, 0xA803, 0xA003, 0xFB00, 0xFAC0, 0xFB80, 0xFBC0, 0xFAC0, 0xFAE0, 0xFB60, 0xFBA0,
    0xFBC0, 0xFBC0, 0xFCA0, 0xFCA0, 0xFC80, 0xFC80, 0xFD02, 0xFE69, 0xFF55, 0xFF55, 0xFF55, 0xFF56, 0xFF55, 0xFF55, 0xFF55, 0xFF55,
    0xFF55, 0xFF55, 0xFF55, 0xFF56, 0xFF56, 0xFF56, 0xFF56, 0xFF56, 0xFF76, 0xFF76, 0xFF77, 0xFF54, 0xFF54, 0xFD41, 0xFD40, 0xFD40,
    0xFD40, 0xFD60, 0xFC00, 0xFC20, 0xFC20, 0xFD40, 0xFD60, 0xFD60, 0xFC00, 0xFC20, 0xA804, 0xA004, 0xA003, 0xFB40, 0xFDA1, 0xFDE0,
    0xFEA1, 0xFE80, 0xFFEE, 0xFFC9, 0xFFC8, 0xFFC8, 0xFFC8, 0xFFC9, 0xFFC9, 0xFFCA, 0xFE81, 0xFFCE, 0xFFEE, 0xFFCE, 0xFFCE, 0xFFCE,
    0xFFEF, 0xFFCE, 0xFEA1, 0xFCA0, 0xFCC0, 0xFC20, 0xFC20, 0xFC40, 0xFDA0, 0xFDA0, 0xFA80, 0xB002, 0xB002, 0x0000, 0x0000, 0x0000,
    0x0000, 0x0000, 0x0000, 0x0000, 0x0000, 0x0000, 0x0000, 0x0000, 0x0000, 0x0000, 0x0000, 0x0000, 0x0000, 0x0000, 0x0000, 0x0000,
    0x0000, 0x0000, 0x0000, 0x0000, 0x0000, 0x0000, 0x0000, 0x0000, 0x0000, 0x0000, 0x0000, 0x0000, 0x0000, 0x0000, 0x0000, 0x0000,
    0x0000, 0x0000, 0x0000, 0x0000, 0x0000, 0xA003, 0xFB00, 0xFAC0, 0xFC00, 0xFC00, 0xFC00, 0xFBA0, 0xFA60, 0xFBA0, 0xFBE0, 0xFC60,
    0xFD61, 0xFD40, 0xFD40, 0xFD61, 0xFD40, 0xFF11, 0xFF12, 0xFF77, 0xFF56, 0xFF76, 0xFFBA, 0xFFBA, 0xFFBA, 0xFFBA, 0xFFBA, 0xFFBA,
    0xFFBA, 0xFFBA, 0xFFBA, 0xFFBA, 0xFFBA, 0xFFBA, 0xFFBA, 0xFFBA, 0xFFBA, 0xFFBA, 0xFFBA, 0xFFBA, 0xFFDB, 0xFF55, 0xFDC3, 0xFDA1,
    0xFDA1, 0xFDA1, 0xFDC1, 0xFD00, 0xFD20, 0xFDA0, 0xFDA0, 0xFDA0, 0xFDA0, 0xFDA0, 0xFC00, 0xA024, 0xA803, 0xFAA0, 0xFBC0, 0xFBC0,
    0xFE21, 0xFE21, 0xFFCB, 0xFE60, 0xFE61, 0xFFC9, 0xFFC9, 0xFFC9, 0xFFC9, 0xFFC9, 0xFFCE, 0xFFCE, 0xFFCE, 0xFFCE, 0xFFCE, 0xFFCE,
    0xFE81, 0xFEA0, 0xFC20, 0xFC00, 0xFC20, 0xFC20, 0xFD40, 0xFD60, 0xFB40, 0xFB60, 0xA802, 0xA800, 0x0000, 0x0000, 0x0000, 0x0000,
    0x0000, 0x0000, 0x0000, 0x0000, 0x0000, 0x0000, 0x0000, 0x0000, 0x0000, 0x0000, 0x0000, 0x0000, 0x0000, 0x0000, 0x0000, 0x0000,
    0x0000, 0x0000, 0x0000, 0x0000, 0x0000, 0x0000, 0x0000, 0x0000, 0x0000, 0x0000, 0x0000, 0x0000, 0x0000, 0x0000, 0x0000, 0x0000,
    0x0000, 0x0000, 0x0000, 0x9800, 0xB120, 0xA023, 0xFB20, 0xFAE0, 0xFC00, 0xFC00, 0xFC00, 0xFBC0, 0xFBE0, 0xFD80, 0xFD81, 0xFD80,
    0xFD40, 0xFD40, 0xFD40, 0xFD61, 0xFD82, 0xFF12, 0xFF12, 0xFF56, 0xFF56, 0xFF76, 0xFFBA, 0xFFBA, 0xFFBA, 0xFFBA, 0xFFBA, 0xFFBA,
    0xFFBA, 0xFFBA, 0xFFBA, 0xFFBA, 0xFFBA, 0xFFBA, 0xFFBA, 0xFFBA, 0xFFBA, 0xFFBA, 0xFFBA, 0xFFBA, 0xFFBA, 0xFF56, 0xFE05, 0xFDC1,
    0xFDC1, 0xFDC1, 0xFDC1, 0xFD00, 0xFD20, 0xFDA0, 0xFDC0, 0xFDA0, 0xFDA0, 0xFDA0, 0xFC00, 0xA844, 0xA024, 0xFA80, 0xFBC0, 0xFBE0,
    0xFE20, 0xFE20, 0xFFEA, 0xFE61, 0xFE40, 0xFFC9, 0xFFC8, 0xFFC9, 0xFFC9, 0xFFC9, 0xFFCE, 0xFFCE, 0xFFCE, 0xFFCE, 0xFFCE, 0xFFCD,
    0xFE80, 0xFEA0, 0xFC20, 0xFC20, 0xFC20, 0xFC20, 0xFD40, 0xFD60, 0xFB00, 0xFB20, 0xB002, 0xB800, 0x0000, 0x0000, 0x0000, 0x0000,
    0x0000, 0x0000, 0x0000, 0x0000, 0x0000, 0x0000, 0x0000, 0x0000, 0x0000, 0x0000, 0x0000, 0x0000, 0x0000, 0x0000, 0x0000, 0x0000,
    0x0000, 0x0000, 0x0000, 0x0000, 0x0000, 0x0000, 0x0000, 0x0000, 0x0000, 0x0000, 0x0000, 0x0000, 0x0000, 0x0000, 0x0000, 0x0000,
    0x0000, 0x0000, 0x0000, 0xA803, 0xA003, 0xFB20, 0xFC20, 0xFC20, 0xFC00, 0xFC00, 0xFBE0, 0xF9E0, 0xF1C0, 0xFDC1, 0xFDA1, 0xFD81,
    0xFD81, 0xFD81, 0xFD81, 0xFF56, 0xFF56, 0xFF56, 0xFF77, 0xFFBA, 0xFFBA, 0xFFBA, 0xFFBA, 0xFFBA, 0xFFBA, 0xFFBA, 0xFFBA, 0xFFBA,
    0xFFBA, 0xFFBA, 0xFFBA, 0xFFBA, 0xFFBA, 0xFFBA, 0xFFBA, 0xFFBA, 0xFFBA, 0xFFBA, 0xFFBA, 0xFFBA, 0xFFBA, 0xFFBA, 0xFF56, 0xFF55,
    0xFDA1, 0xFDA1, 0xFDA0, 0xFDC0, 0xFDC0, 0xFB20, 0xFDA0, 0xFDA0, 0xFDA0, 0xFDA0, 0xFD80, 0xFC20, 0xFC20, 0xA003, 0xF2E0, 0xFB60,
    0xFCA0, 0xFCC0, 0xFF84, 0xFFC9, 0xFFC9, 0xFE61, 0xFFEB, 0xFFC9, 0xFFC9, 0xFFC9, 0xFFC9, 0xFFCE, 0xFFEF, 0xFFEF, 0xFDA0, 0xFDE0,
    0xFC00, 0xFC00, 0xFC00, 0xFC20, 0xFC20, 0xFC20, 0xFB00, 0xFAE0, 0xA802, 0xB022, 0xF800, 0x0000, 0x0000, 0x0000, 0x0000, 0x0000,
    0x0000, 0x0000, 0x0000, 0x0000, 0x0000, 0x0000, 0x0000, 0x0000, 0x0000, 0x0000, 0x0000, 0x0000, 0x0000, 0x0000, 0x0000, 0x0000,
    0x0000, 0x0000, 0x0000, 0x0000, 0x0000, 0x0000, 0x0000, 0x0000, 0x0000, 0x0000, 0x0000, 0x0000, 0x0000, 0x0000, 0x0000, 0x0000,
    0x0000, 0xFFE0, 0xA823, 0xFA80, 0xFA80, 0xFC20, 0xFC20, 0xFC20, 0xFC00, 0xFC20, 0xFAA0, 0xFCC0, 0xFCA0, 0xFDA1, 0xFD80, 0xFD81,
    0xFD80, 0xFDA1, 0xFF75, 0xFF56, 0xFF56, 0xFFBA, 0xFFBA, 0xFFBA, 0xFFBA, 0xFFBA, 0xFFBA, 0x55DC, 0x55FC, 0x5E3C, 0x565B, 0x567B,
    0x5E9A, 0x5EBA, 0x5ED8, 0x5EF8, 0x5F17, 0x5F37, 0x5756, 0xBF58, 0xF7BB, 0xFFBA, 0xFFBA, 0xFFBA, 0xFFBA, 0xFFBA, 0xFFBA, 0xFFBA,
    0xFF75, 0xFF78, 0xFDA1, 0xFDC1, 0xFDC1, 0xFCC0, 0xFD80, 0xFDA0, 0xFD80, 0xFD80, 0xFD80, 0xFDA0, 0xFDA0, 0xFB60, 0xB0E1, 0xB842,
    0xFC40, 0xF440, 0xFDC0, 0xFFCA, 0xFFC9, 0xFFC9, 0xFFC9, 0xFFC9, 0xFE81, 0xFE61, 0xFE81, 0xFE80, 0xFE81, 0xFE81, 0xFE61, 0xFE81,
    0xFF23, 0xFF43, 0xFF63, 0xFEA1, 0xFEC0, 0xFC40, 0xFC60, 0xFC80, 0xFC40, 0xFC40, 0xF120, 0xB023, 0xA803, 0x0000, 0x0000, 0x0000,
    0x0000, 0x0000, 0x0000, 0x0000, 0x0000, 0x0000, 0x0000, 0x0000, 0x0000, 0x0000, 0x0000, 0x0000, 0x0000, 0x0000, 0x0000, 0x0000,
    0x0000, 0x0000, 0x0000, 0x0000, 0x0000, 0x0000, 0x0000, 0x0000, 0x0000, 0x0000, 0x0000, 0x0000, 0x0000, 0x0000, 0x0000, 0x0000,
    0x0000, 0x0000, 0xA003, 0xFA60, 0xFA60, 0xFC40, 0xFC20, 0xFC20, 0xFC20, 0xFC20, 0xFAA0, 0xFCA0, 0xFC80, 0xFDA1, 0xFDA1, 0xFD80,
    0xFD80, 0xFD81, 0xFF55, 0xFF56, 0xFF56, 0xFFB9, 0xFFBA, 0xFFBA, 0xFFBA, 0xFFBA, 0xFFBA, 0x0D3D, 0x1D7C, 0x15BC, 0x15FB, 0x161B,
    0x0E3A, 0x0E79, 0x0698, 0x06D7, 0x0716, 0x0735, 0x0794, 0x0F94, 0x0FB4, 0xAFB7, 0xFFBA, 0xFFBA, 0xFFBA, 0xFFBA, 0xFFBA, 0xFFBA,
    0xFF55, 0xFF77, 0xFDA1, 0xFDA1, 0xFDC0, 0xFCC0, 0xFDA1, 0xFD80, 0xFD80, 0xFDA0, 0xFDA0, 0xFDA0, 0xFDA1, 0xFB80, 0xB0A1, 0xA802,
    0xFC40, 0xFC60, 0xFDE0, 0xFFC9, 0xFFC9, 0xFFC8, 0xFFC9, 0xFFC9, 0xFE81, 0xFE81, 0xFE81, 0xFE81, 0xFE81, 0xFE81, 0xFE81, 0xFE81,
    0xFF02, 0xFF23, 0xFF23, 0xFE80, 0xFE80, 0xFC40, 0xFC40, 0xFC60, 0xFC60, 0xFC40, 0xF0E0, 0xA803, 0xA803, 0x0000, 0x0000, 0x0000,
    0x0000, 0x0000, 0x0000, 0x0000, 0x0000, 0x0000, 0x0000, 0x0000, 0x0000, 0x0000, 0x0000, 0x0000, 0x0000, 0x0000, 0x0000, 0x0000,
    0x0000, 0x0000, 0x0000, 0x0000, 0x0000, 0x0000, 0x0000, 0x0000, 0x0000, 0x0000, 0x0000, 0x0000, 0x0000, 0x0000, 0x0000, 0x0000,
    0x0000, 0xFFE0, 0xB003, 0xFAC0, 0xFAE0, 0xFC20, 0xFC00, 0xFC00, 0xFB40, 0xFB40, 0xC820, 0xFD81, 0xFD81, 0xFD81, 0xFDA1, 0xFD80,
    0xFD80, 0xFD81, 0xFF56, 0xFF9A, 0xFFBA, 0xFFBA, 0xFFBA, 0xFFBA, 0xFFBA, 0xFFBB, 0x349D, 0x2CDD, 0x251D, 0x1D5C, 0x1DBC, 0x15DB,
    0x15FB, 0x0E3A, 0x0E79, 0x0EB8, 0x06D7, 0x0737, 0x0776, 0x07D5, 0xDFB8, 0xFFBA, 0xFFBA, 0xFFBA, 0xFFBA, 0xFFBA, 0xFFBA, 0xFFBA,
    0xFFBB, 0xFFDC, 0xFDA0, 0xFDC1, 0xFDC1, 0xFDC1, 0xF2E0, 0xFAC0, 0xFD80, 0xFD80, 0xFDA0, 0xFDA0, 0xFDA0, 0xFC60, 0xA8C1, 0xA802,
    0xFA00, 0xF9E0, 0xFE00, 0xFDA0, 0xFDA0, 0xFFC9, 0xFFC9, 0xFFC9, 0xFFC9, 0xFFC8, 0xFE81, 0xFE81, 0xFE81, 0xFE81, 0xFFAA, 0xFFCA,
    0xFFCA, 0xFFCA, 0xFF86, 0xFD40, 0xFD60, 0xFC40, 0xFC20, 0xFC00, 0xF9E0, 0xFA00, 0xA003, 0x9800, 0x0000, 0x0000, 0x0000, 0x0000,
    0x0000, 0x0000, 0x0000, 0x0000, 0x0000, 0x0000, 0x0000, 0x0000, 0x0000, 0x0000, 0x0000, 0x0000, 0x0000, 0x0000, 0x0000, 0x0000,
    0x0000, 0x0000, 0x0000, 0x0000, 0x0000, 0x0000, 0x0000, 0x0000, 0x0000, 0x0000, 0x0000, 0x0000, 0x0000, 0x0000, 0x0000, 0x0000,
    0xA862, 0xB082, 0xC8E1, 0xFB20, 0xFB40, 0xFC00, 0xFC00, 0xFC00, 0xFB20, 0xFB00, 0xD0E0, 0xFD80, 0xFD80, 0xFD80, 0xFD80, 0xFD81,
    0xFDE6, 0xFDE6, 0xFF76, 0xFFBA, 0xFFBA, 0xFFBA, 0xFFBA, 0xFFBA, 0xC6BC, 0x2BBF, 0x3C3E, 0x3C7D, 0x349D, 0x2CDD, 0x253C, 0x255C,
    0x1DBB, 0x15FB, 0x163A, 0x0E79, 0x0EB8, 0x0EF7, 0x0F16, 0xD799, 0xFFBA, 0xFFBA, 0xFFBA, 0xFFBA, 0xFFBA, 0xFFBA, 0xFFBA, 0xFFBA,
    0xFFBA, 0xFFBB, 0xFE26, 0xFDC1, 0xFDC1, 0xFDC1, 0xF2E0, 0xFA80, 0xFD40, 0xFD41, 0xFDA0, 0xFDA0, 0xFDA0, 0xFCC0, 0xC981, 0xC941,
    0xD940, 0xD961, 0xFDC0, 0xFDC1, 0xFDC0, 0xFF87, 0xFFA8, 0xFF87, 0xFFCA, 0xFFC9, 0xFF04, 0xFF66, 0xFF46, 0xFF04, 0xFFCA, 0xFFCA,
    0xFF89, 0xFF88, 0xFF26, 0xFD00, 0xFD20, 0xFC40, 0xFBC0, 0xFBA0, 0xE960, 0xE180, 0xB023, 0xF800, 0x0000, 0x0000, 0x0000, 0x0000,
    0x0000, 0x0000, 0x0000, 0x0000, 0x0000, 0x0000, 0x0000, 0x0000, 0x0000, 0x0000, 0x0000, 0x0000, 0x0000, 0x0000, 0x0000, 0x0000,
    0x0000, 0x0000, 0x0000, 0x0000, 0x0000, 0x0000, 0x0000, 0x0000, 0x0000, 0x0000, 0x0000, 0x0000, 0x0000, 0x0000, 0x0000, 0x0000,
    0x9804, 0x9803, 0xFA80, 0xFC00, 0xFC00, 0xFC00, 0xFC00, 0xFC00, 0xFA80, 0xFA80, 0xFB80, 0xFD80, 0xFD80, 0xFD81, 0xFD81, 0xFD81,
    0xFF34, 0xFF34, 0xFFBA, 0xFFBA, 0xFFBA, 0xFFBA, 0xFFBA, 0xFFBA, 0xBE3B, 0x4BFD, 0x3BFD, 0x3C1D, 0x3C5D, 0x34BC, 0x2CFC, 0x2D1C,
    0x1D7B, 0x1DBB, 0x15FA, 0x0E59, 0x0E98, 0x0ED8, 0x16F6, 0xFFBA, 0xFFBA, 0xFFBA, 0xFFBA, 0xFFBA, 0xFFBA, 0xFFBA, 0xFFBA, 0xFFBA,
    0xFFBA, 0xFFDB, 0xFF34, 0xFDC1, 0xFDC0, 0xFDC1, 0xEA40, 0xF1A0, 0xFC00, 0xFC00, 0xFDA0, 0xFDA0, 0xFDA0, 0xFDA0, 0xFC40, 0xFC00,
    0xA803, 0x9802, 0xFD40, 0xFE21, 0xFE21, 0xFE20, 0xFE41, 0xFE41, 0xFFC9, 0xFFC9, 0xFFCA, 0xFFCA, 0xFFCA, 0xFFCD, 0xFFCD, 0xFFCD,
    0xFE20, 0xFE60, 0xFC40, 0xFC40, 0xFC40, 0xFC40, 0xFA60, 0xFA20, 0xA003, 0xA803, 0x0000, 0x0000, 0x0000, 0x0000, 0x0000, 0x0000,
    0x0000, 0x0000, 0x0000, 0x0000, 0x0000, 0x0000, 0x0000, 0x0000, 0x0000, 0x0000, 0x0000, 0x0000, 0x0000, 0x0000, 0x0000, 0x0000,
    0x0000, 0x0000, 0x0000, 0x0000, 0x0000, 0x0000, 0x0000, 0x0000, 0x0000, 0x0000, 0x0000, 0x0000, 0x0000, 0x0000, 0xA023, 0xA004,
    0xFA60, 0xFA80, 0xFC20, 0xFC00, 0xFC00, 0xFC00, 0xFC00, 0xFC00, 0xA821, 0xB022, 0xFD20, 0xFD00, 0xFD00, 0xFD00, 0xFD60, 0xFD81,
    0xFF35, 0xFF34, 0xFFBA, 0xFFBA, 0xFFBA, 0xFFBA, 0xFFBA, 0xFFBA, 0xFFBA, 0xFFBA, 0xFFBA, 0xFFBB, 0xFFBA, 0xFFBB, 0xFFBB, 0xFFBB,
    0xFFBA, 0xFFBB, 0xFFBB, 0xFFBB, 0xFFBB, 0xFF9A, 0xFFBB, 0xFFBA, 0xFFBA, 0xFFBA, 0xFFBA, 0xFFBA, 0xFFBA, 0xFFBA, 0xFFBA, 0xFFBA,
    0xFFBA, 0xFFBA, 0xFFBB, 0xFDA0, 0xFDC1, 0xFDA0, 0xFD40, 0xFD40, 0xC820, 0xC840, 0xFD40, 0xFD40, 0xFD40, 0xFD00, 0xFD00, 0xFD00,
    0xD040, 0xD060, 0xA023, 0x9823, 0xA043, 0xFBE0, 0xFB00, 0xFB20, 0xFDC0, 0xFDE0, 0xFDE0, 0xFDE0, 0xFE00, 0xFE01, 0xFC20, 0xFC20,
    0xFC40, 0xFC40, 0xFC40, 0xFAE0, 0xFB00, 0xF9A0, 0xB023, 0xA803, 0x0000, 0x0000, 0x0000, 0x0000, 0x0000, 0x0000, 0x0000, 0x0000,
    0x0000, 0x0000, 0x0000, 0x0000, 0x0000, 0x0000, 0x0000, 0x0000, 0x0000, 0x0000, 0x0000, 0x0000, 0x0000, 0x0000, 0x0000, 0x0000,
    0x0000, 0x0000, 0x0000, 0x0000, 0x0000, 0x0000, 0x0000, 0x0000, 0x0000, 0x0000, 0x0000, 0x0000, 0x0000, 0x0000, 0xA043, 0xA004,
    0xFA60, 0xFA80, 0xFC00, 0xFC00, 0xFC00, 0xFC20, 0xFC00, 0xFC20, 0xB001, 0xB021, 0xFD20, 0xFD00, 0xFD00, 0xFD00, 0xFD40, 0xFD81,
    0xFF35, 0xFF54, 0xFFBA, 0xFFBA, 0xFFBA, 0xFFBA, 0xFFBA, 0xFFBA, 0xFFBA, 0xFFBA, 0xFFBA, 0x5ADF, 0x535E, 0x4B7E, 0x43DE, 0x3C1E,
    0x3C7D, 0x349D, 0x2CDD, 0x253C, 0x1D7C, 0x1DDC, 0x15BB, 0xFFBA, 0xFFBA, 0xFFBA, 0xFFBA, 0xFFBA, 0xFFBA, 0xFFBA, 0xFFBA, 0xFFBA,
    0xFFBA, 0xFFBA, 0xFFBB, 0xFDA1, 0xFDC1, 0xFD80, 0xFD40, 0xFD40, 0xD020, 0xD840, 0xFD40, 0xFD40, 0xFD40, 0xFD00, 0xFD00, 0xFD00,
    0xD860, 0xD840, 0xA003, 0xA003, 0xA023, 0xFC01, 0xFB00, 0xFAE0, 0xFDC0, 0xFDE0, 0xFDE0, 0xFE00, 0xFE00, 0xFE00, 0xFC20, 0xFC40,
    0xFC40, 0xFC40, 0xFC40, 0xFB00, 0xFB20, 0xF9A0, 0xA003, 0xA003, 0x0000, 0x0000, 0x0000, 0x0000, 0x0000, 0x0000, 0x0000, 0x0000,
    0x0000, 0x0000, 0x0000, 0x0000, 0x0000, 0x0000, 0x0000, 0x0000, 0x0000, 0x0000, 0x0000, 0x0000, 0x0000, 0x0000, 0x0000, 0x0000,
    0x0000, 0x0000, 0x0000, 0x0000, 0x0000, 0x0000, 0x0000, 0x0000, 0x0000, 0x0000, 0x0000, 0x0000, 0x0000, 0x0000, 0xA822, 0xB003,
    0xFB40, 0xFB40, 0xFC00, 0xFC00, 0xFC00, 0xFB40, 0xFA60, 0xFA40, 0xB800, 0xB800, 0xFD00, 0xFD00, 0xFD20, 0xFD20, 0xFD60, 0xFD81,
    0xFF77, 0xFF56, 0xFFBA, 0xFFBA, 0xFFBA, 0xFFBA, 0xFFBA, 0xFFBA, 0xFFBA, 0xFFBB, 0x725F, 0x627F, 0x5ADF, 0x533E, 0x4B9E, 0x4BBE,
    0x441E, 0x3C5D, 0x34BD, 0x2CFD, 0x2D3C, 0x257C, 0x1DBC, 0x15FC, 0xFF9A, 0xFFBA, 0xFFBA, 0xFFBA, 0xFFBA, 0xFFBA, 0xFFBA, 0xFFBA,
    0xFFBA, 0xFFBA, 0xFFBA, 0xFD40, 0xFD40, 0xFD40, 0xFD40, 0xFD40, 0xB800, 0xB020, 0xFBC0, 0xFCE0, 0xFD00, 0xFD00, 0xFD00, 0xFD20,
    0xFBC0, 0xFC20, 0xA802, 0xB8E0, 0x0000, 0xA003, 0xB801, 0xB801, 0xFBA0, 0xFB80, 0xFB60, 0xFB80, 0xFB80, 0xFB60, 0xFB80, 0xFBA0,
    0xFB80, 0xFB80, 0xFA60, 0xA802, 0xA802, 0xA003, 0xA0A1, 0x0000, 0x0000, 0x0000, 0x0000, 0x0000, 0x0000, 0x0000, 0x0000, 0x0000,
    0x0000, 0x0000, 0x0000, 0x0000, 0x0000, 0x0000, 0x0000, 0x0000, 0x0000, 0x0000, 0x0000, 0x0000, 0x0000, 0x0000, 0x0000, 0x0000,
    0x0000, 0x0000, 0x0000, 0x0000, 0x0000, 0x0000, 0x0000, 0x0000, 0x0000, 0x0000, 0x0000, 0x0000, 0x0000, 0xA804, 0xE9E0, 0xF280,
    0xFBE0, 0xFC00, 0xFC00, 0xFC00, 0xFC00, 0xFB20, 0xB820, 0xB000, 0xFDC0, 0xFDC0, 0xFD00, 0xFD00, 0xFD00, 0xFC00, 0xFCC0, 0xFD80,
    0xFFBA, 0xFFBA, 0xFFBA, 0xFFBA, 0xFFBA, 0xFFBA, 0xFFBA, 0xFFBA, 0xFFBA, 0xFFBB, 0x7A3E, 0x6A5F, 0x627F, 0x5ADE, 0x5B1E, 0x535E,
    0x4BBE, 0x4BDE, 0x443D, 0x349D, 0x34BD, 0x2CFC, 0x253C, 0x1D9C, 0x0DBC, 0xFF9B, 0xFFBA, 0xFFBA, 0xFFBA, 0xFFBA, 0xFFBA, 0xFFBA,
    0xFFBA, 0xFFBA, 0xFFBA, 0xFC80, 0xFC80, 0xFD40, 0xFD40, 0xFD40, 0xFD40, 0xFDC0, 0xB000, 0xFC20, 0xFC20, 0xFD00, 0xFD20, 0xFD20,
    0xFD20, 0xFD80, 0xF2E0, 0xA803, 0xA803, 0x7800, 0xA800, 0x7800, 0xB023, 0xA803, 0xA823, 0xA823, 0xA823, 0xA823, 0xA823, 0xA823,
    0xA823, 0xA803, 0xA803, 0xF800, 0x7800, 0x7800, 0xF800, 0x0000, 0x0000, 0x0000, 0x0000, 0x0000, 0x0000, 0x0000, 0x0000, 0x0000,
    0x0000, 0x0000, 0x0000, 0x0000, 0x0000, 0x0000, 0x0000, 0x0000, 0x0000, 0x0000, 0x0000, 0x0000, 0x0000, 0x0000, 0x0000, 0x0000,
    0x0000, 0x0000, 0x0000, 0x0000, 0x0000, 0x0000, 0x0000, 0x0000, 0x0000, 0x0000, 0x0000, 0x0000, 0x0000, 0xA803, 0xE1C1, 0xFAA0,
    0xFC00, 0xFBE0, 0xFC00, 0xFC00, 0xFC00, 0xFB20, 0xB800, 0xB800, 0xFD80, 0xFD80, 0xFD00, 0xFD00, 0xFD00, 0xFBE0, 0xFCC0, 0xFDA1,
    0xFFBA, 0xFFBA, 0xFFBA, 0xFFBA, 0xFFBA, 0xFFBA, 0xFFBA, 0xFFBA, 0xFFBA, 0xFFBA, 0xFFBA, 0x727E, 0x729F, 0x629E, 0x62DE, 0x5B1E,
    0x535E, 0x4B9E, 0x4BDD, 0x3C3D, 0x3C7D, 0x2CBC, 0x2CFC, 0x255C, 0x25BC, 0xFFDA, 0xFFBA, 0xFFBA, 0xFFBA, 0xFFBA, 0xFFBA, 0xFFBA,
    0xFFBA, 0xFFBA, 0xFFBA, 0xF460, 0xFCA0, 0xFD40, 0xFD40, 0xFD40, 0xFD00, 0xF4E0, 0xB800, 0xFC40, 0xFC20, 0xFD20, 0xFD20, 0xFD20,
    0xFD20, 0xFD80, 0xFAC0, 0xB023, 0xA803, 0x0000, 0x0000, 0x0000, 0xA802, 0xA802, 0xA802, 0xA802, 0xA802, 0xA802, 0xA802, 0xA802,
    0xA802, 0xA802, 0xA803, 0xF800, 0x0000, 0x0000, 0x0000, 0x0000, 0x0000, 0x0000, 0x0000, 0x0000, 0x0000, 0x0000, 0x0000, 0x0000,
    0x0000, 0x0000, 0x0000, 0x0000, 0x0000, 0x0000, 0x0000, 0x0000, 0x0000, 0x0000, 0x0000, 0x0000, 0x0000, 0x0000, 0x0000, 0x0000,
    0x0000, 0x0000, 0x0000, 0x0000, 0x0000, 0x0000, 0x0000, 0x0000, 0x0000, 0x0000, 0x0000, 0x0000, 0xF800, 0xB803, 0xE9A0, 0xFA60,
    0xFB60, 0xFB60, 0xFB60, 0xFB60, 0xFB60, 0xF9E0, 0xB000, 0xB800, 0xFD00, 0xFD00, 0xFD00, 0xFD00, 0xFD00, 0xFBE0, 0xFCC0, 0xFDA1,
    0xFF56, 0xFF56, 0xFFBA, 0xFFBA, 0xFFBA, 0xFFBA, 0xFFBA, 0xFFBA, 0xFFBA, 0xFFBA, 0xFFBB, 0xFFBC, 0xFFBB, 0xFFBC, 0xFF9B, 0xFF9B,
    0xFFBB, 0xFFBB, 0xFFBB, 0xFFBB, 0xFFBB, 0xFFBB, 0xFFBB, 0xFFBC, 0xFF9B, 0xFFBA, 0xFFBA, 0xFFBA, 0xFFBA, 0xFFBA, 0xFFBA, 0xFFBA,
    0xFFBA, 0xFFBB, 0xFF56, 0xFCA0, 0xFCA0, 0xFD40, 0xFD40, 0xFD40, 0xFCA0, 0xFCE0, 0xB800, 0xFAE0, 0xFAE0, 0xFBC0, 0xFBA0, 0xFBC0,
    0xFCA0, 0xFCE0, 0xFB20, 0xA823, 0xB003, 0x0000, 0x0000, 0x0000, 0x0000, 0x0000, 0x0000, 0x0000, 0xF800, 0xF800, 0x0000, 0x0000,
    0x0000, 0x0000, 0x0000, 0x0000, 0x0000, 0x0000, 0x0000, 0x0000, 0x0000, 0x0000, 0x0000, 0x0000, 0x0000, 0x0000, 0x0000, 0x0000,
    0x0000, 0x0000, 0x0000, 0x0000, 0x0000, 0x0000, 0x0000, 0x0000, 0x0000, 0x0000, 0x0000, 0x0000, 0x0000, 0x0000, 0x0000, 0x0000,
    0x0000, 0x0000, 0x0000, 0x0000, 0x0000, 0x0000, 0x0000, 0x0000, 0x0000, 0x0000, 0x0000, 0x0000, 0xF800, 0xC002, 0xE980, 0xFA60,
    0xFB60, 0xFB60, 0xFB60, 0xFB80, 0xFB80, 0xFA00, 0xB000, 0xB800, 0xFD41, 0xFD20, 0xFD21, 0xFD20, 0xFD00, 0xFBE0, 0xFCE0, 0xFD81,
    0xFF56, 0xFF76, 0xFFBA, 0xFFBA, 0xFFBA, 0xFFBA, 0xFFBA, 0xFFBA, 0xFFBA, 0xFFBA, 0xFFBA, 0x897F, 0x81BF, 0x79FF, 0x723F, 0x6A3F,
    0x629F, 0x62DE, 0x5B1E, 0x537E, 0x4BBE, 0x43DE, 0x3C3E, 0x3C7D, 0x349D, 0xB6BC, 0xFFBA, 0xFFBA, 0xFFBA, 0xFFBA, 0xFFBA, 0xFFBA,
    0xFFBA, 0xFFBB, 0xFF55, 0xFCC0, 0xFCA0, 0xFD40, 0xFD41, 0xFD61, 0xFCC0, 0xF4A0, 0xB800, 0xFB40, 0xF2C0, 0xFBE0, 0xFBE0, 0xFBA0,
    0xFCC0, 0xFD00, 0xFB00, 0xB824, 0xB003, 0x0000, 0x0000, 0x0000, 0x0000, 0x0000, 0x0000, 0x0000, 0x0000, 0x0000, 0x0000, 0x0000,
    0x0000, 0x0000, 0x0000, 0x0000, 0x0000, 0x0000, 0x0000, 0x0000, 0x0000, 0x0000, 0x0000, 0x0000, 0x0000, 0x0000, 0x0000, 0x0000,
    0x0000, 0x0000, 0x0000, 0x0000, 0x0000, 0x0000, 0x0000, 0x0000, 0x0000, 0x0000, 0x0000, 0x0000, 0x0000, 0x0000, 0x0000, 0x0000,
    0x0000, 0x0000, 0x0000, 0x0000, 0x0000, 0x0000, 0x0000, 0x0000, 0x0000, 0x0000, 0x0000, 0x0000, 0xF800, 0x9804, 0xD901, 0xF980,
    0xFB20, 0xFB00, 0xFA60, 0xF1A0, 0xF9A0, 0xB800, 0xB800, 0xB800, 0xD8A0, 0xD8A0, 0xF9E0, 0xFAA0, 0xFAA0, 0xFC00, 0xFCE0, 0xFDA1,
    0xFF57, 0xFF76, 0xFFBA, 0xFFBA, 0xFFBA, 0xFFBA, 0xFFBA, 0xFFBA, 0xFFBA, 0xFFBB, 0x893F, 0x897F, 0x81BF, 0x79BF, 0x79FF, 0x723F,
    0x6A5F, 0x627F, 0x62DE, 0x531E, 0x533E, 0x4B9E, 0x4BDE, 0x3C1E, 0xF79B, 0xFFBA, 0xFFBA, 0xFFBA, 0xFFBA, 0xFFBA, 0xFFBA, 0xFFBA,
    0xFFBA, 0xFFBA, 0xFF56, 0xFCA0, 0xFCA0, 0xFB60, 0xF220, 0xFA20, 0xE0A0, 0xE0A0, 0xB800, 0xB800, 0xB800, 0xF9A0, 0xFAA0, 0xFA80,
    0xFB80, 0xFBA0, 0xF960, 0x8805, 0x9005, 0x0000, 0x0000, 0x0000, 0x0000, 0x0000, 0x0000, 0x0000, 0x0000, 0x0000, 0x0000, 0x0000,
    0x0000, 0x0000, 0x0000, 0x0000, 0x0000, 0x0000, 0x0000, 0x0000, 0x0000, 0x0000, 0x0000, 0x0000, 0x0000, 0x0000, 0x0000, 0x0000,
    0x0000, 0x0000, 0x0000, 0x0000, 0x0000, 0x0000, 0x0000, 0x0000, 0x0000, 0x0000, 0x0000, 0x0000, 0x0000, 0x0000, 0x0000, 0x0000,
    0x0000, 0x0000, 0x0000, 0x0000, 0x0000, 0x0000, 0x0000, 0x0000, 0x0000, 0x0000, 0x0000, 0x0000, 0x0000, 0x8805, 0xC041, 0xD860,
    0xFAA0, 0xF280, 0xB000, 0xFD80, 0xFD60, 0xFFA2, 0xFFA2, 0xFFC2, 0xFFA3, 0xFFC2, 0xFDC0, 0xFD20, 0xFD20, 0xD040, 0xD080, 0xE0C0,
    0xFE6A, 0xFE6B, 0xFFBA, 0xFFBA, 0xFFBA, 0xFFBA, 0xFFBA, 0xFFBA, 0xFFBA, 0x895F, 0x917F, 0x897F, 0x897F, 0x819F, 0x79DF, 0x71FF,
    0x723F, 0x6A7F, 0x629F, 0x5ADE, 0x5B1E, 0x535E, 0x2AFE, 0xFFBB, 0xFFBA, 0xFFBA, 0xFFBA, 0xFFBA, 0xFFBA, 0xFFBA, 0xFFBA, 0xFFBA,
    0xFF76, 0xFF98, 0xFC21, 0xD820, 0xD820, 0xFD40, 0xFDC0, 0xFDE0, 0xFFC3, 0xFFA2, 0xFFC2, 0xFFA2, 0xFFC3, 0xFD80, 0xB0E0, 0xB002,
    0xFAE0, 0xFB20, 0x9004, 0x98E3, 0x0000, 0x0000, 0x0000, 0x0000, 0x0000, 0x0000, 0x0000, 0x0000, 0x0000, 0x0000, 0x0000, 0x0000,
    0x0000, 0x0000, 0x0000, 0x0000, 0x0000, 0x0000, 0x0000, 0x0000, 0x0000, 0x0000, 0x0000, 0x0000, 0x0000, 0x0000, 0x0000, 0x0000,
    0x0000, 0x0000, 0x0000, 0x0000, 0x0000, 0x0000, 0x0000, 0x0000, 0x0000, 0x0000, 0x0000, 0x0000, 0x0000, 0x0000, 0x0000, 0x0000,
    0x0000, 0x0000, 0x0000, 0x0000, 0x0000, 0x0000, 0x0000, 0x0000, 0x0000, 0x0000, 0x0000, 0x0000, 0x0000, 0x8806, 0xB862, 0xD840,
    0xFA60, 0xFAA0, 0xA821, 0xFD60, 0xFD80, 0xFFA2, 0xFFA2, 0xFFA2, 0xFFA3, 0xFFA2, 0xFDE0, 0xFD20, 0xFD40, 0xD020, 0xD8A0, 0xD8C0,
    0xFE6A, 0xFE6C, 0xFFBA, 0xFFBA, 0xFFBA, 0xFFBA, 0xFFBA, 0xFFBA, 0xFF9B, 0x913E, 0x917E, 0x893E, 0x893E, 0x817E, 0x819E, 0x799E,
    0x79FE, 0x723E, 0x6A5E, 0x629E, 0x5ADE, 0x52FE, 0x3B1E, 0xFFBA, 0xFFBA, 0xFFBA, 0xFFBA, 0xFFBA, 0xFFBA, 0xFFBA, 0xFFBA, 0xFFBB,
    0xFF55, 0xFF76, 0xFC42, 0xD041, 0xD020, 0xFD20, 0xFDC0, 0xFDE0, 0xFFC2, 0xFFA3, 0xFFC3, 0xFFC3, 0xFFC3, 0xFD80, 0xB0E1, 0xA022,
    0xFAE0, 0xFB00, 0x9004, 0x9120, 0x0000, 0x0000, 0x0000, 0x0000, 0x0000, 0x0000, 0x0000, 0x0000, 0x0000, 0x0000, 0x0000, 0x0000,
    0x0000, 0x0000, 0x0000, 0x0000, 0x0000, 0x0000, 0x0000, 0x0000, 0x0000, 0x0000, 0x0000, 0x0000, 0x0000, 0x0000, 0x0000, 0x0000,
    0x0000, 0x0000, 0x0000, 0x0000, 0x0000, 0x0000, 0x0000, 0x0000, 0x0000, 0x0000, 0x0000, 0x0000, 0x0000, 0x0000, 0x0000, 0x0000,
    0x0000, 0x0000, 0x0000, 0x0000, 0x0000, 0x0000, 0x0000, 0x0000, 0x0000, 0x0000, 0x0000, 0x0000, 0x0000, 0x0000, 0x9024, 0x8805,
    0xB001, 0xC080, 0xFE40, 0xFE20, 0xFE40, 0xFD40, 0xFD40, 0xFD40, 0xFDA0, 0xFDA0, 0xFE40, 0xFE40, 0xFE40, 0xFD20, 0xDA80, 0xD060,
    0xD880, 0xC8E1, 0xFF35, 0xFFBA, 0xFFBA, 0xFFBA, 0xFFBA, 0xFFBA, 0xFFBA, 0xFFBA, 0xFFBA, 0xFFBA, 0xFFBA, 0xFFBA, 0xFFBA, 0xFFBA,
    0xFFBA, 0xFFBA, 0xFFBA, 0xFFBA, 0xFFBA, 0xFFBA, 0xFFBA, 0xFFBA, 0xFFBA, 0xFFBA, 0xFFBA, 0xFFBA, 0xFFBA, 0xFFBA, 0xFF77, 0xFF76,
    0xFE4A, 0xFE69, 0xD000, 0xFE60, 0xFE40, 0xFE40, 0xFE40, 0xFE40, 0xFD20, 0xFD20, 0xFD20, 0xFD20, 0xFD40, 0xFE40, 0xFE41, 0xFE60,
    0xA003, 0x9803, 0xF800, 0x0000, 0x0000, 0x0000, 0x0000, 0x0000, 0x0000, 0x0000, 0x0000, 0x0000, 0x0000, 0x0000, 0x0000, 0x0000,
    0x0000, 0x0000, 0x0000, 0x0000, 0x0000, 0x0000, 0x0000, 0x0000, 0x0000, 0x0000, 0x0000, 0x0000, 0x0000, 0x0000, 0x0000, 0x0000,
    0x0000, 0x0000, 0x0000, 0x0000, 0x0000, 0x0000, 0x0000, 0x0000, 0x0000, 0x0000, 0x0000, 0x0000, 0x0000, 0x0000, 0x0000, 0x0000,
    0x0000, 0x0000, 0x0000, 0x0000, 0x0000, 0x0000, 0x0000, 0x0000, 0x0000, 0x0000, 0x0000, 0x0000, 0x0000, 0x0000, 0x9824, 0x9805,
    0xFD80, 0xFDA0, 0xFE40, 0xFC80, 0xFC80, 0xFBC3, 0xFBA4, 0xFBC4, 0xFBC4, 0xFBA4, 0xFE40, 0xFE40, 0xFE40, 0xFE40, 0xFDC0, 0xFCE0,
    0xB800, 0xC040, 0xFE28, 0xFF57, 0xFF77, 0xFF77, 0xFF78, 0xFFBA, 0xFFBA, 0xFFBA, 0xFFBA, 0xFFBA, 0xFFBA, 0xFFBA, 0xFFBA, 0xFFBA,
    0xFFBA, 0xFFBA, 0xFFBA, 0xFFBA, 0xFFBA, 0xFFBA, 0xFFBA, 0xFFBA, 0xFFBA, 0xFFBA, 0xFFBA, 0xFF77, 0xFF56, 0xFF77, 0xFE8D, 0xFE6B,
    0xD840, 0xD820, 0xFDE0, 0xFE40, 0xFE40, 0xFE40, 0xFD20, 0xFD00, 0xFBA4, 0xFBA3, 0xFBA3, 0xFBA4, 0xFBA3, 0xFC40, 0xFE20, 0xFE40,
    0xFDC0, 0xFE20, 0xA025, 0xA940, 0x0000, 0x0000, 0x0000, 0x0000, 0x0000, 0x0000, 0x0000, 0x0000, 0x0000, 0x0000, 0x0000, 0x0000,
    0x0000, 0x0000, 0x0000, 0x0000, 0x0000, 0x0000, 0x0000, 0x0000, 0x0000, 0x0000, 0x0000, 0x0000, 0x0000, 0x0000, 0x0000, 0x0000,
    0x0000, 0x0000, 0x0000, 0x0000, 0x0000, 0x0000, 0x0000, 0x0000, 0x0000, 0x0000, 0x0000, 0x0000, 0x0000, 0x0000, 0x0000, 0x0000,
    0x0000, 0x0000, 0x0000, 0x0000, 0x0000, 0x0000, 0x0000, 0x0000, 0x0000, 0x0000, 0x0000, 0x0000, 0x0000, 0x0000, 0x9824, 0x9805,
    0xFD80, 0xFD80, 0xFE40, 0xFCA0, 0xFCA0, 0xFBC4, 0xFBC4, 0xFBC4, 0xFBC4, 0xFBA4, 0xFE40, 0xFE40, 0xFE40, 0xFE40, 0xFD80, 0xFCC0,
    0xC800, 0xC860, 0xFE49, 0xFF77, 0xFF77, 0xFF57, 0xFF78, 0xFFBA, 0xFFBA, 0xFFBA, 0xFFBA, 0xFFBA, 0xFFBA, 0xFFBA, 0xFFBA, 0xFFBA,
    0xFFBA, 0xFFBA, 0xFFBA, 0xFFBA, 0xFFBA, 0xFFBA, 0xFFBA, 0xFFBA, 0xFFBA, 0xFFBA, 0xFFBA, 0xFF77, 0xFF77, 0xFF56, 0xFE8B, 0xFE6B,
    0xE020, 0xD800, 0xFDC0, 0xFE20, 0xFE40, 0xFE40, 0xFD60, 0xFD20, 0xFBC3, 0xFBA4, 0xFBC4, 0xFBC4, 0xFBC4, 0xFC60, 0xFE20, 0xFE40,
    0xFDA0, 0xFE20, 0x9004, 0xB8E3, 0x0000, 0x0000, 0x0000, 0x0000, 0x0000, 0x0000, 0x0000, 0x0000, 0x0000, 0x0000, 0x0000, 0x0000,
    0x0000, 0x0000, 0x0000, 0x0000, 0x0000, 0x0000, 0x0000, 0x0000, 0x0000, 0x0000, 0x0000, 0x0000, 0x0000, 0x0000, 0x0000, 0x0000,
    0x0000, 0x0000, 0x0000, 0x0000, 0x0000, 0x0000, 0x0000, 0x0000, 0x0000, 0x0000, 0x0000, 0x0000, 0x0000, 0x0000, 0x0000, 0x0000,
    0x0000, 0x0000, 0x0000, 0x0000, 0x0000, 0x0000, 0x0000, 0x0000, 0x0000, 0x0000, 0x0000, 0x0000, 0x0000, 0x9005, 0xE222, 0xFAE0,
    0xFD20, 0xFD40, 0xFBA3, 0xFB21, 0xFB01, 0xFBC4, 0xFBC4, 0xFBC4, 0xFBC4, 0xFBA4, 0xFAE1, 0xFE40, 0xFE40, 0xFE40, 0xFDA0, 0xFCC0,
    0xFB20, 0xFAE0, 0xE0E0, 0xFE69, 0xFE69, 0xFF76, 0xFF77, 0xFF77, 0xFF57, 0xFF56, 0xFFBA, 0xFFBA, 0xFFBA, 0xFFBA, 0xFFBA, 0xFFBA,
    0xFFBA, 0xFFBA, 0xFFBA, 0xFFBA, 0xFFBA, 0xFFBA, 0xFFBA, 0xFFBA, 0xFFBA, 0xFFBA, 0xFF56, 0xFF56, 0xFF76, 0xFE4A, 0xFAE2, 0xF1E0,
    0xFBC0, 0xFBE0, 0xFD00, 0xFE40, 0xFE20, 0xFE40, 0xFB41, 0xFB01, 0xFBC4, 0xFBA4, 0xFBA4, 0xFBC4, 0xFBC4, 0xFB01, 0xFBA3, 0xFBA3,
    0xFE20, 0xFE60, 0xFAC0, 0x9825, 0x9005, 0x0000, 0x0000, 0x0000, 0x0000, 0x0000, 0x0000, 0x0000, 0x0000, 0x0000, 0x0000, 0x0000,
    0x0000, 0x0000, 0x0000, 0x0000, 0x0000, 0x0000, 0x0000, 0x0000, 0x0000, 0x0000, 0x0000, 0x0000, 0x0000, 0x0000, 0x0000, 0x0000,
    0x0000, 0x0000, 0x0000, 0x0000, 0x0000, 0x0000, 0x0000, 0x0000, 0x0000, 0x0000, 0x0000, 0x0000, 0x0000, 0x0000, 0x0000, 0x0000,
    0x0000, 0x0000, 0x0000, 0x0000, 0x0000, 0x0000, 0x0000, 0x0000, 0x0000, 0x0000, 0x0000, 0x0000, 0x0000, 0x9005, 0xDA42, 0xFB00,
    0xFD40, 0xFD60, 0xFBC4, 0xFB01, 0xFB01, 0xFBC4, 0xFBC4, 0xFBA4, 0xFBC4, 0xFBC4, 0xFAE1, 0xFEA0, 0xFEA0, 0xFE60, 0xFDA0, 0xFCC0,
    0xFB20, 0xFB00, 0xE0E0, 0xFE89, 0xFEAA, 0xFF98, 0xFF98, 0xFF77, 0xFF76, 0xFF77, 0xFFBA, 0xFFBA, 0xFFBA, 0xFFBA, 0xFFBA, 0xFFBA,
    0xFFBA, 0xFFBA, 0xFFBA, 0xFFBA, 0xFFBA, 0xFFBA, 0xFFBA, 0xFFBB, 0xFFBB, 0xFFBB, 0xFF77, 0xFF78, 0xFF76, 0xFE8A, 0xF2C1, 0xF9E0,
    0xFBC0, 0xFBC0, 0xFD00, 0xFE40, 0xFE40, 0xFEA0, 0xF321, 0xFB01, 0xFBC4, 0xFBA4, 0xFBA4, 0xFBC4, 0xFBC4, 0xFB01, 0xFBC4, 0xFBC4,
    0xFE40, 0xFE80, 0xFAA0, 0x9825, 0x9005, 0x0000, 0x0000, 0x0000, 0x0000, 0x0000, 0x0000, 0x0000, 0x0000, 0x0000, 0x0000, 0x0000,
    0x0000, 0x0000, 0x0000, 0x0000, 0x0000, 0x0000, 0x0000, 0x0000, 0x0000, 0x0000, 0x0000, 0x0000, 0x0000, 0x0000, 0x0000, 0x0000,
    0x0000, 0x0000, 0x0000, 0x0000, 0x0000, 0x0000, 0x0000, 0x0000, 0x0000, 0x0000, 0x0000, 0x0000, 0x0000, 0x0000, 0x0000, 0x0000,
    0x0000, 0x0000, 0x0000, 0x0000, 0x0000, 0x0000, 0x0000, 0x0000, 0x0000, 0x0000, 0x0000, 0x0000, 0x0000, 0xA004, 0xDA01, 0xFB00,
    0xFBA3, 0xFBC4, 0xFBC4, 0xFBC4, 0xFBC4, 0xFB22, 0xFBC4, 0xFBC4, 0xFBC4, 0xFBC4, 0xFBC4, 0xFAE1, 0xFAE1, 0xFE61, 0xFDA0, 0xFCC0,
    0xFB20, 0xFB20, 0xE0E0, 0xFC82, 0xFC62, 0xFE28, 0xFE49, 0xFF12, 0xFF77, 0xFF76, 0xFF56, 0xFF56, 0xFF76, 0xFFBA, 0xFFBA, 0xFFBA,
    0xFFBA, 0xFFBA, 0xFFBA, 0xFFBA, 0xFFBA, 0xFF56, 0xFF56, 0xFF56, 0xFF76, 0xFF56, 0xFF76, 0xFE49, 0xFE6A, 0xFD23, 0xF280, 0xFA00,
    0xFBC0, 0xFBC0, 0xFD00, 0xFE40, 0xFE60, 0xFB01, 0xFBC4, 0xFBA4, 0xFBA4, 0xFBA4, 0xFBA3, 0xFB02, 0xFB01, 0xFBC4, 0xFBC4, 0xFBC4,
    0xFBC4, 0xFBE4, 0xFAC0, 0xA005, 0x9805, 0xF800, 0x0000, 0x0000, 0x0000, 0x0000, 0x0000, 0x0000, 0x0000, 0x0000, 0x0000, 0x0000,
    0x0000, 0x0000, 0x0000, 0x0000, 0x0000, 0x0000, 0x0000, 0x0000, 0x0000, 0x0000, 0x0000, 0x0000, 0x0000, 0x0000, 0x0000, 0x0000,
    0x0000, 0x0000, 0x0000, 0x0000, 0x0000, 0x0000, 0x0000, 0x0000, 0x0000, 0x0000, 0x0000, 0x0000, 0x0000, 0x0000, 0x0000, 0x0000,
    0x0000, 0x0000, 0x0000, 0x0000, 0x0000, 0x0000, 0x0000, 0x0000, 0x0000, 0x0000, 0x0000, 0x0000, 0x0000, 0x9005, 0xD182, 0xFA80,
    0xFBC4, 0xFBC4, 0xFBC4, 0xFBC4, 0xFBC4, 0xFBC4, 0xFBA4, 0xFBC4, 0xFBC4, 0xFBC4, 0xFBC4, 0xFAE1, 0xFAE1, 0xFCE0, 0xFCA0, 0xFC00,
    0xFB20, 0xFB20, 0xC001, 0xFAA0, 0xFAC0, 0xFD84, 0xFDC6, 0xFE6A, 0xFE6A, 0xFE6A, 0xFE6B, 0xFF56, 0xFF56, 0xFF56, 0xFF55, 0xFF56,
    0xFF56, 0xFF56, 0xFF56, 0xFF56, 0xFF56, 0xFF56, 0xFE6B, 0xFE6B, 0xFE49, 0xFE6A, 0xFE6A, 0xFD64, 0xFDA5, 0xFB01, 0xC8C3, 0xC803,
    0xFBC0, 0xFBC0, 0xFD00, 0xFC60, 0xFC60, 0xFAE1, 0xFBA4, 0xFBC4, 0xFBA4, 0xFBC4, 0xFBA4, 0xFBA4, 0xFBA3, 0xFBC4, 0xFBC4, 0xFBC4,
    0xFBC4, 0xFBC4, 0xFA40, 0x9005, 0x9805, 0x0000, 0x0000, 0x0000, 0x0000, 0x0000, 0x0000, 0x0000, 0x0000, 0x0000, 0x0000, 0x0000,
    0x0000, 0x0000, 0x0000, 0x0000, 0x0000, 0x0000, 0x0000, 0x0000, 0x0000, 0x0000, 0x0000, 0x0000, 0x0000, 0x0000, 0x0000, 0x0000,
    0x0000, 0x0000, 0x0000, 0x0000, 0x0000, 0x0000, 0x0000, 0x0000, 0x0000, 0x0000, 0x0000, 0x0000, 0x0000, 0x0000, 0x0000, 0x0000,
    0x0000, 0x0000, 0x0000, 0x0000, 0x0000, 0x0000, 0x0000, 0x0000, 0x0000, 0x0000, 0x0000, 0x0000, 0x0000, 0x9005, 0xE1E2, 0xFA60,
    0xFBC3, 0xFBC4, 0xFBC4, 0xFBC4, 0xFBC4, 0xFBC4, 0xFBC4, 0xFBC4, 0xFBC4, 0xFBC4, 0xFBA3, 0xFAE1, 0xFAE1, 0xFCE0, 0xFC80, 0xFC00,
    0xFB40, 0xFB40, 0xC821, 0xFAE0, 0xFAA0, 0xFD43, 0xFDA6, 0xFE6A, 0xFE6A, 0xFE4A, 0xFE8B, 0xFF77, 0xFF55, 0xFF56, 0xFF56, 0xFF76,
    0xFF56, 0xFF56, 0xFF56, 0xFF56, 0xFF76, 0xFF76, 0xFEAC, 0xFE4A, 0xFE4A, 0xFE6A, 0xFE6A, 0xFD64, 0xFD84, 0xFB00, 0xC8A2, 0xC803,
    0xFBE0, 0xFBC0, 0xFD00, 0xFC80, 0xFC60, 0xFAE1, 0xFBC4, 0xFBC4, 0xFBC3, 0xFBC4, 0xFBC4, 0xFBA4, 0xFBA4, 0xFBC4, 0xFBC4, 0xFBC4,
    0xFBC4, 0xFBE4, 0xFA20, 0x9805, 0x9005, 0x0000, 0x0000, 0x0000, 0x0000, 0x0000, 0x0000, 0x0000, 0x0000, 0x0000, 0x0000, 0x0000,
    0x0000, 0x0000, 0x0000, 0x0000, 0x0000, 0x0000, 0x0000, 0x0000, 0x0000, 0x0000, 0x0000, 0x0000, 0x0000, 0x0000, 0x0000, 0x0000,
    0x0000, 0x0000, 0x0000, 0x0000, 0x0000, 0x0000, 0x0000, 0x0000, 0x0000, 0x0000, 0x0000, 0x0000, 0x0000, 0x0000, 0x0000, 0x0000,
    0x0000, 0x0000, 0x0000, 0x0000, 0x0000, 0x0000, 0x0000, 0x0000, 0x0000, 0x0000, 0x0000, 0x0000, 0x0000, 0x0000, 0x9824, 0x9805,
    0xFAE0, 0xFB01, 0xFBC4, 0xFBC4, 0xFBC4, 0xFBC4, 0xFBC4, 0xFBC4, 0xFBC4, 0xFBC4, 0xFB01, 0xFB01, 0xFAE1, 0xFC60, 0xFC20, 0xFBC0,
    0xFA60, 0xFA60, 0x8804, 0xE920, 0xE940, 0xFBC1, 0xFBA1, 0xFBA1, 0xFD85, 0xFD85, 0xFE6A, 0xFE6A, 0xFE6A, 0xFE4A, 0xFE6A, 0xFE6A,
    0xFE6A, 0xFE6A, 0xFE6A, 0xFE4A, 0xFE4A, 0xFE6A, 0xFE6A, 0xFE6A, 0xFD64, 0xFD43, 0xFD64, 0xFBA1, 0xFB81, 0xF181, 0xB064, 0xA005,
    0xFBC0, 0xFBC0, 0xFC80, 0xFAC1, 0xFAC1, 0xFAE1, 0xFB01, 0xFB01, 0xFBA3, 0xFBA4, 0xFBA4, 0xFBA4, 0xFBC4, 0xFBC4, 0xFBC4, 0xFBC4,
    0xFAE1, 0xFB00, 0x9005, 0xA800, 0x0000, 0x0000, 0x0000, 0x0000, 0x0000, 0x0000, 0x0000, 0x0000, 0x0000, 0x0000, 0x0000, 0x0000,
    0x0000, 0x0000, 0x0000, 0x0000, 0x0000, 0x0000, 0x0000, 0x0000, 0x0000, 0x0000, 0x0000, 0x0000, 0x0000, 0x0000, 0x0000, 0x0000,
    0x0000, 0x0000, 0x0000, 0x0000, 0x0000, 0x0000, 0x0000, 0x0000, 0x0000, 0x0000, 0x0000, 0x0000, 0x0000, 0x0000, 0x0000, 0x0000,
    0x0000, 0x0000, 0x0000, 0x0000, 0x0000, 0x0000, 0x0000, 0x0000, 0x0000, 0x0000, 0x0000, 0x0000, 0x0000, 0x0000, 0x90A2, 0xB124,
    0xB083, 0xB0A3, 0xFAE1, 0xFBC4, 0xFBC4, 0xFBC4, 0xFBC4, 0xFBC4, 0xFB22, 0xFB22, 0xFB01, 0xFB01, 0xFB01, 0xFC60, 0xFBE0, 0xFAC0,
    0xD8C0, 0xC880, 0x6805, 0x9024, 0x9844, 0xA0A2, 0xB942, 0xFB41, 0xFBA2, 0xFB40, 0xFD64, 0xFDC6, 0xFDE7, 0xFDE7, 0xFDC6, 0xFDC6,
    0xFDC6, 0xFDC6, 0xFDC6, 0xFDA6, 0xFDC6, 0xFDC6, 0xFDC6, 0xFDA6, 0xFB60, 0xFB80, 0xFB81, 0xA8C3, 0xA8A3, 0x9066, 0x7826, 0x6806,
    0xF1C0, 0xFA21, 0xFCC0, 0xFAC1, 0xFAE1, 0xFAE1, 0xFB01, 0xFB01, 0xFB01, 0xFB21, 0xFBA4, 0xFBA4, 0xFBC4, 0xFBC4, 0xFB01, 0xFAE1,
    0xB0C4, 0xA8A3, 0xA0A3, 0xF800, 0x0000, 0x0000, 0x0000, 0x0000, 0x0000, 0x0000, 0x0000, 0x0000, 0x0000, 0x0000, 0x0000, 0x0000,
    0x0000, 0x0000, 0x0000, 0x0000, 0x0000, 0x0000, 0x0000, 0x0000, 0x0000, 0x0000, 0x0000, 0x0000, 0x0000, 0x0000, 0x0000, 0x0000,
    0x0000, 0x0000, 0x0000, 0x0000, 0x0000, 0x0000, 0x0000, 0x0000, 0x0000, 0x0000, 0x0000, 0x0000, 0x0000, 0x0000, 0x0000, 0x0000,
    0x0000, 0x0000, 0x0000, 0x0000, 0x0000, 0x0000, 0x0000, 0x0000, 0x0000, 0x0000, 0x0000, 0x0000, 0x0000, 0x0000, 0x0000, 0xF800,
    0x9804, 0x8804, 0xFAE1, 0xFBA4, 0xFBC4, 0xFBC4, 0xFBC4, 0xFBC4, 0xFB01, 0xFB01, 0xFB01, 0xFAE1, 0xFB01, 0xFC60, 0xFBA0, 0xFAC0,
    0xC860, 0xC860, 0x6806, 0x7806, 0x7805, 0x9003, 0xB0E1, 0xFB40, 0xFB20, 0xFB00, 0xFD64, 0xFDC5, 0xFDC5, 0xFDA5, 0xFDA5, 0xFDA5,
    0xFDA5, 0xFDA5, 0xFDA5, 0xFDA5, 0xFDA5, 0xFDA5, 0xFDA5, 0xFDA5, 0xFB20, 0xFB41, 0xFB20, 0x9003, 0x9803, 0x7006, 0x7006, 0x7006,
    0xF9C0, 0xF9C1, 0xFCE0, 0xFAC1, 0xFAE1, 0xFB01, 0xFB01, 0xFB01, 0xFAE1, 0xFB01, 0xFBA4, 0xFBA4, 0xFBA4, 0xFBC4, 0xFAC1, 0xFAA0,
    0x9005, 0x9806, 0x0000, 0x0000, 0x0000, 0x0000, 0x0000, 0x0000, 0x0000, 0x0000, 0x0000, 0x0000, 0x0000, 0x0000, 0x0000, 0x0000,
    0x0000, 0x0000, 0x0000, 0x0000, 0x0000, 0x0000, 0x0000, 0x0000, 0x0000, 0x0000, 0x0000, 0x0000, 0x0000, 0x0000, 0x0000, 0x0000,
    0x0000, 0x0000, 0x0000, 0x0000, 0x0000, 0x0000, 0x0000, 0x0000, 0x0000, 0x0000, 0x0000, 0x0000, 0x0000, 0x0000, 0x0000, 0x0000,
    0x0000, 0x0000, 0x0000, 0x0000, 0x0000, 0x0000, 0x0000, 0x0000, 0x0000, 0x0000, 0x0000, 0x0000, 0x0000, 0x0000, 0x0000, 0x0000,
    0x0000, 0xFD40, 0x9004, 0xFAE1, 0xFAC1, 0xFAC1, 0xFAE1, 0xFAE1, 0xFB01, 0xFB01, 0xFB01, 0xFAE1, 0xFB01, 0xFA40, 0xC141, 0x6001,
    0x5801, 0x5801, 0x0000, 0x0000, 0x0000, 0x0000, 0x7862, 0x6001, 0x5801, 0x6001, 0x6001, 0x5801, 0x5801, 0x6001, 0x6001, 0x6001,
    0x6001, 0x6001, 0x6001, 0x6001, 0x6001, 0x5801, 0x5801, 0x5801, 0x6001, 0x6001, 0x5801, 0x6000, 0x0000, 0x0000, 0x0000, 0xF800,
    0x6001, 0x5801, 0x7802, 0xFDE1, 0xFDE0, 0xFB01, 0xFB01, 0xFB01, 0xFAE1, 0xFAE1, 0xFAE1, 0xFAE1, 0xFAE1, 0xFAE1, 0xA0A4, 0x9005,
    0x7800, 0x0000, 0x0000, 0x0000, 0x0000, 0x0000, 0x0000, 0x0000, 0x0000, 0x0000, 0x0000, 0x0000, 0x0000, 0x0000, 0x0000, 0x0000,
    0x0000, 0x0000, 0x0000, 0x0000, 0x0000, 0x0000, 0x0000, 0x0000, 0x0000, 0x0000, 0x0000, 0x0000, 0x0000, 0x0000, 0x0000, 0x0000,
    0x0000, 0x0000, 0x0000, 0x0000, 0x0000, 0x0000, 0x0000, 0x0000, 0x0000, 0x0000, 0x0000, 0x0000, 0x0000, 0x0000, 0x0000, 0x0000,
    0x0000, 0x0000, 0x0000, 0x0000, 0x0000, 0x0000, 0x0000, 0x0000, 0x0000, 0x0000, 0x0000, 0x0000, 0x0000, 0x0000, 0x0000, 0x0000,
    0x0000, 0xFAA0, 0x9825, 0xF301, 0xFAE1, 0xFB01, 0xFB01, 0xFB01, 0xFB21, 0xFB21, 0xFB01, 0xFB00, 0xFAE0, 0xFA60, 0xB101, 0x6801,
    0x6001, 0x6802, 0x0000, 0x0000, 0x0000, 0x0000, 0x7021, 0x6801, 0x6801, 0x6821, 0x6021, 0x6021, 0x6021, 0x6821, 0x6821, 0x6821,
    0x6821, 0x6821, 0x6821, 0x6021, 0x6821, 0x6021, 0x6021, 0x6001, 0x6821, 0x6801, 0x6801, 0xB800, 0x0000, 0x0000, 0x0000, 0x0000,
    0x6801, 0x6021, 0x7822, 0xEDE0, 0xFE00, 0xF2C0, 0xFB01, 0xFB21, 0xFB01, 0xFB00, 0xF300, 0xFB21, 0xFB01, 0xFAE0, 0xA884, 0x9825,
    0x0000, 0x0000, 0x0000, 0x0000, 0x0000, 0x0000, 0x0000, 0x0000, 0x0000, 0x0000, 0x0000, 0x0000, 0x0000, 0x0000, 0x0000, 0x0000,
    0x0000, 0x0000, 0x0000, 0x0000, 0x0000, 0x0000, 0x0000, 0x0000, 0x0000, 0x0000, 0x0000, 0x0000, 0x0000, 0x0000, 0x0000, 0x0000,
    0x0000, 0x0000, 0x0000, 0x0000, 0x0000, 0x0000, 0x0000, 0x0000, 0x0000, 0x0000, 0x0000, 0x0000, 0x0000, 0x0000, 0x0000, 0x0000,
    0x0000, 0x0000, 0x0000, 0x0000, 0x0000, 0x0000, 0x0000, 0x0000, 0x0000, 0x0000, 0x0000, 0x0000, 0x0000, 0x0000, 0x0000, 0x0000,
    0x0000, 0x0000, 0x0000, 0x9004, 0x9004, 0x9004, 0x9004, 0x9804, 0x9004, 0x9804, 0x9804, 0xA003, 0x9803, 0x8803, 0x9842, 0x0000,
    0x0000, 0x0000, 0x0000, 0x0000, 0x0000, 0x0000, 0x0000, 0x0000, 0x0000, 0x0000, 0x0000, 0x0000, 0x0000, 0x0000, 0x0000, 0x0000,
    0x0000, 0x0000, 0x0000, 0x0000, 0x0000, 0x0000, 0x0000, 0x0000, 0x0000, 0x0000, 0x0000, 0x0000, 0x0000, 0x0000, 0x0000, 0x0000,
    0x0000, 0x0000, 0x0000, 0x8003, 0x8003, 0x9803, 0x9004, 0x9004, 0x9004, 0x9004, 0x9004, 0x9004, 0x9005, 0x9005, 0xA083, 0x0000,
    0x0000, 0x0000, 0x0000, 0x0000, 0x0000, 0x0000, 0x0000, 0x0000, 0x0000, 0x0000, 0x0000, 0x0000, 0x0000, 0x0000, 0x0000, 0x0000,
    0x0000, 0x0000, 0x0000, 0x0000, 0x0000, 0x0000, 0x0000, 0x0000, 0x0000, 0x0000, 0x0000, 0x0000, 0x0000, 0x0000, 0x0000, 0x0000,
    0x0000, 0x0000, 0x0000, 0x0000, 0x0000, 0x0000, 0x0000, 0x0000, 0x0000, 0x0000, 0x0000, 0x0000, 0x0000, 0x0000, 0x0000, 0x0000,
    0x0000, 0x0000, 0x0000, 0x0000, 0x0000, 0x0000, 0x0000, 0x0000, 0x0000, 0x0000, 0x0000, 0x0000, 0x0000, 0x0000, 0x0000, 0x0000,
    0x0000, 0x0000, 0x0000, 0x0000, 0xF800, 0xF800, 0xF800, 0xF800, 0xF800, 0xF800, 0xF800, 0xF800, 0x0000, 0x0000, 0x0000, 0x0000,
    0x0000, 0x0000, 0x0000, 0x0000, 0x0000, 0x0000, 0x0000, 0x0000, 0x0000, 0x0000, 0x0000, 0x0000, 0x0000, 0x0000, 0x0000, 0x0000,
    0x0000, 0x0000, 0x0000, 0x0000, 0x0000, 0x0000, 0x0000, 0x0000, 0x0000, 0x0000, 0x0000, 0x0000, 0x0000, 0x0000, 0x0000, 0x0000,
    0x0000, 0x0000, 0x0000, 0x0000, 0xF800, 0xF800, 0xF800, 0x0000, 0xF800, 0xF800, 0xF800, 0xF800, 0x0000, 0xF800, 0x0000, 0x0000,
    0x0000, 0x0000, 0x0000, 0x0000, 0x0000, 0x0000, 0x0000, 0x0000, 0x0000, 0x0000, 0x0000, 0x0000, 0x0000, 0x0000, 0x0000, 0x0000,
    0x0000, 0x0000, 0x0000, 0x0000, 0x0000, 0x0000, 0x0000, 0x0000, 0x0000, 0x0000, 0x0000, 0x0000, 0x0000, 0x0000, 0x0000, 0x0000,
    0x0000, 0x0000, 0x0000, 0x0000, 0x0000, 0x0000, 0x0000, 0x0000, 0x0000, 0x0000, 0x0000, 0x0000, 0x0000, 0x0000, 0x0000, 0x0000,
    0x0000, 0x0000, 0x0000, 0x0000, 0x0000, 0x0000, 0x0000, 0x0000, 0x0000, 0x0000, 0x0000, 0x0000, 0x0000, 0x0000, 0x0000, 0x0000,
    0x0000, 0x0000, 0x0000, 0x0000, 0x0000, 0x0000, 0x0000, 0x0000, 0x0000, 0x0000, 0x0000, 0x0000, 0x0000, 0x0000, 0x0000, 0x0000,
    0x0000, 0x0000, 0x0000, 0x0000, 0x0000, 0x0000, 0x0000, 0x0000, 0x0000, 0x0000, 0x0000, 0x0000, 0x0000, 0x0000, 0x0000, 0x0000,
    0x0000, 0x0000, 0x0000, 0x0000, 0x0000, 0x0000, 0x0000, 0x0000, 0x0000, 0x0000, 0x0000, 0x0000, 0x0000, 0x0000, 0x0000, 0x0000,
    0x0000, 0x0000, 0x0000, 0x0000, 0x0000, 0x0000, 0x0000, 0x0000, 0x0000, 0x0000, 0x0000, 0x0000, 0x0000, 0x0000, 0x0000, 0x0000,
    0x0000, 0x0000, 0x0000, 0x0000, 0x0000, 0x0000, 0x0000, 0x0000, 0x0000, 0x0000, 0x0000, 0x0000, 0x0000, 0x0000, 0x0000, 0x0000,
    0x0000, 0x0000, 0x0000, 0x0000, 0x0000, 0x0000, 0x0000, 0x0000, 0x0000, 0x0000, 0x0000, 0x0000, 0x0000, 0x0000, 0x0000, 0x0000,
    0x0000, 0x0000, 0x0000, 0x0000, 0x0000, 0x0000, 0x0000, 0x0000, 0x0000, 0x0000, 0x0000, 0x0000, 0x0000, 0x0000, 0x0000, 0x0000,
    0x0000, 0x0000, 0x0000, 0x0000, 0x0000, 0x0000, 0x0000, 0x0000, 0x0000, 0x0000, 0x0000, 0x0000, 0x0000, 0x0000, 0x0000, 0x0000,
    0x0000, 0x0000, 0x0000, 0x0000, 0x0000, 0x0000, 0x0000, 0x0000, 0x0000, 0x0000, 0x0000, 0x0000, 0x0000, 0x0000, 0x0000, 0x0000,
    0x0000, 0x0000, 0x0000, 0x0000, 0x0000, 0x0000, 0x0000, 0x0000, 0x0000, 0x0000, 0x0000, 0x0000, 0x0000, 0x0000, 0x0000, 0x0000,
    0x0000, 0x0000, 0x0000, 0x0000, 0x0000, 0x0000, 0x0000, 0x0000, 0x0000, 0x0000, 0x0000, 0x0000, 0x0000, 0x0000, 0x0000, 0x0000,
    0x0000, 0x0000, 0x0000, 0x0000, 0x0000, 0x0000, 0x0000, 0x0000, 0x0000, 0x0000, 0x0000, 0x0000, 0x0000, 0x0000, 0x0000, 0x0000,
    0x0000, 0x0000, 0x0000, 0x0000, 0x0000, 0x0000, 0x0000, 0x0000, 0x0000, 0x0000, 0x0000, 0x0000, 0x0000, 0x0000, 0x0000, 0x0000,
    0x0000, 0x0000, 0x0000, 0x0000, 0x0000, 0x0000, 0x0000, 0x0000, 0x0000, 0x0000, 0x0000, 0x0000, 0x0000, 0x0000, 0x0000, 0x0000,
    0x0000, 0x0000, 0x0000, 0x0000, 0x0000, 0x0000, 0x0000, 0x0000, 0x0000, 0x0000, 0x0000, 0x0000, 0x0000, 0x0000, 0x0000, 0x0000,
    0x0000, 0x0000, 0x0000, 0x0000, 0x0000, 0x0000, 0x0000, 0x0000, 0x0000, 0x0000, 0x0000, 0x0000, 0x0000, 0x0000, 0x0000, 0x0000,
    0x0000, 0x0000, 0x0000, 0x0000, 0x0000, 0x0000, 0x0000, 0x0000, 0x0000, 0x0000, 0x0000, 0x0000, 0x0000, 0x0000, 0x0000, 0x0000,
    0x0000, 0x0000, 0x0000, 0x0000, 0x0000, 0x0000, 0x0000, 0x0000, 0x0000, 0x0000, 0x0000, 0x0000, 0x0000, 0x0000, 0x0000, 0x0000,
    0x0000, 0x0000, 0x0000, 0x0000, 0x0000, 0x0000, 0x0000, 0x0000, 0x0000, 0x0000, 0x0000, 0x0000, 0x0000, 0x0000, 0x0000, 0x0000,
    0x0000, 0x0000, 0x0000, 0x0000, 0x0000, 0x0000, 0x0000, 0x0000, 0x0000, 0x0000, 0x0000, 0x0000, 0x0000, 0x0000, 0x0000, 0x0000,
    0x0000, 0x0000, 0x0000, 0x0000, 0x0000, 0x0000, 0x0000, 0x0000, 0x0000, 0x0000, 0x0000, 0x0000, 0x0000, 0x0000, 0x0000, 0x0000,
    0x0000, 0x0000, 0x0000, 0x0000, 0x0000, 0x0000, 0x0000, 0x0000, 0x0000, 0x0000, 0x0000, 0x0000, 0x0000, 0x0000, 0x0000, 0x0000,
    0x0000, 0x0000, 0x0000, 0x0000, 0x0000, 0x0000, 0x0000, 0x0000, 0x0000, 0x0000, 0x0000, 0x0000, 0x0000, 0x0000, 0x0000, 0x0000,
    0x0000, 0x0000, 0x0000, 0x0000, 0x0000, 0x0000, 0x0000, 0x0000, 0x0000, 0x0000, 0x0000, 0x0000, 0x0000, 0x0000, 0x0000, 0x0000,
    0x0000, 0x0000, 0x0000, 0x0000, 0x0000, 0x0000, 0x0000, 0x0000, 0x0000, 0x0000, 0x0000, 0x0000, 0x0000, 0x0000, 0x0000, 0x0000,
    0x0000, 0x0000, 0x0000, 0x0000, 0x0000, 0x0000, 0x0000, 0x0000, 0x0000, 0x0000, 0x0000, 0x0000, 0x0000, 0x0000, 0x0000, 0x0000,
    0x0000, 0x0000, 0x0000, 0x0000, 0x0000, 0x0000, 0x0000, 0x0000, 0x0000, 0x0000, 0x0000, 0x0000, 0x0000, 0x0000, 0x0000, 0x0000,
    0x0000, 0x0000, 0x0000, 0x0000, 0x0000, 0x0000, 0x0000, 0x0000, 0x0000, 0x0000, 0x0000, 0x0000, 0x0000, 0x0000, 0x0000, 0x0000,
    0x0000, 0x0000, 0x0000, 0x0000, 0x0000, 0x0000, 0x0000, 0x0000, 0x0000, 0x0000, 0x0000, 0x0000, 0x0000, 0x0000, 0x0000, 0x0000,
    0x0000, 0x0000, 0x0000, 0x0000, 0x0000, 0x0000, 0x0000, 0x0000, 0x0000, 0x0000, 0x0000, 0x0000, 0x0000, 0x0000, 0x0000, 0x0000,
};
alignas(4) const uint16_t kIdleClosed[16384] = {
    0xFFFF, 0xCE9A, 0xFFFF, 0xCE9A, 0xD6BB, 0xFFFF, 0xD69A, 0xFFFF, 0xE71C, 0xCE7A, 0xFFFF, 0xD69A, 0xFFFF, 0xD69A, 0xFFDF, 0xDF1B,
    0xD6BA, 0xFFFF, 0xD69A, 0xFFFF, 0xD69A, 0xFFFF, 0xCE79, 0xEF7D, 0xFFDF, 0xCE7A, 0xFFFF, 0xD6BA, 0xFFFF, 0xD6BA, 0xFFFF, 0xD6BB,
    0xFFFF, 0xD6BB, 0xFFFF, 0xCE9A, 0xFFFF, 0xE73C, 0xCE79, 0xEF5D, 0xCE7A, 0xD6BA, 0xDEFB, 0xE71C, 0xFFFF, 0xEF7D, 0xCE7A, 0xFFFF,
    0xD6BA, 0xFFFF, 0xCE79, 0xFFFF, 0xD69A, 0xFFFF, 0xD69A, 0xFFFF, 0xD6DB, 0xDEFB, 0xFFFF, 0xDEFB, 0xDEDB, 0xFFDF, 0xD6BA, 0xFFFF,
    0xD6BA, 0xFFDF, 0xFFDF, 0xDEDB, 0xFFDF, 0xD6BA, 0xFFFF, 0xCE7A, 0xDEFB, 0xFFFF, 0xD69A, 0xFFFF, 0xD6BA, 0xFFFF, 0xCE9A, 0xFFDF,
    0xF7BE, 0xD69A, 0xFFFF, 0xD69A, 0xFFFF, 0xD69A, 0xFFFF, 0xE71C, 0xD69A, 0xFFFF, 0xD69A, 0xFFFF, 0xCE7A, 0xFFFF, 0xD6BA, 0xFFFF,
    0xD69A, 0xEF7D, 0xDEFB, 0xCE59, 0xFFDF, 0xD69A, 0xFFFF, 0xD69A, 0xCE79, 0xFFFF, 0xD6BA, 0xFFFF, 0xD6BA, 0xFFFF, 0xDEFB, 0xD6BB,
    0xFFFF, 0xD6BA, 0xFFFF, 0xCE9A, 0xFFFF, 0xD69A, 0xFFFF, 0xD6BA, 0xFFDF, 0xEF7D, 0xD69A, 0xFFFF, 0xD69A, 0xFFFF, 0xCE7A, 0xFFFF,
    0xCE7A, 0xFFFF, 0xD6BA, 0xFFFF, 0xEF7D, 0xCE7A, 0xFFFF, 0xD69A, 0xE73C, 0xFFFF, 0xD6BA, 0xFFFF, 0xCE79, 0xFFFF, 0xCE59, 0xEF7D,
    0xFFDF, 0xCE9A, 0xFFFF, 0xD6BA, 0xFFFF, 0xD69A, 0xFFFF, 0xDEFB, 0xD69A, 0xFFDF, 0xD6BA, 0xFFFF, 0xD6BB, 0xFFFF, 0xCE7A, 0xFFFF,
    0xD6BB, 0xFFFF, 0xCE7A, 0xFFFF, 0xCE79, 0xE73C, 0xFFDF, 0xDEDB, 0xFFFF, 0xE73C, 0xF7BE, 0xDEFB, 0xCE79, 0xD6BA, 0xFFFF, 0xCE9A,
    0xFFFF, 0xD69A, 0xFFFF, 0xD6BA, 0xFFDF, 0xD69A, 0xFFFF, 0xC659, 0xE73C, 0xF79E, 0xD6BA, 0xFFFF, 0xEF5D, 0xCE9A, 0xFFFF, 0xCE79,
    0xF635, 0xDC2D, 0xCC4E, 0xFFFF, 0xCE7A, 0xFFFF, 0xD69A, 0xFFFF, 0xE73C, 0xD69A, 0xFFDF, 0xD69A, 0xFFFF, 0xCE9A, 0xFFFF, 0xD69A,
    0xCE79, 0xFFFF, 0xD6BB, 0xFFFF, 0xD69A, 0xFFFF, 0xCE59, 0xE73C, 0xF7DF, 0xD69A, 0xFFFF, 0xD69A, 0xFFFF, 0xD69A, 0xFFFF, 0xD6BA,
    0xFFFF, 0xD6DB, 0xEF5D, 0xFFFF, 0xD6BB, 0xFFFF, 0xD69A, 0xFFFF, 0xFFDF, 0xD6BB, 0xFFFF, 0xD6BA, 0xFFFF, 0xCE9A, 0xE73C, 0xFFFF,
    0xD69A, 0xFFFF, 0xCE9A, 0xFFFF, 0xD6BA, 0xFFDF, 0xCE9A, 0xFFFF, 0xCE9A, 0xDEDB, 0xFFDF, 0xD6BA, 0xFFFF, 0xCE9A, 0xFFFF, 0xCE79,
    0xFFFF, 0xD6BA, 0xFFFF, 0xCE79, 0xDEFB, 0xFFFF, 0xD6BA, 0xFFFF, 0xE71C, 0xCE7A, 0xFFFF, 0xD69A, 0xFFFF, 0xD6BB, 0xF79E, 0xDEFB,
    0xD69A, 0xFFFF, 0xD6DB, 0xFFFF, 0xD69A, 0xFFFF, 0xCE79, 0xE73C, 0xFFFF, 0xD69A, 0xFFDF, 0xD6BA, 0xFFFF, 0xD6BA, 0xFFFF, 0xD69A,
    0xFFFF, 0xD69A, 0xFFFF, 0xCE79, 0xFFDF, 0xEF5D, 0xCE59, 0xF7BE, 0xCE7A, 0xE71C, 0xD6BA, 0xE75D, 0xEF5D, 0xF79E, 0xCE79, 0xFFFF,
    0xD69A, 0xFFFF, 0xD6BA, 0xFFFF, 0xD69A, 0xFFFF, 0xD69A, 0xFFFF, 0xDEFC, 0xCE9A, 0xFFDF, 0xCE7A, 0xFFFF, 0xFFDF, 0xCE7A, 0xFFFF,
    0xD180, 0xD180, 0xD1A0, 0xC69A, 0xFFDF, 0xD6BA, 0xFFDF, 0xCE79, 0xDEDB, 0xFFFF, 0xD6BA, 0xFFFF, 0xCE9A, 0xFFDF, 0xCE9A, 0xEF7D,
    0xFFFF, 0xD6BA, 0xFFFF, 0xD69A, 0xFFFF, 0xD6BA, 0xFFFF, 0xEF7D, 0xD69A, 0xFFFF, 0xD6BA, 0xFFFF, 0xD6BA, 0xFFFF, 0xCE9A, 0xFFDF,
    0xD69A, 0xEF5D, 0xDEFC, 0xCE7A, 0xFFDF, 0xD6BA, 0xFFFF, 0xD6BA, 0xCE7A, 0xFFDF, 0xD6BA, 0xFFFF, 0xD6BB, 0xFFFF, 0xDEDB, 0xCE7A,
    0xFFFF, 0xD6BA, 0xFFFF, 0xD69A, 0xFFFF, 0xD69A, 0xFFFF, 0xD69A, 0xF7BE, 0xEF7E, 0xD69A, 0xFFDF, 0xD69A, 0xFFFF, 0xD69A, 0xFFFF,
    0xCE79, 0xFFFF, 0xCE79, 0xFFFF, 0xFFDF, 0xCE59, 0xFFFF, 0xCE59, 0xE73C, 0xFFFF, 0xCE59, 0xFFFF, 0xC639, 0xFFFF, 0xD69A, 0xEF7D,
    0xFFFF, 0xD69A, 0xFFDF, 0xD69A, 0xFFFF, 0xD69A, 0xFFFF, 0xE73C, 0xCE79, 0xFFFF, 0xCE59, 0xFFFF, 0xD69A, 0xFFFF, 0xD69A, 0xFFFF,
    0xC618, 0xF77E, 0xCE7A, 0xFFFF, 0xCE9A, 0xE71C, 0xFFFF, 0xC639, 0xFFFF, 0xF79E, 0xE73C, 0xDEDB, 0xD6BB, 0xD6BA, 0xFFFF, 0xD6BA,
    0xFFFF, 0xD6BA, 0xFFDF, 0xD67A, 0xFFFF, 0xD69A, 0xFFDF, 0xC639, 0xEF7D, 0xFFFF, 0xCE7A, 0xFFFF, 0xD69A, 0xDEDB, 0xC181, 0xB940,
    0xFFC9, 0xFFA8, 0xD180, 0xFFDF, 0xD6DB, 0xFFFF, 0xCE79, 0xFFFF, 0xF79E, 0xCE79, 0xFFFF, 0xCE79, 0xFFFF, 0xCE7A, 0xFFFF, 0xDEFC,
    0xCE7A, 0xFFFF, 0xCE79, 0xFFDF, 0xD69A, 0xFFFF, 0xCE79, 0xDEFB, 0xFFFF, 0xCE59, 0xFFFF, 0xD69A, 0xFFFF, 0xCE59, 0xFFDF, 0xCE59,
    0xFFFF, 0xE73C, 0xEF9E, 0xFFFF, 0xCE9A, 0xFFFF, 0xCE7A, 0xFFFF, 0xFFFF, 0xCE79, 0xFFFF, 0xCE59, 0xFFFF, 0xCE59, 0xEF5D, 0xFFFF,
    0xCE59, 0xFFFF, 0xD6BA, 0xFFFF, 0xCE7A, 0xFFDF, 0xD6BA, 0xFFFF, 0xD69A, 0xDEDB, 0xFFFF, 0xCE79, 0xFFDF, 0xCE79, 0xFFFF, 0xCE59,
    0xF79E, 0xD69A, 0xF7BF, 0xD6BA, 0xD6BB, 0xEF7D, 0xD6BA, 0xEF7D, 0xE71C, 0xDEFB, 0xFFDF, 0xDEDB, 0xF79E, 0xDEFB, 0xFFDF, 0xDF1C,
    0xCE9A, 0xFFFF, 0xD6BA, 0xFFDF, 0xD69A, 0xFFFF, 0xCE59, 0xDF1C, 0xFFFF, 0xDEDB, 0xFFFF, 0xCE79, 0xFFFF, 0xD69A, 0xFFFF, 0xC638,
    0xF7BE, 0xFFFF, 0xCE79, 0xDEFB, 0xF7DE, 0xEF7D, 0xCE9A, 0xFFDF, 0xC659, 0xEF5D, 0xE73C, 0xE71C, 0xEF7D, 0xF79E, 0xD69A, 0xFFFF,
    0xCE59, 0xF7BE, 0xD69A, 0xFFFF, 0xD69A, 0xFFDF, 0xCE9A, 0xFFFF, 0xD6BA, 0xEF5D, 0xEF7D, 0xCE9A, 0xEF7D, 0xFFBE, 0xC161, 0xC180,
    0xFFC8, 0xFFA9, 0xC960, 0xCE7A, 0xFFFF, 0xCE59, 0xF79E, 0xD6BA, 0xDEDB, 0xE73D, 0xE73C, 0xEF7D, 0xDF1C, 0xEF5D, 0xDEFB, 0xE73D,
    0xE75D, 0xDEFC, 0xE73C, 0xE73C, 0xEF5D, 0xE73C, 0xF7BE, 0xEF7D, 0xD6BB, 0xFFFF, 0xCE9A, 0xF7DF, 0xCE7A, 0xEF7D, 0xDEFB, 0xF7BE,
    0xCE79, 0xE71C, 0xDEFB, 0xD69A, 0xF7BE, 0xCE59, 0xE71C, 0xD6BB, 0xDEFB, 0xDEDB, 0xDEDB, 0xEF7D, 0xE73C, 0xF79E, 0xE75D, 0xCE9A,
    0xFFFF, 0xD69A, 0xFFFF, 0xCE79, 0xFFFF, 0xD69A, 0xFFFF, 0xC659, 0xF7BF, 0xF79E, 0xD69A, 0xFFDF, 0xCE79, 0xFFFF, 0xD6BA, 0xFFDF,
    0xD69A, 0xFFBE, 0xCE7A, 0xFFFF, 0xF7BE, 0xCE7A, 0xF7DE, 0xD69A, 0xEF7D, 0xFFFF, 0xC659, 0xFFFF, 0xCE7A, 0xFFDF, 0xD69A, 0xEF7D,
    0xFFFF, 0xCE59, 0xFFDF, 0xD6BB, 0xFFFF, 0xD6BA, 0xFFFF, 0xEF5D, 0xCE7A, 0xFFFF, 0xD6BA, 0xFFFF, 0xD6BB, 0xFFFF, 0xCE59, 0xFFFF,
    0xDEFB, 0xDEDB, 0xFFFF, 0xD69A, 0xF7BE, 0xD69A, 0xFFFF, 0xD6BA, 0xFFDF, 0xD6DB, 0xD6DB, 0xD69A, 0xF7BE, 0xD69A, 0xFFDF, 0xC659,
    0xFFFF, 0xD69A, 0xFFFF, 0xDEDB, 0xFFFF, 0xD69A, 0xFFFF, 0xD69A, 0xEF7D, 0xD69A, 0xFFBE, 0xDF1C, 0xCE5A, 0xB140, 0xF586, 0xFFE8,
    0xFFC8, 0xFFA8, 0xD1A0, 0xFFDF, 0xCE59, 0xFFDF, 0xD6BA, 0xFFFF, 0xEF7D, 0xD69A, 0xFFDF, 0xD69A, 0xEF7D, 0xD6BA, 0xF79E, 0xEF5D,
    0xCE7A, 0xFFBE, 0xCE79, 0xFFFF, 0xD69A, 0xFFDF, 0xC639, 0xDEDB, 0xFFFF, 0xCE79, 0xFFFF, 0xCE79, 0xFFFF, 0xCE7A, 0xFFFF, 0xD69A,
    0xFFFF, 0xDEDB, 0xEF7D, 0xFFFF, 0xD6BA, 0xFFFF, 0xD69A, 0xFFFF, 0xE71C, 0xFFFF, 0xDEDB, 0xD6BA, 0xFFFF, 0xCE79, 0xFFFF, 0xD6BA,
    0xC659, 0xFFFF, 0xD6BA, 0xFFFF, 0xD6BA, 0xFFDF, 0xCE59, 0xFFFF, 0xDEDB, 0xCE79, 0xFFFF, 0xCE7A, 0xFFFF, 0xCE59, 0xFFFF, 0xCE7A,
    0xE73C, 0xD6DB, 0xFFFF, 0xCE79, 0xD6BA, 0xF7BE, 0xCE79, 0xFFFF, 0xDEDB, 0xD69A, 0xFFFF, 0xCE9A, 0xFFFF, 0xCE7A, 0xFFDF, 0xD6BA,
    0xC639, 0xFFFF, 0xD6BA, 0xFFDF, 0xDEDB, 0xFFFF, 0xC618, 0xD6DB, 0xFFFF, 0xCE59, 0xFFFF, 0xD6BA, 0xFFFF, 0xCE9A, 0xFFDF, 0xCE9A,
    0xEF7D, 0xF79E, 0xCE7A, 0xFFDF, 0xD6DB, 0xFFDF, 0xD6BA, 0xF7BE, 0xEF7D, 0xD69A, 0xFFFF, 0xCE9A, 0xFFFF, 0xD69A, 0xCE7A, 0xFFFF,
    0xCE59, 0xFFFF, 0xD69A, 0xFFFF, 0xCE79, 0xFFFF, 0xD6BA, 0xFFFF, 0xDEFB, 0xDEBB, 0xEF7E, 0xB161, 0xA920, 0xFFC7, 0xFFE8, 0xFFE8,
    0xFFC8, 0xFFA9, 0xD140, 0xEF3D, 0xDEFB, 0xE73C, 0xEF5D, 0xE73C, 0xEF7D, 0xD6DB, 0xF77E, 0xCE79, 0xFFDF, 0xD6BA, 0xEF7D, 0xDEFC,
    0xDEDB, 0xE73C, 0xEF5D, 0xE73C, 0xE71C, 0xE73C, 0xF79E, 0xEF5D, 0xD6BB, 0xEF9E, 0xE73D, 0xF7BE, 0xD6BA, 0xF7BE, 0xD69A, 0xF7BE,
    0xD6BB, 0xE73C, 0xE6FC, 0xCE59, 0xFFDF, 0xD69A, 0xFFDF, 0xD69A, 0xFFFF, 0xCE79, 0xFFFF, 0xE73D, 0xEF7D, 0xEF5D, 0xEF5D, 0xE71C,
    0xFFDF, 0xD69A, 0xFFFF, 0xD6BA, 0xF7DF, 0xCE79, 0xFFFF, 0xD69A, 0xF79E, 0xF7BE, 0xCE7A, 0xFFFF, 0xD6BA, 0xFFFF, 0xCE59, 0xFFFF,
    0xE73C, 0xE71C, 0xE71C, 0xF7BE, 0xDEDB, 0xDEDB, 0xFFFF, 0xCE79, 0xFFFF, 0xF79E, 0xCE9A, 0xFFBE, 0xD69A, 0xFFDF, 0xCE7A, 0xF7BE,
    0xFFDF, 0xCE7A, 0xFFFF, 0xDEDB, 0xFFFF, 0xD69A, 0xFFFF, 0xF7BE, 0xCE59, 0xFFFF, 0xCE9A, 0xFFDF, 0xD69A, 0xFFFF, 0xD69A, 0xFFFF,
    0xDF1C, 0xD6BA, 0xFFFF, 0xD69A, 0xFFDF, 0xD6BB, 0xE71C, 0xEF7E, 0xD69A, 0xFFFF, 0xD69A, 0xFFDF, 0xCE79, 0xDEFB, 0xFFDF, 0xCE79,
    0xFFDF, 0xD69A, 0xFFDF, 0xD6BA, 0xFFFF, 0xD6BA, 0xFFDF, 0xCE59, 0xD6BA, 0xFFFF, 0xCE59, 0xA920, 0xB940, 0xFFE8, 0xFFE8, 0xFFC8,
    0xFFE8, 0xFFA9, 0xC920, 0xCE7A, 0xFFFF, 0xD6BA, 0xFFDF, 0xCE79, 0xCE7A, 0xFFFF, 0xCE79, 0xFFFF, 0xCE59, 0xFFFF, 0xD69A, 0xD6BA,
    0xFFDF, 0xD69A, 0xFFDF, 0xD6BA, 0xF7DF, 0xD6BA, 0xF79E, 0xE71C, 0xEF5D, 0xFFDF, 0xCE59, 0xEF5D, 0xD6DB, 0xEF9D, 0xD6DB, 0xF79E,
    0xE71C, 0xDEFB, 0xDEFC, 0xF7BE, 0xD6BA, 0xEF9D, 0xCE79, 0xFFFF, 0xCE7A, 0xFFFF, 0xDEFB, 0xFFFF, 0xD69A, 0xFFDF, 0xCE7A, 0xFFFF,
    0xE73D, 0xE71C, 0xE73D, 0xDF1C, 0xE73C, 0xDEFB, 0xE71C, 0xE75D, 0xDEFC, 0xDEFB, 0xE71C, 0xE71C, 0xE71C, 0xDEDB, 0xFFDF, 0xD6BA,
    0xE71C, 0xEF7E, 0xD69A, 0xE71C, 0xDEFB, 0xF7BE, 0xCE79, 0xFFFF, 0xCE59, 0xDEFB, 0xFFDF, 0xCE79, 0xFFFF, 0xCE7A, 0xFFFF, 0xCE7A,
    0xCE7A, 0xFFFF, 0xD6DB, 0xFFFF, 0xCE7A, 0xFFFF, 0xCE59, 0xC639, 0xFFFF, 0xD69A, 0xFFFF, 0xD6BA, 0xFFFF, 0xCE9A, 0xFFDF, 0xCE59,
    0xEF3D, 0xFFDF, 0xCE9A, 0xFFDF, 0xCE9A, 0xFFFF, 0xFFDF, 0xCE9A, 0xFFFF, 0xD69A, 0xFFFF, 0xCE7A, 0xFFFF, 0xEF5D, 0xC639, 0xFFFF,
    0xCE79, 0xFFFF, 0xD69A, 0xFFDF, 0xD69A, 0xFFFF, 0xC638, 0xFFFF, 0xF79E, 0xB225, 0xB120, 0xFFE7, 0xFFC7, 0xFFC8, 0xFFE8, 0xFFE8,
    0xFFE8, 0xFFAA, 0xC8E0, 0xFFDF, 0xDEDB, 0xFFFF, 0xCE79, 0xEF5D, 0xFFFF, 0xD6BB, 0xFFDF, 0xD6BA, 0xFFDF, 0xD6BA, 0xF79E, 0xDEDB,
    0xCE79, 0xFFFF, 0xD69A, 0xFFDF, 0xCE59, 0xFFFF, 0xC659, 0xCE79, 0xF79E, 0xEF7D, 0xD6BA, 0xFFFF, 0xF79E, 0xEF5D, 0xD6BA, 0xFFFF,
    0xCE79, 0xF79E, 0xDEBB, 0xCE79, 0xFFFF, 0xD6BA, 0xF7DF, 0xEF7D, 0xDEFB, 0xF7BE, 0xFFDF, 0xCE9A, 0xFFDF, 0xCE7A, 0xFFFF, 0xDEFB,
    0xCE59, 0xFFFF, 0xCE79, 0xFFFF, 0xD69A, 0xFFFF, 0xD69A, 0xFFFF, 0xD6BA, 0xD6BA, 0xFFFF, 0xCE79, 0xF79E, 0xCE7A, 0xFFDF, 0xDEDB,
    0xFFFF, 0xBE18, 0xFFDF, 0xE73C, 0xD6BA, 0xDEFB, 0xEF7D, 0xF79E, 0xE73D, 0xE73C, 0xCE9A, 0xFFFF, 0xCE79, 0xFFDF, 0xCE9A, 0xFFFF,
    0xFFFF, 0xD69A, 0xFFFF, 0xCE79, 0xFFFF, 0xCE7A, 0xFFFF, 0xF7BE, 0xCE79, 0xFFFF, 0xD6BA, 0xFFFF, 0xD6BB, 0xFFFF, 0xD69A, 0xFFFF,
    0xF79E, 0xCE79, 0xFFDF, 0xD6BB, 0xF79E, 0xD6DB, 0xCE7A, 0xFFDF, 0xCE79, 0xFFFF, 0xD6BB, 0xF7BE, 0xCE59, 0xDEFC, 0xFFFF, 0xCE9A,
    0xFFDF, 0xCE9A, 0xFFDF, 0xCE7A, 0xD6DB, 0xF7BE, 0xD6BA, 0xEF5D, 0xB920, 0xB8E0, 0xF624, 0xFFC8, 0xFFC8, 0xFFC8, 0xFFE8, 0xFFE8,
    0xFEC3, 0xFE82, 0xC8C0, 0xD6DB, 0xFFDF, 0xCE79, 0xFFFF, 0xDEFB, 0xCE59, 0xFFBE, 0xC639, 0xE4B1, 0xD450, 0xFFFF, 0xCE7A, 0xF7BE,
    0xFFFF, 0xCE7A, 0xFFDF, 0xCE59, 0xFFDF, 0xD69A, 0xFFDF, 0xFFDF, 0xCE59, 0xFFFF, 0xD6BA, 0xFFDF, 0xD69A, 0xCE59, 0xFFFF, 0xCE9A,
    0xFFFF, 0xDEDB, 0xFFFF, 0xDEDB, 0xCE79, 0xFFFF, 0xD6BA, 0xD69A, 0xFFFF, 0xCE79, 0xDEDB, 0xFFFF, 0xCE79, 0xFFFF, 0xD6DB, 0xF7BE,
    0xFFDF, 0xCE7A, 0xFFFF, 0xCE79, 0xFFFF, 0xCE9A, 0xFFFF, 0xC659, 0xF79E, 0xFFFF, 0xCE7A, 0xFFFF, 0xC639, 0xFFFF, 0xCE79, 0xFFFF,
    0xF7BE, 0xCE79, 0xF79E, 0xE73D, 0xDEDB, 0xE71C, 0xD6BA, 0xF7DF, 0xDEFC, 0xE73C, 0xFFBF, 0xD69A, 0xF7BE, 0xD69A, 0xFFFF, 0xCE79,
    0xD6BA, 0xFFDF, 0xD69A, 0xFFFF, 0xD6BA, 0xFFFF, 0xD69A, 0xD69A, 0xFFDF, 0xCE59, 0xFFFF, 0xCE7A, 0xFFFF, 0xD69A, 0xFFFF, 0xCE79,
    0xE71C, 0xFFFF, 0xD69A, 0xFFFF, 0xDEDB, 0xE73C, 0xFFDF, 0xDEDB, 0xFFFF, 0xD69A, 0xFFFF, 0xCE79, 0xFFFF, 0xE73D, 0xCE59, 0xFFFF,
    0xD69A, 0xFFFF, 0xD6BA, 0xFFFF, 0xFFFF, 0xD69A, 0xFFDE, 0xD69B, 0xB900, 0xB8C0, 0xFFC7, 0xFFC8, 0xFFE8, 0xFFE8, 0xFFE8, 0xFFE8,
    0xFDA0, 0xFDA0, 0xC8A0, 0xFF5D, 0xCE9A, 0xFFFF, 0xD6BB, 0xDEFB, 0xFFDF, 0xD69A, 0xDF1C, 0xD080, 0xC880, 0xCE79, 0xF7BE, 0xDEFB,
    0xCE79, 0xFFDF, 0xCE9A, 0xFFFF, 0xCE7A, 0xFFDF, 0xCE79, 0xD69A, 0xFFFF, 0xCE79, 0xFFDF, 0xD69A, 0xFFDF, 0xFFDF, 0xD69A, 0xFFFF,
    0xD6BA, 0xFFFF, 0xCE79, 0xF79E, 0xF7BE, 0xD69A, 0xD69A, 0xFFFF, 0xCE9A, 0xF7BE, 0xFFFF, 0xD69A, 0xFFFF, 0xD69A, 0xFFDF, 0xD6BA,
    0xCE9A, 0xFFFF, 0xD69A, 0xFFDF, 0xD69A, 0xFFDF, 0xCE9A, 0xFFFF, 0xDEFB, 0xCE79, 0xFFDF, 0xCE79, 0xFFFF, 0xCE7A, 0xFFFF, 0xCE79,
    0xD69A, 0xF79E, 0xDEDB, 0xE71C, 0xDEDB, 0xF79E, 0xDEDB, 0xEF7D, 0xDEDB, 0xE71C, 0xE73C, 0xEF5D, 0xD6DB, 0xEF7D, 0xCE9A, 0xFFFF,
    0xFFFF, 0xCE79, 0xFFFF, 0xD6BA, 0xFFFF, 0xC659, 0xFFFF, 0xEF7E, 0xD69A, 0xFFFF, 0xD69A, 0xFFFF, 0xD6BA, 0xFFFF, 0xCE79, 0xF7BE,
    0xF7BE, 0xCE7A, 0xFFFF, 0xDEDB, 0xE71C, 0xF7BE, 0xD69A, 0xEF9E, 0xD6BA, 0xFFDF, 0xCE79, 0xFFFF, 0xCE79, 0xDEFB, 0xFFFF, 0xCE79,
    0xFFFF, 0xD69A, 0xFFDF, 0xD69A, 0xCE59, 0xFFDF, 0xB100, 0xA8E0, 0xFFC7, 0xFFE7, 0xFFE8, 0xFFE8, 0xFFE8, 0xFFC8, 0xFFE8, 0xFFE8,
    0xFB60, 0xFBA0, 0xB800, 0xD555, 0xFFFF, 0xDEDB, 0xFFDF, 0xEF5D, 0xD69A, 0xB8A1, 0xC020, 0xFB40, 0xFB20, 0xA800, 0xE77E, 0xE73C,
    0xFFFF, 0xD69A, 0xFFFF, 0xD69A, 0xFFFF, 0xCE79, 0xFFFF, 0xEF7D, 0xCE7A, 0xFFFF, 0xD69A, 0xFFFF, 0xD69A, 0xD69A, 0xFFFF, 0xCE9A,
    0xFFFF, 0xD6BA, 0xFFFF, 0xD6BA, 0xDEDB, 0xEF5D, 0xFFBE, 0xD69A, 0xFFFF, 0xEF5D, 0xD67A, 0xFFDF, 0xD69A, 0xFFDF, 0xCE79, 0xFFDF,
    0xF7BE, 0xD69A, 0xFFFF, 0xCE7A, 0xFFDF, 0xCE9A, 0xFFDF, 0xCE59, 0xEF5D, 0xFFFF, 0xCE79, 0xF7BE, 0xCE59, 0xFFDF, 0xCE79, 0xFFFF,
    0xDEDB, 0xF7BE, 0xCE79, 0xDEDB, 0xFFFF, 0xCE59, 0xFFFF, 0xD69A, 0xFFFF, 0xE73C, 0xD6BB, 0xFFFF, 0xC659, 0xF7BE, 0xD6BA, 0xDEFB,
    0xDEFC, 0xE73C, 0xD6BA, 0xEF5D, 0xD69A, 0xF7BE, 0xD69A, 0xE73C, 0xF7BE, 0xDEDB, 0xE75D, 0xDEFC, 0xDEFC, 0xDEDB, 0xF79E, 0xE71C,
    0xDEFB, 0xCE7A, 0xFFDF, 0xCE59, 0xFFFF, 0xD69A, 0xDEFB, 0xE71C, 0xCE7A, 0xE73C, 0xF79E, 0xCE59, 0xFFDF, 0xD69A, 0xCE79, 0xFFFF,
    0xC638, 0xFFFF, 0xCE79, 0xF79E, 0xFFDF, 0xCE59, 0xB121, 0xB100, 0xFFE8, 0xFFC8, 0xFFE8, 0xFFC8, 0xFFE8, 0xFFE8, 0xFFE8, 0xFFE8,
    0xFB40, 0xF360, 0xB000, 0xEE7A, 0xCE59, 0xFFDF, 0xC639, 0xDEDB, 0xB1C6, 0xB000, 0xC860, 0xF340, 0xF300, 0xC020, 0xEFFF, 0xD6DB,
    0xCE7A, 0xFFFF, 0xCE59, 0xFFFF, 0xCE79, 0xFFFF, 0xCE79, 0xCE7A, 0xFFFF, 0xCE7A, 0xFFFF, 0xCE9A, 0xEF5D, 0xFFFF, 0xCE59, 0xFFFF,
    0xCE79, 0xFFFF, 0xCE7A, 0xFFDF, 0xD6BA, 0xD6BA, 0xCE79, 0xFFFF, 0xCE59, 0xDEDB, 0xFFFF, 0xCE79, 0xFFFF, 0xCE7A, 0xFFFF, 0xC639,
    0xCE7A, 0xFFFF, 0xD69A, 0xFFFF, 0xD69A, 0xFFDF, 0xCE59, 0xFFFF, 0xEF5D, 0xC659, 0xFFDF, 0xDEDB, 0xFFFF, 0xC639, 0xFFFF, 0xCE7A,
    0xFFFF, 0xD6BA, 0xFFFF, 0xF7BE, 0xCE9A, 0xFFDF, 0xD69A, 0xFFDF, 0xCE79, 0xDEFC, 0xF79E, 0xD6BA, 0xFFFF, 0xD69A, 0xFFFF, 0xCE79,
    0xD6BA, 0xFFDF, 0xDEDB, 0xE73C, 0xE73C, 0xF79E, 0xCE59, 0xEF7D, 0xFFDF, 0xD6BA, 0xFFFF, 0xD69A, 0xFFFF, 0xCE7A, 0xFFFF, 0xE75D,
    0xCE79, 0xFFDF, 0xD69A, 0xFFDF, 0xD6BA, 0xFFFF, 0xD69A, 0xE73C, 0xFFFF, 0xD69A, 0xFFFF, 0xD6BA, 0xE71C, 0xE75D, 0xEF5D, 0xDEDB,
    0xF79E, 0xD6BA, 0xF79E, 0xE73C, 0xDEDB, 0xF79E, 0xB100, 0xA900, 0xFFC8, 0xFFE8, 0xFFE8, 0xFFC8, 0xFFE8, 0xFFE8, 0xFFE8, 0xFFC8,
    0xB020, 0xB000, 0xF79E, 0xFFDF, 0xD6BB, 0xFFDF, 0xD6DB, 0xD69A, 0xB840, 0xA000, 0xFFC7, 0xB0C0, 0xC160, 0xF79E, 0xD6BA, 0xEF5D,
    0xEF5D, 0xD6DB, 0xF7BE, 0xD6BA, 0xF79E, 0xD6BA, 0xFFFF, 0xEF7D, 0xD6BB, 0xF7BE, 0xD6DB, 0xEF7D, 0xE71C, 0xEF5D, 0xF79E, 0xD6DB,
    0xF7BE, 0xCE7A, 0xFFFF, 0xCE59, 0xF79E, 0xFFFF, 0xD69A, 0xFFFF, 0xD6BA, 0xE73C, 0xDEDB, 0xFFFF, 0xCE59, 0xFFFF, 0xD6DB, 0xFFDF,
    0xE75C, 0xCE7A, 0xFFFF, 0xD6BA, 0xFFFF, 0xD69A, 0xFFDF, 0xCE59, 0xE73D, 0xFFFF, 0xCE7A, 0xFFDF, 0xCE59, 0xFFFF, 0xCE9A, 0xF79E,
    0xCE7A, 0xFFFF, 0xCE7A, 0xD6DB, 0xFFFF, 0xD6BA, 0xFFFF, 0xCE79, 0xFFFF, 0xE73D, 0xDEFB, 0xFFFF, 0xCE9A, 0xFFFF, 0xCE79, 0xFFDF,
    0xF79E, 0xD69A, 0xFFFF, 0xD69A, 0xFFDF, 0xD69A, 0xFFFF, 0xEF5D, 0xCE59, 0xFFFF, 0xCE7A, 0xFFFF, 0xD69A, 0xFFFF, 0xCE7A, 0xE71C,
    0xFFFF, 0xD69A, 0xFFDF, 0xCE79, 0xFFFF, 0xCE7A, 0xE73C, 0xCE7A, 0xD69A, 0xFFFF, 0xCE79, 0xFFDF, 0xD69A, 0xFFDF, 0xFFDF, 0xCE59,
    0xFFFF, 0xCE7A, 0xFFFF, 0xEF7D, 0xCE79, 0xA920, 0xD321, 0xFFA8, 0xFFE8, 0xFFE8, 0xFFC8, 0xFFE8, 0xFFE8, 0xFFE8, 0xFFC8, 0xFFC8,
    0xB020, 0xB820, 0xFFFF, 0xCE59, 0xF7BE, 0xD6BB, 0xB0C1, 0xA880, 0xFFA8, 0xFFA8, 0xFFC8, 0xA800, 0xB020, 0xFFDF, 0xCE7A, 0xFFDF,
    0xFFDF, 0xCE59, 0xFFFF, 0xCE59, 0xFFDF, 0xC618, 0xFFDF, 0xF7BE, 0xC638, 0xFFFF, 0xCE79, 0xFFFF, 0xE71C, 0xCE59, 0xFFFF, 0xC638,
    0xF7BE, 0xFFFF, 0xD6BA, 0xF7DE, 0xD69A, 0xCE79, 0xFFDF, 0xD6BA, 0xFFDF, 0xE73D, 0xE73C, 0xD69A, 0xFFFF, 0xD69A, 0xFFDF, 0xD6BA,
    0xDEFB, 0xFFDF, 0xCE79, 0xFFFF, 0xD6BA, 0xFFDF, 0xCE59, 0xFFFF, 0xDEDB, 0xD69A, 0xFFDF, 0xCE79, 0xFFFF, 0xCE7A, 0xF79E, 0xCE7A,
    0xFFFF, 0xD69A, 0xFFFF, 0xEF7E, 0xCE7A, 0xFFFF, 0xD6BA, 0xFFFF, 0xC639, 0xDEFC, 0xEF7D, 0xD69A, 0xFFFF, 0xD69A, 0xFFFF, 0xCE7A,
    0xD6BA, 0xFFDF, 0xCE79, 0xFFFF, 0xCE7A, 0xFFFF, 0xCE79, 0xD69A, 0xFFFF, 0xCE79, 0xFFDF, 0xCE7A, 0xFFFF, 0xCE79, 0xF7BE, 0xEF7D,
    0xD69A, 0xFFFF, 0xD69A, 0xFFFF, 0xD69A, 0xFFFF, 0xCE9A, 0xEF7D, 0xFFDF, 0xCE79, 0xFFDF, 0xD69A, 0xFFDF, 0xD6BA, 0xD69A, 0xFFDF,
    0xD69A, 0xFFFF, 0xCE79, 0xCE7A, 0xFFFF, 0xB140, 0xD3A2, 0xFFC8, 0xFFE8, 0xFFE8, 0xFFE8, 0xFFE8, 0xFFE8, 0xFFE8, 0xFFE8, 0xFFE8,
    0xB020, 0xA820, 0xDEFC, 0xFFFF, 0xCE59, 0xF79E, 0xA8C1, 0xB0A0, 0xFFC7, 0xFFE8, 0xFFE8, 0xA800, 0xB000, 0xD6BA, 0xFFDF, 0xD69A,
    0xCE79, 0xFFFF, 0xCE59, 0xFFFF, 0xD69A, 0xF7BE, 0xD69A, 0xDEDB, 0xFFFF, 0xCE79, 0xFFDF, 0xCE7A, 0xDEFB, 0xFFFF, 0xCE7A, 0xEF7D,
    0xFFDF, 0xCE79, 0xFFFF, 0xCE59, 0xF7BE, 0xFFFF, 0xCE7A, 0xFFFF, 0xCE9A, 0xFFFF, 0xF7BE, 0xFFFF, 0xD6DB, 0xFFFF, 0xCE7A, 0xFFFF,
    0xD6DB, 0xE73C, 0xFFDF, 0xCE79, 0xFFFF, 0xCE7A, 0xFFFF, 0xC659, 0xEF7D, 0xF7BE, 0xCE79, 0xFFDF, 0xD6BA, 0xFFFF, 0xCE79, 0xFFFF,
    0xCE7A, 0xFFFF, 0xD69A, 0xDEDB, 0xFFFF, 0xD69A, 0xFFFF, 0xCE7A, 0xFFFF, 0xEF5D, 0xDF1C, 0xFFFF, 0xCE79, 0xFFFF, 0xD6BA, 0xFFFF,
    0xDEFB, 0xCE59, 0xFFDF, 0xCE79, 0xFFFF, 0xCE7A, 0xEF7E, 0xFFFF, 0xD6BA, 0xFFFF, 0xCE9A, 0xFFFF, 0xCE9A, 0xFFDF, 0xD6BA, 0xD69A,
    0xFFFF, 0xD69A, 0xFFFF, 0xCE7A, 0xFFFF, 0xCE79, 0xEF5D, 0xD6BA, 0xCE79, 0xFFFF, 0xD69A, 0xFFFF, 0xD6BA, 0xFFFF, 0xF7BE, 0xCE59,
    0xFFDF, 0xCE59, 0xFFFF, 0xA920, 0xB900, 0xFFC6, 0xFFC7, 0xFFE8, 0xFFF5, 0xFFF6, 0xFFE8, 0xFFC8, 0xFFE8, 0xFFE8, 0xFFE8, 0xFFE9,
    0xA820, 0xB020, 0xEF7E, 0xCE7A, 0xFFBE, 0xB060, 0xE3E2, 0xFFC8, 0xFFC8, 0xFFE8, 0xFD40, 0xA800, 0xB000, 0xFFDF, 0xD69A, 0xEF7D,
    0xFFFF, 0xCE7A, 0xFFFF, 0xE73C, 0xEF5D, 0xEF5D, 0xFFFF, 0xEF9E, 0xD69A, 0xFFFF, 0xCE79, 0xFFFF, 0xF79E, 0xCE59, 0xFFFF, 0xFFFF,
    0xD69A, 0xFFDF, 0xCE9A, 0xFFFF, 0xDEDB, 0xD69A, 0xFFFF, 0xD69A, 0xFFFF, 0xCE7A, 0xDEDB, 0xEF5D, 0xFFFF, 0xCE59, 0xFFDF, 0xD69A,
    0xFFDF, 0xE73C, 0xD69A, 0xFFFF, 0xD69A, 0xFFFF, 0xD6BA, 0xFFFF, 0xD69A, 0xD69A, 0xFFFF, 0xD6BB, 0xFFDF, 0xCE59, 0xFFFF, 0xD69A,
    0xFFFF, 0xD69A, 0xFFFF, 0xEF7D, 0xCE7A, 0xFFDF, 0xCE79, 0xFFFF, 0xCE7A, 0xE71C, 0xEF5D, 0xCE59, 0xFFFF, 0xD69A, 0xFFFF, 0xD69A,
    0xDEFB, 0xFFDE, 0xD69A, 0xFFFF, 0xCE79, 0xFFFF, 0xC639, 0xCE79, 0xFFFF, 0xCE9A, 0xFFFF, 0xCE7A, 0xFFFF, 0xCE59, 0xF79E, 0xFFDF,
    0xCE7A, 0xFFDF, 0xCE7A, 0xFFFF, 0xCE7A, 0xFFFF, 0xD6BA, 0xEF7D, 0xFFFF, 0xD69A, 0xFFFF, 0xD69A, 0xFFFF, 0xCE59, 0xCE9A, 0xFFFF,
    0xCE79, 0xFFFF, 0xA8E0, 0xB1C0, 0xBA00, 0xFFE7, 0xFFC8, 0xFFC9, 0xFFF2, 0xFFF4, 0xFFE8, 0xFFC8, 0xFFE8, 0xFFC8, 0xFFC7, 0xFFA7,
    0xA820, 0xB020, 0xD407, 0xCC2B, 0xC3A9, 0xB960, 0xE483, 0xFFE8, 0xFFE8, 0xFFC7, 0xFCC0, 0xB000, 0xA820, 0xD6BA, 0xF7BE, 0xDF1C,
    0xCE9A, 0xFFDF, 0xD69A, 0xD6BB, 0xFFDF, 0xDD54, 0xCC0E, 0xCE79, 0xFFFF, 0xCE7A, 0xFFFF, 0xC638, 0xCE7A, 0xFFFF, 0xCE7A, 0xCE79,
    0xFFDF, 0xD69A, 0xFFFF, 0xCE79, 0xEF7E, 0xFFFF, 0xCE9A, 0xFFFF, 0xCE79, 0xFFFF, 0xEF7D, 0xD6BA, 0xD69A, 0xFFFF, 0xCE79, 0xFFFF,
    0xCE9A, 0xE71C, 0xFFFF, 0xCE7A, 0xFFFF, 0xD69A, 0xFFFF, 0xCE59, 0xF7BE, 0xEF7D, 0xCE7A, 0xFFFF, 0xCE59, 0xFFFF, 0xCE7A, 0xFFDF,
    0xCE7A, 0xFFFF, 0xCE7A, 0xDEFB, 0xFFFF, 0xCE59, 0xFFFF, 0xD69A, 0xFFFF, 0xE71C, 0xD6DB, 0xFFFF, 0xCE59, 0xFFDF, 0xCE79, 0xFFDF,
    0xE71C, 0xD6BA, 0xEF7D, 0xDEFB, 0xFFDF, 0xCE59, 0xF79E, 0xFFDF, 0xCE9A, 0xFFFF, 0xCE9A, 0xFFFF, 0xCE7A, 0xFFDF, 0xD6DB, 0xD69A,
    0xFFFF, 0xCE59, 0xFFFF, 0xD69A, 0xFFFF, 0xCE59, 0xDEFB, 0xDEDB, 0xCE79, 0xFFDF, 0xD6BA, 0xFFFF, 0xCE59, 0xFFFF, 0xFFDF, 0xCE59,
    0xFFFF, 0xCDB5, 0xA900, 0xFF64, 0xFF63, 0xFFE7, 0xFFEC, 0xFFF5, 0xFFC7, 0xFFC8, 0xFFE8, 0xFFE8, 0xFFC8, 0xFFE8, 0xFEE2, 0xFE80,
    0xB020, 0xB000, 0xB900, 0xB920, 0xB100, 0xFFE8, 0xFFC7, 0xFFE8, 0xFFE8, 0xFFC9, 0xB000, 0xA820, 0xD69A, 0xFFDF, 0xD6BA, 0xDEFC,
    0xFFFF, 0xD69A, 0xEF7D, 0xEF5D, 0xFFBF, 0xB800, 0xB820, 0xFFFF, 0xCE59, 0xFFFF, 0xD69A, 0xFFFF, 0xFFFF, 0xD69A, 0xFFFF, 0xF7BE,
    0xCE9A, 0xFFFF, 0xD6BB, 0xFFFF, 0xD6BB, 0xD69A, 0xFFFF, 0xCE7A, 0xFFFF, 0xD69A, 0xC659, 0xFFFF, 0xE71C, 0xCE79, 0xFFFF, 0xD69A,
    0xF79E, 0xF79E, 0xCE7A, 0xFFFF, 0xD69A, 0xFFFF, 0xCE79, 0xFFFF, 0xDEDA, 0xCE7A, 0xFFDF, 0xCE7A, 0xFFFF, 0xCE79, 0xFFFF, 0xCE79,
    0xE73C, 0xDEFC, 0xE73D, 0xE71C, 0xEF5D, 0xE73C, 0xE73C, 0xE71C, 0xDF1C, 0xE71C, 0xE71C, 0xE73C, 0xE73C, 0xDF1C, 0xDF1C, 0xE73C,
    0xDF1C, 0xEF7D, 0xCE79, 0xF7BE, 0xD6BB, 0xFFFF, 0xC659, 0xEF7D, 0xDEDB, 0xE75D, 0xEF5D, 0xE73C, 0xE71C, 0xE73C, 0xDEFB, 0xDEDB,
    0xE71C, 0xEF9E, 0xDEDB, 0xEF7E, 0xDEFB, 0xEF7D, 0xDEFB, 0xDF1C, 0xEF5D, 0xE73D, 0xEF5D, 0xDEFB, 0xF7BE, 0xCE79, 0xE71C, 0xF77D,
    0xA8A0, 0xC0E0, 0xFF21, 0xFFD3, 0xFFF3, 0xFFF3, 0xFFF0, 0xFFC7, 0xFFC7, 0xFFE8, 0xFFE8, 0xFFC8, 0xFFE8, 0xFFE8, 0xFEE2, 0xFEA1,
    0xB020, 0xB040, 0xFF84, 0xFFC8, 0xFFC9, 0xFFC8, 0xFFE8, 0xFFE8, 0xFFE8, 0xFFC8, 0xB800, 0xC040, 0xDF1C, 0xE71C, 0xE73C, 0xDEFB,
    0xF7BE, 0xD6BB, 0xE75D, 0xB020, 0xB800, 0xFB60, 0xF300, 0xB020, 0xEF7D, 0xE73C, 0xEF7D, 0xD69A, 0xE73C, 0xE73C, 0xE71C, 0xEF5D,
    0xE73C, 0xE73C, 0xEF5D, 0xE73C, 0xEF5D, 0xEF7D, 0xDF1C, 0xF79E, 0xE71C, 0xEF9E, 0xF79E, 0xDF1C, 0xE75D, 0xF79E, 0xE71C, 0xDEFC,
    0xEF5D, 0xEF5D, 0xE73C, 0xE71C, 0xEF5D, 0xE73C, 0xE73D, 0xE73C, 0xD6DB, 0xDEFB, 0xF7BE, 0xD6DB, 0xEF7D, 0xD6DB, 0xEF5D, 0xDEDB,
    0xEF7D, 0xDEFB, 0xE73D, 0xE73C, 0xE71C, 0xE73C, 0xDF1C, 0xE73C, 0xE71C, 0xE71C, 0xE73C, 0xE71C, 0xDEFB, 0xE73D, 0xE73C, 0xE71C,
    0xEF7D, 0xDEFB, 0xEF5D, 0xDEFB, 0xEF5D, 0xE73C, 0xE73C, 0xE71C, 0xE73D, 0xE71C, 0xE75D, 0xE75C, 0xEF5D, 0xDF1C, 0xE71C, 0xDEFB,
    0xEF7E, 0xE73C, 0xEF7E, 0xDEFB, 0xEF7D, 0xDEDB, 0xDEFB, 0xDEDB, 0xE73C, 0xE73C, 0xDF1B, 0xEF7D, 0xE73C, 0xEF7D, 0xD69A, 0xF79E,
    0xB0A0, 0xB100, 0xFF42, 0xFFD3, 0xFFF4, 0xFFF4, 0xFFF0, 0xFFC7, 0xFFE8, 0xFFE8, 0xFFE8, 0xFFE8, 0xFFE8, 0xFFC8, 0xFEE2, 0xFEA0,
    0xB840, 0xB040, 0xFFA5, 0xFFC8, 0xFFE9, 0xFFC8, 0xFFC8, 0xFFE8, 0xFFE8, 0xFFC9, 0xB000, 0xB020, 0xEF7D, 0xF79E, 0xE71C, 0xEF7D,
    0xDEFC, 0xFFDF, 0xDDD7, 0xC820, 0xB800, 0xFB80, 0xEAE0, 0xB800, 0xDEFC, 0xEF7D, 0xDEFB, 0xEF5D, 0xDEFB, 0xE71C, 0xDEFB, 0xEF5D,
    0xEF5D, 0xDEDB, 0xE73C, 0xEF7D, 0xE73C, 0xDEFB, 0xEF7E, 0xE71C, 0xF79E, 0xDEFB, 0xDEFB, 0xEF7D, 0xE73C, 0xDEFB, 0xE71C, 0xDF1C,
    0xDEDB, 0xE75D, 0xEF7D, 0xDF1C, 0xE75D, 0xE73D, 0xE73D, 0xE71B, 0xE73C, 0xE73C, 0xDEFB, 0xF7BE, 0xDEFB, 0xE73C, 0xE73C, 0xE73C,
    0xCE7A, 0xFFFF, 0xCE7A, 0xD6BA, 0xFFFF, 0xCE7A, 0xFFDF, 0xD69A, 0xFFFF, 0xEF5D, 0xDEDB, 0xFFFF, 0xCE79, 0xFFDF, 0xCE7A, 0xFFFF,
    0xCE79, 0xFFFF, 0xCE7A, 0xFFFF, 0xD6BA, 0xF79E, 0xDEFC, 0xFFDF, 0xCE9A, 0xFFFF, 0xD69A, 0xFFDF, 0xCE79, 0xFFDF, 0xD6BA, 0xD6BB,
    0xFFFF, 0xCE79, 0xFFFF, 0xD69A, 0xFFDF, 0xC639, 0xDEFB, 0xE73C, 0xD69A, 0xFFDF, 0xD6BA, 0xFFFF, 0xCE59, 0xFFFF, 0xB1C5, 0xB0A0,
    0xFEE1, 0xFEE1, 0xFFF3, 0xFFF4, 0xFFF4, 0xFFF4, 0xFFF1, 0xFFE8, 0xFFC8, 0xFFE8, 0xFFE8, 0xFFE8, 0xFFC8, 0xFFE8, 0xFEE1, 0xFE80,
    0xFE80, 0xFEA1, 0xFFE8, 0xFFE8, 0xFFC8, 0xFFF5, 0xFFEF, 0xFFE8, 0xFFE8, 0xFFC8, 0xB820, 0xB040, 0xDEDB, 0xFFFF, 0xDEFB, 0xCE79,
    0xF7DF, 0xB924, 0xB800, 0xFC40, 0xFC40, 0xFC00, 0xEAA0, 0xB000, 0xCEBB, 0xFFDF, 0xD69A, 0xD6BA, 0xFFDF, 0xCE7A, 0xFFDF, 0xFFFF,
    0xD6BA, 0xFFDF, 0xCE79, 0xFFFF, 0xE71C, 0xCE79, 0xFFFF, 0xCE79, 0xFFFF, 0xF79E, 0xCE79, 0xFFFF, 0xD69A, 0xE73C, 0xFFFF, 0xD69A,
    0xFFFF, 0xEF5D, 0xD69A, 0xFFFF, 0xCE7A, 0xFFDF, 0xD69A, 0xFFFF, 0xD6BA, 0xCE9A, 0xFFFF, 0xCE7A, 0xFFFF, 0xD69A, 0xFFFF, 0xCE79,
    0xFFFF, 0xD69A, 0xFFFF, 0xEF7D, 0xD69A, 0xFFFF, 0xCE7A, 0xFFDF, 0xCE59, 0xE75D, 0xF7BE, 0xCE9A, 0xFFFF, 0xCE7A, 0xFFFF, 0xD6BB,
    0xFFFF, 0xCE59, 0xFFDF, 0xCE9A, 0xF79E, 0xFFFF, 0xCE59, 0xD69A, 0xFFFF, 0xD69A, 0xFFFF, 0xD69A, 0xFFDF, 0xD69A, 0xFFFF, 0xF7BE,
    0xCE79, 0xFFDF, 0xD69A, 0xFFFF, 0xCE9A, 0xFFFF, 0xE71C, 0xE73C, 0xFFFF, 0xD69A, 0xFFFF, 0xCE79, 0xFFFF, 0xA8A0, 0xE3C0, 0xFE60,
    0xFFC7, 0xFFCA, 0xFFF4, 0xFFF3, 0xFFF3, 0xFFC8, 0xFFC8, 0xFFC8, 0xFFE8, 0xFFE8, 0xFFE8, 0xFFE8, 0xFFC8, 0xFFC8, 0xFEE3, 0xFE81,
    0xFFE7, 0xFFC8, 0xFFE8, 0xFFC8, 0xFFC8, 0xFFE8, 0xFFC7, 0xFFE8, 0xFFC8, 0xFFC7, 0xFC80, 0xD080, 0xC041, 0xCE5A, 0xB821, 0xC020,
    0xB820, 0xB000, 0xFC40, 0xFC40, 0xFC40, 0xFC40, 0xFB80, 0xF200, 0xB820, 0xC8C2, 0xFFDF, 0xFFDF, 0xD6BB, 0xFFFF, 0xD6BA, 0xD69A,
    0xFFFF, 0xD6BB, 0xFFFF, 0xC639, 0xF79E, 0xFFDF, 0xB041, 0xA002, 0xB002, 0xB001, 0xFFFF, 0xCE59, 0xFFDF, 0xDEDB, 0xCE79, 0xFFFF,
    0xD69A, 0xEF5D, 0xFFFF, 0xD69A, 0xFFFF, 0xD69A, 0xFFFF, 0xCE7A, 0xF79E, 0xFFDF, 0xCE9A, 0xFFDF, 0xD69A, 0xFFDF, 0xCE9A, 0xFFFF,
    0xCE9A, 0xFFFF, 0xCE7A, 0xD6BA, 0xFFFF, 0xCE79, 0xFFDF, 0xCE7A, 0xFFFF, 0xE73C, 0xDEFB, 0xFFFF, 0xCE7A, 0xFFDF, 0xCE7A, 0xFFFF,
    0xD69A, 0xFFDF, 0xC639, 0xE75D, 0xFFFF, 0xCE79, 0xFFDF, 0xFFFF, 0xD6BA, 0xFFDF, 0xD69A, 0xFFFF, 0xD6BA, 0xFFFF, 0xD69A, 0xD6BB,
    0xFFFF, 0xCE9A, 0xFFDF, 0xCE9A, 0xFFDF, 0xD6BA, 0xCE9A, 0xDEDB, 0xCE79, 0xFFFF, 0xCE59, 0xFFFF, 0xD69A, 0xA8C0, 0xEC40, 0xFE60,
    0xFFC8, 0xFFC9, 0xFFF4, 0xFFF3, 0xFFF3, 0xFFE8, 0xFFE8, 0xFFE8, 0xFFC8, 0xFFE8, 0xFFE8, 0xFFE8, 0xFFE8, 0xFFE8, 0xFEE2, 0xFEA1,
    0xFFE8, 0xFFE8, 0xFFC8, 0xFFE8, 0xFFC8, 0xFFC8, 0xFFC8, 0xFFE8, 0xFFE8, 0xFFC7, 0xFC40, 0xC020, 0xC820, 0xFFFF, 0xB800, 0xC000,
    0xB800, 0xB820, 0xFC40, 0xFC40, 0xFC40, 0xFC60, 0xFBA0, 0xFA40, 0xB800, 0xB000, 0xDEDB, 0xD69A, 0xFFDF, 0xD69A, 0xF79E, 0xFFFF,
    0xD6BA, 0xFFFF, 0xD69A, 0xFFFF, 0xDEDB, 0xD6BB, 0xA801, 0xB001, 0xA801, 0xB001, 0xCE9A, 0xFFDF, 0xD6BA, 0xEF5D, 0xFFFF, 0xCE79,
    0xFFFF, 0xD6BB, 0xD69A, 0xFFFF, 0xD6BA, 0xFFDF, 0xD6BA, 0xFFFF, 0xD6BA, 0xD69A, 0xFFFF, 0xCE7A, 0xFFFF, 0xCE79, 0xFFFF, 0xCE9A,
    0xFFFF, 0xD69A, 0xFFFF, 0xF79E, 0xCE79, 0xFFDF, 0xD69A, 0xFFFF, 0xCE79, 0xDEFB, 0xF79E, 0xCE9A, 0xFFFF, 0xD6BA, 0xFFFF, 0xCE79,
    0xF7BE, 0xEF7D, 0xEF5D, 0xFFFF, 0xD6BA, 0xFFFF, 0xCE7A, 0xD6BA, 0xFFDF, 0xD69A, 0xFFFF, 0xD69A, 0xFFFF, 0xCE59, 0xF7BE, 0xEF7D,
    0xD69A, 0xFFFF, 0xD6BA, 0xB041, 0xC820, 0xFFFF, 0xD69A, 0xDEDB, 0xFFFF, 0xD69A, 0xFFFF, 0xD6BA, 0xFFFF, 0xB0C0, 0xED22, 0xFFC6,
    0xFFF4, 0xFFF3, 0xFFF3, 0xFFC7, 0xFFC8, 0xFFE7, 0xFFE8, 0xFFC8, 0xFFE8, 0xFFC8, 0xFFC8, 0xFFC8, 0xFFE8, 0xFE80, 0xFF86, 0xFFE8,
    0xFFE8, 0xFFE8, 0xFFC8, 0xFFE8, 0xFFE8, 0xFFC8, 0xFFE8, 0xFFC8, 0xFFE8, 0xFFE7, 0xFC40, 0xB800, 0xC000, 0xC820, 0xE8C0, 0xF160,
    0xFC20, 0xFC20, 0xFC40, 0xFC40, 0xFC40, 0xFC60, 0xFC00, 0xFB60, 0xB800, 0xC020, 0xF7BE, 0xFFDF, 0xD6BB, 0xFFFF, 0xDEFB, 0xD6BA,
    0xFFFF, 0xD69A, 0xFFFF, 0xCE7A, 0xDF3C, 0xA801, 0xFA40, 0xFAC0, 0xA801, 0xA001, 0xFFDF, 0xDEDB, 0xFFDF, 0xD69A, 0xD69A, 0xFFFF,
    0xD6BB, 0xEF9D, 0xFFFF, 0xD6BA, 0xFFFF, 0xCE9A, 0xFFDF, 0xCE79, 0xF7BE, 0xF7BE, 0xD6BA, 0xFFFF, 0xD69A, 0xFFFF, 0xCE7A, 0xFFFF,
    0xCE79, 0xFFFF, 0xCE9A, 0xD69A, 0xFFDF, 0xCE79, 0xFFDF, 0xD69A, 0xFFFF, 0xEF5D, 0xDEDB, 0xFFFF, 0xCE7A, 0xFFFF, 0xCE59, 0xFFFF,
    0xD6DB, 0xCE9A, 0xFFFF, 0xCE7A, 0xD69A, 0xEF7D, 0xFFFF, 0xF79E, 0xCE7A, 0xFFDF, 0xD6DB, 0xFFFF, 0xCE7A, 0xF7BE, 0xD6BA, 0xDEFB,
    0xFFFF, 0xCE59, 0xF7BF, 0xC820, 0xC800, 0xC800, 0xC000, 0xC000, 0xC8A1, 0xE42D, 0xD6DB, 0xC162, 0xB0C0, 0xB120, 0xF5C3, 0xFFC6,
    0xFFF4, 0xFFF4, 0xFFF2, 0xFFE7, 0xFFE8, 0xFFE8, 0xFFC8, 0xFFC8, 0xFFE8, 0xFFC8, 0xFFE8, 0xFFE8, 0xFFE8, 0xFEA1, 0xFF86, 0xFFE8,
    0xFFC8, 0xFFC8, 0xFFC8, 0xFFE8, 0xFFE8, 0xFFE8, 0xFFC8, 0xFFE8, 0xFFC8, 0xFFC7, 0xFC40, 0xC000, 0xC000, 0xC000, 0xE100, 0xF9A0,
    0xFC20, 0xFC40, 0xFC40, 0xFC40, 0xFC40, 0xFC40, 0xFC00, 0xFB80, 0xB800, 0xB000, 0xEEFB, 0xC659, 0xFFDF, 0xD6BA, 0xFFFF, 0xFFFF,
    0xCE9A, 0xFFDF, 0xD69A, 0xB800, 0xB041, 0xA800, 0xFA80, 0xFAC0, 0xA801, 0xA800, 0xD69A, 0xFFFF, 0xCE59, 0xEF7D, 0xFFFF, 0xD69A,
    0xFFDF, 0xD6BB, 0xCE9A, 0xF7BE, 0xD69A, 0xFFDF, 0xD6BA, 0xFFFF, 0xD6DB, 0xCE9A, 0xFFFF, 0xD69A, 0xFFFF, 0xCE7A, 0xFFFF, 0xCE79,
    0xFFDF, 0xD69A, 0xFFFF, 0xFFDF, 0xD69A, 0xFFFF, 0xCE59, 0xFFFF, 0xCE79, 0xE71C, 0xF7BE, 0xD69A, 0xFFFF, 0xCE7A, 0xFFFF, 0xCE7A,
    0xE75D, 0xF7BE, 0xCE59, 0xFFFF, 0xF79E, 0xCE7A, 0xFFFF, 0xCE79, 0xFFDF, 0xD69A, 0xFFFF, 0xCE7A, 0xF7BF, 0xD6BA, 0xF7BE, 0xF7BE,
    0xCE79, 0xFFDF, 0xDEDB, 0xC800, 0xC800, 0xC000, 0xB800, 0xC000, 0xC0C0, 0xC900, 0xFFFF, 0xB8A0, 0xB8C0, 0xFF84, 0xFFC7, 0xFFC8,
    0xFFF3, 0xFFD2, 0xFFE8, 0xFFE7, 0xFFC7, 0xFFC8, 0xFFC8, 0xFFE8, 0xFFE8, 0xFFE8, 0xFFC8, 0xFEA0, 0xFEA0, 0xFFE8, 0xFFE8, 0xFFE8,
    0xFFE8, 0xFFE8, 0xFFE8, 0xFFE8, 0xFFC8, 0xFFC8, 0xFFE8, 0xFFE8, 0xFFE8, 0xFFE8, 0xFC20, 0xD000, 0xC800, 0xFB40, 0xFBE0, 0xFC40,
    0xFC20, 0xFC40, 0xFC40, 0xFC40, 0xFC40, 0xFC40, 0xFC40, 0xFC40, 0xFAC0, 0xFAE0, 0xB800, 0xCE9A, 0xFFDF, 0xDEDB, 0xFFFF, 0xDEFB,
    0xCE7A, 0xFFDF, 0xCE5A, 0xB020, 0xB000, 0xFBC0, 0xFBC0, 0xFBE0, 0xB000, 0xB881, 0xCE59, 0xFFDF, 0xCE7A, 0xFFDF, 0xD69A, 0xFFFF,
    0xD69A, 0xFFFF, 0xD69A, 0xEF5D, 0xF7BE, 0xCE9A, 0xFFFF, 0xCE79, 0xF7BE, 0xF7DF, 0xD6BA, 0xFFDF, 0xCE7A, 0xFFFF, 0xD69A, 0xFFFF,
    0xDEFB, 0xDEFB, 0xE73C, 0xDEDB, 0xE73C, 0xE71C, 0xEF7D, 0xCE79, 0xFFFF, 0xE73C, 0xD69A, 0xFFFF, 0xCE7A, 0xFFDF, 0xC659, 0xFFFF,
    0xDEDB, 0xEF5D, 0xDF1C, 0xCE79, 0xFFDF, 0xFFDF, 0xCE79, 0xFFDF, 0xE73D, 0xEF7D, 0xCE59, 0xFFFF, 0xD6BA, 0xFFFF, 0xD6BA, 0xD69A,
    0xFFDF, 0xD69A, 0xFFFF, 0xB800, 0xB800, 0xFC00, 0xFC20, 0xFC20, 0xFAC0, 0xFAE0, 0xB800, 0xC920, 0xC140, 0xFFA5, 0xFFCC, 0xFFF3,
    0xFFF3, 0xFFF3, 0xFFE7, 0xFFC8, 0xFFC8, 0xFFE8, 0xFFC8, 0xFFC8, 0xFFC8, 0xFFE8, 0xFFE8, 0xFFE8, 0xFFE8, 0xFFE8, 0xFFE8, 0xFFE8,
    0xFFE8, 0xFFC8, 0xFFE8, 0xFFE8, 0xFFE8, 0xFFE8, 0xFFE8, 0xFFE8, 0xFFE8, 0xFFE8, 0xFC20, 0xFB40, 0xFB40, 0xFC20, 0xFC20, 0xFC20,
    0xFC20, 0xFC40, 0xFC40, 0xFC40, 0xFC40, 0xFC40, 0xFC40, 0xFC40, 0xFAC0, 0xFAC0, 0xB800, 0xFFFF, 0xD69A, 0xFFDF, 0xD6BA, 0xEF5D,
    0xFFFF, 0xC4B3, 0xB000, 0xFB60, 0xFB40, 0xFC60, 0xFB80, 0xFB20, 0xB000, 0xA800, 0xFFDF, 0xCE79, 0xFFDF, 0xD69A, 0xC638, 0xCE79,
    0xFFFF, 0xD6BA, 0xFFFF, 0xDEFC, 0xD69A, 0xFFFF, 0xCE7A, 0xFFDF, 0xD69A, 0xCE9A, 0xFFFF, 0xD6BA, 0xFFFF, 0xCE7A, 0xFFDF, 0xD6BB,
    0xD69A, 0xF7DE, 0xCE9A, 0xE71C, 0xEF5D, 0xD69A, 0xEF5D, 0xE73C, 0xD6DB, 0xDEDB, 0xD6BA, 0xF79E, 0xD6BA, 0xF7BE, 0xCE9A, 0xEF7D,
    0xFFFF, 0xCE59, 0xFFDF, 0xE71C, 0xCE79, 0xD69A, 0xFFDF, 0xD71C, 0xCE99, 0xF79E, 0xDEFB, 0xCE79, 0xFFFF, 0xCE59, 0xF7BE, 0xEF7D,
    0xD6BA, 0xFFFF, 0xD6BA, 0xA820, 0xA020, 0xFC20, 0xFC40, 0xFC20, 0xFAE0, 0xFB20, 0xB800, 0xC940, 0xC960, 0xFFA5, 0xFFCD, 0xFFF4,
    0xFFF3, 0xFFF2, 0xFFC8, 0xFFC8, 0xFFC8, 0xFFC8, 0xFFC8, 0xFFE8, 0xFFC8, 0xFFE8, 0xFFE8, 0xFFE8, 0xFFC8, 0xFFE8, 0xFFC8, 0xFFE8,
    0xFFC8, 0xFFE8, 0xFFE8, 0xFFE8, 0xFFE8, 0xFFE8, 0xFFE8, 0xFFE8, 0xFFE8, 0xFFE8, 0xFC20, 0xFB60, 0xFB60, 0xFC20, 0xFC20, 0xFC20,
    0xFC20, 0xFC40, 0xFC40, 0xFC40, 0xFC40, 0xFC40, 0xFC40, 0xFC40, 0xFB00, 0xFAE0, 0xC020, 0xCE9A, 0xFFFF, 0xCE79, 0xFFFF, 0xDEDB,
    0xCE9A, 0xED74, 0xB800, 0xFB60, 0xFB60, 0xFC60, 0xFB80, 0xFAE0, 0xB000, 0xA800, 0xDEDB, 0xFFFF, 0xCE79, 0xFFFF, 0xCE79, 0xE71C,
    0xCE79, 0xFFDF, 0xCE7A, 0xFFFF, 0xEF5D, 0xD6BA, 0xE71C, 0xDEDB, 0xE73C, 0xE73C, 0xC659, 0xFFFF, 0xCE7A, 0xFFFF, 0xD69A, 0xFFFF,
    0xFFFF, 0xD69A, 0xFFFF, 0xEF5D, 0xCE79, 0xFFDF, 0xCE79, 0xFFFF, 0xCE79, 0xDEFB, 0xF7BE, 0xCE9A, 0xFFDF, 0xD69A, 0xFFFF, 0xDEFB,
    0xCE7A, 0xFFFF, 0xD6BB, 0xFFFF, 0xDEFB, 0xF79E, 0xB801, 0xB001, 0xB001, 0xB042, 0xFFDF, 0xCE9A, 0xF7BE, 0xD69A, 0xE75D, 0xFFDF,
    0xE71C, 0xF7BE, 0xCE9A, 0xEF5D, 0xE6FB, 0xC000, 0xFC40, 0xFC20, 0xFC40, 0xFC20, 0xFB60, 0xC0E0, 0xC8E0, 0xFFA6, 0xFFCC, 0xFFF3,
    0xFFE7, 0xFFE8, 0xFFE8, 0xFFE8, 0xFFE8, 0xFFE8, 0xFFE8, 0xFFC8, 0xFFC8, 0xFFE8, 0xFFE8, 0xFFC8, 0xFFE8, 0xFFE8, 0xFFE8, 0xFFE8,
    0xFFE8, 0xFFC8, 0xFFE8, 0xFFE8, 0xFFE8, 0xFFE8, 0xFFE8, 0xFFE8, 0xFFE8, 0xFFE8, 0xFB80, 0xFC20, 0xFC20, 0xFC20, 0xFC40, 0xFC20,
    0xFE00, 0xFE00, 0xFC40, 0xFC40, 0xFC40, 0xFC40, 0xFC40, 0xFC40, 0xFC40, 0xFC20, 0xFA00, 0xB800, 0xC020, 0xEF5D, 0xCE9A, 0xE73C,
    0xB800, 0xB000, 0xFBC0, 0xFC40, 0xFC60, 0xFC60, 0xE960, 0xD800, 0xDC71, 0xFFFF, 0xFFDF, 0xD6BA, 0xFFFF, 0xC659, 0xE75D, 0xFFFF,
    0xCE9A, 0xFFDF, 0xCE7A, 0xFFFF, 0xE71C, 0xCE7A, 0xFFFF, 0xD69A, 0xF79E, 0xE73C, 0xE73C, 0xE71C, 0xF79E, 0xD6BB, 0xF79E, 0xD6BA,
    0xD69A, 0xFFFF, 0xCE79, 0xE71C, 0xFFFF, 0xD69A, 0xFFDF, 0xCE79, 0xFFFF, 0xDEFB, 0xD6BA, 0xFFFF, 0xC659, 0xFFDF, 0xD69A, 0xDEDB,
    0xFFDF, 0xD6BB, 0xFFFF, 0xCE7A, 0xFFFF, 0xE73C, 0xB001, 0xB000, 0xFB00, 0xFAE0, 0xA800, 0xFFFF, 0xCE59, 0xFFFF, 0xCE79, 0xD6BA,
    0xFFFF, 0xC639, 0xFFFF, 0xCE9A, 0xFFFF, 0xB000, 0xFBE0, 0xFC40, 0xFC40, 0xFC20, 0xFB60, 0xFE20, 0xF621, 0xFFF2, 0xFFCD, 0xFFC9,
    0xFFE8, 0xFFE8, 0xFFE8, 0xFFE8, 0xFFE8, 0xFFC8, 0xFFE8, 0xFFC8, 0xFFE8, 0xFFE8, 0xFFE8, 0xFFE8, 0xFFC8, 0xFFE8, 0xFFE8, 0xFFE8,
    0xFFE8, 0xFFC8, 0xFFE8, 0xFFE8, 0xFFC8, 0xFFC8, 0xFFE8, 0xFFE8, 0xFE60, 0xFE80, 0xFC00, 0xFC20, 0xFC20, 0xFC40, 0xFDA0, 0xFE40,
    0xFE40, 0xFE40, 0xFE40, 0xFDE0, 0xFDE0, 0xFC40, 0xFC40, 0xFC40, 0xFC40, 0xFC20, 0xFAA0, 0xB000, 0xB841, 0xFFFF, 0xC020, 0xB020,
    0xFB60, 0xFBA0, 0xFC40, 0xFC40, 0xFC60, 0xFC60, 0xC920, 0xB000, 0xEE59, 0xD6BA, 0xCE79, 0xFFFF, 0xCE59, 0xFFFF, 0xDEFB, 0xCE7A,
    0xFFFF, 0xCE79, 0xFFFF, 0xCE79, 0xE6FC, 0xFFFF, 0xD6BA, 0xFFFF, 0xC638, 0xDEDB, 0xFFFF, 0xDEDB, 0xCE79, 0xFFFF, 0xD69A, 0xFFFF,
    0xFFFF, 0xD69A, 0xFFFF, 0xDEFB, 0xCE7A, 0xFFFF, 0xD69A, 0xFFDF, 0xD6BA, 0xE73C, 0xEF7D, 0xD69A, 0xFFDF, 0xD69A, 0xF7BE, 0xF79E,
    0xD6BA, 0xFFFF, 0xCE7A, 0xFFDF, 0xD6BB, 0xF79E, 0xB000, 0xB000, 0xFB00, 0xFAE0, 0xB800, 0xD6BC, 0xFFDF, 0xD69A, 0xF7BE, 0xFFFF,
    0xD69A, 0xFFFF, 0xDEDB, 0xFFDF, 0xDEDA, 0xB800, 0xFC00, 0xFC20, 0xFC20, 0xFC40, 0xFB60, 0xFEE1, 0xFEE2, 0xFFF3, 0xFFCE, 0xFFE8,
    0xFFE8, 0xFFE8, 0xFFE8, 0xFFE8, 0xFFE8, 0xFFE8, 0xFFE8, 0xFFE8, 0xFFC8, 0xFFE8, 0xFFE8, 0xFFE8, 0xFFC8, 0xFFE8, 0xFFE8, 0xFFE8,
    0xFFE8, 0xFFE8, 0xFFE8, 0xFFE8, 0xFFE8, 0xFFE8, 0xFFE8, 0xFFC8, 0xFE20, 0xFE60, 0xFC20, 0xFC20, 0xFC20, 0xFC40, 0xFDE0, 0xFE40,
    0xFE40, 0xFE60, 0xFE40, 0xFE00, 0xFDE0, 0xFC40, 0xFC40, 0xFC40, 0xFC40, 0xFC20, 0xFAA0, 0xB800, 0xB861, 0xFFFF, 0xB820, 0xB800,
    0xFBA0, 0xFBA0, 0xFC40, 0xFC60, 0xFC60, 0xFC60, 0xC100, 0xB000, 0xD5D7, 0xFFFF, 0xE73D, 0xCE79, 0xFFFF, 0xD69A, 0xEF7D, 0xF7BE,
    0xCE59, 0xFFDF, 0xCE59, 0xFFFF, 0xD6DB, 0xCE59, 0xFFFF, 0xD69A, 0xFFFF, 0xE73D, 0xD6BA, 0xF79E, 0xF79E, 0xCE79, 0xFFFF, 0xCE7A,
    0xD69A, 0xFFFF, 0xD69A, 0xDEFB, 0xFFFF, 0xD69A, 0xFFFF, 0xCE79, 0xFFFF, 0xE73C, 0xD69A, 0xFFDF, 0xC659, 0xFFFF, 0xEF7D, 0xCE7A,
    0xFFFF, 0xCE79, 0xFFDF, 0xD6BA, 0xFFFF, 0xDF1C, 0xB000, 0xB000, 0xFA40, 0xFA40, 0xFBC0, 0xB800, 0xB000, 0xB800, 0xB800, 0xB000,
    0xFFDF, 0xD6BB, 0xFFDF, 0xCE7A, 0xFFFF, 0xE6FC, 0xB820, 0xC020, 0xFC20, 0xFC20, 0xFA80, 0xFFC7, 0xFFC7, 0xFFF3, 0xFFCE, 0xFFE8,
    0xFFE8, 0xFFE8, 0xFFE8, 0xFFC8, 0xFFE8, 0xFFC8, 0xFFE8, 0xFFE8, 0xFFE8, 0xFFE8, 0xFFC8, 0xFFE8, 0xFFE8, 0xFFE8, 0xFFE8, 0xFFE8,
    0xFFE8, 0xFFE8, 0xFFE8, 0xFFE8, 0xFFE8, 0xFFE8, 0xFFE8, 0xFFC8, 0xFC40, 0xFC20, 0xFC20, 0xFC40, 0xFC20, 0xFE40, 0xFE40, 0xFE60,
    0xFE60, 0xFE40, 0xFFE9, 0xFE40, 0xFE40, 0xFDC0, 0xFD60, 0xFC40, 0xFC40, 0xFC20, 0xFA80, 0xB800, 0xB800, 0xB800, 0xE9C0, 0xFB80,
    0xFC20, 0xFC40, 0xFC40, 0xFC40, 0xFC60, 0xB800, 0xB820, 0xCE9A, 0xFFFF, 0xCE9A, 0xEF5D, 0xFFDF, 0xD69A, 0xFFFF, 0xCE59, 0xCE59,
    0xFFDF, 0xD69A, 0xFFFF, 0xD69A, 0xEF5D, 0xFFFF, 0xCE7A, 0xFFFF, 0xD6BA, 0xDEDB, 0xFFDF, 0xD6BA, 0xEF5D, 0xE71C, 0xD69A, 0xF7BE,
    0xFFFF, 0xCE59, 0xEF7D, 0xDEFC, 0xE73D, 0xDEDB, 0xE73D, 0xD69A, 0xE71C, 0xF7BE, 0xCE79, 0xFFFF, 0xCE9A, 0xF7DF, 0xF7BE, 0xE73C,
    0xE73D, 0xE75D, 0xE71C, 0xEF5D, 0xDEDB, 0xEF5D, 0xB000, 0xB000, 0xFA00, 0xFA20, 0xFBC0, 0xC060, 0xB880, 0xC860, 0xC020, 0xC840,
    0xE575, 0xFF3C, 0xCDD7, 0xFF3C, 0xD618, 0xE73C, 0xC020, 0xB800, 0xFC40, 0xFC00, 0xFB00, 0xFFE9, 0xFFE8, 0xFFF1, 0xFFEE, 0xFFC8,
    0xFFE8, 0xFFE8, 0xFFE8, 0xFFE8, 0xFFE8, 0xFFE8, 0xFFC7, 0xFF86, 0xFFE8, 0xFFC8, 0xFFE8, 0xFFC8, 0xFFE8, 0xFFC7, 0xFFC8, 0xFFC8,
    0xFFEA, 0xFFE9, 0xFFE9, 0xFFE9, 0xFFE9, 0xFFE9, 0xFFE9, 0xFFE8, 0xFC40, 0xFC60, 0xFC60, 0xFCA0, 0xFCA1, 0xFE81, 0xFE81, 0xFEA1,
    0xFE81, 0xFEA2, 0xFFE8, 0xFEA2, 0xFEA1, 0xFDE0, 0xFD40, 0xFC40, 0xFC40, 0xFC20, 0xFA80, 0xB800, 0xB800, 0xB880, 0xEA40, 0xFBC0,
    0xFC40, 0xFC40, 0xFC40, 0xFC40, 0xFC60, 0xB000, 0xB820, 0xDF1C, 0xF7BE, 0xCE7A, 0xF7BE, 0xDEFB, 0xDEFB, 0xE73C, 0xF79E, 0xF7BE,
    0xCE7A, 0xF7BE, 0xCE79, 0xF7BE, 0xD6BA, 0xD69A, 0xF7DE, 0xCE7A, 0xFFFF, 0xD6BA, 0xD69A, 0xFFFF, 0xCE59, 0xFFDF, 0xCE79, 0xFFDF,
    0xEF7D, 0xDEDB, 0xFFDF, 0xEF5D, 0xCE79, 0xFFDF, 0xCE59, 0xFFFF, 0xEF7D, 0xCE7A, 0xFFDF, 0xD69A, 0xFFFF, 0xCE79, 0xD6BA, 0xF7BE,
    0xCE9A, 0xFFDF, 0xD69A, 0xD69A, 0xF7BE, 0xCE9A, 0xB800, 0xB000, 0xF980, 0xF980, 0xFBC0, 0xFBC0, 0xFBC0, 0xFA60, 0xFA20, 0xFA40,
    0xC020, 0xB800, 0xC020, 0xC000, 0xB820, 0xDEFC, 0xB020, 0xB800, 0xFC20, 0xFC20, 0xFD40, 0xFFE8, 0xFFE8, 0xFFC8, 0xFFC8, 0xFFC8,
    0xFE60, 0xFE60, 0xFFC8, 0xFFE8, 0xFFE8, 0xFFE8, 0xFF24, 0xFE60, 0xFFC8, 0xFFE8, 0xFFC8, 0xFFE8, 0xFFE9, 0xFDC0, 0xFD20, 0xFC80,
    0xFB20, 0xFB20, 0xFB40, 0xFB40, 0xFB20, 0xFB20, 0xFB80, 0xFC40, 0xFD20, 0xFD00, 0xFE40, 0xFFE9, 0xFFC8, 0xFFE9, 0xFFE8, 0xFFE8,
    0xFFE8, 0xFFE8, 0xFFC8, 0xFFE8, 0xFFE8, 0xFE20, 0xFDA0, 0xFC40, 0xFC40, 0xFC20, 0xFA80, 0xB800, 0xB800, 0xFBA0, 0xFBE0, 0xFC40,
    0xFC40, 0xFC40, 0xFC40, 0xFC40, 0xFC40, 0xB800, 0xB020, 0xE73D, 0xD69A, 0xFFFF, 0xCE7A, 0xE71C, 0xFFFF, 0xC639, 0xF7BE, 0xD6BA,
    0xDEFB, 0xE71C, 0xEF7D, 0xDEDB, 0xEF7D, 0xF79E, 0xD67A, 0xFFFF, 0xD69A, 0xFFDF, 0xCE7A, 0xCE79, 0xFFFF, 0xCE79, 0xFFFF, 0xCE59,
    0xCE7A, 0xFFFF, 0xCE79, 0xD6BA, 0xFFFF, 0xD69A, 0xFFDF, 0xCE79, 0xCE79, 0xFFDF, 0xD6BB, 0xFFFF, 0xD69A, 0xF7BF, 0xFFFF, 0xCE79,
    0xFFDF, 0xD69A, 0xFFDF, 0xFFFF, 0xCE59, 0xFFDF, 0xB820, 0xB000, 0xFA60, 0xFA80, 0xFAA0, 0xFBC0, 0xFBC0, 0xFBC0, 0xFBC0, 0xFBC0,
    0xFB40, 0xFB20, 0xFB40, 0xFA80, 0xFA80, 0xC000, 0xB800, 0xB800, 0xB820, 0xB840, 0xFEE1, 0xFFC7, 0xFFE8, 0xFFC8, 0xFFE8, 0xFFC8,
    0xFE60, 0xFE60, 0xFE80, 0xFFC8, 0xFFC8, 0xFE61, 0xFEC2, 0xFFE9, 0xFE81, 0xFE80, 0xFE40, 0xFCE1, 0xF4C0, 0xFC00, 0xFCA1, 0xFCE2,
    0xFCE1, 0xFCE1, 0xFCE1, 0xFCE1, 0xFCC1, 0xFCC1, 0xFCA1, 0xFB80, 0xFB60, 0xFB60, 0xFD20, 0xFE20, 0xFE40, 0xFE81, 0xFF87, 0xFFC8,
    0xFFE8, 0xFFE8, 0xFFE8, 0xFFC8, 0xFFC8, 0xFE40, 0xFDA0, 0xFC40, 0xFC40, 0xFC20, 0xFA60, 0xFB40, 0xFB20, 0xFC20, 0xFC20, 0xFC40,
    0xFC40, 0xFC40, 0xFC60, 0xFC40, 0xFC40, 0xF9A0, 0xC880, 0xB040, 0xFFDF, 0xCE7A, 0xFFFF, 0xD6DB, 0xCE79, 0xFFDF, 0xD6BB, 0xFFFF,
    0xFFBF, 0xCE79, 0xF79E, 0xDEFB, 0xCE7A, 0xDEFC, 0xF79E, 0xCE79, 0xFFDF, 0xD69A, 0xFFFF, 0xCE79, 0xCE7A, 0xFFFF, 0xCE79, 0xFFFF,
    0xFFFF, 0xD69A, 0xFFFF, 0xEF7D, 0xD69A, 0xFFFF, 0xD69A, 0xF7BF, 0xFFDF, 0xD6DB, 0xFFFF, 0xD69A, 0xFFFF, 0xD6BA, 0xD69A, 0xFFFF,
    0xD69A, 0xFFDF, 0xD6BA, 0xCE79, 0xFFFF, 0xD69A, 0xB000, 0xB821, 0xFA80, 0xFA80, 0xFAA0, 0xFBE0, 0xFBE0, 0xFBE0, 0xFBE0, 0xFBE0,
    0xFB40, 0xFB60, 0xFB60, 0xFA80, 0xFAA0, 0xC020, 0xB800, 0xC000, 0xC000, 0xB020, 0xFF22, 0xFFC8, 0xFFE8, 0xFFE8, 0xFFC8, 0xFFC8,
    0xFE60, 0xFE80, 0xFE60, 0xFFA8, 0xFFC8, 0xFE60, 0xFEC1, 0xFFC8, 0xFE60, 0xFE80, 0xFE40, 0xFCC0, 0xFCE0, 0xFC00, 0xFCC1, 0xFD02,
    0xFD01, 0xFD01, 0xFD01, 0xFD01, 0xFD01, 0xFD02, 0xFCC1, 0xFBC0, 0xFB80, 0xFB60, 0xFD20, 0xFE40, 0xFE20, 0xFE40, 0xFF86, 0xFFE8,
    0xFFE8, 0xFFE8, 0xFFE8, 0xFFC8, 0xFFE8, 0xFE40, 0xFD80, 0xFC40, 0xFC40, 0xFC20, 0xFA40, 0xFB60, 0xFB60, 0xFC40, 0xFC40, 0xFC40,
    0xFC40, 0xFC40, 0xFC40, 0xFC40, 0xFC40, 0xF9E0, 0xD0A0, 0xB000, 0xD6BA, 0xFFFF, 0xD6BA, 0xE73D, 0xF7DE, 0xDEDB, 0xFFFF, 0xD6BA,
    0xFFDF, 0xFFDF, 0xFFDF, 0xCE7A, 0xFFFF, 0xEF7D, 0xD6DB, 0xFFFF, 0xCE79, 0xFFFF, 0xCE7A, 0xFFFF, 0xFFDF, 0xCE79, 0xFFFF, 0xCE7A,
    0xD69A, 0xFFFF, 0xCE7A, 0xCE7A, 0xFFFF, 0xD69A, 0xFFFF, 0xCE7A, 0xCE79, 0xFFDF, 0xCE79, 0xFFFF, 0xCE79, 0xF79E, 0xFFDF, 0xD69A,
    0xFFFF, 0xCE79, 0xF79E, 0xFFFF, 0xDEDB, 0xF7BE, 0xD6BB, 0xE73D, 0xC000, 0xC000, 0xFA60, 0xFC00, 0xFBE0, 0xFBE0, 0xFBE0, 0xFBE0,
    0xFBE0, 0xFBE0, 0xFBE0, 0xFBE0, 0xFBE0, 0xFBE0, 0xFBE0, 0xFBC0, 0xFAA0, 0xFAA0, 0xFFC6, 0xFFC8, 0xFFE8, 0xFFE8, 0xFF24, 0xFE60,
    0xFE60, 0xFE40, 0xFBE0, 0xFB80, 0xFB80, 0xFB40, 0xFBA0, 0xFCE2, 0xFD02, 0xFD02, 0xFD02, 0xFD01, 0xFD01, 0xFD02, 0xFD02, 0xFD02,
    0xFD02, 0xFD01, 0xFD01, 0xFD02, 0xFD02, 0xFD01, 0xFCE2, 0xFD02, 0xFD02, 0xFCE2, 0xFB60, 0xFB40, 0xFB60, 0xFCC0, 0xFDE0, 0xFE60,
    0xFFE8, 0xFFE8, 0xFFE8, 0xFFE8, 0xFFC8, 0xFEA0, 0xFE81, 0xFDE0, 0xFC20, 0xFC00, 0xFA40, 0xFC60, 0xFC40, 0xFC40, 0xFC40, 0xFC40,
    0xFC40, 0xFC40, 0xFC40, 0xFC40, 0xFC40, 0xFA80, 0xC8C0, 0xB000, 0xFFDF, 0xCE79, 0xF7BE, 0xD6BB, 0xD69A, 0xFFDF, 0xCE59, 0xF7BE,
    0xDEDB, 0xF7BE, 0xEF5D, 0xD6BB, 0xDEFB, 0xEF7D, 0xDEDB, 0xE73C, 0xDEFB, 0xDEDB, 0xF79E, 0xCE59, 0xD6BB, 0xFFFF, 0xC659, 0xFFFF,
    0xD69A, 0xFFDF, 0xD69A, 0xDEFB, 0xFFDF, 0xD6BA, 0xF7BE, 0xDEFC, 0xCE79, 0xFFDF, 0xD69A, 0xFFDF, 0xD69A, 0xEF5D, 0xFFFF, 0xD69A,
    0xFFFF, 0xCE7A, 0xF79E, 0xFFFF, 0xCE9A, 0xFFFF, 0xCE79, 0xD6BB, 0xB000, 0xB000, 0xFA80, 0xFA60, 0xFA80, 0xFBE0, 0xFBE0, 0xFBE0,
    0xFBE0, 0xFBE0, 0xFBE0, 0xFC00, 0xFBE0, 0xFBE0, 0xFBE0, 0xFBE0, 0xFBE0, 0xFBE0, 0xFFE8, 0xFFE8, 0xFFE8, 0xFFC8, 0xFF45, 0xFE60,
    0xFC20, 0xFC20, 0xFBC0, 0xFCE1, 0xFCE1, 0xFD01, 0xFD02, 0xFD02, 0xFD02, 0xFD02, 0xFD02, 0xFD02, 0xFD21, 0xFDE0, 0xFD61, 0xFD01,
    0xFD01, 0xFD01, 0xFD01, 0xFECE, 0xFECF, 0xFD01, 0xFD01, 0xFD02, 0xFD01, 0xFD01, 0xFCE1, 0xFCE1, 0xFCE1, 0xFBA0, 0xFC00, 0xFC00,
    0xFE20, 0xFE40, 0xFE20, 0xFFC8, 0xFFE8, 0xFFE8, 0xFF86, 0xFE40, 0xFB80, 0xFB80, 0xFC60, 0xFC40, 0xFC40, 0xFC40, 0xFC40, 0xFC40,
    0xFD20, 0xFD20, 0xFC40, 0xFC40, 0xFC40, 0xFA40, 0xC080, 0xB000, 0xFFFF, 0xCE59, 0xFFDF, 0xE73D, 0xD6BA, 0xA003, 0xB8E6, 0xFFDF,
    0xD69A, 0xFFFF, 0xD6BA, 0xFFDF, 0xCE59, 0xD6BA, 0xEF7D, 0xCE7A, 0xFFFF, 0xCE59, 0xFFFF, 0xCE59, 0xDEFC, 0xF7BE, 0xEF5D, 0xE71C,
    0xFFFF, 0xD69A, 0xFFFF, 0xEF5D, 0xCE79, 0xFFFF, 0xD69A, 0xD6BA, 0xFFFF, 0xD69A, 0xFFFF, 0xD6BA, 0xFFFF, 0xE73C, 0xD69A, 0xFFFF,
    0xD6BA, 0xFFFF, 0xDEFB, 0xCE79, 0xFFDF, 0xDEFB, 0xF7BE, 0xFFBF, 0xB000, 0xB820, 0xFA80, 0xFAA0, 0xFAA0, 0xFBE0, 0xFC00, 0xFBE0,
    0xFBE0, 0xFBE0, 0xFC00, 0xFC00, 0xFBE0, 0xFBE0, 0xFBE0, 0xFBE0, 0xFBE0, 0xFBE0, 0xFFC8, 0xFFE8, 0xFFE8, 0xFFE8, 0xFF44, 0xFE60,
    0xFC20, 0xFC20, 0xFBC0, 0xFCE1, 0xFCE1, 0xFD01, 0xFD01, 0xFD01, 0xFD02, 0xFD02, 0xFD01, 0xFD21, 0xFD01, 0xFDE0, 0xFD61, 0xFD01,
    0xFD01, 0xFD01, 0xFD01, 0xFED0, 0xFEAE, 0xFD01, 0xFD01, 0xFD02, 0xFD01, 0xFD01, 0xFCE1, 0xFCE1, 0xFCE1, 0xFBC0, 0xFC00, 0xFC00,
    0xFE40, 0xFE40, 0xFE40, 0xFFC7, 0xFFC8, 0xFFC8, 0xFF86, 0xFE40, 0xFBA0, 0xFBA0, 0xFC40, 0xFC40, 0xFC40, 0xFC40, 0xFC20, 0xFC40,
    0xFD00, 0xFD20, 0xFC40, 0xFC40, 0xFC40, 0xFA20, 0xC040, 0xA800, 0xCE7A, 0xFFFF, 0xCE9A, 0xE73C, 0xFFDF, 0xA802, 0xA801, 0xD69A,
    0xFFFF, 0xD69A, 0xFFFF, 0xCE9A, 0xF7BE, 0xF79E, 0xD6BA, 0xFFFF, 0xCE9A, 0xFFFF, 0xD6BA, 0xFFFF, 0xDEDB, 0xEF7D, 0xCE7A, 0xFFFF,
    0xD69A, 0xFFFF, 0xD69A, 0xE73D, 0xFFFF, 0xCE59, 0xFFFF, 0xDEFC, 0xCE9A, 0xFFFF, 0xD69A, 0xFFFF, 0xCE79, 0xEF5D, 0xFFFF, 0xCE79,
    0xFFFF, 0xD6BA, 0xEF7D, 0xFFDF, 0xD69A, 0xFFDF, 0xCE79, 0xD6BA, 0xB000, 0xB000, 0xFA40, 0xFAA0, 0xFAA0, 0xFAA0, 0xFC60, 0xFCC0,
    0xFCC0, 0xFCC0, 0xFCC0, 0xFCC0, 0xFCC0, 0xFCC0, 0xFC20, 0xFC00, 0xFBE0, 0xFBE0, 0xFE00, 0xFFC8, 0xFFE8, 0xFE60, 0xFD60, 0xFBA0,
    0xFCE1, 0xFCE2, 0xFCE1, 0xFD01, 0xFD01, 0xFD02, 0xFD02, 0xFD02, 0xFD01, 0xFD01, 0xFD01, 0xFE20, 0xFE00, 0xFD01, 0xFD01, 0xFD01,
    0xFD01, 0xFD01, 0xFD02, 0xFFDF, 0xFFFF, 0xFD02, 0xFD01, 0xFD01, 0xFD02, 0xFD02, 0xFD02, 0xFD01, 0xFD01, 0xFCE1, 0xFCE2, 0xFCE1,
    0xFBC0, 0xFBA0, 0xFBC0, 0xFDE0, 0xFDE0, 0xFFC8, 0xFFE8, 0xFFC7, 0xFB00, 0xFB00, 0xFC40, 0xFC40, 0xFC40, 0xFC40, 0xFCE0, 0xFE00,
    0xFD20, 0xFD20, 0xFC40, 0xFC40, 0xFC20, 0xF940, 0xC860, 0xB000, 0xFFDF, 0xCE59, 0xF7BE, 0x9822, 0xB002, 0xB001, 0xB000, 0xFFDF,
    0xCE79, 0xFFFF, 0xCE9A, 0xFFDF, 0xCE79, 0xE71C, 0xEF3D, 0xCE59, 0xFFDF, 0xCE79, 0xFFDF, 0xCE59, 0xDF1C, 0xD69A, 0xFFFF, 0xCE7A,
    0xFFFF, 0xCE7A, 0xFFFF, 0xEF7D, 0xD69A, 0xFFDF, 0xCE7A, 0xD6BA, 0xFFFF, 0xCE7A, 0xFFFF, 0xD69A, 0xFFFF, 0xEF7D, 0xD6BB, 0xFFDF,
    0xD6BA, 0xFFFF, 0xE73C, 0xDEDB, 0xFFFF, 0xCE7A, 0xFFFF, 0xFFDF, 0xB020, 0xB820, 0xFA40, 0xFAA0, 0xFAA0, 0xFAA0, 0xFC40, 0xFCE0,
    0xFCE0, 0xFCC0, 0xFCC0, 0xFCC0, 0xFCE0, 0xFCC0, 0xFC20, 0xFBE0, 0xFC00, 0xFBE0, 0xFE00, 0xFFC8, 0xFFC7, 0xFE60, 0xFD80, 0xFBA0,
    0xFCE1, 0xFD01, 0xFD01, 0xFD02, 0xFD01, 0xFD02, 0xFD01, 0xFD02, 0xFD01, 0xFD01, 0xFD01, 0xFE00, 0xFE00, 0xFD01, 0xFD01, 0xFD01,
    0xFD02, 0xFD21, 0xFCE0, 0xFFFF, 0xFFFF, 0xFCC0, 0xFD01, 0xFD02, 0xFD01, 0xFD01, 0xFD01, 0xFD01, 0xFD01, 0xFD01, 0xFD02, 0xFD01,
    0xFBC0, 0xFBC0, 0xFBC0, 0xFDE0, 0xFDE0, 0xFFC8, 0xFFC7, 0xFFC8, 0xFAE0, 0xFB00, 0xFC40, 0xFC40, 0xFC40, 0xFC40, 0xFD20, 0xFE00,
    0xFD20, 0xFD20, 0xFC40, 0xFC20, 0xFC40, 0xF940, 0xC860, 0xB000, 0xCE79, 0xFFFF, 0xB125, 0x9822, 0xA002, 0xB001, 0xB000, 0xCE7A,
    0xFFDF, 0xD6BA, 0xFFFF, 0xD6BA, 0xFFFF, 0xE73C, 0xDEDB, 0xFFFF, 0xD69A, 0xFFFF, 0xCE79, 0xFFFF, 0xCE7A, 0xFFFF, 0xCE7A, 0xFFFF,
    0xD6BB, 0xFFFF, 0xD6BB, 0xD69A, 0xFFFF, 0xDEDB, 0xFFFF, 0xEF5C, 0xCE79, 0xFFFF, 0xD69A, 0xFFFF, 0xCE79, 0xE73C, 0xFFFF, 0xD6BA,
    0xFFDF, 0xD69A, 0xDEFB, 0xFFFF, 0xD6BA, 0xFFFF, 0xCE79, 0xD6BB, 0xFFFF, 0xC5B6, 0xC000, 0xFAC0, 0xFAC0, 0xFAC0, 0xFB80, 0xFBC0,
    0xFCC0, 0xFCC0, 0xFCC0, 0xFDE0, 0xFDE0, 0xFDE0, 0xFDE0, 0xFDE0, 0xFD60, 0xFD60, 0xFBC0, 0xFE40, 0xFE40, 0xFBA0, 0xFC60, 0xFD01,
    0xFD01, 0xFD01, 0xFD01, 0xFD02, 0xFD01, 0xFD01, 0xFD01, 0xFD01, 0xFD01, 0xFD01, 0xFD01, 0xFD01, 0xFCE1, 0xFD01, 0xFD01, 0xFD01,
    0xFD01, 0xFD42, 0xFFFF, 0xFFFF, 0xFFFF, 0xFFFF, 0xFF36, 0xFD01, 0xFD02, 0xFD01, 0xFD01, 0xFD01, 0xFD02, 0xFD02, 0xFD02, 0xFD01,
    0xFD01, 0xFD01, 0xFD01, 0xFBE0, 0xFBE0, 0xFE20, 0xFEA1, 0xFFE8, 0xFD80, 0xFD80, 0xFC40, 0xFC60, 0xFC40, 0xFE00, 0xFE00, 0xFE00,
    0xFD00, 0xFD20, 0xFC20, 0xFB00, 0xFAE0, 0xF940, 0xC860, 0xB000, 0xFFDF, 0xB061, 0xA800, 0xFB80, 0xFBA0, 0xA002, 0xA800, 0xFFFF,
    0xD69A, 0xFFFF, 0xD6BA, 0xFFFF, 0xCE79, 0xE71C, 0xE71C, 0xCE9A, 0xFFFF, 0xCE9A, 0xFFFF, 0xD69A, 0xFFFF, 0xCE7A, 0xFFFF, 0xCE79,
    0xFFFF, 0xCE9A, 0xFFDF, 0xF79E, 0xCE9A, 0xFFDF, 0xCE79, 0xDEDB, 0xFFFF, 0xD69A, 0xFFDF, 0xD6BA, 0xFFFF, 0xFFDF, 0xCE9A, 0xFFFF,
    0xD69A, 0xFFFF, 0xF79E, 0xCE9A, 0xFFFF, 0xD69A, 0xEF7D, 0xE73C, 0xFFFF, 0xE658, 0xB000, 0xFAA0, 0xFAA0, 0xFAA0, 0xFAA0, 0xFAA0,
    0xFC60, 0xFC60, 0xFE00, 0xFC60, 0xFC60, 0xFDE0, 0xFDE0, 0xFDE0, 0xFDE0, 0xFDC0, 0xFDC0, 0xFB80, 0xFB80, 0xFCE1, 0xFCE1, 0xFD01,
    0xFD01, 0xFD01, 0xFD01, 0xFD02, 0xFD02, 0xFD22, 0xFD22, 0xFD01, 0xFD02, 0xFD01, 0xFD01, 0xFD01, 0xFD01, 0xFD01, 0xFD01, 0xFD01,
    0xFFFF, 0xFFFF, 0xFFFF, 0xFFFF, 0xFFFF, 0xFFFF, 0xFFFF, 0xFFFF, 0xFD01, 0xFD01, 0xFD01, 0xFD01, 0xFD01, 0xFD01, 0xFD02, 0xFD01,
    0xFD01, 0xFD01, 0xFD01, 0xFCE1, 0xFCE1, 0xFCE1, 0xFCA1, 0xFBE0, 0xFFC5, 0xFFC6, 0xFC40, 0xFE20, 0xFE00, 0xFE00, 0xFDE0, 0xFD60,
    0xFC20, 0xFC40, 0xFC40, 0xFA40, 0xFA60, 0xF820, 0xC800, 0xB000, 0xB000, 0xA800, 0xFBC0, 0xFB80, 0xFB80, 0xA001, 0xA800, 0xD69A,
    0xFFFF, 0xD6BA, 0xFFFF, 0xD69A, 0xFFFF, 0xEF5D, 0xDEFB, 0xFFDF, 0xCE79, 0xFFFF, 0xCE9A, 0xFFFF, 0xD69A, 0xFFFF, 0xCE79, 0xFFFF,
    0xCE9A, 0xFFFF, 0xD69A, 0xDEFB, 0xFFFF, 0xCE79, 0xFFDF, 0xFFDF, 0xD69A, 0xFFFF, 0xD69A, 0xFFFF, 0xCE79, 0xD69A, 0xFFFF, 0xCE79,
    0xFFFF, 0xCE7A, 0xD69A, 0xFFDF, 0xD69A, 0xFFDF, 0xEF5D, 0xFFFF, 0xCE79, 0xE6DA, 0xB000, 0xFA80, 0xFAC0, 0xFAC0, 0xFAA0, 0xFAA0,
    0xFC60, 0xFC60, 0xFE00, 0xFC40, 0xFC40, 0xFDE0, 0xFDE0, 0xFDE0, 0xFDE0, 0xFDE0, 0xFDE0, 0xFB80, 0xFB80, 0xFD01, 0xFD01, 0xFD02,
    0xFD01, 0xFD01, 0xFD02, 0xFD02, 0xFD02, 0xFD02, 0xFD02, 0xFD01, 0xFD01, 0xFD01, 0xFD01, 0xFD01, 0xFD01, 0xFD02, 0xFD22, 0xFD22,
    0xFFFF, 0xFFFF, 0xFFFF, 0xFFFF, 0xFFFF, 0xFFFF, 0xFFFF, 0xFFFF, 0xFD22, 0xFD02, 0xFD01, 0xFD01, 0xFD01, 0xFD01, 0xFD01, 0xFD01,
    0xFD01, 0xFD01, 0xFD01, 0xFD01, 0xFD01, 0xFCE1, 0xFCA1, 0xFBE0, 0xFFC6, 0xFFC6, 0xFC40, 0xFE20, 0xFE00, 0xFE00, 0xFDC0, 0xFD60,
    0xFC20, 0xFC40, 0xFC40, 0xFA60, 0xFA40, 0xF820, 0xB000, 0xB000, 0xB800, 0xB000, 0xFBE0, 0xFB80, 0xFB80, 0xA801, 0xA000, 0xFFFF,
    0xD69A, 0xFFFF, 0xCE7A, 0xFFFF, 0xD6BA, 0xE71C, 0xDEDB, 0xCE79, 0xFFDF, 0xCE9A, 0xFFFF, 0xCE7A, 0xFFFF, 0xCE9A, 0xFFFF, 0xD69A,
    0xFFFF, 0xD6BB, 0xFFDF, 0xD6BA, 0xDEFC, 0xD6BA, 0xD6BA, 0xE73C, 0xDEDB, 0xEF5D, 0xD6BA, 0xEF7D, 0xE73D, 0xCE79, 0xEF7E, 0xDEDB,
    0xEF7D, 0xDEFB, 0xCE79, 0xEF7D, 0xDEFB, 0xE73C, 0xF7BE, 0xC638, 0xFFFF, 0xDF1C, 0xA800, 0xFA20, 0xFA00, 0xFAA0, 0xFAA0, 0xFAA0,
    0xFC80, 0xFC60, 0xFC60, 0xFDE0, 0xFDE0, 0xFE60, 0xFE00, 0xFDE0, 0xFDE0, 0xFE00, 0xFBA0, 0xFCE1, 0xFD01, 0xFD01, 0xFD01, 0xFD01,
    0xFD01, 0xFD01, 0xFD01, 0xFD01, 0xFD02, 0xFD01, 0xFD02, 0xFD01, 0xFD01, 0xFD01, 0xFD01, 0xFD02, 0xFD02, 0xFD01, 0xFE93, 0xFFFF,
    0xFFFF, 0xFFFF, 0xFFFF, 0xFFFF, 0xFFFF, 0xFFFF, 0xFFFF, 0xFFFF, 0xFFFF, 0xFFFF, 0xFD01, 0xFD01, 0xFD01, 0xFD01, 0xFD01, 0xFD01,
    0xFD01, 0xFD02, 0xFEC0, 0xFCE1, 0xFD01, 0xFD01, 0xFCE1, 0xFD01, 0xFBE0, 0xFC00, 0xFFA5, 0xFE00, 0xFE00, 0xFE00, 0xFD80, 0xFC20,
    0xFC40, 0xFC40, 0xFC40, 0xF9A0, 0xF9C0, 0xB000, 0xB000, 0xB000, 0xFBC0, 0xFBE0, 0xFBC0, 0xFAA0, 0xFA80, 0xA800, 0xB800, 0xDEDB,
    0xD6DB, 0xE73D, 0xDEFB, 0xE73C, 0xE71C, 0xDEFB, 0xDEDB, 0xFFFF, 0xCE7A, 0xFFFF, 0xCE59, 0xFFFF, 0xCE79, 0xFFDF, 0xD69A, 0xFFFF,
    0xCE9A, 0xFFFF, 0xCE79, 0xFFFF, 0xCE9A, 0xEF7D, 0xF7DE, 0xD69A, 0xFFFF, 0xCE7A, 0xFFFF, 0xD69A, 0xD6BA, 0xFFDF, 0xCE7A, 0xFFFF,
    0xCE79, 0xDEDB, 0xFFFF, 0xD6BA, 0xFFFF, 0xFFFF, 0xCE59, 0xFFFF, 0xF7BE, 0xCE9A, 0xF73C, 0xC040, 0xC840, 0xFAC0, 0xFAC0, 0xFAA0,
    0xFB00, 0xFB00, 0xFC40, 0xFC80, 0xFCA0, 0xFE00, 0xFE00, 0xFDE0, 0xFC40, 0xFC60, 0xFCE1, 0xFD01, 0xFD01, 0xFD01, 0xFD01, 0xFD01,
    0xFD01, 0xFD02, 0xFD02, 0xFD02, 0xFD02, 0xFD02, 0xFD01, 0xFD22, 0xFD02, 0xFD01, 0xFD02, 0xFE2B, 0xFE6B, 0xFFDD, 0xFFFF, 0xFFFF,
    0xFFFF, 0xFFFF, 0xFFFF, 0xFFFF, 0xFFFF, 0xFFFF, 0xFFFF, 0xFFFF, 0xFFFF, 0xFFFF, 0xFFFF, 0xFE8D, 0xFE8D, 0xFD02, 0xFD01, 0xFD01,
    0xFD01, 0xFD01, 0xFD40, 0xFEA1, 0xFEA1, 0xFD01, 0xFD01, 0xFD01, 0xFCE1, 0xFCE1, 0xFC60, 0xFE20, 0xFE00, 0xFE00, 0xFD80, 0xFC20,
    0xFC20, 0xFC40, 0xFC40, 0xD020, 0xD020, 0xB000, 0xF2E0, 0xFBC0, 0xFBE0, 0xFBE0, 0xFBE0, 0xB060, 0xC040, 0xFF7D, 0xCE59, 0xDEDB,
    0xFFFF, 0xCE59, 0xFFFF, 0xCE9A, 0xFFDF, 0xCE79, 0xEF7D, 0xFFDF, 0xDEDB, 0xE71C, 0xEF5D, 0xD6BB, 0xFFDF, 0xCE9A, 0xFFFF, 0xD69A,
    0xFFFF, 0xCE59, 0xFFFF, 0xCE79, 0xEF5D, 0xD6BA, 0xCE7A, 0xFFFF, 0xCE59, 0xFFDF, 0xCE59, 0xF79E, 0xFFFF, 0xD69A, 0xFFDF, 0xCE59,
    0xFFDF, 0xFFDF, 0xD69A, 0xFFFF, 0xD69A, 0xCE59, 0xFFFF, 0xCE59, 0xD6BB, 0xFFFF, 0xCE9A, 0xB020, 0xB800, 0xFAA0, 0xFAC0, 0xFAA0,
    0xFAA0, 0xFAC0, 0xFC40, 0xFC40, 0xFC40, 0xFE00, 0xFDE0, 0xFDE0, 0xFC00, 0xFBE0, 0xFD01, 0xFD02, 0xFD02, 0xFD02, 0xFD01, 0xFD01,
    0xFD01, 0xFD02, 0xFD02, 0xFD02, 0xFD02, 0xFD02, 0xFD22, 0xFD22, 0xFD02, 0xFD01, 0xFD01, 0xFE8D, 0xFE8E, 0xFFFF, 0xFFFF, 0xFFFF,
    0xFFFF, 0xFFFF, 0xFFFF, 0xFFFF, 0xFFFF, 0xFFFF, 0xFFFF, 0xFFFF, 0xFFFF, 0xFFFF, 0xFFFF, 0xFE8D, 0xFEAF, 0xFD01, 0xFD01, 0xFD01,
    0xFD01, 0xFD01, 0xFD01, 0xFEC0, 0xFEC0, 0xFD01, 0xFD02, 0xFD01, 0xFD01, 0xFD01, 0xFBC0, 0xFE20, 0xFE00, 0xFE00, 0xFD80, 0xFC20,
    0xFC20, 0xFC20, 0xFC40, 0xC000, 0xC800, 0xB000, 0xFB60, 0xFBE0, 0xFBE0, 0xFBE0, 0xFBE0, 0xA820, 0xA000, 0xD6BB, 0xFFDF, 0xD69A,
    0xCE59, 0xFFFF, 0xD69A, 0xFFDF, 0xD6BA, 0xF7BE, 0xDEDB, 0xCE59, 0xFFDF, 0xCE79, 0xFFFF, 0xCE7A, 0xCE7A, 0xFFFF, 0xCE79, 0xFFFF,
    0xCE59, 0xFFFF, 0xD69A, 0xFFDF, 0xCE79, 0xE73C, 0xFFFF, 0xCE7A, 0xFFFF, 0xC639, 0xFFFF, 0xEF5D, 0xCE59, 0xFFFF, 0xCE7A, 0xFFFF,
    0xCE59, 0xCE79, 0xFFFF, 0xC639, 0xF7BE, 0xF7DF, 0xCE7A, 0xFFFF, 0xFFBE, 0xC659, 0xFFFF, 0xB000, 0xB000, 0xFAA0, 0xFAA0, 0xFAA0,
    0xFAA0, 0xFAC0, 0xFC40, 0xFC40, 0xFC40, 0xFDE0, 0xFC80, 0xFC00, 0xFD01, 0xFD01, 0xFD01, 0xFD02, 0xFD02, 0xFD22, 0xFD01, 0xFD01,
    0xFD01, 0xFD02, 0xFEC0, 0xFEA0, 0xFEA0, 0xFD02, 0xFD01, 0xFD02, 0xFD02, 0xFD02, 0xFD01, 0xFD01, 0xFD02, 0xFD01, 0xFED5, 0xFFFF,
    0xFFFF, 0xFFFF, 0xFFFF, 0xFFFF, 0xFFFF, 0xFFFF, 0xFFFF, 0xFFFF, 0xFFFF, 0xFFFF, 0xFCE1, 0xFCE1, 0xFD01, 0xFD01, 0xFD01, 0xFD01,
    0xFD01, 0xFD01, 0xFD21, 0xFD01, 0xFD01, 0xFD01, 0xFD02, 0xFD01, 0xFD01, 0xFD01, 0xFD01, 0xFBE0, 0xFBE0, 0xFE00, 0xFD80, 0xFC20,
    0xFC20, 0xFC60, 0xFA60, 0xC000, 0xB800, 0xFC20, 0xFCC0, 0xFCE0, 0xFBE0, 0xFBE0, 0xFB20, 0xA800, 0xB000, 0xF7BE, 0xCE79, 0xF79E,
    0xFFFF, 0xD69A, 0xFFFF, 0xCE79, 0xFFDF, 0xCE59, 0xF79E, 0xF7BE, 0xCE7A, 0xFFFF, 0xCE9A, 0xFFFF, 0xD6BB, 0xCE7A, 0xFFDF, 0xD6BB,
    0xFFFF, 0xD69A, 0xFFFF, 0xCE59, 0xE73D, 0xF7BE, 0xCE59, 0xFFFF, 0xD69A, 0xFFFF, 0xCE79, 0xCE79, 0xFFDF, 0xD69A, 0xFFDF, 0xD6BB,
    0xFFFF, 0xFFDF, 0xCE58, 0xFFFF, 0xDF1C, 0xD6BB, 0xFFDF, 0xC638, 0xD6BA, 0xFFFF, 0xDEDB, 0xB021, 0xB000, 0xFAA0, 0xFAA0, 0xFAA0,
    0xFAA0, 0xFAC0, 0xFC60, 0xFC60, 0xFC40, 0xFDE0, 0xFC80, 0xFC00, 0xFD01, 0xFD01, 0xFD02, 0xFD02, 0xFD22, 0xFD22, 0xFD02, 0xFD01,
    0xFD01, 0xFD22, 0xFEC0, 0xFEA0, 0xFEA0, 0xFD01, 0xFD01, 0xFD22, 0xFD02, 0xFD01, 0xFD02, 0xFD01, 0xFD01, 0xFD02, 0xFE91, 0xFFDE,
    0xFFFF, 0xFFFF, 0xFFFF, 0xFFFF, 0xFFFF, 0xFFFF, 0xFFFF, 0xFFFF, 0xFFDE, 0xFFDE, 0xFD01, 0xFD02, 0xFD01, 0xFD02, 0xFD01, 0xFD02,
    0xFD22, 0xFD22, 0xFD02, 0xFD02, 0xFCE2, 0xFD21, 0xFD02, 0xFD22, 0xFD02, 0xFD02, 0xFD02, 0xFBE0, 0xFC00, 0xFE00, 0xFD80, 0xFC20,
    0xFC40, 0xFC60, 0xFA40, 0xB020, 0xC020, 0xFC20, 0xFCE0, 0xFCE0, 0xFBE0, 0xFBE0, 0xFB20, 0xB000, 0xA000, 0xCE79, 0xFFDF, 0xD6BA,
    0xCE79, 0xFFFF, 0xD69A, 0xFFFF, 0xD69A, 0xFFFF, 0xD69A, 0xCE59, 0xFFDF, 0xD69A, 0xFFFF, 0xCE59, 0xE73D, 0xFFFF, 0xD69A, 0xFFFF,
    0xD69A, 0xFFDF, 0xCE7A, 0xFFFF, 0xFFFF, 0xD69A, 0xFFDF, 0xC659, 0xFFDF, 0xC659, 0xF7BE, 0xFFFF, 0xCE9A, 0xFFFF, 0xCE7A, 0xFFFF,
    0xD69A, 0xE71B, 0xA802, 0xA802, 0xB022, 0xD67A, 0xEF5D, 0xC638, 0xDEDB, 0xFFDF, 0xCE7A, 0xA801, 0xA822, 0xF080, 0xF9C0, 0xFAA0,
    0xFAA0, 0xFAA0, 0xFAA0, 0xFC40, 0xFC40, 0xFC60, 0xFD01, 0xFD01, 0xFD02, 0xFD02, 0xFD01, 0xFD01, 0xFD02, 0xFD21, 0xFDC1, 0xFEC0,
    0xFD01, 0xFD01, 0xFD01, 0xFD01, 0xFD01, 0xFD22, 0xFD02, 0xFD22, 0xFD02, 0xFD02, 0xFD02, 0xFD01, 0xFD01, 0xFD01, 0xFD02, 0xFD22,
    0xFFFF, 0xFFFF, 0xFFFF, 0xFFFF, 0xFFFF, 0xFFFF, 0xFFFE, 0xFF78, 0xFD01, 0xFD01, 0xFD01, 0xFD01, 0xFD02, 0xFD02, 0xFD22, 0xFD22,
    0x5060, 0x4840, 0x4840, 0x5060, 0x5060, 0xFD01, 0xFD22, 0xFD02, 0xFD22, 0xFD22, 0xFD02, 0xFD01, 0xFD01, 0xFC20, 0xFC20, 0xFC20,
    0xFB20, 0xFB00, 0xF080, 0xFC80, 0xFC60, 0xFD20, 0xFC20, 0xFBC0, 0xFBC0, 0xFBE0, 0xF9C0, 0xA801, 0xA022, 0xDEFB, 0xE71C, 0xEF7D,
    0xF7BE, 0xD69A, 0xFFDF, 0xD69A, 0xFFFF, 0xC638, 0xFFDF, 0xFFDF, 0xD6BA, 0xFFFF, 0xCE79, 0xFFFF, 0xD69A, 0xCE79, 0xFFFF, 0xCE7A,
    0xFFDF, 0xD69A, 0xFFDF, 0xD69A, 0xCE79, 0xFFFF, 0xD6BA, 0xFFDF, 0xD6BA, 0xFFFF, 0xCE59, 0xD6DB, 0xFFDF, 0xD67A, 0xEF7E, 0xCE59,
    0xFFFF, 0xD6BA, 0xA802, 0xFB60, 0xFBA0, 0xA023, 0xB022, 0xA023, 0xFFDF, 0xCE79, 0xFFDF, 0xCE7A, 0xB124, 0xC000, 0xF1E0, 0xFAA0,
    0xFAA0, 0xFAA0, 0xFAA0, 0xFAA0, 0xFAA0, 0xFC20, 0xFCE1, 0xFD01, 0xFD22, 0xFD01, 0xFD02, 0xFD02, 0xFD02, 0xFD01, 0xFD02, 0xFCE1,
    0x4840, 0x4840, 0x4020, 0x4840, 0x4840, 0xFA60, 0xFB40, 0xFD01, 0xFD01, 0xFD22, 0xFD21, 0xFD01, 0xFD02, 0xFD02, 0xFD01, 0xFD01,
    0xFD01, 0xFCE1, 0xFFFF, 0xFFFF, 0xFFFF, 0xFFBB, 0xFE4F, 0xFD02, 0xFD01, 0xFD02, 0xFD01, 0xFD02, 0xFD01, 0xFD01, 0xFC61, 0xF220,
    0xF500, 0xFD21, 0xFD21, 0xFD21, 0xFD21, 0x5040, 0x5040, 0x9920, 0xFD02, 0xFD01, 0xFD02, 0xFD01, 0xFD01, 0xFD01, 0xFC61, 0xFB20,
    0xF080, 0xF8A0, 0xFD80, 0xFD40, 0xFD40, 0xFBC0, 0xFBC0, 0xFBC0, 0xFB20, 0xFB20, 0xB000, 0xBE39, 0xFFBE, 0xF79E, 0xCE7A, 0xF7BE,
    0xCE7A, 0xF7BE, 0xCE7A, 0xFFFF, 0xD6BB, 0xFFDF, 0xCE79, 0xD6BA, 0xFFFF, 0xD6BA, 0xFFFF, 0xD69A, 0xD67A, 0xFFDF, 0xD69A, 0xFFDF,
    0xC659, 0xFFDF, 0xD69A, 0xF7BE, 0xFFDF, 0xCE79, 0xFFFF, 0xCE59, 0xFFFF, 0xD69A, 0xDEDB, 0xDEFB, 0xFFDF, 0xCE79, 0xFFDF, 0xDF1C,
    0xCE7A, 0xFFDF, 0xA802, 0xFB40, 0xFB20, 0xA801, 0xB001, 0xA802, 0xDE9A, 0xFFFF, 0xDEBA, 0xFFFF, 0xC186, 0xB000, 0xF200, 0xFAA0,
    0xFAA0, 0xFAC0, 0xFAC0, 0xFAC0, 0xFAC0, 0xFC20, 0xFD01, 0xFD21, 0xFD01, 0xFD02, 0xFD01, 0xFD01, 0xFD01, 0xFCE1, 0xFCE2, 0xFCC1,
    0x4040, 0x5860, 0x4060, 0x5080, 0x5060, 0xFAA0, 0xFB60, 0xFD02, 0xFD02, 0xFD02, 0xFD01, 0xFD02, 0xFD01, 0xFD02, 0xFD02, 0xFD02,
    0xFD02, 0xFD21, 0xFFFF, 0xFFFF, 0xFFFF, 0xFFBB, 0xFE4B, 0xFD02, 0xFD02, 0xFD01, 0xFD01, 0xFD21, 0xFD22, 0xFD21, 0xFC40, 0xF220,
    0xFD01, 0xFD21, 0xFD21, 0xFD01, 0xFD01, 0x4840, 0x5040, 0x9960, 0xFD22, 0xFD02, 0xFD22, 0xFD02, 0xFD01, 0xFD01, 0xFC81, 0xFB20,
    0xF080, 0xF0A0, 0xFD60, 0xFD40, 0xFD40, 0xFBC0, 0xFBE0, 0xFBE0, 0xFB20, 0xFB40, 0xB000, 0xFFFF, 0xC639, 0xE73C, 0xFFFF, 0xD67A,
    0xE71C, 0xE71C, 0xFFFF, 0xCE59, 0xFFFF, 0xCE59, 0xFFDF, 0xFFDF, 0xCE59, 0xFFFF, 0xCE79, 0xFFFF, 0xFFFF, 0xCE7A, 0xFFFF, 0xCE79,
    0xDEFB, 0xF79E, 0xDEDB, 0xE73C, 0xEF5D, 0xDEFB, 0xE71C, 0xDEFB, 0xF79E, 0xD6BA, 0xF79E, 0xEF7D, 0xCE59, 0xFFFF, 0xCE7A, 0xFFFF,
    0xD69A, 0xF7DE, 0xA802, 0xFA60, 0xFA80, 0xFBC0, 0xFB60, 0xFA40, 0xB800, 0xB800, 0xB000, 0xB000, 0xA800, 0xA800, 0xF200, 0xFAA0,
    0xFAC0, 0xFAC0, 0xFAC0, 0xFAC0, 0xFAA0, 0xFBE0, 0xFCE1, 0xFD22, 0xFD01, 0xFD21, 0xFD02, 0xFD21, 0xFD02, 0x4040, 0x4040, 0x4840,
    0xFD01, 0xFD01, 0xFD01, 0xFD01, 0xFD01, 0xFC61, 0xFCC1, 0xFD22, 0xFD22, 0xFD02, 0xFD01, 0xFD01, 0xFD01, 0xFD01, 0xFD02, 0xFD01,
    0xFD01, 0xFD01, 0xFD02, 0xFFDF, 0xFFFF, 0xFD02, 0xFD01, 0xFD02, 0xFD02, 0xFD01, 0xFD01, 0xFD21, 0xFD21, 0xFD60, 0xFD41, 0xFD01,
    0xFD01, 0xFD22, 0xFD01, 0xFD01, 0xFD01, 0xFD01, 0xFD01, 0xFCE1, 0x88E0, 0x8900, 0xFD01, 0xFD01, 0xFD01, 0xFD01, 0xFC81, 0xFB40,
    0xFE40, 0xFE20, 0xFD60, 0xFCA0, 0xFCC0, 0xFBC0, 0xFBE0, 0xFBC0, 0xFA20, 0xFA00, 0xA000, 0xE75D, 0xE75D, 0xE71C, 0xCE59, 0xF79E,
    0xD6BA, 0xE73C, 0xEF7D, 0xD6BA, 0xEF7D, 0xA003, 0xA001, 0xE73C, 0xE71C, 0xEF5D, 0xD6BA, 0xEF7D, 0xE75D, 0xDEDB, 0xEF5D, 0xDEFB,
    0xFFFF, 0xD6BB, 0xF7BE, 0xDF1C, 0xDEDB, 0xF7BE, 0xD69A, 0xF7BE, 0xD6BA, 0xEF7D, 0xD69A, 0xD6DB, 0xFFFF, 0xD6BA, 0xFFFF, 0xCE79,
    0xFFDF, 0xD6DB, 0xC229, 0xD940, 0xD940, 0xFB40, 0xFB20, 0xFB40, 0xD9E0, 0xE200, 0xE140, 0xD120, 0xD940, 0xD120, 0xF280, 0xFB60,
    0xFB60, 0xFB80, 0xFAA0, 0xFB80, 0xFBA0, 0xFC20, 0xFCE1, 0xFD02, 0xFD21, 0xFD22, 0xFD01, 0xC381, 0xD3C1, 0x7940, 0xA220, 0xFD42,
    0xFD01, 0xFD01, 0xFD01, 0xFD01, 0xFD01, 0xFCE1, 0xFD02, 0xFD02, 0xFDA1, 0xFDA0, 0xFD01, 0xFD01, 0xFD02, 0xFD22, 0xFD01, 0xFD01,
    0xFD01, 0xFD01, 0xFD01, 0xFF78, 0xFF77, 0xFD01, 0xFD01, 0xFD01, 0xFD01, 0xFD01, 0xFD01, 0xFD81, 0xFD61, 0xFD41, 0xFD21, 0xFD21,
    0xFD21, 0xFD22, 0xFD21, 0xFD01, 0xFD21, 0xFD22, 0xFD01, 0xFD21, 0xFCA2, 0xFD01, 0xFD22, 0xFD02, 0xFD01, 0xFD01, 0xFCC1, 0xFC40,
    0xFDE0, 0xFDC0, 0xFD20, 0xFC20, 0xFC40, 0xFBC0, 0xFB60, 0xFB20, 0xF940, 0xF940, 0xA002, 0xCE9A, 0xFFFF, 0xD69A, 0xEF7D, 0xCE79,
    0xFFDF, 0xE71C, 0xDEDB, 0xA8E5, 0xA800, 0xA803, 0xB001, 0xD6DB, 0xFFDF, 0xCE79, 0xFFFF, 0xD69A, 0xD69A, 0xF7DF, 0xD6BA, 0xFFFF,
    0xD69A, 0xFFDF, 0xD6BA, 0xEF5D, 0xFFDF, 0xD69A, 0xFFFF, 0xD69A, 0xFFDF, 0xCE59, 0xF7BE, 0xEF7D, 0xCE59, 0xFFFF, 0xCE79, 0xFFDF,
    0xD6BB, 0xFFDF, 0xCE59, 0xB800, 0xB000, 0xFA80, 0xFB00, 0xFBE0, 0xFBC0, 0xFBC0, 0xFAA0, 0xFAA0, 0xFAA0, 0xFA80, 0xFBA0, 0xFC00,
    0xFC20, 0xFC20, 0xFA80, 0xFCC0, 0xFCA0, 0xFD01, 0xFD01, 0xFD21, 0xFD21, 0xFD01, 0xFD01, 0x4840, 0x4840, 0xFD21, 0xFD01, 0xFD01,
    0xFD01, 0xFD01, 0xFD01, 0xFD01, 0xFD21, 0xFD21, 0xFD02, 0xFD21, 0xFDE0, 0xFDE0, 0xFD01, 0xFD01, 0xFD01, 0xFD01, 0xFD02, 0xFD22,
    0xFD02, 0xFD22, 0xFD01, 0xFEF1, 0xFEF1, 0xFD02, 0xFD01, 0xFD21, 0xFD01, 0xFD01, 0xFD21, 0xFDC0, 0xFDA0, 0xFD21, 0xFD22, 0xFD22,
    0xFD22, 0xFD21, 0xFD21, 0xFD21, 0xFD21, 0xFD01, 0xFD01, 0xFD21, 0xFD01, 0xFD01, 0xFD22, 0xFD01, 0xFD01, 0xFD01, 0xFD01, 0xFD01,
    0xFD80, 0xFD80, 0xFD00, 0xFBC0, 0xFBC0, 0xFBC0, 0xFAE0, 0xFA60, 0xF8A0, 0xF8C0, 0xA002, 0xFFBE, 0xD69A, 0xF7DF, 0xEF7D, 0xE73C,
    0xCE59, 0xE73C, 0xF7DF, 0xA802, 0xA802, 0xA002, 0xA802, 0xF7BF, 0xD69A, 0xFFFF, 0xD6BA, 0xFFDF, 0xFFDF, 0xCE9A, 0xFFFF, 0xCE7A,
    0xFFFF, 0xD69A, 0xFFFF, 0xE73C, 0xCE79, 0xFFDF, 0xD6BA, 0xFFFF, 0xCE79, 0xEF9E, 0xCE7A, 0xCE9A, 0xFFFF, 0xCE7A, 0xFFFF, 0xCE79,
    0xFFDF, 0xD6BA, 0xFFFF, 0xA001, 0xB000, 0xFA80, 0xFAA0, 0xFA80, 0xFBE0, 0xFBE0, 0xFBE0, 0xFAA0, 0xFAC0, 0xFAC0, 0xFAA0, 0xFAA0,
    0xFC20, 0xFC00, 0xFC00, 0xFD02, 0xFD01, 0xFD01, 0xFD02, 0xFD01, 0xFD01, 0xFD02, 0xFB00, 0xFD01, 0xFD01, 0xFD01, 0xFD21, 0xFD21,
    0xFD01, 0xFD21, 0xFD01, 0xFD21, 0xFD21, 0xFD21, 0xFD21, 0xFD21, 0xFD01, 0xFD01, 0xFD02, 0xFD21, 0xFD21, 0xFD01, 0xFD01, 0xFD01,
    0xFD01, 0xFD21, 0xFD01, 0xFD01, 0xFD01, 0xFD01, 0xFD02, 0xFD01, 0xFD21, 0xFD21, 0xFD21, 0xFD01, 0xFD01, 0xFD21, 0xFD21, 0xFD22,
    0xFD21, 0xFD21, 0xFD22, 0xFD21, 0xFD21, 0xFD21, 0xFD21, 0xFD21, 0xFF41, 0xFF41, 0xFD22, 0xFD21, 0xFD21, 0xFD21, 0xFD41, 0xFD60,
    0xFD80, 0xFDA0, 0xFBC0, 0xFBC0, 0xFBC0, 0xFBC0, 0xFA60, 0xF9C0, 0xB000, 0xA840, 0xFFFF, 0x9822, 0xB003, 0xF860, 0xA023, 0xA064,
    0xFFFF, 0xD6DB, 0xCE7A, 0xA800, 0xA800, 0xFB20, 0xF2C0, 0xA003, 0xFFFF, 0xD6BA, 0xFFFF, 0xCE59, 0xD69A, 0xFFFF, 0xD6BB, 0xFFFF,
    0xCE7A, 0xFFFF, 0xD69A, 0xE71C, 0xFFFF, 0xCE7A, 0xFFDF, 0xCE79, 0xFFFF, 0xDEDB, 0xF7BE, 0xFFDF, 0xD6BA, 0xFFFF, 0xCE79, 0xFFDF,
    0xD69A, 0xFFFF, 0xCE79, 0xB000, 0xA801, 0xFA80, 0xFA80, 0xFA80, 0xFC00, 0xFC00, 0xFC00, 0xFAC0, 0xFAC0, 0xFAC0, 0xFAA0, 0xFAA0,
    0xFC20, 0xFC20, 0xFC00, 0xFD02, 0xFD01, 0xFD01, 0xFD01, 0xFD01, 0xFD01, 0xFD01, 0xFB20, 0xFD21, 0xFD01, 0xFD01, 0xFD21, 0xFD01,
    0xFD21, 0xFD01, 0xFD21, 0xFD01, 0xFD21, 0xFD22, 0xFD22, 0xFD22, 0xFD02, 0xFD01, 0xFD22, 0xFD21, 0xFD01, 0xFD01, 0xFD01, 0xFD01,
    0xFD02, 0xFD02, 0xFD22, 0xFD01, 0xFD01, 0xFD01, 0xFD21, 0xFD22, 0xFD22, 0xFD21, 0xFD21, 0xFD01, 0xFD21, 0xFD21, 0xFD21, 0xFD22,
    0xFD22, 0xFD22, 0xFD21, 0xFD21, 0xFD01, 0xFD21, 0xFD21, 0xFD21, 0xFF61, 0xFF41, 0xFD21, 0xFD21, 0xFD21, 0xFD21, 0xFD41, 0xFD80,
    0xFD80, 0xFDA0, 0xFBC0, 0xFBC0, 0xFBC0, 0xFBE0, 0xFA80, 0xF980, 0xB000, 0xA800, 0xB186, 0xB021, 0xA001, 0xF040, 0xB002, 0xA023,
    0xCE7A, 0xDEFB, 0xFFFF, 0xA000, 0xA820, 0xFB60, 0xF300, 0xA002, 0xA0E5, 0xB166, 0xCE59, 0xFFDF, 0xFFFF, 0xCE79, 0xFFFF, 0xD6BA,
    0xFFFF, 0xD6BA, 0xFFFF, 0xDEDB, 0xD6BA, 0xFFFF, 0xCE79, 0xFFFF, 0xCE79, 0xEF5D, 0xDEDB, 0xCE79, 0xFFFF, 0xCE7A, 0xFFFF, 0xCE59,
    0xEF5D, 0xEF5D, 0xD6BA, 0xA822, 0xB001, 0xF980, 0xFA00, 0xFAA0, 0xFAA0, 0xFAA0, 0xFC20, 0xFC20, 0xFC20, 0xFC20, 0xFB60, 0xFAA0,
    0xFC00, 0xFC00, 0xFC00, 0xFD22, 0xFD01, 0xFD01, 0xFD01, 0xFD01, 0xFD21, 0xFD01, 0xFD02, 0xFD21, 0xFD21, 0xFD01, 0xFD21, 0xFD01,
    0xFD21, 0xFD21, 0xFD21, 0xFD21, 0xFD22, 0xFD22, 0xFD21, 0xFD21, 0xFD21, 0xFD22, 0xFD21, 0xFD21, 0xFD01, 0xFD01, 0xFD01, 0xFD01,
    0xFD01, 0xFD01, 0xFD01, 0xFD01, 0xFD01, 0xFD01, 0xFD01, 0xFD21, 0xFD21, 0xFD21, 0xFD21, 0xFD21, 0xFD21, 0xFD21, 0xFD21, 0xFD21,
    0xFD21, 0xFD21, 0xFD21, 0xFD21, 0xFD21, 0xFD21, 0xFD21, 0xFD21, 0xFD21, 0xFD21, 0xFD41, 0xFD01, 0xFD01, 0xFD80, 0xFD80, 0xFD80,
    0xFDA0, 0xFDC0, 0xFBC0, 0xFBE0, 0xFBE0, 0xFAC0, 0xC0A0, 0xA800, 0xB000, 0xB000, 0xB000, 0xF380, 0xFBA0, 0xFA20, 0xA002, 0x9023,
    0xEF7D, 0xF79E, 0xC639, 0xA800, 0xA800, 0xFC40, 0xFC40, 0xFA40, 0xA801, 0xA022, 0xD6BA, 0xFFFF, 0xF79E, 0xCE9A, 0xFFDF, 0xD69A,
    0xCE9A, 0xFFFF, 0xCE7A, 0xEF9E, 0xFFFF, 0xC639, 0xFFFF, 0xCE59, 0xFFDF, 0xDEDB, 0xDEFB, 0xFFFF, 0xCE7A, 0xFFDF, 0xD6BA, 0xD6DB,
    0xFFFF, 0xCE59, 0xF7DF, 0xFFDF, 0xD6FC, 0xB000, 0xC8C0, 0xFAA0, 0xFAA0, 0xFAA0, 0xFAA0, 0xFC40, 0xFC40, 0xFC40, 0xFC20, 0xFC00,
    0xFC20, 0xFC20, 0xFC20, 0xFD01, 0xFD01, 0xFD01, 0xFD01, 0xFD01, 0xFD02, 0xFD22, 0xFD41, 0xFD22, 0xFD22, 0xFD21, 0xFD21, 0xFD21,
    0xFD22, 0xFD21, 0xFD21, 0xFD21, 0xFD22, 0xFD22, 0xFD22, 0xFD01, 0xFD01, 0xFD22, 0xFD22, 0xFDE0, 0xFDE0, 0xFD01, 0xFD01, 0xFD22,
    0xFD02, 0xFD02, 0xFD22, 0xFD22, 0xFD01, 0xFD22, 0xFD22, 0xFD01, 0xFE40, 0xFE40, 0xFD21, 0xFD01, 0xFD21, 0xFD21, 0xFD21, 0xFD21,
    0xFD21, 0xFD21, 0xFD22, 0xFD21, 0xFD21, 0xFD21, 0xFD21, 0xFD21, 0xFD22, 0xFD21, 0xFD22, 0xFD41, 0xFD21, 0xFD80, 0xFD80, 0xFDA0,
    0xFDA0, 0xFDC0, 0xFBC0, 0xFA40, 0xFA40, 0xFA00, 0xF9E0, 0xFA00, 0xFB80, 0xF380, 0xFC01, 0xFB80, 0xFBA0, 0xF8C0, 0xA802, 0xA823,
    0xEF5D, 0xC659, 0xFFFF, 0xA800, 0xA800, 0xFC60, 0xFC60, 0xFC40, 0xA800, 0xB020, 0xFFDF, 0xD69A, 0xC639, 0xFFDF, 0xDEDB, 0xFFFF,
    0xFFFF, 0xD69A, 0xFFFF, 0xD69A, 0xCE79, 0xFFFF, 0xDEFC, 0xE73C, 0xF79E, 0xDEFB, 0xF7BE, 0xCE7A, 0xFFDF, 0xD6BB, 0xFFFF, 0xDEDB,
    0xCE7A, 0xFFFF, 0xD6BA, 0xD6BB, 0xFFDF, 0xA800, 0xD0A0, 0xFAA0, 0xFAA0, 0xFAA0, 0xFAA0, 0xFC20, 0xFC40, 0xFC20, 0xFC20, 0xFC20,
    0xFC20, 0xFC20, 0xFC20, 0xFD01, 0xFD01, 0xFD21, 0xFD01, 0xFD21, 0xFD22, 0xFD22, 0xFD61, 0xFD21, 0xFD22, 0xFD21, 0xFD21, 0xFD21,
    0xFD21, 0xFD21, 0xFD21, 0xFD21, 0xFD22, 0xFD21, 0xFD21, 0xFD01, 0xFD21, 0xFD21, 0xFD21, 0xFDE0, 0xFDE0, 0xFD01, 0xFD22, 0xFD01,
    0xFD22, 0xFD22, 0xFD02, 0xFD21, 0xFD21, 0xFD01, 0xFD22, 0xFD22, 0xFE40, 0xFE40, 0xFD01, 0xFD01, 0xFD01, 0xFD21, 0xFD22, 0xFD22,
    0xFD22, 0xFD22, 0xFD22, 0xFD21, 0xFD22, 0xFD21, 0xFD22, 0xFD22, 0xFD21, 0xFD21, 0xFD21, 0xFD41, 0xFD41, 0xFD80, 0xFD80, 0xFDA0,
    0xFDA0, 0xFDC0, 0xFBC0, 0xFA20, 0xFA40, 0xFA00, 0xF9E0, 0xF9E0, 0xFBC0, 0xFBA0, 0xFC00, 0xFBA0, 0xFB80, 0xF8E0, 0xA822, 0x9084,
    0xCE79, 0xFFFF, 0xDEFB, 0xA000, 0xA800, 0xFC60, 0xFC60, 0xFC60, 0xB000, 0xB820, 0xCE59, 0xFFFF, 0xFFDF, 0xD6DB, 0xFFFF, 0xCE7A,
    0xCE7A, 0xFFDF, 0xCE9A, 0xFFFF, 0xEF5D, 0xC618, 0xEF5D, 0xF79E, 0xD69A, 0xDEFB, 0xDF1C, 0xFFDF, 0xD69A, 0xFFDF, 0xC659, 0xF7BE,
    0xFFFF, 0xCE59, 0xFFFF, 0xFFFF, 0xD69A, 0xB000, 0xC020, 0xF920, 0xFAA0, 0xFAA0, 0xFAA0, 0xFAA0, 0xFAA0, 0xFC40, 0xFC40, 0xFC20,
    0xFC20, 0xFC20, 0xFD20, 0xFD01, 0xFD01, 0xFD01, 0xFD01, 0xFD21, 0xFD60, 0xFD60, 0xFD21, 0xFD21, 0xFD21, 0xFD21, 0xFD21, 0xFD22,
    0xFD21, 0xFD21, 0xFD21, 0xFD21, 0xFD22, 0xFD22, 0xFD22, 0xFD21, 0xFD21, 0xFD21, 0xFD21, 0xFDA0, 0xFDA0, 0xFD01, 0xFD01, 0xFD22,
    0xFD01, 0xFD21, 0xFD22, 0xFD22, 0xFD22, 0xFD01, 0xFD80, 0xFE00, 0xFD21, 0xFD01, 0xFD01, 0xFD01, 0xFD21, 0xFD21, 0xFD21, 0xFD21,
    0xFD21, 0xFD21, 0xFD21, 0xFD21, 0xFD22, 0xFD21, 0xFD21, 0xFD21, 0xFD21, 0xFD21, 0xFD21, 0xFD41, 0xFD41, 0xFD80, 0xFDA0, 0xFD80,
    0xFD20, 0xFD20, 0xFCC0, 0xFD40, 0xFD60, 0xFC60, 0xFCE0, 0xFCE0, 0xFC00, 0xFC00, 0xFC00, 0xF9C0, 0xF9E0, 0xA801, 0xCD96, 0xF7BE,
    0xFFDF, 0xC659, 0xF7BE, 0xA800, 0xA800, 0xFC60, 0xFC60, 0xFC60, 0xFAC0, 0xFAC0, 0xA001, 0xDE39, 0xCE59, 0xFFFF, 0xC659, 0xFFFF,
    0xD69A, 0xFFDF, 0xCE9A, 0xEF5D, 0xFFDF, 0xCE59, 0xFFFF, 0xCE79, 0xFFFF, 0xF7BE, 0xD6BA, 0xFFFF, 0xCE7A, 0xFFDE, 0xCE9A, 0xE73D,
    0xFFDF, 0xDEDB, 0xEF9E, 0xF7DF, 0xDEFB, 0xDD75, 0xC020, 0xC040, 0xFAA0, 0xFAA0, 0xFAA0, 0xFAA0, 0xFAA0, 0xFB00, 0xFC00, 0xFC40,
    0xFC60, 0xFC60, 0xFE20, 0xFD01, 0xFD01, 0xFD21, 0xFD21, 0xFD21, 0xFDE0, 0xFDE0, 0xFD21, 0xFD21, 0xFD21, 0xFD21, 0xFD21, 0xFD21,
    0xFD21, 0xFD21, 0xFD21, 0xFD21, 0xFD22, 0xFD22, 0xFD22, 0xFD21, 0xFD21, 0xFD21, 0xFD21, 0xFD41, 0xFD41, 0xFDC1, 0xFD61, 0xFD01,
    0xFD21, 0xFD01, 0xFD21, 0xFD21, 0xFD21, 0xFD01, 0xFDA1, 0xFE00, 0xFD21, 0xFD01, 0xFD21, 0xFD01, 0xFD21, 0xFD21, 0xFD21, 0xFD21,
    0xFD21, 0xFD22, 0xFD21, 0xFD21, 0xFD21, 0xFD21, 0xFD22, 0xFD22, 0xFD21, 0xFD22, 0xFD22, 0xFE81, 0xFE81, 0xFDA0, 0xFD80, 0xFD80,
    0xFD60, 0xFD60, 0xFD60, 0xFD20, 0xFD40, 0xFE20, 0xFCA0, 0xFC00, 0xFBC0, 0xFBE0, 0xFAA0, 0xF920, 0xF0E0, 0xA802, 0xC4F4, 0xF7BF,
    0xFFFF, 0xCE59, 0xFFDF, 0xB000, 0xA800, 0xFC60, 0xFC80, 0xFCE0, 0xFBC0, 0xF3A0, 0xB800, 0xF77E, 0xDEFB, 0xF79E, 0xCE9A, 0xFFFF,
    0xFFFF, 0xD6BA, 0xFFDF, 0xD6BA, 0xCE59, 0xFFFF, 0xCE7A, 0xFFDF, 0xCE59, 0xDEDB, 0xFFDF, 0xD6BA, 0xFFFF, 0xCE7A, 0xFFFF, 0xDEFB,
    0xCE79, 0xFFFF, 0xCE9A, 0xD6BB, 0xFFDF, 0xD6BB, 0xB061, 0xA800, 0xFAC0, 0xFAA0, 0xFAA0, 0xFAA0, 0xFAA0, 0xFA80, 0xFBE0, 0xFC20,
    0xFC60, 0xFC60, 0xFE60, 0xFD02, 0xFD21, 0xFD21, 0xFD21, 0xFD21, 0xFE00, 0xFDE0, 0xFD01, 0xFD21, 0xFD21, 0xFD21, 0xFD21, 0xFD22,
    0xFD21, 0xFD22, 0xFD21, 0xFD21, 0xFD22, 0xFD01, 0xFD22, 0xFD22, 0xFD21, 0xFD21, 0xFD21, 0xFD01, 0xFD21, 0xFDC0, 0xFD81, 0xFD21,
    0xFD22, 0xFD02, 0xFD21, 0xFD21, 0xFD22, 0xFD21, 0xFDA1, 0xFE00, 0xFD21, 0xFD22, 0xFD21, 0xFD21, 0xFD21, 0xFD21, 0xFD21, 0xFD21,
    0xFD22, 0xFD22, 0xFD21, 0xFD21, 0xFD22, 0xFD01, 0xFD22, 0xFD21, 0xFD22, 0xFD22, 0xFD42, 0xFEC0, 0xFEC0, 0xFDA0, 0xFD80, 0xFD80,
    0xFD60, 0xFD80, 0xFD60, 0xFD40, 0xFD20, 0xFE60, 0xFC80, 0xFBC0, 0xFBC0, 0xFBA0, 0xFA60, 0xF8C0, 0xF8E0, 0x9802, 0xF75D, 0xD69A,
    0xC659, 0xFFFF, 0xCE59, 0xA000, 0xA800, 0xFC80, 0xFCA0, 0xFD20, 0xFBC0, 0xFC00, 0xC000, 0xEFBF, 0xFFDF, 0xCE79, 0xFFFF, 0xD6BA,
    0xCE9A, 0xFFFF, 0xCE9A, 0xDEDB, 0xFFFF, 0xD6BA, 0xFFFF, 0xD69A, 0xFFFF, 0xF79E, 0xD69A, 0xFFFF, 0xCE9A, 0xFFFF, 0xCE79, 0xF7BE,
    0xFFFF, 0xCE59, 0xFFFF, 0x9863, 0x9843, 0xFFFF, 0xCE59, 0xD6BA, 0xB000, 0xB800, 0xF980, 0xFAA0, 0xFAA0, 0xFAA0, 0xFA80, 0xFAA0,
    0xFB60, 0xFB40, 0xFE20, 0xFF83, 0xFF83, 0xFD21, 0xFD21, 0xFD21, 0xFD21, 0xFD21, 0xFD01, 0xFD22, 0xFD01, 0xFBC0, 0xBA40, 0x5860,
    0x4040, 0x4040, 0x4040, 0x78A0, 0x70A0, 0xFC20, 0xFCA1, 0xFD22, 0xFD22, 0xFD21, 0xFD21, 0xFD21, 0xFD21, 0xFE00, 0xFE00, 0xFE21,
    0xFD22, 0xFD22, 0xFD21, 0xFD22, 0xFD21, 0xFE01, 0xFE01, 0xFE00, 0xFDC1, 0xFDC0, 0xFD22, 0xFD21, 0xFD22, 0xFD21, 0xFD21, 0xFB20,
    0x5840, 0x4840, 0x4840, 0x4040, 0x4040, 0xC180, 0xEB20, 0xFD22, 0xFD21, 0xFD22, 0xFD21, 0xFEA0, 0xFEA0, 0xFD60, 0xFD60, 0xFD60,
    0xFD80, 0xFD60, 0xFFA5, 0xFF42, 0xFF43, 0xFC60, 0xFBE0, 0xFB80, 0xFAE0, 0xFAC0, 0xF060, 0xA002, 0xA822, 0xFFFF, 0xCE59, 0xFFFF,
    0xFFFF, 0xB38E, 0xA800, 0xFBC0, 0xFBC0, 0xFD00, 0xFDA0, 0xFEA0, 0xFC40, 0xFC20, 0xFB20, 0xA000, 0xA840, 0xFFFF, 0xD6BB, 0xFFFF,
    0xFFFF, 0xD69A, 0xFFFF, 0xE71C, 0xCE9A, 0xFFFF, 0xD69A, 0xFFFF, 0xCE79, 0xDEDB, 0xFFFF, 0xD69A, 0xFFDF, 0xD6BA, 0xFFFF, 0xDEDB,
    0xD6BA, 0xFFFF, 0xC022, 0xB001, 0xA801, 0xB0C3, 0xD1C6, 0xA841, 0xB000, 0xA800, 0xF980, 0xFAA0, 0xFAA0, 0xFAA0, 0xFAA0, 0xFAA0,
    0xFB60, 0xFB20, 0xFE40, 0xFFA3, 0xFFA3, 0xFD01, 0xFD21, 0xFD21, 0xFD21, 0xFD21, 0xFD01, 0xFD41, 0xFD21, 0xFB80, 0xB1E0, 0x5840,
    0x4040, 0x4020, 0x4040, 0x78A0, 0x6880, 0xFC20, 0xFCA1, 0xFD22, 0xFD21, 0xFD21, 0xFD21, 0xFD21, 0xFD21, 0xFE00, 0xFE21, 0xFE20,
    0xFD22, 0xFD01, 0xFD21, 0xFD21, 0xFD21, 0xFE00, 0xFE00, 0xFE00, 0xFDE0, 0xFDE0, 0xFD21, 0xFD21, 0xFD22, 0xFD01, 0xFD62, 0xF2E0,
    0x5040, 0x4840, 0x4040, 0x4040, 0x4040, 0xC180, 0xE300, 0xFD20, 0xFD22, 0xFD21, 0xFD21, 0xFEA0, 0xFEA0, 0xFD61, 0xFD61, 0xFD80,
    0xFD60, 0xFD61, 0xFFA5, 0xFF43, 0xFF42, 0xFC40, 0xFBE0, 0xFBA0, 0xFAA0, 0xFAA0, 0xE840, 0xB926, 0xBA8A, 0xCE59, 0xFFFF, 0xC639,
    0xC0E5, 0xB000, 0xB000, 0xFBE0, 0xFBC0, 0xFCE0, 0xFDA0, 0xFEC0, 0xFC20, 0xFC60, 0xFB00, 0xA800, 0xA020, 0xD6BB, 0xFFDF, 0xCE7A,
    0xD69A, 0xFFFF, 0xCE79, 0xDEFB, 0xFFFF, 0xCE79, 0xFFDF, 0xD69A, 0xFFFF, 0xF79E, 0xCE79, 0xFFFF, 0xD69A, 0xFFDF, 0xCE79, 0xFFDF,
    0xFFFF, 0xD6BA, 0xA002, 0xFA00, 0xFA00, 0xB000, 0xB000, 0xA800, 0xA800, 0xB000, 0xB800, 0xFAC0, 0xFAA0, 0xFAA0, 0xFB80, 0xFBC0,
    0xFAC0, 0xFAA0, 0xFAA0, 0xFFC5, 0xFFC5, 0xFFA5, 0xFE62, 0xFD22, 0xFD01, 0xFD21, 0xFBC0, 0x3840, 0x4840, 0x4040, 0x4040, 0x4040,
    0x4020, 0x4040, 0x4040, 0x4040, 0x4040, 0x4040, 0x4040, 0xA100, 0xFD21, 0xFD22, 0xFD21, 0xFD22, 0xFD21, 0xFE20, 0xFE20, 0xFE21,
    0xFE20, 0xFE21, 0xFE20, 0xFE20, 0xFE20, 0xFE20, 0xFE21, 0xFE00, 0xFE00, 0xFE00, 0xFD21, 0xFD21, 0xFD21, 0x80C0, 0x5860, 0x4040,
    0x4020, 0x4040, 0x4040, 0x4040, 0x4840, 0x4040, 0x4040, 0x4040, 0x9900, 0x90E0, 0xFD41, 0xFD41, 0xFD42, 0xFD41, 0xFD41, 0xFD60,
    0xFFC6, 0xFFC7, 0xFFC7, 0xFCA0, 0xFCE0, 0xFBA0, 0xFB40, 0xFB20, 0xF9C0, 0xFA00, 0xA000, 0xF7BE, 0xF79E, 0xCE7A, 0xFFDF, 0xD6BA,
    0xB000, 0xA800, 0xFAA0, 0xFC60, 0xFC60, 0xFD00, 0xFE00, 0xFEC0, 0xFCA0, 0xFCA0, 0xFB20, 0xA800, 0xB020, 0xFFDF, 0xCE9A, 0xFFFF,
    0xFFFF, 0xD69A, 0xFFFF, 0xFFDF, 0xD6BA, 0xFFDF, 0xD69A, 0xFFFF, 0xCE7A, 0xD6BA, 0xF7BE, 0xCE7A, 0xF79E, 0xD6BB, 0xFFFF, 0xCE59,
    0xD69A, 0xE73D, 0xEDF7, 0xA800, 0xB020, 0xFB20, 0xFB60, 0xFBC0, 0xFBC0, 0xFBA0, 0xFA80, 0xFAA0, 0xFAC0, 0xFAC0, 0xFB80, 0xFBC0,
    0xFF82, 0xFF83, 0xFFC5, 0xFCC0, 0xFD00, 0xFD21, 0xFD22, 0xFD02, 0xC9E0, 0xDA00, 0x4840, 0x4840, 0x4040, 0xF2E0, 0xFCC1, 0xF4E1,
    0xFD21, 0xF501, 0xF501, 0xF4E1, 0xECC1, 0x6880, 0x4840, 0x3820, 0xB960, 0xCA00, 0xFD21, 0xFE20, 0xFE20, 0xFE20, 0xFE20, 0xFE21,
    0xFFBA, 0xFFBA, 0xFFBB, 0xFFBA, 0xFFBB, 0xFFBB, 0xFF11, 0xFE00, 0xFE00, 0xFE00, 0xFD41, 0x78E0, 0x78A0, 0x4040, 0x4860, 0x6880,
    0xECA1, 0xFD01, 0xFD21, 0xF4E1, 0xF4E1, 0xFD01, 0xEC80, 0x80A0, 0x3840, 0x4060, 0x78A0, 0xFC40, 0xFC81, 0xFD41, 0xFD41, 0xFD61,
    0xFD61, 0xFD80, 0xFCC0, 0xFB60, 0xFB60, 0xFA80, 0xF940, 0xF8C0, 0xB820, 0xB040, 0xFFDF, 0xE73C, 0xCE79, 0xB000, 0xA800, 0xB000,
    0xFAA0, 0xFAA0, 0xFBE0, 0xFC60, 0xFC80, 0xFE80, 0xFEA0, 0xFEA0, 0xFCA0, 0xFCA0, 0xFB00, 0xA800, 0xB000, 0xCE7A, 0xFFFF, 0xCE7A,
    0xCE7A, 0xFFDF, 0xD6BB, 0xD6BA, 0xFFDF, 0xD69A, 0xFFDF, 0xCE79, 0xFFFF, 0xEF7D, 0xCE59, 0xFFFF, 0xD69A, 0xFFFF, 0xCE59, 0xFFFF,
    0xE73C, 0xE73C, 0xFFDF, 0xB000, 0xB000, 0xFB00, 0xFB60, 0xFBE0, 0xFBE0, 0xFBE0, 0xFAC0, 0xFAC0, 0xFAC0, 0xFAC0, 0xFB80, 0xFBC0,
    0xFF82, 0xFF83, 0xFFC5, 0xFCC0, 0xFCE0, 0xFD01, 0xFD01, 0xFD01, 0xD9C0, 0xC9C0, 0x4840, 0x4040, 0x4840, 0xFB60, 0xFCA1, 0xFD21,
    0xFD01, 0xFD21, 0xFD02, 0xFD01, 0xFD01, 0x6880, 0x4020, 0x3820, 0xA940, 0xB9E0, 0xFD21, 0xFE20, 0xFE20, 0xFE20, 0xFE20, 0xFE41,
    0xFFDB, 0xFFBB, 0xFFBB, 0xFFBB, 0xFFBB, 0xFFBB, 0xFF10, 0xFE20, 0xFE21, 0xFE20, 0xFD21, 0x80C0, 0x88C0, 0x3820, 0x4860, 0x9900,
    0xFD02, 0xFD22, 0xFD01, 0xFD21, 0xFD21, 0xFD02, 0xFD01, 0x70A0, 0x4840, 0x4860, 0x7080, 0xFC60, 0xFC60, 0xFD21, 0xFD41, 0xFD41,
    0xFD61, 0xFD61, 0xFCA0, 0xFB20, 0xFB60, 0xFA60, 0xF920, 0xF8C0, 0xA800, 0xB820, 0xD69B, 0xE6FB, 0xF75D, 0xA800, 0xB000, 0xB000,
    0xFA80, 0xFAA0, 0xFC00, 0xFC80, 0xFC80, 0xFEA0, 0xFEA0, 0xFEA0, 0xFC80, 0xFCA0, 0xFB00, 0xA820, 0xA800, 0xFFFF, 0xCE59, 0xFFDF,
    0xFFFF, 0xD69A, 0xFFFF, 0xEF5D, 0xD69A, 0xFFFF, 0xD69A, 0xFFDF, 0xCE79, 0xDEFB, 0xFFFF, 0xCE79, 0xFFFF, 0xCE7A, 0xFFFF, 0xD69A,
    0xFFDF, 0xFFFF, 0xCE79, 0xA022, 0xA801, 0xFA40, 0xFA40, 0xFAA0, 0xFBC0, 0xFC00, 0xFC40, 0xFC40, 0xFC40, 0xFC40, 0xFB60, 0xFAC0,
    0xFAC0, 0xFAA0, 0xFFC5, 0xFFC6, 0xFFC6, 0xFD01, 0xFD01, 0xFD21, 0x58A0, 0x5880, 0x6060, 0xF501, 0xFD02, 0xFD01, 0xFD22, 0xFD21,
    0xFD21, 0xFD22, 0xFD22, 0xFD21, 0xFD22, 0xFD01, 0xFCE1, 0xB180, 0x4040, 0x3800, 0xFE21, 0xFE00, 0xFE20, 0xFFBB, 0xFFBB, 0xFFBB,
    0xFFBB, 0xFFDB, 0xFFBB, 0xFFDB, 0xFFBB, 0xFFBB, 0xFFBB, 0xFFBB, 0xFE01, 0xFE00, 0xFD41, 0x4840, 0x4040, 0xD1E0, 0xFCA1, 0xFD01,
    0xFD21, 0xFD21, 0xFD21, 0xFD21, 0xFD22, 0xFD21, 0xFD01, 0xFD22, 0x6880, 0x5880, 0x5060, 0xFBE0, 0xF3A0, 0xFD41, 0xFD41, 0xFD61,
    0xFD41, 0xFD60, 0xFE80, 0xFEA0, 0xFE80, 0xFE00, 0xFCA0, 0xFC20, 0xFBA0, 0xFBC0, 0xA800, 0xB000, 0xB000, 0xFB60, 0xFAA0, 0xFA80,
    0xFB60, 0xFB60, 0xFC60, 0xFDE0, 0xFE00, 0xFEA0, 0xFEA0, 0xFEA0, 0xFC60, 0xFC80, 0xFB00, 0xA820, 0xA800, 0xCE59, 0xFFFF, 0xCE59,
    0xD69A, 0xFFFF, 0xCE79, 0xDEFB, 0xFFDF, 0xEF7E, 0xDEBB, 0xF7BE, 0xE75D, 0xD6BB, 0xFFDF, 0xDEDB, 0xEF7D, 0xD6BB, 0xEF5D, 0xE71C,
    0xE6FC, 0xD69A, 0xE71C, 0xE638, 0xFF3C, 0xB020, 0xD940, 0xFAA0, 0xFB20, 0xFB00, 0xFBE0, 0xFC40, 0xFC60, 0xFC40, 0xFC00, 0xFBE0,
    0xFAE0, 0xFAC0, 0xFC81, 0xFEC0, 0xFEA1, 0xFE41, 0xFD61, 0xFD21, 0xFD01, 0xFD21, 0xFD21, 0xFD21, 0xFD01, 0xFD22, 0xFD61, 0xFDA0,
    0xFE20, 0xFE20, 0xFD22, 0xFD22, 0xFD22, 0xFD22, 0xFD21, 0xFD01, 0xECE0, 0xF4E1, 0xFE00, 0xFF98, 0xFFB9, 0xFFBB, 0xFFBB, 0xFFBB,
    0xFFBB, 0xFFBB, 0xFFDC, 0xFFBB, 0xFFDC, 0xFFDB, 0xFFBB, 0xFFBB, 0xFFDB, 0xFFDB, 0xFFDA, 0xE441, 0xF4C0, 0xFD01, 0xFD01, 0xFD21,
    0xFD21, 0xFD21, 0xFD21, 0xFE40, 0xFE41, 0xFD42, 0xFD42, 0xFD21, 0xFD21, 0xFD42, 0xFD42, 0xFD41, 0xFD41, 0xFD42, 0xFDA1, 0xFE60,
    0xFE60, 0xFE61, 0xFE80, 0xFE80, 0xFE80, 0xFD20, 0xFC00, 0xFBA0, 0xC0C0, 0xC120, 0xB000, 0xEB00, 0xF340, 0xFAE0, 0xFB40, 0xFB20,
    0xFCA0, 0xFCA0, 0xFCC0, 0xFE80, 0xFE80, 0xFE80, 0xFE80, 0xFEA0, 0xFC60, 0xFC80, 0xFB00, 0xA820, 0xB020, 0xFFFF, 0xC659, 0xFFFF,
    0xFFFF, 0xCE7A, 0xFFDF, 0xE73C, 0xD69A, 0xC638, 0xFFDF, 0xCE79, 0xE75D, 0xFFDF, 0xCE79, 0xFFDF, 0xCE79, 0xFFFF, 0xCE79, 0xFFFF,
    0xD69A, 0xF7BE, 0xCE79, 0xFFDF, 0xD6DB, 0xB000, 0xC0A0, 0xFAA0, 0xFA80, 0xFA80, 0xFBA0, 0xFC40, 0xFC40, 0xFC40, 0xFC40, 0xFC40,
    0xFB00, 0xFAE0, 0xFAE0, 0xFE80, 0xFE60, 0xFE80, 0xFD81, 0xFD21, 0xFD21, 0xFD21, 0xFD21, 0xFD21, 0xFD22, 0xFD21, 0xFD61, 0xFDC0,
    0xFE40, 0xFE60, 0xFD21, 0xFD22, 0xFD21, 0xFD21, 0xFD21, 0xFD21, 0xFD42, 0xFD61, 0xFE00, 0xFFDC, 0xFFBB, 0xFFBB, 0xFFBB, 0xFFBB,
    0xFFBB, 0x5040, 0x5040, 0x5060, 0x4860, 0xFFDB, 0xFFBB, 0xFFBB, 0xFFBB, 0xFFBB, 0xFFBB, 0xFD21, 0xFD21, 0xFD21, 0xFD21, 0xFD21,
    0xFD21, 0xFD21, 0xFD21, 0xFE80, 0xFE80, 0xFD41, 0xFD22, 0xFD42, 0xFD42, 0xFD42, 0xFD41, 0xFD41, 0xFD42, 0xFD41, 0xFDC1, 0xFE80,
    0xFEA0, 0xFE80, 0xFE80, 0xFE80, 0xFE80, 0xFC80, 0xFBC0, 0xFB20, 0xA800, 0xB000, 0xB000, 0xFBC0, 0xFC00, 0xFAC0, 0xFB40, 0xFB80,
    0xFCC0, 0xFCC0, 0xFCE0, 0xFE80, 0xFEA0, 0xFE80, 0xFE80, 0xFE80, 0xFC60, 0xFC80, 0xFB00, 0xA820, 0xB000, 0xCE59, 0xFFDF, 0xDEDB,
    0xEF5D, 0xF7BF, 0xD69A, 0xFFFF, 0xEF7D, 0xE73C, 0xC659, 0xEF5D, 0xE73C, 0xCE9A, 0xFFFF, 0xD69A, 0xFFFF, 0xD69A, 0xFFDF, 0xD6BA,
    0xFFDF, 0xD69A, 0xE71C, 0xD6DB, 0xFFFF, 0xB000, 0xC020, 0xF8E0, 0xFA80, 0xFAA0, 0xFAA0, 0xFBA0, 0xFBA0, 0xFC40, 0xFCE0, 0xFCE0,
    0xFE40, 0xFE40, 0xFE40, 0xFD60, 0xFD60, 0xFD21, 0xFD21, 0xFD21, 0xFD21, 0xFD21, 0xFD22, 0xFD22, 0xFD21, 0xFEAD, 0xFEAD, 0xFEAE,
    0xFD42, 0xFD21, 0xFD21, 0xFD22, 0xFD21, 0xFD21, 0xFD21, 0xFD42, 0xFFBA, 0xFFBB, 0xFFBA, 0xFFBB, 0xFFBB, 0xFFBB, 0xFFBB, 0xFFBB,
    0xFFBB, 0xFFFC, 0x5040, 0x938C, 0xFFFD, 0xFFBB, 0xFFBB, 0xFFBB, 0xFFBB, 0xFFBB, 0xFFBB, 0xFFBB, 0xFFBA, 0xFE48, 0xFD62, 0xFD21,
    0xFD21, 0xFD21, 0xFD21, 0xFD21, 0xFD42, 0xFECE, 0xFECE, 0xFECF, 0xFD42, 0xFD42, 0xFD42, 0xFD41, 0xFD41, 0xFD41, 0xFD61, 0xFD60,
    0xFD80, 0xFD80, 0xFE80, 0xFCA0, 0xFCA0, 0xFB20, 0xC0E0, 0xB000, 0xFD00, 0xFCE0, 0xFC80, 0xFB80, 0xFB80, 0xFB60, 0xFDC0, 0xFE40,
    0xFCE0, 0xFCE0, 0xFF43, 0xFE80, 0xFE80, 0xFE80, 0xFE80, 0xFE80, 0xFC80, 0xFC80, 0xFB20, 0xA820, 0xA800, 0xFFDF, 0xDEDB, 0xFFFF,
    0xE73D, 0xDEBB, 0xFFFF, 0xC638, 0xD6BA, 0xD69A, 0xFFFF, 0xD69A, 0xD6BA, 0xFFFF, 0xCE7A, 0xFFDF, 0xCE9A, 0xFFFF, 0xCE9A, 0xFFFF,
    0xCE59, 0xEF5D, 0xDEDB, 0xCE79, 0xF7BE, 0xA821, 0xC020, 0xF8C0, 0xFA80, 0xFA80, 0xFA80, 0xFB80, 0xFBA0, 0xFC40, 0xFCC0, 0xFCE0,
    0xFE60, 0xFE60, 0xFE40, 0xFDA0, 0xFDA0, 0xFD21, 0xFD21, 0xFD21, 0xFD41, 0xFD41, 0xFD84, 0xFE49, 0xFE6C, 0xFF33, 0xFF33, 0xFF12,
    0xFE6B, 0xFE4C, 0xFD21, 0xFD42, 0xFD21, 0xFD42, 0xFD63, 0xFE2A, 0xFFBB, 0xFFBB, 0xFFBB, 0xFFBB, 0xFFBB, 0xFFBB, 0xFFBB, 0xFFBB,
    0xFFBB, 0xFFBB, 0x71C6, 0xAC8F, 0xFFDB, 0xFFBB, 0xFFBB, 0xFFBB, 0xFFBB, 0xFFDB, 0xFFBB, 0xFFBB, 0xFFBB, 0xFF12, 0xFDE7, 0xFD41,
    0xFD21, 0xFD21, 0xFD21, 0xFD84, 0xFDA6, 0xFF12, 0xFF12, 0xFF12, 0xFE4B, 0xFE6C, 0xFD84, 0xFD81, 0xFD61, 0xFD41, 0xFD61, 0xFD61,
    0xFDA0, 0xFDA0, 0xFE80, 0xFC40, 0xFC80, 0xF2A0, 0xB8A0, 0xB820, 0xFD00, 0xFCE0, 0xFC80, 0xFB80, 0xFB80, 0xFBE0, 0xFDC0, 0xFE40,
    0xFD20, 0xFD40, 0xFF63, 0xFE80, 0xFE80, 0xFE80, 0xFE80, 0xFE80, 0xFC80, 0xFC80, 0xFB20, 0xA820, 0xA800, 0xDF1C, 0xF7BE, 0xD6BB,
    0xF79E, 0xDEFB, 0xFFFF, 0xFFDF, 0xE71C, 0xFFDF, 0xCE59, 0xE71C, 0xFFFF, 0xD69A, 0xFFFF, 0xD69A, 0xFFDF, 0xD69A, 0xFFFF, 0xD6DB,
    0xFFFF, 0xD69A, 0xE73C, 0xFFFF, 0xD69A, 0xF7BE, 0xA841, 0xA801, 0xFA20, 0xFA40, 0xFAA0, 0xFAA0, 0xFAC0, 0xFBA0, 0xFC20, 0xFC60,
    0xFE60, 0xFE60, 0xFE60, 0xFE40, 0xFE40, 0xFD21, 0xFD21, 0xFD21, 0xFDA1, 0xFDC1, 0xFF55, 0xFF56, 0xFF77, 0xFF76, 0xFF56, 0xFF77,
    0xFF56, 0xFF56, 0xFD41, 0xFD41, 0xFD42, 0xFD41, 0xFE09, 0xFFBB, 0xFFBB, 0xFFBB, 0xFFBB, 0xFFBB, 0xFFDB, 0xFFBB, 0xFFBB, 0xFFBB,
    0xFFBB, 0xFFBB, 0xFFBA, 0xFFBB, 0xFFBB, 0xFFBB, 0xFFDB, 0xFFBB, 0xFFBB, 0xFFBB, 0xFFBB, 0xFFBB, 0xFFBB, 0xFFBB, 0xFFBB, 0xFD42,
    0xFD41, 0xFD41, 0xFD41, 0xFF56, 0xFF56, 0xFF56, 0xFF77, 0xFF77, 0xFF77, 0xFF77, 0xFF77, 0xFE41, 0xFE41, 0xFD41, 0xFD61, 0xFD80,
    0xFE60, 0xFE80, 0xFD40, 0xF980, 0xF9A0, 0xB000, 0xFB40, 0xFBC0, 0xFBC0, 0xFBC0, 0xFBE0, 0xFBE0, 0xFC00, 0xFE40, 0xFE40, 0xFE40,
    0xFEA0, 0xFEA0, 0xFFA5, 0xFE80, 0xFE80, 0xFE80, 0xFE80, 0xFE80, 0xFC80, 0xFC80, 0xFB00, 0xA820, 0xB020, 0xD69A, 0xF79E, 0xD69A,
    0xDEDB, 0xFFDF, 0xCE59, 0xD6DB, 0xFFDF, 0xD69A, 0xFFFF, 0xD6BA, 0xD6BA, 0xFFFF, 0xCE7A, 0xFFFF, 0xCE79, 0xFFFF, 0xCE79, 0xFFFF,
    0xD679, 0xF7BF, 0xDEFB, 0xCE79, 0xF7BE, 0xD6BB, 0xFFBE, 0xCD55, 0xB820, 0xB840, 0xFAA0, 0xFAA0, 0xFAC0, 0xFAC0, 0xFAA0, 0xFAA0,
    0xFAC0, 0xFAA0, 0xFE60, 0xFD60, 0xFD80, 0xFE60, 0xFDC0, 0xFD81, 0xFF76, 0xFF56, 0xFF76, 0xFF77, 0xFF77, 0xFF77, 0xFF77, 0xFF77,
    0xFF56, 0xFF56, 0xFF77, 0xFFBA, 0xFFBB, 0xFFBA, 0xFFBB, 0xFFBB, 0xFFBB, 0xFFBB, 0xFFBB, 0xFFBB, 0xFFBB, 0x4081, 0xB4B0, 0xFFBB,
    0xFFBB, 0xFFBB, 0x4860, 0xFFDC, 0xFFBB, 0xFFDB, 0xFFFC, 0x4881, 0xFFBB, 0xFFBB, 0xFFBB, 0xFFBB, 0xFFBB, 0xFFBB, 0xFFBB, 0xFFBB,
    0xFFBB, 0xFFBC, 0xFF56, 0xFF56, 0xFF76, 0xFF57, 0xFF77, 0xFF77, 0xFF57, 0xFF57, 0xFF77, 0xFF55, 0xFF77, 0xFE20, 0xFE20, 0xFE20,
    0xFD20, 0xFD40, 0xF980, 0xB800, 0xA800, 0xFA00, 0xFA20, 0xFA60, 0xFC00, 0xFC00, 0xFE40, 0xFE20, 0xFE40, 0xFE40, 0xFE40, 0xFE40,
    0xFFC7, 0xFFE8, 0xFEA0, 0xFE80, 0xFE80, 0xFE80, 0xFE80, 0xFE80, 0xFC80, 0xFC80, 0xF980, 0xEFBF, 0xD6BA, 0xB000, 0xD69A, 0xFFFF,
    0xEF7D, 0xF79E, 0xF79E, 0xE73C, 0xD69A, 0xFFFF, 0xD6BA, 0xE71C, 0xF79E, 0xC638, 0xFFFF, 0xD69A, 0xFFFF, 0xD6BA, 0xFFFF, 0xD6BA,
    0xFFFF, 0xD69A, 0xF79E, 0xF7DE, 0xD69A, 0xEF5D, 0xCE59, 0xFFFF, 0xB000, 0xA800, 0xFAC0, 0xFAA0, 0xFAA0, 0xFAA0, 0xFAA0, 0xFAA0,
    0xFAA0, 0xFA80, 0xFE40, 0xFD80, 0xFD80, 0xFE80, 0xFDC0, 0xFDA1, 0xFF76, 0xFF56, 0xFF77, 0xFF77, 0xFF76, 0xFF56, 0xFF77, 0xFF77,
    0xFF77, 0xFF56, 0xFF76, 0xFFBB, 0xFFBB, 0xFFBB, 0xFFBB, 0xFFDB, 0xFFBB, 0xFFBB, 0xFFDB, 0xFFBB, 0xFFBB, 0x3800, 0x2800, 0xE696,
    0xF79B, 0x3880, 0x3840, 0x3800, 0xC573, 0xAC6F, 0x3000, 0x4820, 0xFFBB, 0xFFBB, 0xFFBB, 0xFFBB, 0xFFBB, 0xFFBB, 0xFFBB, 0xFFBB,
    0xFFBB, 0xFFBB, 0xFF77, 0xFF57, 0xFF57, 0xFF77, 0xFF57, 0xFF57, 0xFF77, 0xFF77, 0xFF77, 0xFF56, 0xFF56, 0xFE20, 0xFE20, 0xFE20,
    0xFD00, 0xFD20, 0xF960, 0xA800, 0xB000, 0xFA20, 0xFA20, 0xFA60, 0xFC00, 0xFC00, 0xFE40, 0xFE40, 0xFE40, 0xFE40, 0xFE40, 0xFE40,
    0xFFC7, 0xFFC7, 0xFE80, 0xFE80, 0xFE80, 0xFE80, 0xFEA0, 0xFE80, 0xFC60, 0xFCA0, 0xF960, 0xDE18, 0xFFDF, 0xB000, 0xFFBE, 0xD69A,
    0xFFDF, 0xCE9A, 0xFFDF, 0xE71C, 0xE73C, 0xDEDB, 0xE73C, 0xDF1C, 0xDEDB, 0xF7DF, 0xCE59, 0xFFFF, 0xCE59, 0xFFFF, 0xCE79, 0xFFFF,
    0xCE79, 0xFFFF, 0xCE59, 0xDEFC, 0xEF7D, 0xCE7A, 0xFFFF, 0xD69A, 0xF7DE, 0x9800, 0xB020, 0xFAC0, 0xFAA0, 0xFAA0, 0xFAA0, 0xFAA0,
    0xFA80, 0xFA60, 0xFAC0, 0xFEA0, 0xFE80, 0xFE80, 0xFE40, 0xFE00, 0xFEEE, 0xFEEE, 0xFF99, 0xFF77, 0xFF76, 0xFF56, 0xFF77, 0xFF77,
    0xFF77, 0xFF77, 0xFFBB, 0xFFBB, 0xFFBB, 0xFFBB, 0xFFBB, 0xFFBB, 0xFFDB, 0xFFBB, 0xFFBB, 0xFFBB, 0xFFBB, 0xFFBB, 0xFFDD, 0x3840,
    0x4060, 0x2840, 0xFFBB, 0x3040, 0x4040, 0x3840, 0x6A67, 0xFFBB, 0xFFBB, 0xFFBB, 0xFFBB, 0xFFBB, 0xFFBB, 0xFFBB, 0xFFBB, 0xFFBB,
    0xFFBB, 0xFFBB, 0xFFBB, 0xFF77, 0xFF56, 0xFF77, 0xFF77, 0xFF77, 0xFF77, 0xFF77, 0xFF77, 0xFEF1, 0xFF11, 0xFE20, 0xFE20, 0xFE20,
    0xFC40, 0xFC60, 0xFC40, 0xF9A0, 0xF9A0, 0xB000, 0xFC40, 0xFCC0, 0xFE20, 0xFE40, 0xFE40, 0xFE40, 0xFE40, 0xFE60, 0xFF63, 0xFF84,
    0xFFC7, 0xFFC8, 0xFE80, 0xFE80, 0xFE80, 0xFE80, 0xFE60, 0xFC80, 0xFBC0, 0xFBC0, 0xC800, 0xEEFB, 0xFFBE, 0xB000, 0xCEBA, 0xFFFF,
    0xD69A, 0xFFDF, 0xCE7A, 0xDF1C, 0xFFFF, 0xC638, 0xFFFF, 0xC659, 0xE73C, 0xFFFF, 0xC659, 0xFFFF, 0xCE79, 0xF79E, 0xDEFB, 0xD69A,
    0xEF7D, 0xD69A, 0xEF5D, 0xE71C, 0xDEDB, 0xDEFC, 0xFFFF, 0xC659, 0xFFDF, 0xDEBA, 0xB0A2, 0xA800, 0xA800, 0xA800, 0xE1E0, 0xFB20,
    0xFDC0, 0xFDA0, 0xFD80, 0xFD40, 0xFD40, 0xFD40, 0xFDE0, 0xFE00, 0xFE20, 0xFE21, 0xFFBA, 0xFF77, 0xFF77, 0xFF56, 0xFF56, 0xFF77,
    0xFFBB, 0xFFBB, 0xFFBB, 0xFFBB, 0xFFBB, 0xFFBB, 0xFFBB, 0xFFBB, 0xFFBB, 0xFFBB, 0xFFBB, 0xFFBB, 0xFFBB, 0xFFBB, 0xFFBB, 0xFFBB,
    0xFFBB, 0xFFBB, 0xFFBB, 0xFFBB, 0xFFBB, 0xFFBB, 0xFFBB, 0xFFBB, 0xFFBB, 0xFFBB, 0xFFBB, 0xFFBB, 0xFFBB, 0xFFBB, 0xFFBB, 0xFFBB,
    0xFFDB, 0xFFBB, 0xFFBB, 0xFFBB, 0xFFBB, 0xFF77, 0xFF77, 0xFF77, 0xFF77, 0xFF77, 0xFF33, 0xFE01, 0xFE00, 0xFE00, 0xFD80, 0xFC80,
    0xFAA0, 0xFB20, 0xB000, 0xA800, 0xB800, 0xFD60, 0xFE40, 0xFE40, 0xFE40, 0xFE40, 0xFE40, 0xFE40, 0xFE40, 0xFFE9, 0xFFE9, 0xFFC9,
    0xFFC8, 0xFFC8, 0xFE80, 0xFE80, 0xFE80, 0xFC60, 0xFC60, 0xFC80, 0xFA40, 0xFA80, 0xA800, 0xB000, 0xA021, 0xF8A0, 0xCE7A, 0xFFFF,
    0xFFDF, 0xCE9A, 0xFFDF, 0xE73C, 0xD67A, 0xFFDF, 0xD69A, 0xFFFF, 0xDEFB, 0xCE59, 0xFFDF, 0xD69A, 0xF7DE, 0xD6BA, 0xD6DB, 0xE73D,
    0xCE79, 0xFFFF, 0xDEDB, 0xD69A, 0xE71C, 0xDEFC, 0xCE7A, 0xFFDF, 0xDEFB, 0xFFDF, 0xE71C, 0xA821, 0xB000, 0xB000, 0xEA20, 0xFB20,
    0xFD60, 0xFD60, 0xFD60, 0xFD40, 0xFD40, 0xFD40, 0xFE00, 0xFE00, 0xFE20, 0xF5E0, 0xFFBB, 0xFF76, 0xFF76, 0xFF57, 0xFF56, 0xFF77,
    0xFFBB, 0xFFBB, 0xFFBB, 0xFFBB, 0xFFBB, 0xFFBB, 0xFFBB, 0xFFDB, 0xFFDB, 0xFFBB, 0xFFBB, 0xFFBB, 0xFFBB, 0xFFBB, 0xFFBB, 0xFFBB,
    0xFFBB, 0xFFBB, 0xFFBB, 0xFFBB, 0xFFBB, 0xFFBB, 0xFFBB, 0xFFBB, 0xFFBB, 0xFFBB, 0xFFBB, 0xFFBB, 0xFFBB, 0xFFBB, 0xFFBB, 0xFFBB,
    0xFFDB, 0xFFBB, 0xFFBB, 0xFFBB, 0xFFBB, 0xFF77, 0xFF77, 0xFF77, 0xFF77, 0xFF77, 0xFF34, 0xFE00, 0xFE20, 0xFE00, 0xFD80, 0xFC80,
    0xFAA0, 0xFB00, 0xB000, 0xB800, 0xB000, 0xFD00, 0xFDE0, 0xFE20, 0xFE40, 0xFE40, 0xFE40, 0xFE40, 0xFE40, 0xFFE9, 0xFFE9, 0xFFE9,
    0xFFC7, 0xFFC8, 0xFE80, 0xFE80, 0xFE80, 0xFC80, 0xFC80, 0xFC80, 0xFA60, 0xFA60, 0xB000, 0xB000, 0xB000, 0xF8A0, 0xFFBE, 0xD69A,
    0xCE9A, 0xFFFF, 0xCE79, 0xDEFB, 0xFFFF, 0xD69A, 0xFFFF, 0xCE79, 0xF79E, 0xFFFF, 0xD69A, 0xFFDF, 0xD69A, 0xE71C, 0xDEFB, 0xD6BA,
    0xFFFF, 0xD69A, 0xEF5D, 0xFFDF, 0xD6BA, 0xE73D, 0xFFFF, 0xD69A, 0xFFDF, 0xD69A, 0xD69A, 0xFFDF, 0xC638, 0xEF7D, 0xA821, 0xB000,
    0xFA60, 0xFA80, 0xFB00, 0xFBE0, 0xFBE0, 0xFD40, 0xFD20, 0xFD40, 0xFD40, 0xFD60, 0xFE20, 0xFF77, 0xFF77, 0xFF76, 0xFF99, 0xFFBB,
    0xFFBB, 0xFFBB, 0xFFBB, 0xFFBB, 0xFFBB, 0xFFBB, 0xFFBB, 0xFFBB, 0xFFBB, 0xFFBB, 0xFFDB, 0xFFDB, 0xFFBB, 0xFFBB, 0xFFBB, 0xFFBB,
    0xFFBB, 0xFFBB, 0xFFBB, 0xFFBB, 0xFFBB, 0xFFBB, 0xFFBB, 0xFFBB, 0xFFBB, 0xFFBB, 0xFFBB, 0xFFBB, 0xFFBB, 0xFFBB, 0xFFBB, 0xFFBB,
    0xFFBB, 0xFFDB, 0xFFBB, 0xFFBB, 0xFFBB, 0xFF77, 0xFF77, 0xFF77, 0xFE47, 0xFE47, 0xFD80, 0xFC80, 0xFCA0, 0xFBA0, 0xFB00, 0xF8C0,
    0xB000, 0xA000, 0xFC40, 0xFE00, 0xFE00, 0xFEA0, 0xFE40, 0xFE20, 0xFE40, 0xFE40, 0xFF84, 0xFFCD, 0xFFED, 0xFFC9, 0xFFC9, 0xFFE9,
    0xFFC9, 0xFFC9, 0xFE80, 0xFC60, 0xFC60, 0xFC80, 0xFC60, 0xFBA0, 0xB000, 0xB000, 0xFA00, 0xFCA0, 0xFCA0, 0xB000, 0xDE9B, 0xFFFF,
    0xFFFF, 0xD6BA, 0xFFFF, 0xEF5D, 0xCE59, 0xFFFF, 0xCE59, 0xFFFF, 0xCE79, 0xD6BA, 0xFFFF, 0xCE9A, 0xFFDF, 0xCE7A, 0xFFDF, 0xDEDB,
    0xFFFF, 0xDEDB, 0xD6BA, 0xEF7D, 0xDEFB, 0xF79E, 0xDEDB, 0xFFFF, 0xD69A, 0xF7BE, 0xFFFF, 0xCE59, 0xFFFF, 0xA001, 0xB000, 0xA000,
    0xFA60, 0xFA80, 0xFB00, 0xFBE0, 0xFBE0, 0xFD40, 0xFD40, 0xFD20, 0xFD40, 0xFD40, 0xFE00, 0xFF76, 0xFF98, 0xFF77, 0xFF99, 0xFFBB,
    0xFFBB, 0xFFBB, 0xFFDB, 0xFFBB, 0xFFBB, 0xFFBB, 0xFFBB, 0xFFBB, 0xFFBB, 0xFFBB, 0xFFBB, 0xFFBB, 0xFFBB, 0xFFBB, 0xFFBB, 0xFFBB,
    0xFFBB, 0xFFBB, 0xFFBB, 0xFFBB, 0xFFBB, 0xFFBB, 0xFFBB, 0xFFBB, 0xFFBB, 0xFFBB, 0xFFBB, 0xFFBB, 0xFFBB, 0xFFBB, 0xFFBB, 0xFFBB,
    0xFFBB, 0xFFBB, 0xFFBB, 0xFFBB, 0xFFBB, 0xFF77, 0xFF77, 0xFF77, 0xFE47, 0xFE46, 0xFD60, 0xFC80, 0xFC80, 0xFBA0, 0xFA80, 0xF8E0,
    0xA800, 0xA000, 0xFC60, 0xFE20, 0xFE00, 0xFEC1, 0xFE40, 0xFE20, 0xFE40, 0xFE40, 0xFF84, 0xFFED, 0xFFEC, 0xFFC9, 0xFFE9, 0xFFE9,
    0xFFC9, 0xFFC9, 0xFE80, 0xFC60, 0xFC60, 0xFC80, 0xFC40, 0xFBA0, 0xA800, 0xB000, 0xFA00, 0xFCA0, 0xFCA0, 0xA800, 0xFFDF, 0xD6DB,
    0xFFFF, 0xCE79, 0xFFFF, 0xE71C, 0xCE9A, 0xFFDF, 0xCE79, 0xF79E, 0xDEFB, 0xF7BE, 0xCE79, 0xFFDF, 0xD6BA, 0xFFDF, 0xD69A, 0xFFFF,
    0xD69A, 0xFFDF, 0xF79E, 0xCE7A, 0xFFFF, 0xD6DB, 0xF7BE, 0xFFDF, 0xDEDB, 0xDEFB, 0xFFFF, 0xCE79, 0xFFFF, 0xA002, 0xE0C0, 0xF940,
    0xFA40, 0xFA60, 0xFA60, 0xFA40, 0xFA60, 0xFA60, 0xFBA0, 0xFBC0, 0xFC40, 0xFC20, 0xFD40, 0xFDE0, 0xFDE0, 0xFFBA, 0xFFB9, 0xFFBA,
    0xFFBB, 0xFFBB, 0xFFBB, 0xFFBB, 0xFFBB, 0xFFBB, 0xFFBB, 0xFFBB, 0xFFBB, 0xFFBB, 0xFFBB, 0xFFBB, 0xFFBB, 0xFFBB, 0xFFBB, 0xFFBB,
    0xFFBB, 0xFFBB, 0xFFBB, 0xFFBB, 0xFFBB, 0xFFBB, 0xFFBB, 0xFFBB, 0xFFBB, 0xFFBB, 0xFFBB, 0xFFBB, 0xFFBB, 0xFFBB, 0xFFBB, 0xFFBB,
    0xFFBB, 0xFFBB, 0xFFDB, 0xFF78, 0xFF77, 0xFF77, 0xFF10, 0xFDC0, 0xFCC0, 0xFCC0, 0xFB80, 0xFA80, 0xFA80, 0xF040, 0xD020, 0xA800,
    0xFBC0, 0xFBA0, 0xFE00, 0xFE60, 0xFE60, 0xFFC6, 0xFEA1, 0xFE20, 0xFE80, 0xFE40, 0xFFCD, 0xFFE9, 0xFFC9, 0xFFE9, 0xFFC9, 0xFFE9,
    0xFFE9, 0xFFC8, 0xFE80, 0xFC00, 0xFC40, 0xFBE0, 0xFBA0, 0xFA80, 0xB000, 0xB020, 0xFEA0, 0xFC80, 0xFC80, 0xB000, 0xFFFF, 0xCE79,
    0xD6BA, 0xFFFF, 0xCE79, 0xE73C, 0xFFFF, 0xCE79, 0xFFFF, 0xD69A, 0xFFDF, 0xD69A, 0xF7BE, 0xD69A, 0xFFDF, 0xD69A, 0xFFFF, 0xCE79,
    0xFFDF, 0xD6BA, 0xCE7A, 0xFFFF, 0xDEDB, 0xFFDF, 0xD6DB, 0xCE59, 0xFFDF, 0xCE7A, 0xD69A, 0xE73C, 0xE71C, 0xD6BA, 0xA802, 0xB002,
    0xB000, 0xA800, 0xB000, 0xFA60, 0xFA60, 0xFA60, 0xFA60, 0xFA60, 0xFB00, 0xFB20, 0xFB60, 0xFC00, 0xFC40, 0xF4C0, 0xFD81, 0xFDE0,
    0xFF56, 0xFF76, 0xFFBB, 0xFFBB, 0xFFBB, 0xFFBB, 0xFFBB, 0xFFBB, 0xFFBB, 0xFFBB, 0xFFBB, 0xFFBB, 0xFFBB, 0xFFBB, 0xFFBB, 0xFFBB,
    0xFFBB, 0xFFBB, 0xFFBB, 0xFFBB, 0xFFBB, 0xFFBB, 0xFFBB, 0xFFBB, 0xFFBB, 0xFFBB, 0xFFBB, 0xFFBB, 0xFFBB, 0xFFBB, 0xFFBB, 0xFFBB,
    0xFFBB, 0xFFDC, 0xFF34, 0xFDA0, 0xFDC1, 0xF460, 0xFCA0, 0xFC00, 0xFAE0, 0xFAE0, 0xF980, 0xA801, 0xA801, 0xA801, 0xC0E0, 0xF300,
    0xFE40, 0xFE60, 0xFE60, 0xFE60, 0xFE60, 0xFFE8, 0xFEE3, 0xFE20, 0xFFC6, 0xFFE8, 0xFFED, 0xFFC9, 0xFFC9, 0xFD60, 0xFFEA, 0xFFE9,
    0xFE20, 0xFE20, 0xFD20, 0xFC20, 0xFC40, 0xFAC0, 0xF280, 0xC000, 0xFEA0, 0xFEA0, 0xFEA0, 0xFBE0, 0xFC00, 0xB000, 0xD596, 0xFFFF,
    0xFFFF, 0xD69A, 0xFFDF, 0xDEDB, 0xCE79, 0xFFFF, 0xD69A, 0xFFFF, 0xCE9A, 0xF7BE, 0xDEFB, 0xFFFF, 0xCE79, 0xFFFF, 0xCE59, 0xF79E,
    0xFFDF, 0xCE79, 0xFFFF, 0xD6BA, 0xFFDF, 0xC638, 0xEF7D, 0xFFDF, 0xCE9A, 0xFFDF, 0xCE9A, 0xFFFF, 0xD69A, 0xFFDF, 0xB001, 0xA022,
    0xB000, 0xB000, 0xA800, 0xFA80, 0xFA40, 0xFA60, 0xFA40, 0xFA60, 0xFB00, 0xFB00, 0xFB40, 0xFBE0, 0xFBE0, 0xFCC0, 0xFD40, 0xFDC0,
    0xFF55, 0xFF76, 0xFFBA, 0xFFDB, 0xFFBB, 0xFFBB, 0xFFBB, 0xFFBB, 0xFFBB, 0xFFBB, 0xFFBB, 0xFFBB, 0xFFBB, 0xFFBB, 0xFFBB, 0xFFBB,
    0xFFBB, 0xFFBB, 0xFFBB, 0xFFBB, 0xFFBB, 0xFFBB, 0xFFBB, 0xFFBB, 0xFFBB, 0xFFBB, 0xFFBB, 0xFFBB, 0xFFBB, 0xFFBB, 0xFFBB, 0xFFBB,
    0xFFDB, 0xFFBA, 0xFF55, 0xFD60, 0xFD60, 0xFC80, 0xFC40, 0xFBC0, 0xFAE0, 0xFAC0, 0xF960, 0xB001, 0xA801, 0xA801, 0xC900, 0xFB60,
    0xFE60, 0xFE60, 0xFE60, 0xFE60, 0xFE60, 0xFFC8, 0xFEC2, 0xFE20, 0xFFC8, 0xFFE8, 0xFFED, 0xFFC9, 0xFFC8, 0xFD60, 0xFFC8, 0xFFC9,
    0xFE20, 0xFE00, 0xFD00, 0xFC40, 0xFC40, 0xFAC0, 0xF220, 0xC020, 0xFEA0, 0xFE80, 0xFEA0, 0xFBE0, 0xFC00, 0xB000, 0xF75E, 0xD6BB,
    0xD69A, 0xFFFF, 0xD69A, 0xEF7D, 0xFFFF, 0xD69A, 0xFFDF, 0xCE79, 0xFFFF, 0xCE7A, 0xFFDF, 0xCE7A, 0xFFFF, 0xD67A, 0xD69A, 0xFFFF,
    0xCE59, 0xFFFF, 0xD69A, 0xFFDF, 0xCE59, 0xFFFF, 0xE71C, 0xCE59, 0xFFFF, 0xCE79, 0xFFFF, 0xD69A, 0xFFFF, 0xCE59, 0xF7BE, 0xF79E,
    0xD6BA, 0xF7BE, 0xD6BB, 0xA022, 0xA802, 0xB000, 0xF9E0, 0xF9E0, 0xF9E0, 0xF9C0, 0xF980, 0xF960, 0xF960, 0xFAA0, 0xFB40, 0xFC40,
    0xFC20, 0xFC40, 0xFDC0, 0xFDC1, 0xFDE1, 0xFF33, 0xFF55, 0xFF98, 0xFFBB, 0xFFBB, 0xFFBB, 0xFFBB, 0xFFBB, 0xFFBB, 0xFFBB, 0xFFBB,
    0xFFBA, 0xFFBA, 0xFFBB, 0xFFBB, 0xFFBB, 0xFFBB, 0xFFBB, 0xFFBB, 0xFFBB, 0xFFBB, 0xFFBB, 0xFF76, 0xFF77, 0xFE27, 0xFDC3, 0xFD40,
    0xFC80, 0xFC80, 0xFAC0, 0xFA60, 0xFA40, 0xFA00, 0xF9E0, 0xF9E0, 0xB001, 0xB001, 0xB001, 0xE73C, 0xFF9E, 0xB000, 0xD1C0, 0xFC80,
    0xFE60, 0xFE60, 0xFE60, 0xFFC7, 0xFFC6, 0xFFCC, 0xFFC8, 0xFFC6, 0xFFC8, 0xFFC8, 0xFFEE, 0xFD60, 0xFD81, 0xFD80, 0xFFC8, 0xFFC8,
    0xFCA0, 0xFC80, 0xFC40, 0xFC40, 0xFC20, 0xF0E0, 0xF200, 0xFE80, 0xFE80, 0xFE80, 0xFC20, 0xFC20, 0xFC20, 0xA800, 0xD5F7, 0xFFFF,
    0xFFFF, 0xD69A, 0xFFDF, 0xD6BA, 0xCE7A, 0xFFFF, 0xD6BA, 0xFFFF, 0xD69A, 0xFFDF, 0xCE7A, 0xFFFF, 0xCE59, 0xEF5D, 0xF7BE, 0xDEDB,
    0xF7BF, 0xD6DB, 0xDF1C, 0xEF7D, 0xDEFC, 0xE71C, 0xE73C, 0xD6BA, 0xF79E, 0xD69A, 0xFFFF, 0xCE9A, 0xF7BE, 0xD69A, 0xEF7D, 0xFFFF,
    0xCE79, 0xFFDF, 0xCE59, 0xFFDF, 0xD6DA, 0xE73C, 0xA800, 0xA001, 0xA820, 0xB021, 0xC000, 0xE820, 0xF040, 0xF980, 0xF9C0, 0xF9A0,
    0xF9C0, 0xF9C0, 0xF9A0, 0xFA40, 0xFA40, 0xFA00, 0xF9E0, 0xF9E0, 0xFA81, 0xFA40, 0xFDC7, 0xFE6B, 0xFE6B, 0xFF55, 0xFF56, 0xFF55,
    0xFF56, 0xFF56, 0xFF55, 0xFF56, 0xFF56, 0xFE4A, 0xFE6A, 0xFE2A, 0xFD29, 0xFD09, 0xFC07, 0xFBA4, 0xFB83, 0xFB81, 0xFAA0, 0xFA00,
    0xFA20, 0xFA40, 0xFA40, 0xFA40, 0xFA40, 0xF0E0, 0xE0C0, 0xA001, 0xB841, 0xA041, 0xF77D, 0x9802, 0xB023, 0xFB60, 0xFBC0, 0xFC80,
    0xFE60, 0xFE60, 0xFE60, 0xFFEA, 0xFFEB, 0xFFF0, 0xFFEA, 0xFFC8, 0xFFC7, 0xFFC7, 0xFE23, 0xFD61, 0xFD80, 0xFFEC, 0xFEC6, 0xFDA0,
    0xFDE0, 0xFDE0, 0xFE80, 0xFC20, 0xFC20, 0xFEE0, 0xFEE0, 0xFC20, 0xFCA0, 0xFCA0, 0xFC20, 0xFAE0, 0xFAC0, 0xB000, 0xFFBF, 0xD6BB,
    0xCE9A, 0xFFFF, 0xCE7A, 0xF79E, 0xFFFF, 0xCE79, 0xFFFF, 0xCE9A, 0xFFDF, 0xC638, 0xFFFF, 0xCE59, 0xEF5D, 0xEF5D, 0xE73D, 0xDEDB,
    0xF7BE, 0xD6BA, 0xF7BE, 0xCE79, 0xFFFF, 0xD6DB, 0xD6BA, 0xFFFF, 0xD69A, 0xFFFF, 0xCE9A, 0xFFFF, 0xD69A, 0xFFDF, 0xDEDB, 0xD69A,
    0xFFDF, 0xCE99, 0xFFFF, 0xCE79, 0xFFFF, 0xD69A, 0x9822, 0xA802, 0xA801, 0xB001, 0xC000, 0xF020, 0xF020, 0xF9C0, 0xF9C0, 0xF9C0,
    0xF9C0, 0xF9C0, 0xF9C0, 0xFA40, 0xFA40, 0xFA40, 0xFA60, 0xFA40, 0xFA80, 0xFAA0, 0xFD01, 0xFDA3, 0xFDA4, 0xFF54, 0xFF55, 0xFF55,
    0xFF55, 0xFF55, 0xFF55, 0xFF55, 0xFF55, 0xFE49, 0xFE27, 0xFD42, 0xFB40, 0xFB40, 0xFA60, 0xFA60, 0xFA60, 0xFA80, 0xFA40, 0xFA20,
    0xFA20, 0xFA40, 0xFA60, 0xFA40, 0xFA40, 0xF8E0, 0xD880, 0xB002, 0xD6DC, 0xFFDF, 0xE71C, 0xA802, 0xA802, 0xFB60, 0xFC00, 0xFC80,
    0xFE60, 0xFE80, 0xFE80, 0xFFEB, 0xFFEB, 0xFFF1, 0xFFEA, 0xFFC8, 0xFFC7, 0xFFC6, 0xFD60, 0xFD80, 0xFD81, 0xFFEC, 0xFF07, 0xFDC0,
    0xFE00, 0xFDE0, 0xFE80, 0xFC20, 0xFC40, 0xFE80, 0xFEA0, 0xFC20, 0xFC20, 0xFC40, 0xFC20, 0xFAC0, 0xFAE0, 0xB000, 0xD576, 0xFFDF,
    0xEF9E, 0xD6BB, 0xF79E, 0xDEFB, 0xD69A, 0xF7BE, 0xCE79, 0xFFDF, 0xDEDB, 0xEF7D, 0xD6BB, 0xDEFB, 0xD6BA, 0xF7BE, 0xCE79, 0xFFDF,
    0xCE79, 0xFFFF, 0xC638, 0xFFDF, 0xD69A, 0xE73C, 0xF79E, 0xD69A, 0xFFFF, 0xD69A, 0xFFDF, 0xCE9A, 0xFFFF, 0xD6BA, 0xF79E, 0xF79E,
    0xCE7A, 0xFFFF, 0xD6BA, 0xFFDF, 0xCE79, 0xF7BF, 0xFFFF, 0xD6BA, 0xB001, 0xB001, 0xFA00, 0xFA00, 0xFA00, 0xFA20, 0xFA40, 0xFA80,
    0xFAC0, 0xFAC0, 0xFAE0, 0xFAC0, 0xFAE0, 0xFAE0, 0xFB00, 0xFB60, 0xFE47, 0xFE48, 0xFE48, 0xFE27, 0xFE48, 0xFE48, 0xFE48, 0xFE48,
    0xFE48, 0xFE48, 0xFE48, 0xFE69, 0xFE48, 0xFE49, 0xFE49, 0xFE49, 0xFE48, 0xFE69, 0xFE48, 0xFB40, 0xFB40, 0xFB40, 0xFB60, 0xFB80,
    0xFB80, 0xFB80, 0xFB20, 0xFB20, 0xFB20, 0xFB20, 0xFB40, 0xFB20, 0xB002, 0xB843, 0xDF1C, 0xA002, 0xA802, 0xFB80, 0xFBE0, 0xFC80,
    0xFE80, 0xFE80, 0xFFC8, 0xFFC8, 0xFFC8, 0xFFC8, 0xFFC8, 0xFFC8, 0xFFC8, 0xFFE8, 0xFD61, 0xFFEC, 0xFFEC, 0xFFEC, 0xFFEC, 0xFFEC,
    0xFFEC, 0xFFEC, 0xFFC8, 0xFDE0, 0xFE00, 0xFC00, 0xFC00, 0xFC20, 0xFC40, 0xFC40, 0xFC20, 0xF900, 0xF920, 0xB001, 0xF77D, 0xCE59,
    0xDEDB, 0xEF5D, 0xDEDB, 0xE73C, 0xF79E, 0xDEDB, 0xEF5D, 0xD6BA, 0xF79E, 0xDEDB, 0xE75D, 0xE73C, 0xE75D, 0xD69A, 0xF7BE, 0xD6BA,
    0xFFDF, 0xCE59, 0xFFFF, 0xCE59, 0xFFDF, 0xF7BE, 0xCE79, 0xFFFF, 0xCE7A, 0xFFDF, 0xCE9A, 0xFFFF, 0xD6BB, 0xF7BE, 0xCE79, 0xCE79,
    0xFFFF, 0xD6BA, 0xFFFF, 0xD69A, 0xFFFF, 0xD69A, 0xBBF0, 0xE554, 0xA800, 0xB000, 0xFA40, 0xFA80, 0xFA80, 0xFA80, 0xFAC0, 0xFB00,
    0xFAE0, 0xFAE0, 0xFB60, 0xFB60, 0xFB60, 0xFB00, 0xFB20, 0xFB40, 0xFE48, 0xFE48, 0xFE48, 0xFE28, 0xFE28, 0xFE48, 0xFE48, 0xFE48,
    0xFE48, 0xFE48, 0xFE48, 0xFE48, 0xFE48, 0xFE48, 0xFE48, 0xFE49, 0xFE49, 0xFE49, 0xFE49, 0xFB00, 0xFB40, 0xFB80, 0xFBA0, 0xFBA0,
    0xFBA0, 0xFBA0, 0xFB40, 0xFB40, 0xFB40, 0xFB40, 0xFB40, 0xFB40, 0xB000, 0xA820, 0xB0E5, 0xA802, 0xA002, 0xFB60, 0xFC00, 0xFCA0,
    0xFE80, 0xFE81, 0xFFC8, 0xFFE8, 0xFFC8, 0xFFE8, 0xFFC8, 0xFFC8, 0xFFC8, 0xFFC8, 0xFD60, 0xFFEC, 0xFFEC, 0xFFEC, 0xFFCC, 0xFFEC,
    0xFFEC, 0xFFCC, 0xFFE9, 0xFDE0, 0xFE20, 0xFC20, 0xFC20, 0xFC20, 0xFC40, 0xFC40, 0xFC60, 0xF900, 0xF100, 0xB000, 0xEEDB, 0xEF7E,
    0xCE9A, 0xFFFF, 0xCE79, 0xE73C, 0xFFFF, 0xD69A, 0xFFDF, 0xC659, 0xF7DF, 0xCE59, 0xFFFF, 0xD6BA, 0xCE7A, 0xFFFF, 0xD6BA, 0xFFFF,
    0xD69A, 0xFFDE, 0xD69A, 0xF7BE, 0xCE79, 0xD69A, 0xFFFF, 0xD69A, 0xFFFF, 0xCE7A, 0xFFFF, 0xCE9A, 0xFFFF, 0xCE79, 0xEF7D, 0xFFDF,
    0xD6BA, 0xFFDF, 0xCE59, 0xFFFF, 0xDEDB, 0xD6BA, 0xB021, 0xB801, 0xFB00, 0xFB00, 0xFBA0, 0xFBA0, 0xFAE0, 0xFAC0, 0xFB40, 0xFB60,
    0xFBC0, 0xFBE0, 0xFC60, 0xFC60, 0xFC60, 0xFC60, 0xFCE1, 0xFE6A, 0xFF76, 0xFF76, 0xFF76, 0xFF56, 0xFF76, 0xFF76, 0xFF76, 0xFF55,
    0xFF55, 0xFF56, 0xFF55, 0xFF76, 0xFF56, 0xFF55, 0xFF55, 0xFF55, 0xFF55, 0xFF55, 0xFF56, 0xFF76, 0xFF55, 0xFD20, 0xFD00, 0xFD20,
    0xFD20, 0xFD20, 0xFC00, 0xFC00, 0xFC00, 0xFD00, 0xFD00, 0xFD00, 0xFBA0, 0xFB80, 0xA802, 0x9803, 0xA003, 0xFB80, 0xFC60, 0xFDC0,
    0xFE80, 0xFE80, 0xFFEC, 0xFFC8, 0xFFC8, 0xFFC8, 0xFFC8, 0xFFE8, 0xFFC8, 0xFFC8, 0xFEA1, 0xFFCC, 0xFFEC, 0xFFCC, 0xFFEC, 0xFFEC,
    0xFFEC, 0xFFCC, 0xFE40, 0xFC60, 0xFC60, 0xFC20, 0xFC20, 0xFC20, 0xFE00, 0xFE20, 0xFA60, 0xB800, 0xB800, 0xF7DF, 0xCE7A, 0xFFFF,
    0xFFFF, 0xCE7A, 0xFFDF, 0xD6BB, 0xCE79, 0xFFFF, 0xD69A, 0xFFDF, 0xCE79, 0xFFDF, 0xC639, 0xD6BA, 0xF7BE, 0xDEDB, 0xFFFF, 0xCE79,
    0xFFDF, 0xCE9A, 0xFFFF, 0xDEDB, 0xEF7D, 0xF79E, 0xD6BA, 0xFFDF, 0xCE59, 0xFFFF, 0xD69A, 0xFFFF, 0xCE7A, 0xEF7D, 0xDEDB, 0xD69A,
    0xFFFF, 0xCE59, 0xFFFF, 0xCE59, 0xF7DF, 0xB001, 0xFA60, 0xFAA0, 0xFC00, 0xFC00, 0xFC00, 0xFBA0, 0xFA40, 0xFB60, 0xFBA0, 0xFC20,
    0xFD00, 0xFD00, 0xFD20, 0xFD20, 0xFD20, 0xFF11, 0xFF33, 0xFF76, 0xFF56, 0xFF56, 0xFFBB, 0xFFBB, 0xFFBB, 0xFFBB, 0xFFBB, 0xFFBB,
    0xFFBB, 0xFFBB, 0xFFBB, 0xFFBB, 0xFFBB, 0xFFBB, 0xFFBB, 0xFFBB, 0xFFBB, 0xFFBB, 0xFFBB, 0xFFBB, 0xFFBB, 0xFF76, 0xFE8A, 0xFDA1,
    0xFD81, 0xFD80, 0xFDA1, 0xFCC0, 0xFCC0, 0xFD81, 0xFD81, 0xFD80, 0xFDA1, 0xFDA0, 0xFBC0, 0x9803, 0xA802, 0xFAA0, 0xFB40, 0xFBE0,
    0xFE40, 0xFE41, 0xFFC9, 0xFE80, 0xFE80, 0xFFE8, 0xFFE8, 0xFFE8, 0xFFE8, 0xFFE8, 0xFFED, 0xFFCD, 0xFFED, 0xFFED, 0xFFCC, 0xFFCC,
    0xFDA0, 0xFDA0, 0xFBE0, 0xFC00, 0xFC20, 0xFC20, 0xFC80, 0xFDC0, 0xFB20, 0xFB20, 0xB000, 0xB9C6, 0xFFFF, 0xD6BA, 0xF7BE, 0xD69A,
    0xCE7A, 0xFFFF, 0xD6BA, 0xEF7D, 0xFFFF, 0xCE59, 0xFFFF, 0xD6BA, 0xFFFF, 0xCE9A, 0xF7BE, 0xEF5D, 0xCE59, 0xFFDF, 0xD69A, 0xFFDF,
    0xD69A, 0xFFFF, 0xCE79, 0xDEFB, 0xE71C, 0xD69A, 0xFFDF, 0xD69A, 0xFFFF, 0xCE7A, 0xFFDF, 0xCE7A, 0xFFDF, 0xCE79, 0xE73D, 0xEF7D,
    0xD69A, 0xE71C, 0xD6DB, 0xE638, 0xE6B9, 0xA801, 0xFAA0, 0xFAE0, 0xFC20, 0xFC00, 0xFC20, 0xFB80, 0xFB80, 0xFC80, 0xFCA0, 0xFC80,
    0xFD20, 0xFD20, 0xFD20, 0xFD40, 0xFD61, 0xFF33, 0xFF34, 0xFF77, 0xFF76, 0xFF77, 0xFFBB, 0xFFBB, 0xFFBB, 0xFFBB, 0xFFBB, 0xFFBB,
    0xFFBB, 0xFFBB, 0xFFBB, 0xFFBB, 0xFFBB, 0xFFBB, 0xFFBB, 0xFFBB, 0xFFBB, 0xFFBB, 0xFFBB, 0xFFBB, 0xFFBB, 0xFF56, 0xFECD, 0xFDC1,
    0xFDA0, 0xFDA1, 0xFDA0, 0xFCE0, 0xFCE0, 0xFD80, 0xFDA0, 0xFDA1, 0xFDA1, 0xFDA0, 0xFBC0, 0xA823, 0x9823, 0xFAA0, 0xFB40, 0xFC00,
    0xFE20, 0xFE40, 0xFFC8, 0xFEA1, 0xFE81, 0xFFC8, 0xFFE8, 0xFFE8, 0xFFC8, 0xFFE8, 0xFFED, 0xFFED, 0xFFCD, 0xFFED, 0xFFCD, 0xFFCC,
    0xFDA0, 0xFD80, 0xFC00, 0xFC00, 0xFC20, 0xFC20, 0xFC80, 0xFDA0, 0xFB00, 0xFB20, 0xA800, 0xCA49, 0xCE79, 0xFFDF, 0xCE59, 0xFFDF,
    0xFFFF, 0xCE7A, 0xFFFF, 0xE71C, 0xD69A, 0xFFFF, 0xCE99, 0xFFFF, 0xD6BA, 0xF7BE, 0xD69A, 0xD69A, 0xFFFF, 0xDEDB, 0xEF7D, 0xE73C,
    0xE71C, 0xE73C, 0xEF5D, 0xDEDB, 0xE73C, 0xDF1B, 0xCE79, 0xFFFF, 0xEF5D, 0xD6DB, 0xF7BE, 0xCE59, 0xFFFF, 0xD69A, 0xE71C, 0xFFDF,
    0xCE59, 0xFFFF, 0xCE59, 0xB021, 0xB800, 0xFB00, 0xFBE0, 0xFC00, 0xFC20, 0xFC00, 0xFC00, 0xFA00, 0xFA00, 0xFDA1, 0xFD81, 0xFD81,
    0xFD81, 0xFDA1, 0xFDA1, 0xFF56, 0xFF56, 0xFF56, 0xFF77, 0xFFBB, 0xFFBB, 0xFFBB, 0xFFBB, 0xFFBB, 0xFFBB, 0xFFBB, 0xFFBB, 0xFFBB,
    0xFFBB, 0xFFBB, 0xFFBB, 0xFFDB, 0xFFBB, 0xFFBB, 0xFFBB, 0xFFBB, 0xFFBB, 0xFFBB, 0xFFBB, 0xFFBB, 0xFFBB, 0xFFBB, 0xFF99, 0xFF56,
    0xFDC1, 0xFDA1, 0xFDA1, 0xFDA1, 0xFDA0, 0xFB60, 0xFC60, 0xFDA1, 0xFDA1, 0xFDA1, 0xFDA0, 0xFC00, 0xFC20, 0xA001, 0xB8E0, 0xFB40,
    0xFCC0, 0xFCA0, 0xFF42, 0xFFC7, 0xFFC8, 0xFE80, 0xFFC7, 0xFFC8, 0xFFE8, 0xFFE8, 0xFFC8, 0xFFED, 0xFFED, 0xFFED, 0xFE63, 0xFD80,
    0xFBE0, 0xFC00, 0xFC00, 0xFC20, 0xFC20, 0xFC20, 0xFC00, 0xFAC0, 0xB000, 0xB800, 0xFF9E, 0xE75D, 0xEF5D, 0xF7BE, 0xDEDB, 0xF7BE,
    0xCE79, 0xFFFF, 0xCE7A, 0xE71C, 0xFFFF, 0xD6BA, 0xFFBE, 0xCE79, 0xFFFF, 0xCE9A, 0xEF7D, 0xFFFF, 0xE75D, 0xD6BA, 0xFFFF, 0xCE9A,
    0xFFFF, 0xCE7A, 0xF7BE, 0xFFFF, 0xD69A, 0xFFFF, 0xEF5D, 0xD69A, 0xD6BA, 0xFFFF, 0xCE59, 0xFFFF, 0xCE9A, 0xFFDF, 0xD69A, 0xCE79,
    0xFFFF, 0xAA08, 0xB800, 0xF280, 0xFA80, 0xFC00, 0xFC00, 0xFC20, 0xFC20, 0xFC00, 0xFAA0, 0xFC40, 0xFC60, 0xFDA1, 0xFDA1, 0xFDA1,
    0xFD81, 0xFDA1, 0xFF75, 0xFF77, 0xFF76, 0xFFBB, 0xFFBB, 0xFFBB, 0xFFDB, 0xFFBB, 0xFFBB, 0x663C, 0x663C, 0x667C, 0x5E7C, 0x569B,
    0x56BB, 0x56DA, 0x4EFA, 0x4EF9, 0x5718, 0x6739, 0x6778, 0xD7BA, 0xF7BC, 0xFFBB, 0xFFBB, 0xFFBB, 0xFFBB, 0xFFBB, 0xFFBB, 0xFFBB,
    0xFF53, 0xFF54, 0xFDA1, 0xFDA1, 0xFDA0, 0xFCA0, 0xFD00, 0xFDA1, 0xFDA1, 0xFDA1, 0xFDA1, 0xFDA1, 0xFD80, 0xF2C0, 0xD1E0, 0xB061,
    0xFC80, 0xFC80, 0xFE00, 0xFFE9, 0xFFE8, 0xFFE8, 0xFFE8, 0xFFE8, 0xFE61, 0xFE60, 0xFEA1, 0xFE81, 0xFE82, 0xFE82, 0xFE40, 0xFE20,
    0xFF41, 0xFF42, 0xFF42, 0xFE40, 0xFE40, 0xFC00, 0xFC00, 0xFC00, 0xFBC0, 0xF3C0, 0xF160, 0xC30D, 0xCAEE, 0xD69A, 0xFFFF, 0xCE7A,
    0xFFFF, 0xD69A, 0xFFFF, 0xD69A, 0xCE7A, 0xFFFF, 0xCE7A, 0xFFFF, 0xD69A, 0xF79E, 0xE71C, 0xCE9A, 0xFFDF, 0xFFDF, 0xD6BA, 0xFFDF,
    0xD67A, 0xFFFF, 0xD6BA, 0xDEDB, 0xFFDF, 0xD6BA, 0xEF9D, 0xE73D, 0xF7BE, 0xCE79, 0xFFDF, 0xD69A, 0xFFDF, 0xD6BA, 0xFFFF, 0xF79E,
    0xD6BA, 0xCA07, 0xB000, 0xFAE0, 0xFAC0, 0xFC20, 0xFC00, 0xFC20, 0xFC20, 0xFC00, 0xFA60, 0xFC80, 0xFC80, 0xFDA1, 0xFDA1, 0xFDA1,
    0xFDA1, 0xFDA2, 0xFF56, 0xFF56, 0xFF57, 0xFFBB, 0xFFBB, 0xFFBB, 0xFFBB, 0xFFBB, 0xFFDB, 0x051E, 0x1D5E, 0x15BD, 0x0DFD, 0x0E1C,
    0x0E5B, 0x069B, 0x06BA, 0x06D9, 0x0718, 0x0717, 0x0756, 0x0756, 0x07B6, 0xA7B8, 0xFFBB, 0xFFBB, 0xFFBB, 0xFFBB, 0xFFBB, 0xFFBB,
    0xFF56, 0xFF55, 0xFDA1, 0xFDA0, 0xFDA0, 0xFCE0, 0xFD20, 0xFDA0, 0xFDA1, 0xFDA1, 0xFDA1, 0xFDA0, 0xFDA0, 0xFB20, 0xEA40, 0xA002,
    0xFC60, 0xFC80, 0xFE00, 0xFFC8, 0xFFC8, 0xFFE8, 0xFFC8, 0xFFC8, 0xFE20, 0xFE40, 0xFE40, 0xFE40, 0xFE40, 0xFE40, 0xFE40, 0xFE40,
    0xFF62, 0xFF62, 0xFF62, 0xFE40, 0xFE40, 0xFC20, 0xFC20, 0xFC20, 0xFC20, 0xFC00, 0xF100, 0xA802, 0xA823, 0xFFDF, 0xCE9A, 0xFFFF,
    0xCE7A, 0xFFFF, 0xCE7A, 0xEF5D, 0xFFFF, 0xCE59, 0xFFDF, 0xD69A, 0xFFDF, 0xCE7A, 0xEF7D, 0xFFDF, 0xCE9A, 0xDEDB, 0xFFFF, 0xD69A,
    0xFFDF, 0xCE79, 0xFFFF, 0xFFFF, 0xD69A, 0xFFFF, 0xCE79, 0xDEFB, 0xD6DA, 0xFFFF, 0xD69A, 0xFFDF, 0xD69A, 0xFFFF, 0xD69A, 0xDEDB,
    0xFFFF, 0xC1E6, 0xC820, 0xFB20, 0xFB60, 0xFC20, 0xFC20, 0xFC20, 0xFB40, 0xFB20, 0xD020, 0xFD81, 0xFDA1, 0xFD81, 0xFDA1, 0xFDA1,
    0xFDA1, 0xFDC2, 0xFF77, 0xFFBB, 0xFFBB, 0xFFBB, 0xFFBB, 0xFFBB, 0xFFDB, 0xFFDC, 0x349F, 0x2CBE, 0x251E, 0x1D5D, 0x159D, 0x15DD,
    0x0E1C, 0x0E5C, 0x067A, 0x06BA, 0x06D9, 0x0718, 0x0757, 0x0776, 0xB7F8, 0xFFDB, 0xFFBB, 0xFFBB, 0xFFBB, 0xFFBB, 0xFFBB, 0xFFBB,
    0xFFBB, 0xFFBC, 0xFDA0, 0xFDA1, 0xFDA1, 0xFDA1, 0xFC80, 0xFB00, 0xFDA0, 0xFDA1, 0xFDA1, 0xFDA1, 0xFDA0, 0xFC40, 0xDB00, 0xA802,
    0xFAA0, 0xFA40, 0xFE00, 0xFDE0, 0xFDE0, 0xFFE8, 0xFFE8, 0xFFC8, 0xFFC8, 0xFFC8, 0xFE40, 0xFE40, 0xFE40, 0xFE40, 0xFFA6, 0xFFC9,
    0xFFE9, 0xFFC8, 0xFFC6, 0xFCC0, 0xFD00, 0xFC20, 0xFC20, 0xFBE0, 0xF9E0, 0xFA21, 0xA802, 0xA802, 0xFFFF, 0xCE59, 0xFFFF, 0xD69A,
    0xEF5D, 0xDEFB, 0xE71C, 0xE71C, 0xE73C, 0xDEFB, 0xEF5D, 0xEF5D, 0xE73C, 0xE73C, 0xDEFB, 0xFFDF, 0xD6BB, 0xFFFF, 0xD69A, 0xFFFF,
    0xCE79, 0xFFFF, 0xCE79, 0xE73C, 0xE71C, 0xE71C, 0xE73C, 0xD69A, 0xFFFF, 0xCE79, 0xFFDF, 0xD6BA, 0xEF7E, 0xDEFB, 0xEF7D, 0xE73C,
    0xA002, 0xA800, 0xE140, 0xFBA0, 0xFBA0, 0xFC20, 0xFC20, 0xFC20, 0xFB00, 0xFAC0, 0xD8E0, 0xFDA1, 0xFDA1, 0xFDA1, 0xFDA1, 0xFDA1,
    0xFE47, 0xFE48, 0xFF78, 0xFFBB, 0xFFBB, 0xFFBB, 0xFFBB, 0xFFBB, 0xFFDB, 0x3BBF, 0x3C1F, 0x345E, 0x34BE, 0x24FE, 0x255D, 0x1D7D,
    0x15DC, 0x161C, 0x0E5B, 0x0E7A, 0x06BA, 0x06F9, 0x0718, 0xC7D8, 0xFFBB, 0xFFBB, 0xFFBB, 0xFFBB, 0xFFBB, 0xFFBB, 0xFFBB, 0xFFBB,
    0xFFBB, 0xFFBB, 0xFE69, 0xFDC1, 0xFDA1, 0xFDC1, 0xFC80, 0xFA60, 0xFD60, 0xFD81, 0xFDC1, 0xFDA1, 0xFDA1, 0xFCE0, 0xF400, 0xC940,
    0xE1A0, 0xE980, 0xFDE0, 0xFE00, 0xFE00, 0xFF86, 0xFFA7, 0xFFA7, 0xFFE8, 0xFFC8, 0xFF24, 0xFF03, 0xFEE3, 0xFEC1, 0xFFA8, 0xFFC9,
    0xFF66, 0xFF45, 0xFEC4, 0xFC80, 0xFCA0, 0xFC40, 0xFC20, 0xFB80, 0xE960, 0xE980, 0xA843, 0xB001, 0xD69A, 0xFFDF, 0xD6BA, 0xFFFF,
    0xF79E, 0xCE7A, 0xF7BE, 0xE73C, 0xD69A, 0xFFFF, 0xD69A, 0xF79E, 0xD69A, 0xEF5D, 0xEF7E, 0xD69A, 0xFFFF, 0xD6BA, 0xFFFF, 0xD69A,
    0xFFFF, 0xCE79, 0xFFDF, 0xD6BB, 0xFFDF, 0xD69A, 0xE73C, 0xF79E, 0xCE7A, 0xFFDE, 0xCE59, 0xFFDF, 0xFFDF, 0xCE79, 0xF7BE, 0xD6BA,
    0xA803, 0xA002, 0xFAE0, 0xFC20, 0xFC20, 0xFC20, 0xFC20, 0xFC20, 0xFA40, 0xFA60, 0xFB20, 0xFDA1, 0xFDA1, 0xFDA1, 0xFDA1, 0xFDA1,
    0xFF55, 0xFF55, 0xFFBB, 0xFFBB, 0xFFBB, 0xFFBB, 0xFFBB, 0xFFDB, 0xF79B, 0x53BF, 0x43DF, 0x441E, 0x347E, 0x2CDE, 0x251E, 0x1D5D,
    0x159D, 0x15FC, 0x0E1B, 0x0E5B, 0x069A, 0x06D9, 0x16B7, 0xFFBB, 0xFFBB, 0xFFBB, 0xFFBB, 0xFFBB, 0xFFBB, 0xFFBB, 0xFFBB, 0xFFBB,
    0xFFBB, 0xFFBB, 0xFF55, 0xFDC1, 0xFDC1, 0xFDC1, 0xFC40, 0xF0C0, 0xFC60, 0xFC80, 0xFDA1, 0xFDC1, 0xFDA1, 0xFDA0, 0xFD20, 0xFC00,
    0xA801, 0x9801, 0xFD60, 0xFE20, 0xFE40, 0xFE40, 0xFE20, 0xFE40, 0xFFE8, 0xFFC8, 0xFFE9, 0xFFE9, 0xFFC9, 0xFFEB, 0xFFCB, 0xFFEB,
    0xFDC0, 0xFDC0, 0xFC20, 0xFC20, 0xFC20, 0xFC40, 0xFBE0, 0xFA40, 0xA801, 0xA801, 0xD69A, 0xF79E, 0xFFFF, 0xD69A, 0xFFDF, 0xD6BB,
    0xD69A, 0xFFFF, 0xCE59, 0xEF5D, 0xFFFF, 0xD69A, 0xFFDF, 0xCE79, 0xFFFF, 0xE71C, 0xD69A, 0xF7BE, 0xD69A, 0xFFFF, 0xCE59, 0xEF7E,
    0xCE79, 0xFFDF, 0xD69A, 0xFFFF, 0xD6BA, 0xFFFF, 0xCE7A, 0xD69A, 0xFFFF, 0xD69A, 0xFFFF, 0xD6BA, 0xCE59, 0xFFDF, 0xA946, 0xA802,
    0xFA20, 0xFA40, 0xFC40, 0xFC20, 0xFC20, 0xFC20, 0xFC20, 0xFC20, 0xC040, 0xC040, 0xFCE0, 0xFD00, 0xFD20, 0xFD00, 0xFD61, 0xFDA1,
    0xFF55, 0xFF55, 0xFFBB, 0xFFBB, 0xFFBB, 0xFFBB, 0xFFBB, 0xFFDB, 0xFFBB, 0xFFBB, 0xFFBB, 0xFFBC, 0xFFBB, 0xFFBB, 0xFFBB, 0xFFBB,
    0xFFBB, 0xFFBB, 0xFFBB, 0xFFBB, 0xFFBB, 0xFFBB, 0xFFBB, 0xFFDB, 0xFFBB, 0xFFBB, 0xFFBB, 0xFFBB, 0xFFBB, 0xFFBB, 0xFFBB, 0xFFBB,
    0xFFBB, 0xFFBB, 0xFFBB, 0xFDC0, 0xFDC1, 0xFDA1, 0xFD60, 0xFCC0, 0xD020, 0xD060, 0xFD60, 0xFD60, 0xFD60, 0xFD20, 0xFD20, 0xFD00,
    0xD800, 0xE000, 0xA023, 0x9843, 0xA043, 0xFC20, 0xFB80, 0xFB20, 0xFE00, 0xFE00, 0xFE00, 0xFDE0, 0xFE00, 0xFE00, 0xFD20, 0xFC20,
    0xFC40, 0xFC40, 0xFC20, 0xFB20, 0xFB00, 0xF980, 0xF160, 0xB002, 0xFFFF, 0xD6DB, 0xFFFF, 0xDEFC, 0xCE7A, 0xEF9E, 0xDEDB, 0xF7BE,
    0xFFFF, 0xD6BA, 0xFFDF, 0xD6BA, 0xD69A, 0xF7BE, 0xCE79, 0xFFFF, 0xDEDB, 0xFFFF, 0xCE59, 0xFFDF, 0xCE79, 0xFFFF, 0xCE79, 0xEF7D,
    0xFFFF, 0xD6BA, 0xFFFF, 0xCE79, 0xFFFF, 0xD6BA, 0xEF7D, 0xF79E, 0xCE7A, 0xFFFF, 0xD6BA, 0xFFFF, 0xEF3D, 0xDEDB, 0xD30D, 0xA802,
    0xFA60, 0xFA60, 0xFC20, 0xFC40, 0xFC40, 0xFC20, 0xFC20, 0xFC20, 0xC020, 0xC820, 0xFD20, 0xFD00, 0xFD00, 0xFD00, 0xFD60, 0xFDA1,
    0xFF55, 0xFF56, 0xFFBB, 0xFFBB, 0xFFBB, 0xFFBB, 0xFFBB, 0xFFBB, 0xFFBB, 0xFFBB, 0xFFBB, 0x62FF, 0x5B5F, 0x4B9F, 0x43FF, 0x3C3E,
    0x349E, 0x2CDE, 0x251D, 0x1D5D, 0x159D, 0x15DC, 0x165D, 0xFFBA, 0xFFBB, 0xFFBB, 0xFFBB, 0xFFBB, 0xFFBB, 0xFFBB, 0xFFBB, 0xFFBB,
    0xFFBB, 0xFFBB, 0xFFDB, 0xFDC1, 0xFDC1, 0xFD80, 0xFD60, 0xFD00, 0xD020, 0xD020, 0xFD60, 0xFD60, 0xFD81, 0xFD40, 0xFD20, 0xFD20,
    0xE820, 0xE820, 0xA003, 0xA823, 0xA023, 0xFC00, 0xFB80, 0xFB00, 0xFE00, 0xFE00, 0xFDE0, 0xFDE0, 0xFDE0, 0xFDE0, 0xFCE0, 0xFC20,
    0xFC40, 0xFC20, 0xFC20, 0xFAE0, 0xFB20, 0xF980, 0xE0E0, 0xA002, 0xFFBE, 0xCE79, 0xFFFF, 0xCE59, 0xC638, 0xFFDF, 0xD69A, 0xFFFF,
    0xCE7A, 0xFFFF, 0xD69A, 0xFFFF, 0xF7BE, 0xE73C, 0xDEFC, 0xEF5D, 0xE71C, 0xCE59, 0xFFFF, 0xCE9A, 0xFFFF, 0xD69A, 0xFFFF, 0xD6DB,
    0xD69A, 0xFFFF, 0xD69A, 0xFFDF, 0xD6BA, 0xFFFF, 0xCE9A, 0xDEDB, 0xF7BE, 0xD6BB, 0xF7BE, 0xD6BA, 0xFFDF, 0xF7BE, 0xB0C3, 0xC001,
    0xFB60, 0xFB60, 0xFC40, 0xFC40, 0xFC40, 0xFB60, 0xFA80, 0xFA20, 0xC800, 0xC820, 0xFD00, 0xFD00, 0xFD00, 0xFD20, 0xFD61, 0xFD81,
    0xFF99, 0xFF99, 0xFFBB, 0xFFBB, 0xFFBB, 0xFFBB, 0xFFBB, 0xFFBB, 0xFFBB, 0xFFBB, 0x723F, 0x6A5F, 0x62FF, 0x5B3F, 0x4B9F, 0x43FF,
    0x3C3E, 0x349E, 0x2CBE, 0x24FD, 0x253D, 0x1D7D, 0x15BC, 0x0DFC, 0xFFBB, 0xFFBB, 0xFFBB, 0xFFBB, 0xFFBB, 0xFFBB, 0xFFBB, 0xFFBB,
    0xFFDB, 0xFFBB, 0xFFBB, 0xFD40, 0xFD40, 0xFD20, 0xFD20, 0xFD20, 0xC000, 0xC820, 0xFBA0, 0xFD40, 0xFD40, 0xFD40, 0xFD40, 0xFD40,
    0xFBE0, 0xFC40, 0xB001, 0xF7BE, 0xF7DE, 0xA803, 0xC021, 0xC000, 0xFBA0, 0xFBC0, 0xFBA0, 0xFBC0, 0xFBC0, 0xFBA0, 0xFB80, 0xFBA0,
    0xFBA0, 0xFB80, 0xFA40, 0xA800, 0xB000, 0xA801, 0xC042, 0xF79E, 0xD6DB, 0xF7BF, 0xC659, 0xFFFF, 0xFFDF, 0xCE9A, 0xFFFF, 0xCE59,
    0xCE79, 0xFFFF, 0xCE79, 0xDEDB, 0xFFFF, 0xD6DB, 0xFFFF, 0xD6BA, 0xDEDB, 0xFFFF, 0xC638, 0xFFFF, 0xCE79, 0xFFFF, 0xCE7A, 0xFFDF,
    0xFFFF, 0xCE59, 0xFFDF, 0xD6BB, 0xFFFF, 0xCE7A, 0xFFFF, 0xDEFB, 0xF7BE, 0xD69A, 0xFFFF, 0xCE59, 0xF79E, 0xA823, 0xF1A0, 0xFAC0,
    0xFC40, 0xFC40, 0xFC40, 0xFC40, 0xFC40, 0xFB40, 0xC060, 0xB800, 0xFE20, 0xFE00, 0xFD00, 0xFD00, 0xFD00, 0xFBE0, 0xFC80, 0xFDA1,
    0xFFBB, 0xFFBB, 0xFFBB, 0xFFBB, 0xFFBB, 0xFFBB, 0xFFBB, 0xFFBB, 0xFFBB, 0xFFBB, 0x821E, 0x7A5F, 0x6A9F, 0x62DF, 0x533F, 0x4B7F,
    0x43FF, 0x443E, 0x3C7E, 0x34BE, 0x2CFE, 0x2D3D, 0x1D7D, 0x159C, 0x05DC, 0xFFBB, 0xFFBB, 0xFFBB, 0xFFBB, 0xFFBB, 0xFFBB, 0xFFBB,
    0xFFBB, 0xFFDB, 0xFFDB, 0xFC60, 0xFC60, 0xFD40, 0xFD40, 0xFD40, 0xFD20, 0xFD00, 0xB000, 0xFC40, 0xFC40, 0xFD60, 0xFD60, 0xFD60,
    0xFD60, 0xFDC0, 0xFA40, 0x9024, 0xB045, 0xEF5D, 0xDF1C, 0xFFFF, 0xA002, 0xA022, 0xA021, 0xA001, 0xA001, 0xA001, 0xA001, 0xA021,
    0xA002, 0xA002, 0xA001, 0xBBCE, 0xC146, 0xA862, 0xC104, 0xD69A, 0xFFFF, 0xCE9A, 0xFFFF, 0xCE59, 0xCE79, 0xFFDF, 0xEF7D, 0xD6DB,
    0xFFFF, 0xCE79, 0xFFFF, 0xFFFF, 0xCE79, 0xFFFF, 0xD69A, 0xF7BE, 0xEF5D, 0xCE7A, 0xFFFF, 0xD67A, 0xFFFF, 0xCE79, 0xFFFF, 0xD69A,
    0xCE9A, 0xFFDF, 0xD69A, 0xFFFF, 0xD69A, 0xFFFF, 0xD69A, 0xFFDF, 0xDEDB, 0xFFBE, 0xD6BA, 0xFFDE, 0xDEBA, 0xB003, 0xE180, 0xFAC0,
    0xFC40, 0xFC40, 0xFC40, 0xFC40, 0xFC40, 0xFB60, 0xC840, 0xB800, 0xFDA0, 0xFDA0, 0xFD00, 0xFD00, 0xFD20, 0xFBE0, 0xFCA0, 0xFDA1,
    0xFFBB, 0xFFBB, 0xFFBB, 0xFFBB, 0xFFBB, 0xFFBB, 0xFFBB, 0xFFBB, 0xFFBB, 0xFFDB, 0xFFBB, 0x8A3F, 0x7A9F, 0x6A9F, 0x631F, 0x5B3F,
    0x539F, 0x4BDF, 0x443E, 0x3C7E, 0x34BE, 0x34FD, 0x253D, 0x1D7C, 0x1DDD, 0xFFBB, 0xFFBB, 0xFFBB, 0xFFBB, 0xFFBB, 0xFFBB, 0xFFBB,
    0xFFBB, 0xFFBB, 0xFFBB, 0xFC60, 0xFC60, 0xFD40, 0xFD40, 0xFD40, 0xFCC0, 0xFCA0, 0xB800, 0xFC40, 0xFC40, 0xFD60, 0xFD60, 0xFD60,
    0xFD40, 0xFDA0, 0xFA40, 0xA803, 0xA003, 0xCE9A, 0xFFDF, 0xD6BB, 0xA803, 0xA803, 0xA802, 0xA002, 0xA002, 0xA802, 0xA802, 0xA802,
    0xA802, 0xA802, 0xA802, 0xFFFF, 0xCE7A, 0xFFFF, 0xF7BE, 0xF79E, 0xCE59, 0xFFFF, 0xD69A, 0xFFDF, 0xFFFF, 0xCE7A, 0xE71C, 0xF7BE,
    0xD69A, 0xFFFF, 0xFFDF, 0xD69A, 0xFFDF, 0xCE79, 0xFFFF, 0xD6BA, 0xDEDB, 0xFFFF, 0xCE59, 0xFFDF, 0xCE79, 0xFFDF, 0xCE59, 0xF7BE,
    0xFFDF, 0xD69A, 0xFFDF, 0xCE79, 0xFFFF, 0xD6BB, 0xFFDF, 0xD6BA, 0xFFFF, 0xD6BA, 0xFFDF, 0xCE7A, 0xFFDF, 0xC801, 0xF1A0, 0xFAC0,
    0xFBA0, 0xFBA0, 0xFBA0, 0xFBA0, 0xFBA0, 0xFA00, 0xB800, 0xC000, 0xFD20, 0xFD00, 0xFD00, 0xFD20, 0xFD00, 0xFBE0, 0xFCE0, 0xFDA1,
    0xFF57, 0xFF57, 0xFFBB, 0xFFBB, 0xFFBB, 0xFFDB, 0xFFBB, 0xFFBB, 0xFFBB, 0xFFBB, 0xFFBB, 0xFFBB, 0xFFBB, 0xFFBC, 0xFFBC, 0xFFBC,
    0xFFBC, 0xFFBB, 0xFFBC, 0xFFBB, 0xFFBB, 0xFFBB, 0xFFBB, 0xFFBB, 0xFFBB, 0xFFBB, 0xFFBB, 0xFFBB, 0xFFBB, 0xFFBB, 0xFFBB, 0xFFBB,
    0xFFBB, 0xFFBB, 0xFF56, 0xFC81, 0xFC60, 0xFD40, 0xFD40, 0xFD40, 0xFC80, 0xFC80, 0xB800, 0xFAE0, 0xFAE0, 0xFBC0, 0xFBA0, 0xFBC0,
    0xFCE0, 0xFD00, 0xFA80, 0x9803, 0xA803, 0xFFFF, 0xCE9A, 0xFFFF, 0xD69A, 0xF79E, 0xFFFF, 0xCE9A, 0xFFFF, 0xD6BB, 0xFFFF, 0xCE7A,
    0xFFDF, 0xD6BB, 0xFFFF, 0xD69A, 0xFFDF, 0xCE79, 0xFFFF, 0xE71C, 0xDEDB, 0xDEDB, 0xFFDF, 0xCE7A, 0xCE7A, 0xFFFF, 0xD69A, 0xFFFF,
    0xD69A, 0xFFDF, 0xC638, 0xFFFF, 0xCE59, 0xFFDF, 0xCE79, 0xFFFF, 0xF7BE, 0xCE79, 0xFFFF, 0xD69A, 0xFFFF, 0xCE79, 0xFFFF, 0xD6BA,
    0xCE9A, 0xFFFF, 0xD6BA, 0xFFFF, 0xD6BA, 0xFFDF, 0xD69A, 0xDEFB, 0xD6BB, 0xFFFF, 0xDEDB, 0xFFFF, 0xDEDB, 0xD000, 0xF9C0, 0xFAC0,
    0xFBA0, 0xFBA0, 0xFBA0, 0xFBA0, 0xFBA0, 0xFA20, 0xC000, 0xC000, 0xFD60, 0xFD80, 0xFD40, 0xFD40, 0xFD20, 0xFBE0, 0xFCE0, 0xFDA1,
    0xFF56, 0xFF77, 0xFFBB, 0xFFBB, 0xFFBB, 0xFFBB, 0xFFBB, 0xFFBB, 0xFFBB, 0xFFDB, 0xFFBB, 0x919F, 0x89DF, 0x821F, 0x7A5F, 0x727F,
    0x6ABF, 0x62FF, 0x5B3F, 0x539F, 0x4BDF, 0x43FF, 0x3C5F, 0x3C9E, 0x2CDE, 0x8E5D, 0xFFBB, 0xFFBB, 0xFFBB, 0xFFBB, 0xFFBB, 0xFFBB,
    0xFFBB, 0xFFBB, 0xFF56, 0xFCA1, 0xFC60, 0xFD40, 0xFD80, 0xFD60, 0xFCA0, 0xFC80, 0xB800, 0xFB20, 0xFAE0, 0xFBE0, 0xFBC0, 0xFBC0,
    0xFCE0, 0xFD20, 0xFA80, 0xA003, 0xA804, 0xEF5D, 0xD6BA, 0xFFFF, 0xCE9A, 0xEF7D, 0xD69A, 0xFFFF, 0xD69A, 0xFFDF, 0xC639, 0xF79E,
    0xE73C, 0xFFDF, 0xC639, 0xFFFF, 0xD6BA, 0xFFFF, 0xC639, 0xDEDB, 0xFFFF, 0xCE7A, 0xFFDF, 0xD6BB, 0xFFFF, 0xCE59, 0xFFFF, 0xD69A,
    0xD69A, 0xFFDF, 0xC639, 0xFFDF, 0xD69A, 0xFFFF, 0xCE79, 0xEF7D, 0xF79E, 0xDEDB, 0xEF7D, 0xDEFB, 0xEF5D, 0xDEDB, 0xEF5D, 0xDEFB,
    0xF7BE, 0xCE7A, 0xFFDF, 0xD6DB, 0xFFFF, 0xD69A, 0xFFFF, 0xE73D, 0xCE59, 0xF7BE, 0xD6DB, 0xFFDF, 0xE73C, 0xA004, 0xF160, 0xF9C0,
    0xFB40, 0xFB60, 0xFA80, 0xF9C0, 0xFA00, 0xC000, 0xC000, 0xC000, 0xF080, 0xE880, 0xF9C0, 0xFA60, 0xFA80, 0xFBE0, 0xFCC0, 0xFDA0,
    0xFF77, 0xFF76, 0xFFBB, 0xFFBB, 0xFFBB, 0xFFBB, 0xFFBB, 0xFFBB, 0xFFBB, 0xFFBB, 0x913F, 0x919F, 0x89BF, 0x89DF, 0x7A1F, 0x7A5F,
    0x727F, 0x6ABF, 0x62FF, 0x5B3F, 0x537F, 0x4BBF, 0x4C1F, 0x445E, 0xF79C, 0xFFBB, 0xFFBB, 0xFFBB, 0xFFBB, 0xFFBB, 0xFFBB, 0xFFBB,
    0xFFBB, 0xFFBC, 0xFF56, 0xFC80, 0xFC80, 0xFB80, 0xFB00, 0xFA60, 0xF0A0, 0xF8C0, 0xC000, 0xC000, 0xC000, 0xF8E0, 0xF9A0, 0xFA60,
    0xFBC0, 0xFBE0, 0xF920, 0x9004, 0xA024, 0xFFFF, 0xCE59, 0xFFFF, 0xDEDB, 0xC638, 0xFFFF, 0xD69A, 0xFFDF, 0xCE79, 0xF7BE, 0xDEFB,
    0xEF9E, 0xD6BA, 0xFFFF, 0xD69A, 0xFFDF, 0xCE59, 0xFFFF, 0xE71C, 0xD69A, 0xFFDF, 0xCE7A, 0xFFFF, 0xD6BA, 0xF7BE, 0xD69A, 0xF7BE,
    0xFFFF, 0xC659, 0xFFFF, 0xCE7A, 0xFFFF, 0xD69A, 0xFFFF, 0xCE79, 0xD6DB, 0xFFFF, 0xD69A, 0xFFDF, 0xCE7A, 0xFFDF, 0xD69A, 0xFFFF,
    0xDEFB, 0xEF7D, 0xCE9A, 0xFFFF, 0xCE59, 0xFFFF, 0xCE79, 0xF7BE, 0xFFDF, 0xD69A, 0xFFDF, 0xCE9A, 0xFFFF, 0x9024, 0xD041, 0xE860,
    0xFAC0, 0xFAA0, 0xC000, 0xFD60, 0xFD40, 0xFFC5, 0xFFC5, 0xFFC4, 0xFFC4, 0xFFC4, 0xFDA0, 0xFCE0, 0xFCC0, 0xD820, 0xD020, 0xD840,
    0xFE69, 0xFE6A, 0xFFBB, 0xFFBB, 0xFFBB, 0xFFBB, 0xFFBB, 0xFFDB, 0xFFDB, 0x997F, 0x997F, 0x917F, 0x91BF, 0x89DF, 0x81FF, 0x821F,
    0x7A5F, 0x729F, 0x6ADF, 0x62FF, 0x5B5F, 0x5B7F, 0x53BF, 0xFFDB, 0xFFBB, 0xFFBB, 0xFFBB, 0xFFBB, 0xFFBB, 0xFFBB, 0xFFBB, 0xFFBB,
    0xFF56, 0xFF77, 0xF340, 0xD820, 0xD020, 0xFD20, 0xFD60, 0xFDE0, 0xFFC5, 0xFFC4, 0xFFC5, 0xFFC5, 0xFFC5, 0xFD20, 0xDBA0, 0xB000,
    0xFB00, 0xFB60, 0x9803, 0xEF1B, 0xF7DF, 0xD69A, 0xFFFF, 0xCE79, 0xDEFB, 0xFFFF, 0xD69A, 0xFFDF, 0xCE79, 0xFFFF, 0xD6BA, 0xFFDF,
    0xD69A, 0xFFFF, 0xD69A, 0xF7BE, 0xCE79, 0xF79E, 0xD6BA, 0xE71C, 0xFFDF, 0xCE7A, 0xFFFF, 0xCE79, 0xFFDF, 0xCE79, 0xFFFF, 0xCE79,
    0xCE9A, 0xFFFF, 0xCE59, 0xE75D, 0xD6BA, 0xFFFF, 0xCE7A, 0xE73C, 0xF7BE, 0xD67A, 0xFFDF, 0xCE9A, 0xFFFF, 0xCE7A, 0xFFDF, 0xD69A,
    0xD6DB, 0xCE59, 0xFFFF, 0xD69A, 0xFFFF, 0xD69A, 0xFFDF, 0xCE79, 0xDEDB, 0xFFFF, 0xCE7A, 0xFFFF, 0xD6BA, 0x9845, 0xD041, 0xF060,
    0xFA80, 0xFAC0, 0xB820, 0xFD60, 0xFD60, 0xFFC4, 0xFFC4, 0xFFC4, 0xFFC4, 0xFFA3, 0xFDC0, 0xFD00, 0xFD00, 0xD020, 0xD820, 0xD820,
    0xFE48, 0xFE6B, 0xFFBB, 0xFFBB, 0xFFBB, 0xFFBB, 0xFFBB, 0xFFBB, 0xFFBB, 0x98DF, 0x991F, 0x911F, 0x913F, 0x917F, 0x899F, 0x81DF,
    0x79FF, 0x7A5F, 0x729F, 0x6ADF, 0x631F, 0x5B3F, 0x53DE, 0xFFBB, 0xFFDB, 0xFFBB, 0xFFBB, 0xFFBB, 0xFFBB, 0xFFBB, 0xFFBB, 0xFFBB,
    0xFF54, 0xFF55, 0xFB81, 0xC820, 0xC820, 0xFD40, 0xFD80, 0xFDE0, 0xFFC4, 0xFFC4, 0xFFC5, 0xFFC5, 0xFFC5, 0xFD40, 0xE3E0, 0xB821,
    0xFB00, 0xFB20, 0xA003, 0xF79E, 0xD6BB, 0xFFFF, 0xD69A, 0xFFFF, 0xE71C, 0xD69A, 0xFFFF, 0xCE59, 0xFFFF, 0xCE79, 0xFFFF, 0xD6BA,
    0xE73C, 0xD69A, 0xF7BE, 0xD6BA, 0xEF7D, 0xDF1C, 0xE73C, 0xDF1C, 0xC618, 0xFFFF, 0xCE79, 0xFFFF, 0xCE79, 0xFFFF, 0xCE7A, 0xFFFF,
    0xFFFF, 0xCE7A, 0xFFDF, 0xCE59, 0xFFFF, 0xD69A, 0xFFFF, 0xDEFB, 0xCE79, 0xFFFF, 0xD6BA, 0xFFFF, 0xCE7A, 0xFFFF, 0xCE9A, 0xF79E,
    0xEF5D, 0xFFDF, 0xCE79, 0xFFDF, 0xD6BA, 0xEF5D, 0xD69A, 0xFFFF, 0xF79E, 0xCE59, 0xFFFF, 0xCE79, 0xFFDE, 0xD6BA, 0x9947, 0x9804,
    0xC000, 0xB820, 0xFE20, 0xFDE0, 0xFE00, 0xFD20, 0xFD20, 0xFD20, 0xFDA0, 0xFDA0, 0xFE20, 0xFE20, 0xFE00, 0xFD20, 0xEB40, 0xD000,
    0xD000, 0xC061, 0xFF56, 0xFFBB, 0xFFBB, 0xFFBB, 0xFFBB, 0xFFBB, 0xFFBB, 0xFFBB, 0xFFBB, 0xFFBB, 0xFFBB, 0xFFDB, 0xFFBB, 0xFFBB,
    0xFFBB, 0xFFBB, 0xFFDB, 0xFFBB, 0xFFBB, 0xFFBB, 0xFFBB, 0xFFBB, 0xFFBB, 0xFFBB, 0xFFBB, 0xFFBB, 0xFFBB, 0xFFBB, 0xFF99, 0xFF76,
    0xFE07, 0xFE06, 0xC800, 0xFE20, 0xFE00, 0xFDE0, 0xFE00, 0xFE00, 0xFD40, 0xFD20, 0xFD20, 0xFD40, 0xFD40, 0xFE00, 0xFE20, 0xFE00,
    0x9802, 0x9003, 0xEF5D, 0xCE7A, 0xFFDF, 0xD69A, 0xFFDF, 0xCE79, 0xE75D, 0xF7BE, 0xD69A, 0xFFDF, 0xCE59, 0xFFFF, 0xD6DB, 0xFFFF,
    0xEF7D, 0xCE79, 0xFFDF, 0xD69A, 0xFFFF, 0xCE7A, 0xFFFF, 0xDF1C, 0xD6BA, 0xE71C, 0xFFDF, 0xCE59, 0xFFFF, 0xC638, 0xFFFF, 0xCE79,
    0xD69A, 0xFFFF, 0xD6BA, 0xFFFF, 0xC618, 0xFFFF, 0xD6BA, 0xCE59, 0xFFFF, 0xDEDB, 0xFFFF, 0xCE79, 0xFFFF, 0xCE59, 0xFFDF, 0xD69A,
    0xCE79, 0xFFFF, 0xD6DB, 0xFFDF, 0xCE79, 0xFFDF, 0xCE59, 0xE71C, 0xFFDF, 0xD69A, 0xF7BE, 0xD69A, 0xF7BE, 0xE73D, 0xB9A8, 0x9804,
    0xF500, 0xFD40, 0xFE20, 0xFCE0, 0xFCC0, 0xFBE3, 0xFBE3, 0xFBC3, 0xFC03, 0xFC04, 0xFE20, 0xFE20, 0xFE20, 0xFE00, 0xFDC0, 0xFC80,
    0xC000, 0xC840, 0xFE29, 0xFF77, 0xFF78, 0xFF77, 0xFF99, 0xFFBB, 0xFFBB, 0xFFBB, 0xFFBB, 0xFFBB, 0xFFBB, 0xFFDB, 0xFFBB, 0xFFBB,
    0xFFBB, 0xFFBB, 0xFFBB, 0xFFBB, 0xFFBB, 0xFFBB, 0xFFBB, 0xFFDB, 0xFFBB, 0xFFBB, 0xFFBB, 0xFF77, 0xFF77, 0xFF78, 0xFF14, 0xFE6C,
    0xC060, 0xD040, 0xFD80, 0xFE00, 0xFE00, 0xFE00, 0xFDC0, 0xFD40, 0xFBE3, 0xFBE3, 0xFBE3, 0xFBE3, 0xFBE3, 0xFCA0, 0xFD60, 0xFE00,
    0xEC81, 0xFCE0, 0xA085, 0xF7DF, 0xDEDB, 0xFFFF, 0xD6BA, 0xFFFF, 0xE73C, 0xCE7A, 0xF7BE, 0xCE79, 0xFFFF, 0xCE79, 0xFFFF, 0xCE59,
    0xCE79, 0xFFDF, 0xD6BA, 0xFFFF, 0xD69A, 0xFFFF, 0xCE79, 0xEF7D, 0xFFFF, 0xCE7A, 0xFFFF, 0xD6BA, 0xDEFC, 0xDEFB, 0xDEFB, 0xEF9E,
    0xFFDF, 0xD69A, 0xFFFF, 0xCE59, 0xFFFF, 0xCE79, 0xDEDB, 0xFFDF, 0xCE79, 0xFFFF, 0xCE9A, 0xFFFF, 0xCE79, 0xFFFF, 0xC639, 0xF7BE,
    0xFFDF, 0xD6BA, 0xFFFF, 0xCE79, 0xFFDF, 0xD69A, 0xFFFF, 0xF79E, 0xD69A, 0xFFFF, 0xD69A, 0xFFDF, 0xD69A, 0xDEFC, 0xCAED, 0xA004,
    0xFD60, 0xFD40, 0xFE20, 0xFC60, 0xFC80, 0xFBA4, 0xFBA4, 0xFBA4, 0xFBA4, 0xFBA4, 0xFE20, 0xFE20, 0xFE40, 0xFE40, 0xFD60, 0xFCA0,
    0xC000, 0xC040, 0xFE49, 0xFF56, 0xFF77, 0xFF77, 0xFF78, 0xFFBB, 0xFFBB, 0xFFBB, 0xFFBB, 0xFFBB, 0xFFBB, 0xFFBB, 0xFFBB, 0xFFBB,
    0xFFBB, 0xFFBB, 0xFFBB, 0xFFBB, 0xFFBB, 0xFFBB, 0xFFBB, 0xFFBB, 0xFFBB, 0xFFBB, 0xFFBB, 0xFF77, 0xFF77, 0xFF76, 0xFEF0, 0xFE6A,
    0xD020, 0xC020, 0xFD80, 0xFDE0, 0xFE00, 0xFE00, 0xFDC0, 0xFD20, 0xFBA4, 0xFBA4, 0xFBA4, 0xFBA4, 0xFBA4, 0xFC60, 0xFD00, 0xFE20,
    0xFD60, 0xFDE0, 0x9804, 0xFFFF, 0xCE39, 0xD6BA, 0xFFFF, 0xD69A, 0xDF1C, 0xF7BE, 0xD6BA, 0xFFDF, 0xCE79, 0xFFFF, 0xCE59, 0xFFDF,
    0xF79E, 0xCE7A, 0xFFFF, 0xCE7A, 0xFFFF, 0xCE79, 0xFFFF, 0xE71C, 0xCE59, 0xFFDF, 0xCE7A, 0xF7BE, 0xD69A, 0xD69A, 0xF79E, 0xD6BA,
    0xCE9A, 0xFFFF, 0xCE7A, 0xFFDF, 0xCE9A, 0xFFDF, 0xE73C, 0xCE9A, 0xFFDF, 0xCE79, 0xFFFF, 0xCE7A, 0xFFFF, 0xD69A, 0xFFFF, 0xD69A,
    0xCE59, 0xFFFF, 0xCE79, 0xFFDF, 0xD6BA, 0xFFFF, 0xCE79, 0xD69A, 0xFFFF, 0xCE59, 0xFFFF, 0xCE79, 0xF7BE, 0x9805, 0xEA21, 0xFB00,
    0xFD20, 0xFD40, 0xFB84, 0xFAE1, 0xFAC1, 0xFB84, 0xFBA4, 0xFBA4, 0xFBA4, 0xFBA4, 0xFAE1, 0xFE40, 0xFE40, 0xFE20, 0xFD80, 0xFC80,
    0xFB40, 0xFB20, 0xE040, 0xFE49, 0xFE28, 0xFF77, 0xFF77, 0xFF77, 0xFF77, 0xFF77, 0xFFBB, 0xFFBB, 0xFFBB, 0xFFBB, 0xFFBB, 0xFFBB,
    0xFFBB, 0xFFBB, 0xFFBB, 0xFFBB, 0xFFBB, 0xFFBB, 0xFFBB, 0xFFBB, 0xFFBB, 0xFFBB, 0xFF76, 0xFF56, 0xFF56, 0xFE48, 0xFBE4, 0xF960,
    0xFBA0, 0xFBC0, 0xFCE0, 0xFE00, 0xFE00, 0xFE00, 0xFD00, 0xFAE1, 0xFBA4, 0xFBA4, 0xFBA4, 0xFBA4, 0xFBA4, 0xFAE1, 0xFB22, 0xFBA4,
    0xFDC0, 0xFDE0, 0xFAA0, 0x9804, 0xA004, 0xE71C, 0xC618, 0xF7BE, 0xEF7D, 0xBDF8, 0xFFFF, 0xCE79, 0xFFFF, 0xCE59, 0xFFDF, 0xCE79,
    0xDEDB, 0xFFFF, 0xCE9A, 0xFFFF, 0xCE7A, 0xFFFF, 0xCE79, 0xE71C, 0xFFFF, 0xD69A, 0xFFFF, 0xCE7A, 0xEF7E, 0xD6BA, 0xEF7E, 0xD6BB,
    0xFFFF, 0xD6BA, 0xFFDF, 0xD67A, 0xEF5D, 0xE71C, 0xCE59, 0xFFFF, 0xD69A, 0xFFDF, 0xD69A, 0xFFDF, 0xCE9A, 0xFFFF, 0xCE59, 0xF79E,
    0xFFFF, 0xCE79, 0xFFFF, 0xCE7A, 0xFFFF, 0xD69A, 0xF7BF, 0xF7BE, 0xD69A, 0xFFFF, 0xD69A, 0xFFDF, 0xD6BA, 0xA005, 0xF280, 0xFB20,
    0xFD20, 0xFD20, 0xFBA4, 0xFAE1, 0xFAE1, 0xFB84, 0xFBA4, 0xFBA4, 0xFBA4, 0xFBA5, 0xFAE1, 0xFE60, 0xFE40, 0xFE40, 0xFD80, 0xFCA0,
    0xFB40, 0xFB20, 0xE040, 0xFE48, 0xFE27, 0xFF55, 0xFF56, 0xFF77, 0xFF77, 0xFF77, 0xFFBB, 0xFFBB, 0xFFBB, 0xFFBB, 0xFFBB, 0xFFBB,
    0xFFBB, 0xFFBB, 0xFFBB, 0xFFBB, 0xFFBB, 0xFFBB, 0xFFBB, 0xFFBB, 0xFFBB, 0xFFBB, 0xFF77, 0xFF77, 0xFF55, 0xFE49, 0xFB63, 0xF980,
    0xFBC0, 0xFBE0, 0xFCE0, 0xFE00, 0xFE00, 0xFDE0, 0xFCC0, 0xFB01, 0xFBA4, 0xFBA4, 0xFBA4, 0xFBA4, 0xFBA4, 0xFAE2, 0xFB43, 0xFBA4,
    0xFDC0, 0xFE00, 0xFAC0, 0x9804, 0xA004, 0xD6BA, 0xF79E, 0xCE59, 0xD69A, 0xFFFF, 0xC638, 0xFFFF, 0xCE7A, 0xFFDF, 0xC639, 0xFFFF,
    0xEF9D, 0xCE59, 0xFFFF, 0xD69A, 0xFFFF, 0xCE59, 0xFFFF, 0xE73C, 0xCE59, 0xFFFF, 0xC638, 0xF7BE, 0xD6DB, 0xE73C, 0xD6DB, 0xF7BE,
    0xE73C, 0xDEDB, 0xCE79, 0xFFFF, 0xE71C, 0xDEDB, 0xF79E, 0xD6BB, 0xFFFF, 0xCE59, 0xFFDF, 0xD69A, 0xFFFF, 0xCE79, 0xFFDF, 0xDEFB,
    0xCE7A, 0xFFDE, 0xD69A, 0xFFFF, 0xD69A, 0xFFFF, 0xCE79, 0xD69A, 0xF7BE, 0xCE79, 0xFFFF, 0xCE79, 0xF79E, 0x9804, 0xF2A1, 0xFB20,
    0xFBA4, 0xFBA4, 0xFBA4, 0xFBA4, 0xFBA4, 0xFAE1, 0xFBA4, 0xFBA4, 0xFBC4, 0xFBA4, 0xFBA4, 0xFAC1, 0xFAE1, 0xFE40, 0xFD80, 0xFCA0,
    0xFB60, 0xFB40, 0xF100, 0xFBC0, 0xFC00, 0xFE69, 0xFE8B, 0xFF11, 0xFF56, 0xFF77, 0xFF76, 0xFF76, 0xFF77, 0xFFBB, 0xFFBB, 0xFFBB,
    0xFFBB, 0xFFBB, 0xFFBB, 0xFFBB, 0xFFBB, 0xFF56, 0xFF56, 0xFF56, 0xFF76, 0xFF56, 0xFF56, 0xFE49, 0xFE8A, 0xFD02, 0xFB40, 0xF980,
    0xFBE0, 0xFBE0, 0xFCE0, 0xFE00, 0xFE00, 0xFAA1, 0xFB22, 0xFBA4, 0xFBA4, 0xFBA4, 0xFBA4, 0xFAE1, 0xFAE1, 0xFBA4, 0xFBC4, 0xFBA4,
    0xFBC4, 0xFBC4, 0xFAE0, 0x9004, 0x9804, 0xD6BB, 0xD69A, 0xF7BE, 0xD69A, 0xE73D, 0xF79E, 0xCE7A, 0xE73C, 0xEF7D, 0xEF7D, 0xD6BA,
    0xDEDB, 0xE75D, 0xDEFB, 0xEF7D, 0xDEDB, 0xF7BE, 0xCE79, 0xDEFB, 0xFFFF, 0xD6DB, 0xEF5D, 0xD69A, 0xFFFF, 0xCE79, 0xFFFF, 0xCE7A,
    0xCE79, 0xFFFF, 0xCE79, 0xEF7D, 0xFFDF, 0xCE79, 0xFFFF, 0xC638, 0xFFFF, 0xDEDB, 0xFFFF, 0xFFDF, 0xCE79, 0xFFFF, 0xC659, 0xF79E,
    0xFFFF, 0xD69A, 0xFFDF, 0xCE9A, 0xFFFF, 0xFFDF, 0xEF5D, 0xCE59, 0xFFFF, 0xCE79, 0xFFFF, 0xCE59, 0xFFFF, 0xA004, 0xEA01, 0xFAA0,
    0xFBC4, 0xFBA4, 0xFBC4, 0xFBC4, 0xFBA4, 0xFBA4, 0xFBA4, 0xFBA4, 0xFBC4, 0xFBC4, 0xFBC4, 0xFAE1, 0xFAE1, 0xFD20, 0xFCA0, 0xFC00,
    0xFB60, 0xFB40, 0xD000, 0xFA40, 0xFA80, 0xFD64, 0xFDA4, 0xFE69, 0xFE8B, 0xFE6A, 0xFE8B, 0xFF56, 0xFF56, 0xFF56, 0xFF56, 0xFF56,
    0xFF56, 0xFF56, 0xFF56, 0xFF56, 0xFF56, 0xFF56, 0xFF33, 0xFE6B, 0xFE8B, 0xFE8B, 0xFE8B, 0xFD84, 0xFDC5, 0xFB40, 0xE181, 0xC802,
    0xFBE0, 0xFBE0, 0xFD00, 0xFC60, 0xFC60, 0xFAC1, 0xFB22, 0xFBA4, 0xFBA4, 0xFBA4, 0xFBA4, 0xFBA4, 0xFBA4, 0xFBC4, 0xFBC4, 0xFBC4,
    0xFBC4, 0xFBC5, 0xFA80, 0x9004, 0xA004, 0xFFDF, 0xFFFF, 0xCE7A, 0xFFDF, 0xD69A, 0xFFFF, 0xCE59, 0xD6BA, 0xFFDF, 0xFFFF, 0xD6BA,
    0xC659, 0xFFFF, 0xCE79, 0xFFFF, 0xCE7A, 0xFFFF, 0xCE59, 0xD6BA, 0xFFDF, 0xCE79, 0xDEFB, 0xEF9E, 0xD69A, 0xFFDF, 0xCE7A, 0xFFFF,
    0xFFFF, 0xCE79, 0xFFFF, 0xDEDB, 0xCE59, 0xFFDF, 0xCE7A, 0xFFFF, 0xCE7A, 0xF7BF, 0xD6BA, 0xDEBB, 0xFFFF, 0xCE9A, 0xFFDF, 0xD69A,
    0xCE7A, 0xFFFF, 0xD6BA, 0xFFDF, 0xEF7E, 0xD69A, 0xDEFB, 0xFFDF, 0xD69A, 0xFFFF, 0xD69A, 0xFFDF, 0xD6BA, 0xA005, 0xE9E1, 0xFA80,
    0xFBC4, 0xFBC4, 0xFBC4, 0xFBC4, 0xFBC4, 0xFBC4, 0xFBC4, 0xFBC4, 0xFBC4, 0xFBC4, 0xFBA4, 0xFAE1, 0xFB01, 0xFD00, 0xFC80, 0xFC00,
    0xFB40, 0xFB40, 0xD800, 0xFA60, 0xFA40, 0xFD22, 0xFDA5, 0xFE6A, 0xFE6A, 0xFE6A, 0xFE8A, 0xFF76, 0xFF55, 0xFF55, 0xFF55, 0xFF55,
    0xFF55, 0xFF56, 0xFF55, 0xFF55, 0xFF56, 0xFF56, 0xFF11, 0xFE8B, 0xFE6A, 0xFE8A, 0xFE8B, 0xFDC5, 0xFDA4, 0xFB00, 0xE140, 0xC802,
    0xFBC0, 0xFBE0, 0xFD00, 0xFC60, 0xFC40, 0xFAE1, 0xFB22, 0xFBA4, 0xFBA4, 0xFBA4, 0xFBA4, 0xFBA4, 0xFBA4, 0xFBA4, 0xFBC4, 0xFBC4,
    0xFBC4, 0xFBE4, 0xFA40, 0x8803, 0x9804, 0xDEFB, 0xCE59, 0xFFFF, 0xC659, 0xFFFF, 0xC639, 0xF79E, 0xFFFF, 0xCE59, 0xCE79, 0xDF1C,
    0xFFFF, 0xCE9A, 0xFFFF, 0xCE9A, 0xFFDF, 0xCE7A, 0xF79E, 0xFFFF, 0xD69A, 0xFFFF, 0xE73D, 0xD6BA, 0xFFDF, 0xD69A, 0xFFFF, 0xCE79,
    0xCE7A, 0xFFFF, 0xCE79, 0xE71C, 0xFFFF, 0xD69A, 0xFFFF, 0xCE7A, 0xFFDF, 0xCE79, 0xDEFB, 0xFFFF, 0xD69A, 0xFFFF, 0xCE79, 0xFFDF,
    0xF7BE, 0xCE7A, 0xFFDF, 0xFFFF, 0xCE7A, 0xFFFF, 0xDEFB, 0xCE79, 0xFFFF, 0xCE79, 0xFFDF, 0xD6BA, 0xFFFF, 0xD69A, 0x8801, 0xA004,
    0xFAA0, 0xFAE1, 0xFBC4, 0xFBC4, 0xFBC4, 0xFBC4, 0xFBC4, 0xFBC4, 0xFBA4, 0xFBC5, 0xFAE1, 0xFB01, 0xFB01, 0xFC80, 0xFC40, 0xFBC0,
    0xFAA0, 0xFA80, 0x9003, 0xF8A0, 0xF0A0, 0xFBA0, 0xFBA0, 0xFBA0, 0xFDC5, 0xFDE5, 0xFE6A, 0xFE69, 0xFE6A, 0xFE69, 0xFE69, 0xFE6A,
    0xFE6A, 0xFE6A, 0xFE6A, 0xFE6A, 0xFE6A, 0xFE6A, 0xFE6A, 0xFE6A, 0xFDA5, 0xFDC5, 0xFDC4, 0xFBC0, 0xFBC0, 0xF9A0, 0xC0A1, 0xA003,
    0xFBC0, 0xFBE0, 0xFC80, 0xFAC1, 0xFAE1, 0xFAE1, 0xFAE1, 0xFAE1, 0xFBA4, 0xFBA4, 0xFBA4, 0xFBA4, 0xFBC4, 0xFBC4, 0xFBC4, 0xFBC4,
    0xFAC1, 0xFB00, 0xA003, 0xA044, 0xCE79, 0xDEDB, 0xFFFF, 0xCE79, 0xFFFF, 0xCE79, 0xFFDF, 0xDEFC, 0xCE59, 0xFFFF, 0xFFDF, 0xE71C,
    0xC659, 0xFFFF, 0xD69A, 0xFFFF, 0xD67A, 0xFFFF, 0xD6BA, 0xD69A, 0xFFFF, 0xCE79, 0xDEDB, 0xE71C, 0xD69A, 0xFFFF, 0xCE7A, 0xFFFF,
    0xFFFF, 0xD69A, 0xFFFF, 0xDEDB, 0xD69A, 0xFFFF, 0xCE79, 0xFFFF, 0xD69A, 0xEF5D, 0xE73C, 0xCE59, 0xFFFF, 0xE71C, 0xE73C, 0xEF7D,
    0xFFFF, 0xCE7A, 0xFFFF, 0xCE79, 0xFFFF, 0xCE9A, 0xDEDB, 0xFFDF, 0xCE79, 0xFFFF, 0xD69A, 0xFFFF, 0xCE59, 0xFFDF, 0xA022, 0x9825,
    0xEA21, 0xF261, 0xFB62, 0xFBC4, 0xFBC4, 0xFBC4, 0xFBC4, 0xFBC4, 0xFB63, 0xFB63, 0xFAE1, 0xFB01, 0xFB01, 0xFC80, 0xFC20, 0xFB60,
    0xF9E0, 0xF9C0, 0x9004, 0xB842, 0xB042, 0xC941, 0xD1A0, 0xFAE0, 0xFBC2, 0xFBE2, 0xFDE6, 0xFE49, 0xFE28, 0xFE28, 0xFE28, 0xFE28,
    0xFE28, 0xFE28, 0xFE28, 0xFE28, 0xFE48, 0xFE28, 0xFE28, 0xFDE7, 0xFBC1, 0xFBA0, 0xFB60, 0xC1A1, 0xC981, 0xB8A2, 0x9842, 0x9803,
    0xFB20, 0xFB20, 0xFCC0, 0xFAC1, 0xFAC1, 0xFAE1, 0xFAE1, 0xFAE1, 0xFB63, 0xFB63, 0xFBC4, 0xFBA4, 0xFBA4, 0xFBC4, 0xFBA4, 0xFB83,
    0xD9C1, 0xE221, 0x9044, 0xA926, 0xFFDF, 0xEF7D, 0xD6BB, 0xFFDF, 0xD69A, 0xFFFF, 0xCE7A, 0xEF5D, 0xE73C, 0xEF5D, 0xD6DB, 0xD69A,
    0xFFFF, 0xD69A, 0xFFFF, 0xD69A, 0xFFFF, 0xCE59, 0xDEFB, 0xFFFF, 0xD69A, 0xFFDF, 0xE73C, 0xDEDB, 0xFFFF, 0xCE59, 0xFFFF, 0xD69A,
    0xD6BA, 0xFFDF, 0xD69A, 0xEF7D, 0xFFFF, 0xCE7A, 0xFFFF, 0xD69A, 0xFFFF, 0xDEFB, 0xD6BA, 0xFFFF, 0xCE7A, 0xD69A, 0xFFFF, 0xDEDB,
    0xD69A, 0xFFFF, 0xCE7A, 0xFFDF, 0xD6BA, 0xFFFF, 0xDEDB, 0xD69A, 0xFFFF, 0xCE79, 0xFFFF, 0xCE59, 0xFFFF, 0xCE79, 0xE71C, 0xFFFF,
    0xA003, 0xA022, 0xFAE0, 0xFBC4, 0xFBC4, 0xFBC4, 0xFBC4, 0xFBC4, 0xFAE1, 0xFAE1, 0xFB01, 0xFAE1, 0xFB01, 0xFCA0, 0xFBE0, 0xFAE0,
    0xF8E0, 0xF0E0, 0x8005, 0x8004, 0x9004, 0x9003, 0xB061, 0xFA20, 0xF9E0, 0xF1C0, 0xFD44, 0xFE06, 0xFDE6, 0xFDE6, 0xFDE6, 0xFDE6,
    0xFDE6, 0xFDE6, 0xFDE6, 0xFDE6, 0xFDE6, 0xFE06, 0xFDE6, 0xFDC5, 0xFA00, 0xFA20, 0xFA20, 0x9003, 0x9803, 0x9004, 0x8004, 0x8004,
    0xFAA0, 0xFAA0, 0xFD00, 0xFAE1, 0xFAE1, 0xFAE1, 0xFAE1, 0xFAE1, 0xFAE1, 0xFAE1, 0xFBA4, 0xFBA4, 0xFBA4, 0xFBA4, 0xFB83, 0xFAE0,
    0x9003, 0x9804, 0xCE7A, 0xFFFF, 0xCE59, 0xCE9A, 0xFFDF, 0xCE79, 0xFFFF, 0xD69A, 0xFFFF, 0xD69A, 0xF7DF, 0xCE79, 0xDF1C, 0xFFFF,
    0xCE59, 0xFFFF, 0xCE79, 0xFFFF, 0xD69A, 0xF79E, 0xEF7D, 0xCE79, 0xFFFF, 0xDEDB, 0xCE9A, 0xEF7D, 0xCE79, 0xFFFF, 0xD6BA, 0xFFFF,
    0xFFFF, 0xCE9A, 0xFFFF, 0xEF5D, 0xCE9A, 0xFFFF, 0xD69A, 0xFFFF, 0xCE79, 0xDEFB, 0xF79E, 0xCE9A, 0xFFDF, 0xDEDB, 0xCE7A, 0xE71C,
    0xFFFF, 0xCE7A, 0xFFDF, 0xD6BB, 0xFFFF, 0xD69A, 0xDF1B, 0xFFDF, 0xD6BB, 0xFFFF, 0xCE9A, 0xFFFF, 0xD6BA, 0xF7BE, 0xD6BA, 0xCE79,
    0xFF7E, 0x9001, 0xA004, 0xFAC1, 0xFAE1, 0xFAE1, 0xFAE1, 0xFB01, 0xFAE1, 0xFB01, 0xFB01, 0xFB01, 0xFAE1, 0xFA20, 0xC122, 0x9802,
    0x9002, 0x9863, 0xD6BA, 0xCE59, 0xFFFF, 0xCE59, 0xE639, 0x8803, 0x8803, 0x9003, 0x8803, 0x8003, 0x8803, 0x9003, 0x9002, 0x9002,
    0x9003, 0x9003, 0x9003, 0x9003, 0x9003, 0x9003, 0x8803, 0x8803, 0x9002, 0x9802, 0x9802, 0xEF9E, 0xF79E, 0xFFDF, 0xE73C, 0xCE9A,
    0x9023, 0x9803, 0x9003, 0xFE60, 0xFE40, 0xFAE1, 0xFAE1, 0xFAE1, 0xFAE1, 0xFAE1, 0xFAC1, 0xFAE1, 0xFAE1, 0xFAE1, 0xDA01, 0x9803,
    0xF659, 0xFFBE, 0xD69A, 0xC639, 0xF79E, 0xFFFF, 0xDEFB, 0xE73C, 0xE73C, 0xFFFF, 0xD69A, 0xFFFF, 0xCE9A, 0xFFFF, 0xE71C, 0xD69A,
    0xFFDF, 0xCE9A, 0xFFFF, 0xCE79, 0xFFDF, 0xF79E, 0xD6BA, 0xFFDF, 0xD69A, 0xE71C, 0xFFFF, 0xC618, 0xFFDF, 0xD69A, 0xFFFF, 0xCE9A,
    0xCE7A, 0xFFFF, 0xCE7A, 0xE71C, 0xFFFF, 0xD69A, 0xFFFF, 0xCE59, 0xFFFF, 0xEF5D, 0xD6BB, 0xFFFF, 0xCE79, 0xFFFF, 0xD69A, 0xEF7E,
    0xCE79, 0xFFFF, 0xD6BA, 0xFFFF, 0xD69A, 0xFFFF, 0xCE79, 0xCE79, 0xFFFF, 0xCE7A, 0xFFFF, 0xCE7A, 0xFFDF, 0xD6BA, 0xE73C, 0xFFFF,
    0xD69A, 0xA002, 0x8824, 0xFB42, 0xFB01, 0xFB01, 0xFB01, 0xFB01, 0xFB01, 0xFB01, 0xFB21, 0xFB20, 0xFB01, 0xFA20, 0xD921, 0x8043,
    0xA084, 0x9884, 0xFFFF, 0xFFDF, 0xDEBB, 0xFFFF, 0xC5B6, 0x9105, 0xA167, 0x9105, 0xA1C9, 0x9188, 0xBACD, 0xA188, 0xA1A7, 0x9967,
    0xD452, 0x98E4, 0x90C4, 0x9905, 0x90A4, 0x90E4, 0x8863, 0x98E5, 0x90A3, 0x9083, 0x88A3, 0xEFBE, 0xE71C, 0xCE59, 0xD69A, 0xFFDF,
    0x8822, 0x9843, 0x9802, 0xFEC0, 0xFEA1, 0xFAE0, 0xFB00, 0xFB01, 0xFB01, 0xFB01, 0xFAE1, 0xFB01, 0xFAE1, 0xFB01, 0xD9E2, 0x9824,
    0xFFDE, 0xCE79, 0xFFFF, 0xFFFF, 0xD69A, 0xFFFF, 0xD6BA, 0xFFFF, 0xEF5D, 0xCE7A, 0xFFFF, 0xCE59, 0xFFDF, 0xCE59, 0xE75D, 0xFFFF,
    0xCE59, 0xFFFF, 0xCE79, 0xFFFF, 0xE71C, 0xCE59, 0xFFFF, 0xD6BA, 0xFFFF, 0xE71C, 0xCE79, 0xFFFF, 0xD69A, 0xFFFF, 0xCE59, 0xFFFF,
    0xF7BF, 0xDEDB, 0xFFDF, 0xDEFC, 0xCE9A, 0xFFDF, 0xD69A, 0xF7BE, 0xD6BB, 0xDF1C, 0xEF7D, 0xD6BB, 0xF79E, 0xCE7A, 0xFFDF, 0xD6BA,
    0xF79E, 0xDEDB, 0xF79E, 0xDEDB, 0xF7BF, 0xDEFB, 0xF79E, 0xEF7E, 0xDEDB, 0xF79E, 0xDEFC, 0xEF7E, 0xDEFB, 0xF79E, 0xDEDB, 0xD69A,
    0xF79E, 0xD69A, 0xF7DF, 0xA024, 0x9804, 0x9804, 0x9803, 0x9803, 0x9803, 0x9803, 0xA003, 0xA002, 0xA802, 0xA002, 0x9843, 0xFFDF,
    0xD6BA, 0xF7BF, 0xCE59, 0xCE79, 0xFFFF, 0xCE59, 0xF7BE, 0xD69A, 0xE73C, 0xF7BE, 0xC638, 0xFFFF, 0xCE79, 0xF7BE, 0xE71C, 0xF79E,
    0xD6BA, 0xF7BE, 0xF79E, 0xD69A, 0xF7BE, 0xCE79, 0xFFDF, 0xD6BB, 0xC638, 0xDEFB, 0xE71C, 0xDEFB, 0xDEFB, 0xF79E, 0xEF7E, 0xCE59,
    0xF7BE, 0xD69A, 0xFFDF, 0x9024, 0x9804, 0xA802, 0xA003, 0x9804, 0x9804, 0x9804, 0x9804, 0x9804, 0x9804, 0x9804, 0x9003, 0xFFDF,
    0xD6BA, 0xF7BE, 0xCE79, 0xD6BA, 0xFFDF, 0xCE79, 0xFFFF, 0xCE59, 0xDEDB, 0xF7BF, 0xCE7A, 0xFFFF, 0xD6BA, 0xFFDF, 0xE73C, 0xCE79,
    0xFFDF, 0xCE9A, 0xFFDF, 0xCE7A, 0xDEDB, 0xEF5D, 0xDEDB, 0xF7BE, 0xD6BA, 0xEF5D, 0xEF7D, 0xCE79, 0xFFDF, 0xC639, 0xFFDF, 0xDEDB,
    0xD6BB, 0xF79E, 0xD6BB, 0xEF7D, 0xF7BE, 0xCE7A, 0xF7BE, 0xD69A, 0xFFDF, 0xE73C, 0xD6DB, 0xFFDF, 0xCE7A, 0xFFDF, 0xCE79, 0xFFDF,
    0xD6BB, 0xFFDF, 0xE71C, 0xF7BE, 0xD6BA, 0xF7BE, 0xE71C, 0xDEDB, 0xF7DF, 0xD6BA, 0xE73C, 0xE71C, 0xF7BE, 0xDEDB, 0xEF5D, 0xEF5D,
    0xDEDB, 0xF7BE, 0xD6BA, 0xFFFF, 0xD6BA, 0xD6B9, 0xFFFF, 0xDEDB, 0xFFFF, 0xDEFB, 0xD679, 0xFFFF, 0xDF1C, 0xF7DE, 0xF7BE, 0xCE59,
    0xF7BE, 0xD69A, 0xFFDF, 0xF7BE, 0xD69A, 0xFFFF, 0xD6BA, 0xFFFF, 0xDEDB, 0xCE9A, 0xFFDF, 0xDEDB, 0xF7BE, 0xD69A, 0xEF5D, 0xD6BB,
    0xF79E, 0xD69A, 0xDEDB, 0xF7BE, 0xCE79, 0xF7BE, 0xDEFB, 0xF79E, 0xF79E, 0xDEDB, 0xF79E, 0xD69A, 0xF7BE, 0xDEFB, 0xD6DB, 0xFFDF,
    0xCE79, 0xFFFF, 0xD69A, 0xE71C, 0xFFFF, 0xDE7A, 0xFFFF, 0xF79E, 0xDE9A, 0xF7DE, 0xD639, 0xE77D, 0xD6DB, 0xEFBF, 0xEF7E, 0xD69A,
    0xFFDF, 0xD6DB, 0xFFDF, 0xF7BE, 0xD6BA, 0xFFDF, 0xD69A, 0xF7BE, 0xDEDB, 0xCE9A, 0xFFFF, 0xD69A, 0xF7DF, 0xD6BA, 0xD6BB, 0xFFDF,
    0xD6BA, 0xFFDF, 0xDEDB, 0xF7BE, 0xEF5D, 0xDEDB, 0xEF9E, 0xD69A, 0xF7BE, 0xE73C, 0xD69A, 0xFFDF, 0xCE59, 0xFFDF, 0xCE59, 0xFFFF,
    0xD69A, 0xFFDF, 0xCE79, 0xEF5D, 0xFFFF, 0xCE79, 0xFFFF, 0xD69A, 0xFFFF, 0xEF5D, 0xDEDB, 0xFFFF, 0xCE7A, 0xFFFF, 0xD6BA, 0xEF5D,
    0xFFDF, 0xC638, 0xF79E, 0xFFFF, 0xD69A, 0xFFFF, 0xCE7A, 0xDEDB, 0xFFFF, 0xD6BA, 0xFFFF, 0xD69A, 0xFFDF, 0xCE59, 0xF7BE, 0xFFDF,
    0xD67A, 0xF7BE, 0xD69A, 0xFFFF, 0xD69A, 0xDEDB, 0xF7DF, 0xD6DB, 0xFFDF, 0xDEFB, 0xD69A, 0xFFFF, 0xD69A, 0xF7DF, 0xFFDF, 0xD6BA,
    0xFFDF, 0xCE79, 0xFFFF, 0xFFDF, 0xD69A, 0xFFFF, 0xCE79, 0xFFDF, 0xE71C, 0xCE9A, 0xFFFF, 0xCE79, 0xF7BE, 0xD6BA, 0xFFFF, 0xCE79,
    0xFFDF, 0xD69A, 0xD6BA, 0xFFFF, 0xD69A, 0xFFFF, 0xCE59, 0xF7BE, 0xFFFF, 0xD69A, 0xFFDF, 0xCE79, 0xFFFF, 0xE73C, 0xCE79, 0xFFFF,
    0xCE9A, 0xFFFF, 0xE71C, 0xD69A, 0xF7BE, 0xD6BA, 0xFFFF, 0xF7BE, 0xCE79, 0xFFFF, 0xD6BA, 0xF7BE, 0xD6BA, 0xCE9A, 0xFFFF, 0xCE79,
    0xFFDF, 0xCE9A, 0xFFDF, 0xFFFF, 0xD69A, 0xF7BE, 0xD69A, 0xF7BE, 0xE73C, 0xD69A, 0xFFFF, 0xD6BA, 0xFFFF, 0xCE59, 0xD69A, 0xFFDF,
    0xCE9A, 0xFFFF, 0xCE79, 0xFFFF, 0xEF7D, 0xD69A, 0xFFDF, 0xD69A, 0xF79E, 0xDEFB, 0xDEDB, 0xFFDF, 0xDEDB, 0xEF7D, 0xF7BE, 0xC639,
    0xFFFF, 0xD69A, 0xFFDF, 0xDEFB, 0xD6BA, 0xFFFF, 0xD69A, 0xFFFF, 0xC639, 0xDEFB, 0xFFFF, 0xD69A, 0xFFFF, 0xCE79, 0xF7BE, 0xE73C,
    0xD6BA, 0xFFFF, 0xD6BA, 0xEF7D, 0xFFDF, 0xD69A, 0xFFDF, 0xEF5D, 0xD69A, 0xFFDF, 0xD69A, 0xFFFF, 0xD69A, 0xFFDF, 0xD6DB, 0xD6BA,
    0xFFFF, 0xCE79, 0xFFFF, 0xCE79, 0xFFFF, 0xF79E, 0xD6BA, 0xFFDF, 0xCE59, 0xF79E, 0xFFFF, 0xD69A, 0xFFFF, 0xCE79, 0xCE79, 0xFFDF,
    0xD69A, 0xFFFF, 0xCE59, 0xD6BA, 0xF7DF, 0xCE7A, 0xFFDF, 0xD69A, 0xE73C, 0xFFFF, 0xD6BA, 0xFFDF, 0xD69A, 0xFFFF, 0xC639, 0xFFDE,
    0xD6BA, 0xFFFF, 0xF7BE, 0xD69A, 0xFFDF, 0xCE79, 0xFFDF, 0xD6BA, 0xCE79, 0xFFFF, 0xD6BA, 0xFFFF, 0xCE79, 0xE71C, 0xFFFF, 0xD69A,
    0xFFDF, 0xCE59, 0xEF5D, 0xFFFF, 0xD69A, 0xFFDF, 0xCE7A, 0xD69A, 0xFFFF, 0xD69A, 0xFFDF, 0xD69A, 0xEF7D, 0xFFFF, 0xD69A, 0xFFFF,
    0xCE79, 0xFFFF, 0xD69A, 0xCE7A, 0xFFDF, 0xCE9A, 0xFFFF, 0xCE9A, 0xE71C, 0xFFFF, 0xCE7A, 0xFFDF, 0xD69A, 0xFFFF, 0xFFDF, 0xD6BA,
    0xFFDF, 0xCE79, 0xFFDF, 0xCE59, 0xD6BA, 0xFFDF, 0xCE7A, 0xFFDF, 0xCE59, 0xFFDF, 0xFFDF, 0xD6BA, 0xFFFF, 0xF7BE, 0xCE79, 0xFFFF,
    0xCE7A, 0xFFFF, 0xD69A, 0xE75D, 0xFFFF, 0xD69A, 0xFFFF, 0xD69A, 0xFFDF, 0xF79E, 0xCE79, 0xFFFF, 0xD69A, 0xFFFF, 0xCE79, 0xE71C,
    0xFFFF, 0xD69A, 0xFFFF, 0xDEFB, 0xCE79, 0xFFFF, 0xD6BA, 0xDEFB, 0xFFFF, 0xCE79, 0xFFDF, 0xD69A, 0xFFDF, 0xD6BB, 0xF79E, 0xF79E,
    0xD6BA, 0xFFFF, 0xD69A, 0xFFDF, 0xD69A, 0xD6BA, 0xFFFF, 0xD69A, 0xFFFF, 0xEF5D, 0xD6BA, 0xFFFF, 0xD69A, 0xFFFF, 0xFFDF, 0xD69A,
    0xFFFF, 0xD6BA, 0xFFFF, 0xFFFF, 0xD69A, 0xFFFF, 0xD6BA, 0xFFFF, 0xE75D, 0xD69A, 0xFFFF, 0xD6BA, 0xFFFF, 0xCE59, 0xFFFF, 0xCE79,
    0xFFFF, 0xCE7A, 0xCE59, 0xFFFF, 0xCE7A, 0xFFFF, 0xD6BA, 0xDEFC, 0xFFFF, 0xD69A, 0xFFFF, 0xD6BA, 0xFFFF, 0xE73D, 0xD69A, 0xFFDF,
    0xD6BA, 0xFFFF, 0xEF5D, 0xD6BB, 0xFFFF, 0xCE7A, 0xFFFF, 0xFFFF, 0xCE7A, 0xFFFF, 0xD6BA, 0xFFFF, 0xDEFB, 0xCE79, 0xFFFF, 0xD6BB,
    0xFFFF, 0xCE7A, 0xF79E, 0xFFFF, 0xD69A, 0xFFFF, 0xD6BA, 0xFFFF, 0xE73C, 0xCE7A, 0xFFFF, 0xCE7A, 0xFFFF, 0xCE7A, 0xD69A, 0xFFDF,
    0xCE7A, 0xFFFF, 0xDEDB, 0xF79E, 0xF7BE, 0xCE9A, 0xFFFF, 0xCE7A, 0xFFDF, 0xCE9A, 0xDEDB, 0xFFDF, 0xFFFF, 0xCE79, 0xFFFF, 0xCE59,
    0xFFFF, 0xD69A, 0xFFFF, 0xD6DB, 0xCE7A, 0xFFFF, 0xCE7A, 0xFFFF, 0xCE7A, 0xCE7A, 0xFFFF, 0xCE79, 0xFFFF, 0xCE7A, 0xF7BE, 0xEF5D,
    0xCE9A, 0xFFFF, 0xD69A, 0xDF1C, 0xFFFF, 0xD69A, 0xFFFF, 0xE71C, 0xCE7A, 0xFFFF, 0xD69A, 0xFFFF, 0xD69A, 0xF79E, 0xCE7A, 0xCE59,
    0xFFFF, 0xD6BA, 0xFFFF, 0xD69A, 0xFFFF, 0xF7BE, 0xD69A, 0xFFFF, 0xD69A, 0xDEFB, 0xFFFF, 0xD6BA, 0xFFFF, 0xD69A, 0xD69A, 0xFFFF,
    0xCE79, 0xFFFF, 0xCE79, 0xD69A, 0xFFFF, 0xD69A, 0xFFFF, 0xCE7A, 0xDEFB, 0xFFFF, 0xCE7A, 0xFFFF, 0xD69A, 0xFFFF, 0xCE9A, 0xFFFF,
    0xD69A, 0xFFFF, 0xFFFF, 0xD69A, 0xFFFF, 0xD69A, 0xFFFF, 0xDEDB, 0xCE79, 0xFFFF, 0xD69A, 0xFFFF, 0xD69A, 0xDEFB, 0xFFFF, 0xD6BA,
    0xFFFF, 0xD69A, 0xD6BA, 0xFFFF, 0xD6BA, 0xFFFF, 0xD6BA, 0xCE7A, 0xFFFF, 0xD69A, 0xFFFF, 0xD6BA, 0xDF1C, 0xFFFF, 0xCE7A, 0xFFFF,
    0xD69A, 0xFFDF, 0xD6BA, 0xCE7A, 0xFFFF, 0xD69A, 0xFFFF, 0xD69A, 0xD6DB, 0xFFFF, 0xCE7A, 0xFFFF, 0xD69A, 0xF7BE, 0xFFDF, 0xCE7A,
    0xFFFF, 0xD69A, 0xFFFF, 0xCE9A, 0xCE7A, 0xFFFF, 0xCE7A, 0xFFFF, 0xCE7A, 0xFFFF, 0xFFDF, 0xD69A, 0xCE9A, 0xFFFF, 0xCE59, 0xFFFF,
};
alignas(4) const uint8_t kIdleMask[2048] = {
    0x00, 0x00, 0x00, 0x00, 0x00, 0x00, 0x00, 0x00, 0x00, 0x00, 0x00, 0x00, 0x00, 0x00, 0x00, 0x00,
    0x00, 0x00, 0x00, 0x00, 0x00, 0x00, 0x00, 0x00, 0x00, 0x00, 0x00, 0x00, 0x00, 0x00, 0x00, 0x00,
    0x00, 0x00, 0x00, 0x00, 0x00, 0x00, 0x00, 0x00, 0x07, 0x00, 0x00, 0x00, 0x00, 0x00, 0x00, 0x00,
    0x00, 0x00, 0x00, 0x00, 0x00, 0x00, 0x00, 0xC0, 0x07, 0x00, 0x00, 0x00, 0x00, 0x00, 0x00, 0x00,
    0x00, 0x00, 0x00, 0x00, 0x00, 0x00, 0x00, 0xC0, 0x07, 0x00, 0x00, 0x00, 0x00, 0x00, 0x00, 0x00,
    0x00, 0x00, 0x00, 0x00, 0x00, 0x00, 0x00, 0xE0, 0x07, 0x00, 0x00, 0x00, 0x00, 0x00, 0x00, 0x00,
    0x00, 0x00, 0x00, 0x00, 0x00, 0x00, 0x00, 0xF8, 0x07, 0x00, 0x00, 0x00, 0x00, 0x00, 0x00, 0x00,
    0x00, 0x00, 0x00, 0x00, 0x00, 0x00, 0x00, 0xF8, 0x07, 0x00, 0x00, 0x00, 0x00, 0x00, 0x00, 0x00,
    0x00, 0x00, 0x00, 0x00, 0x00, 0x00, 0x00, 0xFC, 0x07, 0x00, 0x00, 0x00, 0x00, 0x00, 0x00, 0x00,
    0x00, 0x00, 0x00, 0x00, 0x00, 0x00, 0x00, 0xFC, 0x07, 0x00, 0x00, 0x00, 0x00, 0x00, 0x00, 0x00,
    0x00, 0x00, 0x00, 0x00, 0x00, 0x00, 0x00, 0xFF, 0x07, 0x18, 0x00, 0x00, 0x00, 0x00, 0x00, 0x00,
    0x00, 0x00, 0x00, 0x00, 0x00, 0x00, 0x80, 0xFF, 0x07, 0x3C, 0x00, 0x00, 0x00, 0x00, 0x00, 0x00,
    0x00, 0x00, 0x00, 0x00, 0x00, 0x00, 0x80, 0xFF, 0x07, 0x3C, 0x00, 0x00, 0x00, 0x00, 0x00, 0x00,
    0x00, 0x00, 0x00, 0x00, 0x00, 0x00, 0x80, 0xFF, 0x03, 0x1F, 0x00, 0x00, 0x00, 0x00, 0x00, 0x00,
    0x00, 0x00, 0x00, 0x00, 0x00, 0x00, 0xE0, 0xFF, 0xC3, 0x1F, 0x00, 0x00, 0x00, 0x00, 0x00, 0x00,
    0x00, 0x00, 0x00, 0x00, 0x00, 0x00, 0xE0, 0xFF, 0xC3, 0x1F, 0x00, 0x00, 0x00, 0x00, 0x00, 0x00,
    0x00, 0x00, 0x00, 0x00, 0x00, 0x00, 0xF8, 0xFF, 0xE3, 0x1F, 0x00, 0x00, 0x00, 0x00, 0x00, 0x00,
    0x00, 0x00, 0x00, 0x00, 0x00, 0x00, 0xF8, 0xFF, 0xE3, 0x1F, 0x00, 0x00, 0x00, 0x00, 0x00, 0x00,
    0x00, 0x00, 0x00, 0x00, 0x00, 0x00, 0xFC, 0xFF, 0xFF, 0x07, 0x20, 0x00, 0x00, 0x00, 0x00, 0x00,
    0x00, 0x00, 0x00, 0x00, 0x00, 0x00, 0xFF, 0xFF, 0xFF, 0x07, 0xF8, 0x00, 0x00, 0x00, 0x00, 0x00,
    0x00, 0x00, 0x00, 0x00, 0x00, 0x00, 0xFF, 0xFF, 0xFF, 0x07, 0xF8, 0x00, 0x00, 0x00, 0x00, 0x00,
    0x00, 0x00, 0x00, 0x00, 0x00, 0x80, 0xFF, 0xFF, 0xFF, 0x07, 0xFC, 0x00, 0x00, 0x00, 0x00, 0x00,
    0x00, 0x00, 0x00, 0x00, 0x00, 0xE0, 0xFF, 0xFF, 0xFF, 0xDF, 0xFF, 0x03, 0xC0, 0x03, 0x00, 0x00,
    0x00, 0x00, 0x00, 0x00, 0x00, 0xE0, 0xFF, 0xFF, 0xFF, 0xDF, 0xFF, 0x03, 0xC0, 0x03, 0x00, 0x00,
    0x00, 0x00, 0x00, 0x00, 0x18, 0xE0, 0xFF, 0xFF, 0xFF, 0xFF, 0xFF, 0x03, 0xE0, 0x03, 0x00, 0x00,
    0x00, 0x00, 0x00, 0x00, 0x18, 0xE0, 0xFF, 0xFF, 0xFF, 0xFF, 0xFF, 0x03, 0xE0, 0x03, 0x00, 0x00,
    0x00, 0x00, 0x00, 0x00, 0xF8, 0xFB, 0xFF, 0xFF, 0xFF, 0xFF, 0xFF, 0x07, 0xF8, 0x03, 0x00, 0x00,
    0x00, 0x00, 0x00, 0x00, 0xF8, 0xFF, 0xFF, 0xFF, 0xFF, 0xFF, 0xFF, 0x07, 0xFC, 0x03, 0x00, 0x00,
    0x00, 0x00, 0x00, 0x00, 0xF8, 0xFF, 0xFF, 0xFF, 0xFF, 0xFF, 0xFF, 0x07, 0xFC, 0x03, 0x00, 0x00,
    0x00, 0x00, 0xC0, 0x03, 0xE0, 0xFF, 0xFF, 0xFF, 0xFF, 0xFF, 0xFF, 0x1F, 0xFF, 0x00, 0x00, 0x00,
    0x00, 0x00, 0x80, 0x07, 0xE0, 0xFF, 0xFF, 0xFF, 0xFF, 0xFF, 0xFF, 0xDF, 0xFF, 0x00, 0x00, 0x00,
    0x00, 0x00, 0xC0, 0x07, 0xE0, 0xFF, 0xFF, 0xFF, 0xFF, 0xFF, 0xFF, 0xDF, 0xFF, 0x00, 0x00, 0x00,
    0x00, 0x00, 0xC0, 0xFF, 0xC0, 0xFF, 0xFF, 0xFF, 0xFF, 0xFF, 0xFF, 0xFF, 0x3F, 0x00, 0x00, 0x00,
    0x00, 0x00, 0xC0, 0xFF, 0xC0, 0xFF, 0xFF, 0xFF, 0xFF, 0xFF, 0xFF, 0xFF, 0x3F, 0x00, 0x00, 0x00,
    0x00, 0x00, 0xC0, 0xFF, 0xDF, 0xFF, 0xFF, 0xFF, 0xFF, 0xFF, 0xFF, 0xFF, 0x3F, 0x00, 0x00, 0x00,
    0x00, 0x00, 0xC0, 0xFF, 0xFF, 0xFF, 0xFF, 0xFF, 0xFF, 0xFF, 0xFF, 0xFF, 0xFF, 0x00, 0x00, 0x00,
    0x00, 0x00, 0xC0, 0xFF, 0xFF, 0xFF, 0xFF, 0xFF, 0xFF, 0xFF, 0xFF, 0xFF, 0xFF, 0x00, 0x00, 0x00,
    0x00, 0x00, 0x00, 0xFF, 0xFF, 0xFF, 0xFF, 0xFF, 0xFF, 0xFF, 0xFF, 0xFF, 0xFF, 0x00, 0x00, 0x00,
    0x00, 0x00, 0x00, 0xFF, 0xFF, 0xFF, 0xFF, 0xFF, 0xFF, 0xFF, 0xFF, 0xFF, 0xFF, 0x20, 0x00, 0x00,
    0x00, 0x00, 0x00, 0xFF, 0xFF, 0xFF, 0xFF, 0xFF, 0xFF, 0xFF, 0xFF, 0xFF, 0xFF, 0x20, 0x00, 0x00,
    0x00, 0x00, 0x00, 0xFF, 0xFF, 0xFF, 0xFF, 0xFF, 0xFF, 0xFF, 0xFF, 0xFF, 0xFF, 0x38, 0x00, 0x00,
    0x00, 0x00, 0x00, 0xFF, 0xFF, 0xFF, 0xFF, 0xFF, 0xFF, 0xFF, 0xFF, 0xFF, 0xFF, 0x38, 0x00, 0x00,
    0x00, 0x00, 0x00, 0xFC, 0xFF, 0xFF, 0xFF, 0xFF, 0xFF, 0xFF, 0xFF, 0xFF, 0xFF, 0x3C, 0x00, 0x00,
    0x00, 0x00, 0x00, 0xFC, 0xFF, 0xFF, 0xFF, 0xFF, 0xFF, 0xFF, 0xFF, 0xFF, 0xFF, 0x3F, 0x00, 0x00,
    0x00, 0x00, 0x00, 0xFC, 0xFF, 0xFF, 0xFF, 0xFF, 0xFF, 0xFF, 0xFF, 0xFF, 0xFF, 0x3F, 0x00, 0x00,
    0x00, 0x00, 0x00, 0xFC, 0xFF, 0xFF, 0xFF, 0xFF, 0xFF, 0xFF, 0xFF, 0xFF, 0xFF, 0x3F, 0x00, 0x00,
    0x00, 0x00, 0x00, 0xF8, 0xFF, 0xFF, 0xFF, 0xFF, 0xFF, 0xFF, 0xFF, 0xFF, 0xFF, 0x1F, 0x00, 0x00,
    0x00, 0x00, 0x00, 0xF8, 0xFF, 0xFF, 0xFF, 0xFF, 0xFF, 0xFF, 0xFF, 0xFF, 0xFF, 0x1F, 0x00, 0x00,
    0x00, 0x00, 0x00, 0xF8, 0xFF, 0xFF, 0xFF, 0xFF, 0xFF, 0xFF, 0xFF, 0xFF, 0xFF, 0x1F, 0x00, 0x00,
    0x00, 0x00, 0x00, 0xF8, 0xFF, 0xFF, 0xFF, 0xFF, 0xFF, 0xFF, 0xFF, 0xFF, 0xFF, 0x1F, 0x00, 0x00,
    0x00, 0x00, 0x1C, 0xF8, 0xFF, 0xFF, 0xFF, 0xFF, 0xFF, 0xFF, 0xFF, 0xFF, 0xFF, 0x1F, 0x00, 0x00,
    0x00, 0x00, 0xFC, 0xE0, 0xFF, 0xFF, 0xFF, 0xFF, 0xFF, 0xFF, 0xFF, 0xFF, 0xFF, 0x07, 0x00, 0x00,
    0x00, 0x00, 0xFC, 0xE0, 0xFF, 0xFF, 0xFF, 0xFF, 0xFF, 0xFF, 0xFF, 0xFF, 0xFF, 0x07, 0x00, 0x00,
    0x00, 0x00, 0xFC, 0xFF, 0xFF, 0xFF, 0xFF, 0xFF, 0xFF, 0xFF, 0xFF, 0xFF, 0xFF, 0x07, 0x20, 0x00,
    0x00, 0x00, 0xF8, 0xFF, 0xFF, 0xFF, 0xFF, 0xFF, 0xFF, 0xFF, 0xFF, 0xFF, 0xFF, 0x07, 0x38, 0x00,
    0x00, 0x00, 0xF8, 0xFF, 0xFF, 0xFF, 0xFF, 0xFF, 0xFF, 0xFF, 0xFF, 0xFF, 0xFF, 0x07, 0x38, 0x00,
    0x00, 0x00, 0xF8, 0xFF, 0xFF, 0xFF, 0xFF, 0xFF, 0xFF, 0xFF, 0xFF, 0xFF, 0xFF, 0xFB, 0xF8, 0x00,
    0x00, 0x00, 0xF8, 0xFF, 0xFF, 0xFF, 0xFF, 0xFF, 0xFF, 0xFF, 0xFF, 0xFF, 0xFF, 0xFB, 0xF8, 0x00,
    0x00, 0x00, 0xF8, 0xFF, 0xFF, 0xFF, 0xFF, 0xFF, 0xFF, 0xFF, 0xFF, 0xFF, 0xFF, 0xFF, 0xF8, 0x03,
    0x00, 0x00, 0xE0, 0xFF, 0xFF, 0xFF, 0xFF, 0xFF, 0xFF, 0xFF, 0xFF, 0xFF, 0xFF, 0xFF, 0xF8, 0x03,
    0x00, 0x00, 0xE0, 0xFF, 0xFF, 0xFF, 0xFF, 0xFF, 0xFF, 0xFF, 0xFF, 0xFF, 0xFF, 0xFF, 0xF8, 0x03,
    0x00, 0x00, 0xE0, 0xFF, 0xFF, 0xFF, 0xFF, 0xFF, 0xFF, 0xFF, 0xFF, 0xFF, 0xFF, 0x3F, 0xF8, 0x07,
    0x00, 0x00, 0xC0, 0xFF, 0xFF, 0xFF, 0xFF, 0xFF, 0xFF, 0xFF, 0xFF, 0xFF, 0xFF, 0x3F, 0xF8, 0x07,
    0x00, 0x00, 0xC0, 0xFF, 0xFF, 0xFF, 0xFF, 0xFF, 0xFF, 0xFF, 0xFF, 0xFF, 0xFF, 0x3F, 0xF8, 0x07,
    0x00, 0x00, 0x18, 0xFF, 0xFF, 0xFF, 0xFF, 0xFF, 0xFF, 0xFF, 0xFF, 0xFF, 0xFF, 0x1F, 0xFC, 0x1F,
    0x00, 0x00, 0x18, 0xFF, 0xFF, 0xFF, 0xFF, 0xFF, 0xFF, 0xFF, 0xFF, 0xFF, 0xFF, 0x1F, 0xFC, 0x1F,
    0x00, 0x00, 0xFC, 0xFF, 0xFF, 0xFF, 0xFF, 0xFF, 0xFF, 0xFF, 0xFF, 0xFF, 0xFF, 0x07, 0xFF, 0x1F,
    0x00, 0x00, 0xF8, 0xFF, 0xFF, 0xFF, 0xFF, 0xFF, 0xFF, 0xFF, 0xFF, 0xFF, 0xFF, 0xE3, 0xFF, 0x1F,
    0x00, 0x00, 0xF8, 0xFF, 0xFF, 0xFF, 0xFF, 0xFF, 0xFF, 0xFF, 0xFF, 0xFF, 0xFF, 0xE3, 0xFF, 0x1F,
    0x00, 0x00, 0xF8, 0xFF, 0xFF, 0xFF, 0xFF, 0xFF, 0xFF, 0xFF, 0xFF, 0xFF, 0xFF, 0xFF, 0xFF, 0x1F,
    0x00, 0x00, 0xE0, 0xFF, 0xFF, 0xFF, 0xFF, 0xFF, 0xFF, 0xFF, 0xFF, 0xFF, 0xFF, 0xFF, 0xFF, 0x1F,
    0x00, 0x00, 0xE0, 0xFF, 0xFF, 0xFF, 0xFF, 0xFF, 0xFF, 0xFF, 0xFF, 0xFF, 0xFF, 0xFF, 0xFF, 0x1F,
    0x00, 0x00, 0xE0, 0xFF, 0xFF, 0xFF, 0xFF, 0xFF, 0xFF, 0xFF, 0xFF, 0xFF, 0xFF, 0xFF, 0xFF, 0x1F,
    0x00, 0x00, 0xE0, 0xFF, 0xFF, 0xFF, 0xFF, 0xFF, 0xFF, 0xFF, 0xFF, 0xFF, 0xFF, 0xFF, 0xFF, 0x1F,
    0x00, 0x00, 0xC0, 0xFF, 0xFF, 0xFF, 0xFF, 0xFF, 0xFF, 0xFF, 0xFF, 0xFF, 0xFF, 0xFF, 0xFF, 0x1F,
    0x00, 0x00, 0x00, 0xFF, 0xFF, 0xFF, 0xFF, 0xFF, 0xFF, 0xFF, 0xFF, 0xFF, 0xFF, 0xFF, 0xFF, 0x27,
    0x00, 0x00, 0x00, 0xFF, 0xFF, 0xFF, 0xFF, 0xFF, 0xFF, 0xFF, 0xFF, 0xFF, 0xFF, 0xFF, 0xFF, 0x27,
    0x00, 0x00, 0x00, 0xFC, 0xFF, 0xFF, 0xFF, 0xFF, 0xFF, 0xFF, 0xFF, 0xFF, 0xFF, 0xFF, 0xFF, 0x27,
    0x00, 0x00, 0x00, 0xF8, 0xFF, 0xFF, 0xFF, 0xFF, 0xFF, 0xFF, 0xFF, 0xFF, 0xFF, 0xFF, 0xFF, 0x3F,
    0x00, 0x00, 0x00, 0xF8, 0xFF, 0xFF, 0xFF, 0xFF, 0xFF, 0xFF, 0xFF, 0xFF, 0xFF, 0xFF, 0xFF, 0x3F,
    0x00, 0x00, 0x00, 0xC0, 0xFF, 0xFF, 0xFF, 0xFF, 0xFF, 0xFF, 0xFF, 0xFF, 0xFF, 0xFF, 0xFF, 0x3F,
    0x00, 0x00, 0x00, 0xC0, 0xFF, 0xFF, 0xFF, 0xFF, 0xFF, 0xFF, 0xFF, 0xFF, 0xFF, 0xFF, 0xFF, 0x3F,
    0x00, 0x00, 0x00, 0xE0, 0xFF, 0xFF, 0xFF, 0xFF, 0xFF, 0xFF, 0xFF, 0xFF, 0xFF, 0xFF, 0xFF, 0x3F,
    0x00, 0x00, 0x00, 0xC0, 0xFF, 0xFF, 0xFF, 0xFF, 0xFF, 0xFF, 0xFF, 0xFF, 0xFF, 0xFF, 0xFF, 0x3F,
    0x00, 0x00, 0x00, 0xC0, 0xFF, 0xFF, 0xFF, 0xFF, 0xFF, 0xFF, 0xFF, 0xFF, 0xFF, 0xFF, 0xFF, 0x3F,
    0x00, 0x00, 0x00, 0x00, 0xF8, 0xFF, 0xFF, 0xFF, 0xFF, 0xFF, 0xFF, 0xE7, 0xFF, 0xFF, 0xFF, 0x3F,
    0x00, 0x00, 0x00, 0x00, 0xC0, 0xFF, 0xFF, 0xFF, 0xFF, 0xFF, 0xFF, 0xF8, 0xFF, 0xFF, 0xFF, 0x3F,
    0x00, 0x00, 0x00, 0x00, 0xC0, 0xFF, 0xFF, 0xFF, 0xFF, 0xFF, 0xFF, 0xF8, 0xFF, 0xFF, 0xFF, 0x3F,
    0x00, 0x00, 0x00, 0x00, 0x00, 0xFF, 0xFF, 0xFF, 0xFF, 0xFF, 0xFF, 0xFB, 0xFF, 0xFF, 0xFF, 0x3F,
    0x00, 0x00, 0x00, 0x00, 0x00, 0xFF, 0xFF, 0xFF, 0xFF, 0xFF, 0xFF, 0xFB, 0xFF, 0xFF, 0xFF, 0x3F,
    0x00, 0x00, 0x00, 0x00, 0xC0, 0xFF, 0xFF, 0xFF, 0xFF, 0xFF, 0xFF, 0xFF, 0xFF, 0xFF, 0xFF, 0x1F,
    0x00, 0x00, 0x00, 0x00, 0xE0, 0xFF, 0xFF, 0xFF, 0xFF, 0xFF, 0xFF, 0xFF, 0xFF, 0xFF, 0xFF, 0x07,
    0x00, 0x00, 0x00, 0x00, 0xE0, 0xFF, 0xFF, 0xFF, 0xFF, 0xFF, 0xFF, 0xFF, 0xFF, 0xFF, 0xFF, 0x07,
    0x00, 0x00, 0x00, 0x00, 0xF8, 0xFF, 0xFF, 0xFF, 0xFF, 0xFF, 0xFF, 0xFF, 0xFF, 0xFF, 0xFF, 0x03,
    0x00, 0x00, 0x00, 0x00, 0xFC, 0xFF, 0xFF, 0xFF, 0xFF, 0xFF, 0xFF, 0xFF, 0xFF, 0xFF, 0xFF, 0x1F,
    0x00, 0x00, 0x00, 0x00, 0xFC, 0xFF, 0xFF, 0xFF, 0xFF, 0xFF, 0xFF, 0xFF, 0xFF, 0xFF, 0xFF, 0x1F,
    0x00, 0x00, 0x00, 0x00, 0xFC, 0xFF, 0xFF, 0xFF, 0xFF, 0xFF, 0xFF, 0xFF, 0xFF, 0xFF, 0xFF, 0x07,
    0x00, 0x00, 0x00, 0x00, 0xFC, 0xFF, 0xFF, 0xFF, 0xFF, 0xFF, 0xFF, 0xFF, 0xFF, 0xFF, 0xFF, 0x07,
    0x00, 0x00, 0x00, 0x00, 0xFF, 0xFF, 0xFF, 0xFF, 0xFF, 0xFF, 0xFF, 0xFF, 0xFF, 0xFF, 0xFF, 0x03,
    0x00, 0x00, 0x00, 0xC0, 0xFF, 0xFF, 0xFF, 0xFF, 0xFF, 0xFF, 0xFF, 0xFF, 0xFF, 0xFF, 0xFF, 0x00,
    0x00, 0x00, 0x00, 0xC0, 0xFF, 0xFF, 0xFF, 0xFF, 0xFF, 0xFF, 0xFF, 0xFF, 0xFF, 0xFF, 0xFF, 0x00,
    0x00, 0x00, 0x00, 0xC0, 0xFF, 0xFF, 0xFF, 0xFF, 0xFF, 0xFF, 0xFF, 0xFF, 0xE7, 0xFF, 0x3F, 0x00,
    0x00, 0x00, 0x00, 0xE0, 0xFF, 0xFF, 0xFF, 0xFF, 0xFF, 0xFF, 0xFF, 0xFF, 0x1F, 0xFF, 0x07, 0x00,
    0x00, 0x00, 0x00, 0xE0, 0xFF, 0xFF, 0xFF, 0xFF, 0xFF, 0xFF, 0xFF, 0xFF, 0x1F, 0xFF, 0x07, 0x00,
    0x00, 0x00, 0x00, 0xE0, 0xFF, 0xFF, 0xFF, 0xFF, 0xFF, 0xFF, 0xFF, 0xFF, 0x1F, 0x00, 0x00, 0x00,
    0x00, 0x00, 0x00, 0xE0, 0xFF, 0xFF, 0xFF, 0xFF, 0xFF, 0xFF, 0xFF, 0xFF, 0x1F, 0x00, 0x00, 0x00,
    0x00, 0x00, 0x00, 0xE0, 0xFF, 0xFF, 0xFF, 0xFF, 0xFF, 0xFF, 0xFF, 0xFF, 0x1F, 0x00, 0x00, 0x00,
    0x00, 0x00, 0x00, 0xE0, 0xFF, 0xFF, 0xFF, 0xFF, 0xFF, 0xFF, 0xFF, 0xFF, 0x07, 0x00, 0x00, 0x00,
    0x00, 0x00, 0x00, 0xE0, 0xFF, 0xFF, 0xFF, 0xFF, 0xFF, 0xFF, 0xFF, 0xFF, 0x07, 0x00, 0x00, 0x00,
    0x00, 0x00, 0x00, 0xC0, 0xFF, 0xFF, 0xFF, 0xFF, 0xFF, 0xFF, 0xFF, 0xFF, 0x03, 0x00, 0x00, 0x00,
    0x00, 0x00, 0x00, 0xC0, 0xFF, 0xFF, 0xFF, 0xFF, 0xFF, 0xFF, 0xFF, 0xFF, 0x07, 0x00, 0x00, 0x00,
    0x00, 0x00, 0x00, 0xC0, 0xFF, 0xFF, 0xFF, 0xFF, 0xFF, 0xFF, 0xFF, 0xFF, 0x07, 0x00, 0x00, 0x00,
    0x00, 0x00, 0x00, 0xE0, 0xFF, 0xFF, 0xFF, 0xFF, 0xFF, 0xFF, 0xFF, 0xFF, 0x1F, 0x00, 0x00, 0x00,
    0x00, 0x00, 0x00, 0xE0, 0xFF, 0xFF, 0xFF, 0xFF, 0xFF, 0xFF, 0xFF, 0xFF, 0x1F, 0x00, 0x00, 0x00,
    0x00, 0x00, 0x00, 0xE0, 0xFF, 0xFF, 0xFF, 0xFF, 0xFF, 0xFF, 0xFF, 0xFF, 0x1F, 0x00, 0x00, 0x00,
    0x00, 0x00, 0x00, 0xE0, 0xFF, 0xFF, 0xFF, 0xFF, 0xFF, 0xFF, 0xFF, 0xFF, 0x1F, 0x00, 0x00, 0x00,
    0x00, 0x00, 0x00, 0xE0, 0xFF, 0xFF, 0xFF, 0xFF, 0xFF, 0xFF, 0xFF, 0xFF, 0x1F, 0x00, 0x00, 0x00,
    0x00, 0x00, 0x00, 0xC0, 0xFF, 0xFF, 0xFF, 0xFF, 0xFF, 0xFF, 0xFF, 0xFF, 0x07, 0x00, 0x00, 0x00,
    0x00, 0x00, 0x00, 0x00, 0xFF, 0xFF, 0xFF, 0xFF, 0xFF, 0xFF, 0xFF, 0xFF, 0x03, 0x00, 0x00, 0x00,
    0x00, 0x00, 0x00, 0x00, 0xFF, 0xFF, 0xFF, 0xFF, 0xFF, 0xFF, 0xFF, 0xFF, 0x03, 0x00, 0x00, 0x00,
    0x00, 0x00, 0x00, 0x00, 0xFC, 0xFF, 0x83, 0xFF, 0xFF, 0x07, 0xFF, 0xFF, 0x00, 0x00, 0x00, 0x00,
    0x00, 0x00, 0x00, 0x00, 0xFC, 0xFF, 0x83, 0xFF, 0xFF, 0x07, 0xFF, 0xFF, 0x00, 0x00, 0x00, 0x00,
    0x00, 0x00, 0x00, 0x00, 0xF8, 0x3F, 0x00, 0x00, 0x00, 0x00, 0xF8, 0x3F, 0x00, 0x00, 0x00, 0x00,
    0x00, 0x00, 0x00, 0x00, 0x00, 0x00, 0x00, 0x00, 0x00, 0x00, 0x00, 0x00, 0x00, 0x00, 0x00, 0x00,
    0x00, 0x00, 0x00, 0x00, 0x00, 0x00, 0x00, 0x00, 0x00, 0x00, 0x00, 0x00, 0x00, 0x00, 0x00, 0x00,
    0x00, 0x00, 0x00, 0x00, 0x00, 0x00, 0x00, 0x00, 0x00, 0x00, 0x00, 0x00, 0x00, 0x00, 0x00, 0x00,
    0x00, 0x00, 0x00, 0x00, 0x00, 0x00, 0x00, 0x00, 0x00, 0x00, 0x00, 0x00, 0x00, 0x00, 0x00, 0x00,
    0x00, 0x00, 0x00, 0x00, 0x00, 0x00, 0x00, 0x00, 0x00, 0x00, 0x00, 0x00, 0x00, 0x00, 0x00, 0x00,
};
}}
