#include "SolflameFrames.h"
namespace tamassol { namespace assets {
alignas(4) const uint16_t kLandscape[76800] = {
    0x0148, 0x0148, 0x0189, 0x0189, 0x0107, 0x0127, 0x0127, 0x0169, 0x022B, 0x022B, 0x01A9, 0x00E6, 0x00E6, 0x00E6, 0x00E7, 0x00E7,
    0x00E7, 0x00E7, 0x0107, 0x0107, 0x0107, 0x00E6, 0x00C6, 0x00E6, 0x0127, 0x0128, 0x0107, 0x0107, 0x0107, 0x0107, 0x0107, 0x00E7,
    0x0127, 0x0148, 0x0147, 0x0107, 0x00E6, 0x00E7, 0x00C5, 0x00E7, 0x00E7, 0x00E6, 0x00E6, 0x00E6, 0x0127, 0x01E9, 0x0209, 0x01C8,
    0x0167, 0x0167, 0x0209, 0x022A, 0x022A, 0x022A, 0x032B, 0x02A9, 0x0127, 0x0127, 0x0147, 0x0106, 0x00C5, 0x0127, 0x0107, 0x0107,
    0x0127, 0x0128, 0x0128, 0x00E6, 0x01A9, 0x022B, 0x020A, 0x020B, 0x0129, 0x02AF, 0x02ED, 0x026B, 0x01CA, 0x012A, 0x00A6, 0x00C5,
    0x00C5, 0x00E6, 0x00E6, 0x0107, 0x0128, 0x0128, 0x01CA, 0x01EB, 0x01CA, 0x00C6, 0x01AB, 0x0968, 0x0884, 0x10A4, 0x1927, 0x2128,
    0x1907, 0x1907, 0x10C5, 0x0863, 0x0043, 0x00E6, 0x0107, 0x0106, 0x0106, 0x0107, 0x0107, 0x00E6, 0x00E6, 0x00E6, 0x00E6, 0x00E6,
    0x00E6, 0x00E6, 0x0147, 0x01E9, 0x01C8, 0x01C9, 0x01A8, 0x00A5, 0x01C8, 0x01E9, 0x01A8, 0x01E9, 0x0B68, 0x1428, 0x01A7, 0x00E6,
    0x0147, 0x0126, 0x00C5, 0x00C6, 0x00C6, 0x00C6, 0x00C6, 0x00C6, 0x00C6, 0x00C6, 0x0107, 0x0189, 0x0189, 0x0168, 0x0189, 0x022A,
    0x0229, 0x0209, 0x0167, 0x0167, 0x0209, 0x01E9, 0x0209, 0x0168, 0x0168, 0x0229, 0x01A7, 0x0084, 0x00E6, 0x0127, 0x0107, 0x0107,
    0x0148, 0x0148, 0x00E6, 0x00E6, 0x00E6, 0x0147, 0x0147, 0x0127, 0x0147, 0x0127, 0x00C5, 0x00A5, 0x00C6, 0x00E6, 0x0106, 0x0147,
    0x0147, 0x0147, 0x0126, 0x00E5, 0x0187, 0x01C7, 0x01E8, 0x0B28, 0x0B07, 0x0187, 0x44A3, 0x65A3, 0x75E4, 0x4404, 0x0146, 0x00E6,
    0x00C5, 0x0127, 0x0127, 0x0147, 0x01A8, 0x0187, 0x0187, 0x0147, 0x01E8, 0x01E8, 0x0A47, 0x23A4, 0x0AC7, 0x0209, 0x2BE6, 0x4D26,
    0x7E45, 0x7E25, 0x65C9, 0x7643, 0x4CCA, 0x029D, 0x02BC, 0x029C, 0x029C, 0x02BC, 0x02BC, 0x02BC, 0x02BC, 0x02BC, 0x02BC, 0x02BC,
    0x02BC, 0x02BC, 0x02DC, 0x02DC, 0x02BD, 0x02DD, 0x02DD, 0x02DC, 0x02DC, 0x02DC, 0x02DC, 0x02DD, 0x02DC, 0x02DC, 0x02DC, 0x02BC,
    0x02BC, 0x02BC, 0x02BD, 0x02BD, 0x02BD, 0x02BD, 0x02BD, 0x02BD, 0x02BD, 0x02BC, 0x02BC, 0x02BC, 0x02BC, 0x02BC, 0x02BC, 0x02BC,
    0x02BC, 0x02BC, 0x02BC, 0x02BC, 0x02BC, 0x02BC, 0x02BC, 0x02BC, 0x02BC, 0x02BC, 0x02BC, 0x02BC, 0x02BC, 0x02BC, 0x02BC, 0x02BC,
    0x02BC, 0x02BC, 0x02BC, 0x02BC, 0x02BC, 0x02BC, 0x02BC, 0x02BC, 0x02BC, 0x02BC, 0x02BC, 0x02BC, 0x02BC, 0x02BC, 0x02BC, 0x02BC,
    0x02BC, 0x02BC, 0x02BC, 0x02BC, 0x02BC, 0x02BC, 0x02BC, 0x02BC, 0x02BC, 0x02BC, 0x02BC, 0x02BD, 0x02BC, 0x02BC, 0x02BC, 0x02BC,
    0x02BC, 0x02BC, 0x02BD, 0x02BD, 0x02BC, 0x02BC, 0x02BC, 0x02BC, 0x02BC, 0x02BC, 0x02BC, 0x02BC, 0x02BC, 0x02BC, 0x02BC, 0x02BC,
    0x0148, 0x0127, 0x0189, 0x01A9, 0x0127, 0x0127, 0x0127, 0x01CA, 0x028C, 0x024B, 0x0188, 0x00E6, 0x00E6, 0x00E6, 0x00E7, 0x00E7,
    0x00E7, 0x00E7, 0x0107, 0x0107, 0x0107, 0x00E6, 0x00E6, 0x0107, 0x0127, 0x0127, 0x0107, 0x0107, 0x0107, 0x0107, 0x0107, 0x00E6,
    0x0107, 0x0148, 0x0148, 0x0148, 0x00C6, 0x00E7, 0x00C5, 0x00E6, 0x00E7, 0x00E6, 0x0107, 0x00E6, 0x01A8, 0x022A, 0x0209, 0x01E8,
    0x0187, 0x0188, 0x01E9, 0x024A, 0x024A, 0x028B, 0x034B, 0x030A, 0x01A8, 0x0127, 0x0147, 0x0106, 0x00E6, 0x0107, 0x0107, 0x0106,
    0x0107, 0x0128, 0x0127, 0x0107, 0x01CA, 0x022B, 0x024C, 0x01EB, 0x016A, 0x028E, 0x02AD, 0x026C, 0x024C, 0x01AB, 0x0149, 0x00C6,
    0x00C5, 0x00C6, 0x00E6, 0x0128, 0x0128, 0x0148, 0x01CA, 0x020B, 0x0169, 0x0128, 0x01CB, 0x0927, 0x10C5, 0x1906, 0x2128, 0x1907,
    0x18C6, 0x10A4, 0x08A5, 0x0884, 0x00C5, 0x0128, 0x0107, 0x0106, 0x0106, 0x0106, 0x00E6, 0x00E6, 0x00E6, 0x00E6, 0x0106, 0x00E6,
    0x00E6, 0x0106, 0x01A8, 0x01E9, 0x01C9, 0x01C9, 0x01C8, 0x0106, 0x01A8, 0x01E9, 0x01A8, 0x12C7, 0x2407, 0x1368, 0x01A7, 0x00E6,
    0x0127, 0x0127, 0x00E6, 0x00E6, 0x00C6, 0x00C6, 0x00C6, 0x00C6, 0x00C6, 0x00C6, 0x0148, 0x01C9, 0x01A9, 0x0189, 0x01A9, 0x024A,
    0x024A, 0x0209, 0x0209, 0x0229, 0x0209, 0x01E9, 0x01E9, 0x01A8, 0x01A9, 0x026A, 0x0187, 0x00A5, 0x00E6, 0x0106, 0x0127, 0x0127,
    0x0168, 0x0147, 0x0106, 0x00E6, 0x00E6, 0x0146, 0x0167, 0x0127, 0x0127, 0x0147, 0x0106, 0x00A5, 0x00A5, 0x00C5, 0x0106, 0x0127,
    0x0167, 0x0147, 0x0106, 0x0146, 0x0208, 0x01E8, 0x1287, 0x4CE5, 0x2BE5, 0x0226, 0x3424, 0x6DC3, 0x5485, 0x2286, 0x0105, 0x00E6,
    0x00E5, 0x0106, 0x0147, 0x0209, 0x01A7, 0x0167, 0x0187, 0x0167, 0x01C8, 0x0208, 0x0227, 0x1B05, 0x0A87, 0x0A88, 0x3C65, 0x3C66,
    0x65A8, 0x7E43, 0x2430, 0x450A, 0x340F, 0x027F, 0x029E, 0x029D, 0x02BC, 0x02BD, 0x02BD, 0x02BC, 0x02BC, 0x02BD, 0x02BC, 0x02BC,
    0x02BC, 0x02BC, 0x02DC, 0x02DC, 0x02BD, 0x02DD, 0x02DD, 0x02DD, 0x02DD, 0x02DD, 0x02BC, 0x02DC, 0x02DC, 0x02BC, 0x02DC, 0x02BC,
    0x02BC, 0x02BC, 0x02BD, 0x02BD, 0x02BD, 0x02BD, 0x02BD, 0x02BD, 0x02BD, 0x02BC, 0x02BC, 0x02BC, 0x02BC, 0x02BC, 0x02BC, 0x02BC,
    0x02BC, 0x02BC, 0x02BC, 0x02BC, 0x02BC, 0x02BC, 0x02BC, 0x02BC, 0x02BC, 0x02BC, 0x02BC, 0x02BC, 0x02BC, 0x02BC, 0x02BC, 0x02BC,
    0x02BC, 0x02BC, 0x02BC, 0x02BC, 0x02BC, 0x02BC, 0x02BC, 0x02BC, 0x02BC, 0x02BC, 0x02BC, 0x02BC, 0x02BC, 0x02BC, 0x02BC, 0x02BC,
    0x02BC, 0x02BC, 0x02BC, 0x02BC, 0x02BC, 0x02BC, 0x02BC, 0x02BC, 0x02BC, 0x02BC, 0x02BC, 0x02BD, 0x02BD, 0x02BC, 0x02BC, 0x02BC,
    0x02BC, 0x02BC, 0x02BC, 0x02BC, 0x02BC, 0x02BD, 0x02BC, 0x02BC, 0x02BC, 0x02BC, 0x02BC, 0x02BC, 0x02BC, 0x02BC, 0x02BC, 0x02BC,
    0x0147, 0x0168, 0x01EA, 0x026C, 0x0189, 0x0107, 0x0189, 0x026B, 0x024A, 0x0188, 0x00E6, 0x0107, 0x00E6, 0x00E7, 0x00E7, 0x00E7,
    0x00E7, 0x00E6, 0x0107, 0x0107, 0x0107, 0x00E6, 0x00E6, 0x0127, 0x0127, 0x0147, 0x0127, 0x0107, 0x0147, 0x0147, 0x0107, 0x0168,
    0x0168, 0x0127, 0x0189, 0x0189, 0x0128, 0x0148, 0x0167, 0x00E5, 0x00C6, 0x00E6, 0x0107, 0x0166, 0x01E9, 0x026A, 0x02AB, 0x0209,
    0x0188, 0x0188, 0x01C8, 0x024B, 0x026B, 0x0B6A, 0x13A9, 0x0289, 0x028A, 0x0148, 0x0107, 0x0127, 0x0106, 0x00E6, 0x00E6, 0x00E6,
    0x00E6, 0x0127, 0x0107, 0x0189, 0x026C, 0x026C, 0x0189, 0x0149, 0x02AF, 0x026E, 0x016A, 0x01CA, 0x032E, 0x0350, 0x022E, 0x00C6,
    0x00A5, 0x00C6, 0x00C5, 0x0107, 0x0148, 0x01AA, 0x022C, 0x0189, 0x00A5, 0x0949, 0x1106, 0x10E5, 0x1907, 0x1928, 0x1906, 0x10A4,
    0x0883, 0x08A4, 0x0127, 0x0107, 0x0148, 0x0148, 0x0148, 0x0127, 0x0106, 0x0106, 0x0107, 0x00E6, 0x00E6, 0x0106, 0x0106, 0x00E6,
    0x00E6, 0x0106, 0x01C7, 0x01E8, 0x0269, 0x0289, 0x02E9, 0x23A8, 0x0A46, 0x00E6, 0x0AA7, 0x13C6, 0x0AC7, 0x0229, 0x02E9, 0x0207,
    0x00E6, 0x0106, 0x0167, 0x0147, 0x00C6, 0x00C6, 0x00C6, 0x00C5, 0x00C5, 0x0148, 0x01A9, 0x0148, 0x0147, 0x0189, 0x022A, 0x02AB,
    0x01A8, 0x01E9, 0x0249, 0x0229, 0x0187, 0x0167, 0x0209, 0x0229, 0x01C9, 0x01A9, 0x00E6, 0x00E6, 0x00A5, 0x00E6, 0x0188, 0x01A9,
    0x0146, 0x0146, 0x0188, 0x0168, 0x0148, 0x0167, 0x01C9, 0x01A8, 0x0147, 0x0127, 0x0126, 0x00C5, 0x00A5, 0x00C5, 0x0127, 0x0126,
    0x0126, 0x0106, 0x0147, 0x0228, 0x0207, 0x12C7, 0x5546, 0x4C65, 0x09A4, 0x3425, 0x2B44, 0x6D03, 0x8643, 0x8EC3, 0x4BE4, 0x0126,
    0x00E5, 0x00C4, 0x0126, 0x0229, 0x01C7, 0x0105, 0x01E7, 0x0146, 0x0146, 0x0248, 0x01E7, 0x0146, 0x0207, 0x3445, 0x3C64, 0x0168,
    0x0333, 0x54E8, 0x2448, 0x02F6, 0x029B, 0x0B1A, 0x2C15, 0x0B1A, 0x02BD, 0x02DC, 0x02BC, 0x02BC, 0x02BC, 0x02BC, 0x02BC, 0x02BC,
    0x02DC, 0x02DC, 0x02DC, 0x02DC, 0x02DC, 0x02DC, 0x02DD, 0x02DC, 0x02DC, 0x02DC, 0x02BC, 0x02BC, 0x02DC, 0x02DC, 0x02DC, 0x02BC,
    0x02DC, 0x02DC, 0x02BC, 0x02BC, 0x02BC, 0x02BC, 0x02BD, 0x02BC, 0x02BC, 0x02BC, 0x02BC, 0x02BC, 0x02BC, 0x02BC, 0x02BC, 0x02BC,
    0x02BC, 0x02BC, 0x02BC, 0x02BC, 0x02BC, 0x02BC, 0x02BC, 0x02BC, 0x02BC, 0x02BC, 0x02BC, 0x02BC, 0x02BC, 0x02BC, 0x02BC, 0x02BC,
    0x02BC, 0x02BC, 0x02BC, 0x02BC, 0x02BC, 0x02BC, 0x02BC, 0x02BC, 0x02BC, 0x02BC, 0x02BC, 0x02BC, 0x02BC, 0x02BC, 0x02BC, 0x02BC,
    0x02BC, 0x02BC, 0x02BC, 0x02BC, 0x02BC, 0x02BC, 0x02BC, 0x02BC, 0x02BC, 0x02BC, 0x02BC, 0x02BC, 0x02BC, 0x02BC, 0x02BC, 0x02BC,
    0x02BC, 0x02BC, 0x02BC, 0x02BC, 0x02BC, 0x02BC, 0x02BC, 0x02BC, 0x02BC, 0x02BC, 0x02BC, 0x02BC, 0x02BC, 0x02BC, 0x02BC, 0x02BC,
    0x0148, 0x0189, 0x01EA, 0x01EA, 0x01A9, 0x0188, 0x01C9, 0x01C9, 0x01A9, 0x0168, 0x0107, 0x00C6, 0x00E6, 0x00E7, 0x00E7, 0x00E7,
    0x00E6, 0x00E7, 0x0107, 0x0107, 0x0107, 0x00E6, 0x0107, 0x0127, 0x0107, 0x0147, 0x0107, 0x0147, 0x0188, 0x0167, 0x0107, 0x0188,
    0x01A8, 0x0168, 0x020B, 0x01EA, 0x0148, 0x01EA, 0x01C8, 0x00A4, 0x00A4, 0x00A5, 0x00E6, 0x0167, 0x0147, 0x01E9, 0x0209, 0x01A7,
    0x0167, 0x0187, 0x01E9, 0x024B, 0x022B, 0x1328, 0x2C06, 0x02C8, 0x01E8, 0x01C9, 0x0188, 0x0228, 0x0248, 0x0147, 0x00C6, 0x00E6,
    0x00C5, 0x00E6, 0x00E6, 0x01A9, 0x022B, 0x0148, 0x00A5, 0x024D, 0x0331, 0x024E, 0x014A, 0x00E6, 0x02EE, 0x02EF, 0x0108, 0x00E6,
    0x00E6, 0x00C5, 0x00E6, 0x0169, 0x0169, 0x0189, 0x01A9, 0x08A5, 0x10C5, 0x18E6, 0x18E6, 0x1906, 0x18E5, 0x1906, 0x10A4, 0x10A4,
    0x10A4, 0x0106, 0x0127, 0x0147, 0x0167, 0x0147, 0x0127, 0x0127, 0x0106, 0x00E5, 0x00E6, 0x00E6, 0x00E6, 0x00E6, 0x00E5, 0x0106,
    0x0106, 0x0188, 0x0147, 0x0248, 0x0389, 0x0349, 0x02A8, 0x6DA5, 0x1C07, 0x0146, 0x0247, 0x0AC5, 0x1367, 0x02A8, 0x02E9, 0x0308,
    0x00C5, 0x00E6, 0x0168, 0x0147, 0x00E6, 0x00C6, 0x00C6, 0x00C5, 0x00C5, 0x01A9, 0x0188, 0x00A4, 0x0188, 0x0168, 0x0167, 0x01A8,
    0x00E6, 0x0106, 0x0289, 0x0249, 0x00E5, 0x0064, 0x0187, 0x026A, 0x0147, 0x00A5, 0x00C5, 0x00C6, 0x00E6, 0x0188, 0x0188, 0x0107,
    0x0106, 0x01A8, 0x0167, 0x0167, 0x0209, 0x01C8, 0x01C8, 0x01C7, 0x0126, 0x0106, 0x0126, 0x00C5, 0x00C5, 0x00E5, 0x0147, 0x0126,
    0x00C5, 0x00A5, 0x0187, 0x02A8, 0x0146, 0x1AE6, 0x3446, 0x00C3, 0x08E3, 0x7E25, 0x5464, 0x19E4, 0x8EE4, 0x6523, 0x8644, 0x1A25,
    0x00E6, 0x0106, 0x00C5, 0x00C5, 0x0187, 0x0146, 0x0186, 0x00E5, 0x00A5, 0x0166, 0x0125, 0x00E5, 0x0247, 0x1346, 0x0207, 0x2326,
    0x034E, 0x01B2, 0x0ACE, 0x1316, 0x01FD, 0x5D4A, 0xC7E0, 0x23B6, 0x029D, 0x02DC, 0x02BC, 0x02BC, 0x02BC, 0x02BC, 0x02BC, 0x02BC,
    0x02BC, 0x02BC, 0x02BC, 0x02DC, 0x02DC, 0x02DC, 0x02DC, 0x02DC, 0x02DC, 0x02DC, 0x02DC, 0x02DC, 0x02DC, 0x02DC, 0x02DC, 0x02BC,
    0x02BC, 0x02DC, 0x02BC, 0x02BC, 0x02BC, 0x02BC, 0x02BC, 0x02BC, 0x02BC, 0x02BC, 0x02BC, 0x02BC, 0x02BC, 0x02BC, 0x02BC, 0x02BC,
    0x02BC, 0x02BC, 0x02BC, 0x02BC, 0x02BC, 0x02BC, 0x02BC, 0x02BC, 0x02BC, 0x02BC, 0x02BC, 0x02BC, 0x02BC, 0x02BC, 0x02BC, 0x02BC,
    0x02BC, 0x02BC, 0x02BC, 0x02BC, 0x02BC, 0x02BC, 0x02BC, 0x02BC, 0x02BC, 0x02BC, 0x02BC, 0x02BC, 0x02BC, 0x02BC, 0x02BC, 0x02BC,
    0x02BC, 0x02BC, 0x02BC, 0x02BC, 0x02BC, 0x02BC, 0x02BC, 0x02BC, 0x02BC, 0x02BC, 0x02BC, 0x02BC, 0x02BC, 0x02BC, 0x02BC, 0x02BC,
    0x02BC, 0x02BC, 0x02BC, 0x02BC, 0x02BC, 0x02BC, 0x02BC, 0x02BC, 0x02BC, 0x02BC, 0x02BC, 0x02BC, 0x02BC, 0x02BC, 0x02BC, 0x02BC,
    0x0189, 0x01A9, 0x020A, 0x01CA, 0x01EA, 0x01C9, 0x01C9, 0x01C9, 0x020A, 0x028C, 0x01EA, 0x01C9, 0x0127, 0x00E7, 0x0107, 0x0107,
    0x00E6, 0x0107, 0x0107, 0x00E7, 0x0107, 0x00E6, 0x00E6, 0x0148, 0x0128, 0x0106, 0x0147, 0x01A8, 0x01A8, 0x0187, 0x0147, 0x00E7,
    0x0127, 0x026B, 0x028B, 0x022A, 0x01A7, 0x01C9, 0x01C9, 0x0127, 0x0085, 0x0106, 0x0126, 0x0127, 0x0188, 0x01C8, 0x0106, 0x0126,
    0x01C8, 0x01C8, 0x0126, 0x01A8, 0x0AE9, 0x0A88, 0x0268, 0x0A47, 0x0167, 0x02CA, 0x0309, 0x0329, 0x0227, 0x0106, 0x00E5, 0x00C6,
    0x00C6, 0x00E6, 0x00C6, 0x0127, 0x0147, 0x0168, 0x0127, 0x0168, 0x02CF, 0x014A, 0x00C7, 0x0148, 0x01EA, 0x016A, 0x016A, 0x0149,
    0x00E6, 0x0128, 0x024F, 0x01CC, 0x00A5, 0x08A4, 0x1084, 0x10E6, 0x1928, 0x1907, 0x1907, 0x18E6, 0x10C4, 0x10A4, 0x0863, 0x0863,
    0x0147, 0x0168, 0x00C5, 0x0127, 0x01A8, 0x01C8, 0x0187, 0x0167, 0x00E6, 0x00E6, 0x01A8, 0x0167, 0x00E6, 0x00E6, 0x00E5, 0x00E5,
    0x0187, 0x0187, 0x01E7, 0x0369, 0x02A8, 0x0146, 0x2AC6, 0x6505, 0x0A45, 0x3467, 0x2B66, 0x0945, 0x3C05, 0x4446, 0x0A07, 0x02C9,
    0x0288, 0x0107, 0x0127, 0x0127, 0x0107, 0x00C6, 0x00A6, 0x00A5, 0x00C6, 0x0107, 0x0106, 0x00C5, 0x0167, 0x00C5, 0x0043, 0x0127,
    0x0147, 0x00E6, 0x0289, 0x02A9, 0x0167, 0x0064, 0x00A5, 0x01A8, 0x00C6, 0x00C5, 0x00A5, 0x00E6, 0x01A8, 0x0167, 0x0147, 0x0106,
    0x0187, 0x0208, 0x01A8, 0x0106, 0x01A7, 0x01C8, 0x01A7, 0x0126, 0x0106, 0x0106, 0x00A5, 0x00A5, 0x00C5, 0x00C4, 0x00C5, 0x00C5,
    0x00E6, 0x00E6, 0x01A6, 0x0247, 0x00A6, 0x0227, 0x01E7, 0x0064, 0x43A4, 0x8685, 0x5CA4, 0x0065, 0x64E5, 0x2B64, 0x1A05, 0x11C6,
    0x0168, 0x0188, 0x0187, 0x0126, 0x0167, 0x01C8, 0x0126, 0x00A5, 0x0186, 0x0206, 0x0206, 0x01A7, 0x02A9, 0x01A8, 0x2B66, 0x65C4,
    0x3447, 0x098A, 0x4C48, 0x2BCF, 0x33B0, 0x9EC3, 0x5D0C, 0x029A, 0x027D, 0x02BD, 0x02BC, 0x02BC, 0x02BC, 0x02BC, 0x02BC, 0x02BC,
    0x02BC, 0x02BC, 0x02BC, 0x02DC, 0x02DC, 0x02DC, 0x02DC, 0x02DC, 0x02DC, 0x02DC, 0x02DC, 0x02DC, 0x02BC, 0x02BC, 0x02BC, 0x02DC,
    0x02BC, 0x02BC, 0x02BC, 0x02BC, 0x02BC, 0x02BC, 0x02BC, 0x02BC, 0x02BC, 0x02BC, 0x02BC, 0x02BC, 0x02BC, 0x02BC, 0x02BC, 0x02BC,
    0x02BC, 0x02BC, 0x02BC, 0x02BC, 0x02BC, 0x02BC, 0x02BC, 0x02BC, 0x02BC, 0x02BC, 0x02BC, 0x02BC, 0x02BC, 0x02BC, 0x02BC, 0x02BC,
    0x02BC, 0x02BC, 0x02BC, 0x02BC, 0x02DC, 0x02BC, 0x02BC, 0x02BC, 0x02BC, 0x02BD, 0x02BC, 0x02BC, 0x02BC, 0x02BC, 0x02BC, 0x02BC,
    0x02BC, 0x02BC, 0x02BC, 0x02BC, 0x02BC, 0x02BC, 0x02BC, 0x02BC, 0x02BC, 0x02BC, 0x02BC, 0x02BC, 0x02BC, 0x02BC, 0x02BD, 0x02BD,
    0x02BD, 0x02BC, 0x02BC, 0x02BC, 0x02BC, 0x02BC, 0x02BC, 0x02BC, 0x02BC, 0x02BC, 0x02BC, 0x02BC, 0x02BC, 0x02BC, 0x02BC, 0x02BC,
    0x01A9, 0x020A, 0x02CC, 0x026B, 0x024B, 0x0106, 0x0188, 0x02AC, 0x028B, 0x028B, 0x022A, 0x024C, 0x0169, 0x00E7, 0x0107, 0x0107,
    0x0107, 0x0107, 0x0107, 0x00E6, 0x00E7, 0x0107, 0x00E6, 0x0107, 0x0107, 0x0147, 0x01A8, 0x01A8, 0x01A8, 0x01C8, 0x0188, 0x0147,
    0x0106, 0x01E9, 0x024B, 0x024A, 0x01C7, 0x024A, 0x024B, 0x026B, 0x0126, 0x0165, 0x01C7, 0x00C5, 0x0106, 0x0147, 0x00C5, 0x0106,
    0x0167, 0x00E6, 0x00A5, 0x0188, 0x1367, 0x0AA7, 0x02A8, 0x13A8, 0x0B08, 0x0B48, 0x02C9, 0x0309, 0x02A9, 0x0187, 0x00E6, 0x00E6,
    0x00C6, 0x00C6, 0x00C6, 0x00E6, 0x0188, 0x0168, 0x00C6, 0x00A5, 0x01EC, 0x0128, 0x0064, 0x0127, 0x01AA, 0x018B, 0x018B, 0x016A,
    0x00A5, 0x018B, 0x022F, 0x0085, 0x0884, 0x10E6, 0x1107, 0x1907, 0x1926, 0x18E5, 0x10A4, 0x08A4, 0x0884, 0x0863, 0x00E6, 0x0127,
    0x01A9, 0x020A, 0x0147, 0x00A4, 0x0187, 0x0269, 0x01E8, 0x01A8, 0x01A7, 0x0AC6, 0x0AC7, 0x01A7, 0x00E6, 0x0106, 0x00C6, 0x00C5,
    0x0105, 0x00A4, 0x0269, 0x0289, 0x00E6, 0x0127, 0x2C69, 0x22E7, 0x08E4, 0x7604, 0x5D65, 0x0127, 0x0904, 0x4C85, 0x1B07, 0x0187,
    0x0248, 0x0107, 0x0127, 0x0127, 0x0127, 0x0127, 0x01A8, 0x01E9, 0x0126, 0x00A5, 0x00A5, 0x0084, 0x00A5, 0x00C5, 0x0084, 0x0147,
    0x0188, 0x00A6, 0x01E8, 0x0208, 0x00C6, 0x00C6, 0x00C5, 0x00C6, 0x00C5, 0x00C5, 0x00A5, 0x0127, 0x0147, 0x00C5, 0x0126, 0x01C8,
    0x01E8, 0x01A8, 0x01C8, 0x01E9, 0x0147, 0x0106, 0x0167, 0x0126, 0x0107, 0x0127, 0x00E6, 0x0106, 0x0106, 0x0106, 0x00C5, 0x00E6,
    0x0107, 0x00E6, 0x0126, 0x0126, 0x00C6, 0x0146, 0x0106, 0x00E6, 0x2265, 0x7E43, 0x4363, 0x0004, 0x1A25, 0x1B08, 0x0148, 0x0167,
    0x01A8, 0x0147, 0x0187, 0x0208, 0x0167, 0x0126, 0x0186, 0x01E6, 0x0AC6, 0x3424, 0x0B46, 0x0228, 0x2366, 0x1B65, 0x1B45, 0x23E5,
    0x23E5, 0x3BE6, 0xB723, 0x54E8, 0x4D08, 0xA6E3, 0x654A, 0x654B, 0x656C, 0x0B1B, 0x02BD, 0x02BC, 0x02BC, 0x02BC, 0x02BC, 0x02BC,
    0x02DC, 0x02BC, 0x02DC, 0x02DC, 0x02DC, 0x02DC, 0x02DC, 0x02DC, 0x02DC, 0x02DC, 0x02DC, 0x02DC, 0x02BC, 0x02DC, 0x02DC, 0x02BC,
    0x02BC, 0x02BC, 0x02BC, 0x02BC, 0x02BC, 0x02BC, 0x02BC, 0x02BC, 0x02BC, 0x02BC, 0x02BC, 0x02BC, 0x02BC, 0x02BC, 0x02BC, 0x02BC,
    0x02BC, 0x02BC, 0x02BC, 0x02BC, 0x02BC, 0x02BC, 0x02BC, 0x02BC, 0x02BC, 0x02BC, 0x02BC, 0x02BC, 0x02BC, 0x02BC, 0x02BC, 0x02BC,
    0x02BC, 0x02BC, 0x02BC, 0x02BC, 0x02BC, 0x02BC, 0x02DD, 0x02BC, 0x02BC, 0x02BD, 0x02BD, 0x02BC, 0x02BC, 0x02BC, 0x02BC, 0x02BC,
    0x02BC, 0x02BC, 0x02BC, 0x02BC, 0x02BC, 0x02BC, 0x02BC, 0x02BC, 0x02BC, 0x02BC, 0x02BC, 0x02BC, 0x02BC, 0x02BC, 0x02BC, 0x02BC,
    0x02BC, 0x02BC, 0x02BC, 0x02BD, 0x02BC, 0x02BD, 0x02BC, 0x02BC, 0x02BC, 0x02BC, 0x02BC, 0x02BC, 0x02BC, 0x02BC, 0x02BC, 0x02BC,
    0x0188, 0x024B, 0x026B, 0x020A, 0x0188, 0x00A5, 0x00E6, 0x0188, 0x01C9, 0x02AC, 0x01EA, 0x0107, 0x0107, 0x0107, 0x0107, 0x0107,
    0x0107, 0x0107, 0x00E7, 0x00E6, 0x00E6, 0x00E6, 0x00E6, 0x00E6, 0x00E6, 0x0147, 0x0127, 0x0107, 0x0107, 0x0106, 0x0106, 0x0147,
    0x00A4, 0x0188, 0x026B, 0x0228, 0x0248, 0x02CB, 0x02EC, 0x028A, 0x01A8, 0x01C7, 0x01E8, 0x0146, 0x00E6, 0x00C5, 0x0084, 0x0084,
    0x00A5, 0x00C6, 0x01C9, 0x0269, 0x0268, 0x01E7, 0x0308, 0x13E8, 0x0288, 0x0289, 0x024A, 0x0249, 0x026A, 0x0229, 0x0107, 0x00C6,
    0x00E6, 0x00C5, 0x00E6, 0x01A9, 0x0168, 0x00C6, 0x00E6, 0x00E7, 0x00E7, 0x00C6, 0x00C5, 0x00A5, 0x018A, 0x020E, 0x022F, 0x01AC,
    0x0063, 0x08A5, 0x08A5, 0x1084, 0x1907, 0x10E6, 0x1907, 0x1906, 0x10A4, 0x0883, 0x0884, 0x10A4, 0x0043, 0x08E6, 0x01CA, 0x01C9,
    0x01A8, 0x01C9, 0x022A, 0x0126, 0x00A4, 0x0186, 0x01C8, 0x01C9, 0x1348, 0x2C85, 0x1B06, 0x0126, 0x00A5, 0x00C5, 0x2B45, 0x3BE5,
    0x0106, 0x00A5, 0x0167, 0x0127, 0x0084, 0x0167, 0x03AB, 0x01A9, 0x00E6, 0x22A5, 0x1C48, 0x01E8, 0x0065, 0x0985, 0x0B08, 0x0147,
    0x0107, 0x0127, 0x0127, 0x0127, 0x0147, 0x01E8, 0x028A, 0x0249, 0x01C8, 0x01C8, 0x00E5, 0x01A7, 0x00C5, 0x00A5, 0x00A5, 0x00C5,
    0x00E6, 0x00A5, 0x00C5, 0x00E6, 0x00A6, 0x00C6, 0x00C6, 0x00C6, 0x00C6, 0x00C6, 0x00C6, 0x00C6, 0x00C5, 0x00A5, 0x0127, 0x0188,
    0x01A8, 0x0147, 0x0148, 0x0209, 0x01C9, 0x0106, 0x00E6, 0x00E6, 0x0127, 0x0148, 0x0148, 0x0147, 0x0127, 0x0127, 0x0107, 0x0107,
    0x0107, 0x00E6, 0x00C5, 0x00E6, 0x00E6, 0x00C6, 0x00C6, 0x00C6, 0x0125, 0x4C63, 0x0904, 0x00A5, 0x00C5, 0x0147, 0x0187, 0x01C8,
    0x01E9, 0x01C8, 0x01A7, 0x0167, 0x0106, 0x00C5, 0x0185, 0x0247, 0x0B27, 0x5D22, 0x1B25, 0x0106, 0x3B84, 0x65C2, 0x09C4, 0x00E5,
    0x0A45, 0x6DC3, 0x75A2, 0x75C3, 0x342D, 0x33CF, 0xA721, 0x9F22, 0x7666, 0x02FB, 0x02BD, 0x02BC, 0x02BC, 0x02BD, 0x02BC, 0x02BC,
    0x02BC, 0x02DC, 0x02DC, 0x02DC, 0x02DC, 0x02DC, 0x02DC, 0x02DC, 0x02DC, 0x02DC, 0x02DC, 0x02DC, 0x02DC, 0x02DC, 0x02DC, 0x02DC,
    0x02BC, 0x02BC, 0x02BC, 0x02BC, 0x02BC, 0x02BC, 0x02BC, 0x02BC, 0x02BC, 0x02BC, 0x02BC, 0x02BC, 0x02BC, 0x02BC, 0x02BC, 0x02BC,
    0x02BC, 0x02BC, 0x02BC, 0x02BC, 0x02BC, 0x02BC, 0x02BC, 0x02BC, 0x02BC, 0x02BC, 0x02BC, 0x02BC, 0x02BC, 0x02BC, 0x02BC, 0x02BC,
    0x02BC, 0x02BC, 0x02BC, 0x02BC, 0x02BC, 0x02BC, 0x02BC, 0x02BD, 0x02BC, 0x02BD, 0x02BD, 0x02BC, 0x02BD, 0x02BC, 0x02BC, 0x02BC,
    0x02BC, 0x02BC, 0x02BC, 0x02BC, 0x02BC, 0x02BC, 0x02BC, 0x02BC, 0x02BC, 0x02BC, 0x02BC, 0x02BC, 0x02BC, 0x02BC, 0x02BC, 0x02BC,
    0x02BC, 0x02BD, 0x02BC, 0x02BD, 0x02BD, 0x02BD, 0x02BC, 0x02BD, 0x02BC, 0x02BC, 0x02BC, 0x02BC, 0x02BC, 0x02BC, 0x02BC, 0x02BC,
    0x020A, 0x024B, 0x024B, 0x020A, 0x0127, 0x00A5, 0x00E6, 0x0127, 0x0106, 0x01EA, 0x01EA, 0x00C5, 0x00E6, 0x0107, 0x0107, 0x0107,
    0x00E7, 0x00E6, 0x00E7, 0x00E6, 0x00E6, 0x00E6, 0x00C6, 0x00E6, 0x00E6, 0x0106, 0x0107, 0x00E7, 0x0107, 0x0107, 0x00E6, 0x00C5,
    0x00C5, 0x0167, 0x0247, 0x0288, 0x0269, 0x02CB, 0x024A, 0x00E6, 0x0167, 0x01E9, 0x0188, 0x0106, 0x01C9, 0x020A, 0x01A8, 0x00A4,
    0x0084, 0x00E6, 0x0209, 0x026A, 0x01E8, 0x01C8, 0x02E8, 0x02E8, 0x01C8, 0x0168, 0x01CA, 0x0188, 0x0168, 0x01A8, 0x0127, 0x00E6,
    0x00E7, 0x0107, 0x0189, 0x01CA, 0x0107, 0x00C6, 0x00C5, 0x00C6, 0x00E6, 0x00C6, 0x00E6, 0x00E7, 0x0108, 0x00E8, 0x020E, 0x0928,
    0x08A5, 0x10C5, 0x10E6, 0x1928, 0x10A4, 0x0884, 0x10E6, 0x10A4, 0x0863, 0x0883, 0x18E5, 0x10A4, 0x00A4, 0x0188, 0x01A9, 0x01A9,
    0x01A9, 0x01A8, 0x0209, 0x0147, 0x0126, 0x0207, 0x01A7, 0x0168, 0x1308, 0x2C66, 0x1346, 0x0126, 0x0084, 0x2AE4, 0x5DA4, 0x3425,
    0x00C7, 0x00C6, 0x00E6, 0x0127, 0x00A5, 0x0187, 0x026A, 0x0189, 0x00C6, 0x0146, 0x03A9, 0x01C7, 0x00C5, 0x00C6, 0x0188, 0x0148,
    0x0127, 0x0148, 0x0147, 0x0127, 0x0147, 0x01E8, 0x0249, 0x01C7, 0x0208, 0x0249, 0x0248, 0x0228, 0x00E6, 0x00A6, 0x00C6, 0x00A5,
    0x00A5, 0x00A5, 0x00A5, 0x00A6, 0x00C6, 0x00C6, 0x00C6, 0x00C6, 0x00C6, 0x00C5, 0x00C6, 0x00C5, 0x00A5, 0x00A5, 0x0106, 0x0127,
    0x0188, 0x0188, 0x01A8, 0x01C8, 0x01E9, 0x0147, 0x00C6, 0x00E6, 0x0147, 0x0148, 0x0147, 0x0147, 0x0127, 0x0127, 0x0127, 0x0106,
    0x0127, 0x0106, 0x00E6, 0x0107, 0x00E6, 0x00E6, 0x00E6, 0x00C5, 0x0126, 0x1247, 0x00A6, 0x00C6, 0x00E6, 0x00C6, 0x0147, 0x0167,
    0x01C8, 0x0208, 0x01A6, 0x0105, 0x0187, 0x0106, 0x00C5, 0x0125, 0x09E6, 0x2C65, 0x0AA6, 0x0065, 0x22A4, 0x4444, 0x0985, 0x00E6,
    0x2406, 0x3426, 0x09C4, 0x5483, 0x96E7, 0x1B76, 0x5D4C, 0xA742, 0x7EA5, 0x1BD4, 0x02BD, 0x02BC, 0x02BC, 0x02BC, 0x02BC, 0x02BC,
    0x02DC, 0x02DC, 0x02DC, 0x02DC, 0x02DC, 0x02DC, 0x02DC, 0x02DC, 0x02DC, 0x02DC, 0x02DC, 0x02DC, 0x02DC, 0x02DC, 0x02BC, 0x02DC,
    0x02DC, 0x02DC, 0x02DC, 0x02DC, 0x02DC, 0x02DC, 0x02DC, 0x02BC, 0x02BC, 0x02DC, 0x02BC, 0x02BC, 0x02BC, 0x02BC, 0x02BC, 0x02BC,
    0x02BC, 0x02BC, 0x02BC, 0x02BC, 0x02BC, 0x02BC, 0x02BC, 0x02BC, 0x02BC, 0x02BC, 0x02BC, 0x02BC, 0x02BC, 0x02BC, 0x02BC, 0x02BC,
    0x02BC, 0x02BC, 0x02BC, 0x02BC, 0x02BC, 0x02BC, 0x02BC, 0x02BC, 0x02BD, 0x02BD, 0x02BD, 0x02BC, 0x02BD, 0x02BD, 0x02BC, 0x02BC,
    0x02BC, 0x02BC, 0x02BC, 0x02BC, 0x02BC, 0x02BC, 0x02BC, 0x02BC, 0x02BC, 0x02BC, 0x02BC, 0x02BC, 0x02BC, 0x02BC, 0x02BC, 0x02BD,
    0x02BC, 0x02DD, 0x02BD, 0x02BD, 0x02BC, 0x02BD, 0x02BD, 0x02BD, 0x02BC, 0x02BC, 0x02BC, 0x02BC, 0x02BC, 0x02BC, 0x02BC, 0x02BC,
    0x01A9, 0x01A9, 0x026B, 0x0168, 0x00C6, 0x00C5, 0x00E6, 0x0167, 0x0146, 0x0126, 0x0127, 0x00E6, 0x0107, 0x0107, 0x0107, 0x0107,
    0x00E7, 0x00E6, 0x00E6, 0x00E7, 0x00E7, 0x00E6, 0x00C6, 0x00C6, 0x00E6, 0x0107, 0x0127, 0x0127, 0x01E9, 0x024A, 0x022A, 0x0127,
    0x00C6, 0x0126, 0x01A5, 0x01C8, 0x01A8, 0x01C8, 0x01C8, 0x01A8, 0x0188, 0x0167, 0x00E5, 0x0167, 0x020A, 0x0229, 0x0269, 0x01E9,
    0x01A8, 0x0187, 0x01E8, 0x01E9, 0x022A, 0x0188, 0x0249, 0x0289, 0x0268, 0x0986, 0x0148, 0x0209, 0x01C8, 0x0147, 0x0168, 0x0168,
    0x0107, 0x01AA, 0x01EC, 0x0169, 0x00A5, 0x00E6, 0x0108, 0x00E7, 0x00E6, 0x00E6, 0x00C5, 0x0109, 0x00E9, 0x0928, 0x118A, 0x116A,
    0x11AB, 0x1949, 0x1128, 0x0884, 0x10A4, 0x10A4, 0x10A4, 0x10C4, 0x0883, 0x1083, 0x0863, 0x0084, 0x0127, 0x01C8, 0x01C9, 0x01A9,
    0x0188, 0x0188, 0x0188, 0x0127, 0x01A8, 0x0269, 0x1327, 0x01A6, 0x00E7, 0x0247, 0x0B07, 0x0126, 0x12E5, 0x44A4, 0x23A4, 0x11C5,
    0x1186, 0x0107, 0x00E6, 0x00E6, 0x00C6, 0x00E5, 0x0127, 0x0148, 0x0128, 0x01C7, 0x02A8, 0x00E6, 0x00E6, 0x00C5, 0x00E6, 0x00E6,
    0x0147, 0x01EA, 0x01C9, 0x01C8, 0x02A9, 0x0228, 0x01A7, 0x0A47, 0x0A68, 0x12A7, 0x12E7, 0x0288, 0x02E9, 0x0187, 0x00A5, 0x00C5,
    0x00C6, 0x00C5, 0x00A5, 0x00C5, 0x00C6, 0x00E6, 0x00E6, 0x00E6, 0x00E6, 0x00C6, 0x00C6, 0x00E6, 0x00C6, 0x00C6, 0x00C5, 0x00C5,
    0x00E6, 0x0168, 0x01E8, 0x01A8, 0x01C8, 0x0126, 0x00C5, 0x0106, 0x0188, 0x0188, 0x0147, 0x0127, 0x0127, 0x0148, 0x0147, 0x0126,
    0x0126, 0x0106, 0x0147, 0x01A8, 0x0126, 0x00E5, 0x0167, 0x0187, 0x0167, 0x0107, 0x00C6, 0x00C6, 0x00E6, 0x00E6, 0x0127, 0x0146,
    0x0168, 0x01E9, 0x01E7, 0x0207, 0x0248, 0x01A7, 0x0126, 0x0127, 0x12A4, 0x0246, 0x0105, 0x0062, 0x0123, 0x01A5, 0x0166, 0x01C7,
    0x13AC, 0x01E9, 0x0186, 0x4447, 0xA725, 0x2BB7, 0x12F9, 0x85E8, 0x1B77, 0x0319, 0x02BD, 0x02BC, 0x02BD, 0x02BD, 0x02BC, 0x02BC,
    0x02BC, 0x02DC, 0x02DC, 0x02DC, 0x02DC, 0x02DC, 0x02DC, 0x02DC, 0x02DC, 0x02DC, 0x02DC, 0x02DC, 0x02DC, 0x02DC, 0x02DC, 0x02DC,
    0x02DC, 0x02DC, 0x02DC, 0x02DC, 0x02DC, 0x02DC, 0x02BC, 0x02BC, 0x02DC, 0x02DC, 0x02BC, 0x02BC, 0x02BC, 0x02BC, 0x02BC, 0x02BC,
    0x02BC, 0x02BC, 0x02BC, 0x02BC, 0x02BC, 0x02BC, 0x02BC, 0x02BC, 0x02BC, 0x02BC, 0x02BC, 0x02BC, 0x02BC, 0x02BC, 0x02BC, 0x02BC,
    0x02BC, 0x02BC, 0x02BC, 0x02BC, 0x02BC, 0x02BC, 0x02BC, 0x02BC, 0x02BD, 0x02BD, 0x02BD, 0x02BD, 0x02BC, 0x02BC, 0x02BC, 0x02BC,
    0x02BC, 0x02BC, 0x02BC, 0x02BC, 0x02BC, 0x02BC, 0x02BC, 0x02BC, 0x02BC, 0x02BC, 0x02BC, 0x02BC, 0x02BC, 0x02BC, 0x02BC, 0x02BC,
    0x02BC, 0x02BC, 0x02BC, 0x02BD, 0x02BC, 0x02BD, 0x02DD, 0x02BC, 0x02BC, 0x02BC, 0x02BC, 0x02BC, 0x02BC, 0x02BC, 0x02BC, 0x02BC,
    0x00C6, 0x0107, 0x0168, 0x00C6, 0x00C5, 0x00C5, 0x00C5, 0x0127, 0x0147, 0x0127, 0x0128, 0x0107, 0x0107, 0x0107, 0x0107, 0x0107,
    0x00E6, 0x0107, 0x0107, 0x00E7, 0x0107, 0x00E6, 0x00C5, 0x00C5, 0x00E6, 0x0107, 0x0107, 0x024B, 0x02AB, 0x026A, 0x024A, 0x0209,
    0x0167, 0x00E5, 0x0106, 0x0127, 0x0106, 0x0187, 0x0249, 0x01C7, 0x00E5, 0x0884, 0x0967, 0x022A, 0x0208, 0x0AE7, 0x1388, 0x0269,
    0x01E9, 0x02E8, 0x0A87, 0x00E5, 0x0127, 0x0147, 0x01E8, 0x0308, 0x02E7, 0x0267, 0x0147, 0x0229, 0x0228, 0x01C8, 0x0168, 0x0169,
    0x0168, 0x0167, 0x01CB, 0x0169, 0x0127, 0x01CB, 0x02D0, 0x01CB, 0x0127, 0x00C6, 0x08C6, 0x08C6, 0x10E6, 0x10E6, 0x1149, 0x116A,
    0x1169, 0x10E5, 0x18E5, 0x10C4, 0x10C5, 0x10C5, 0x10A4, 0x10C4, 0x08A4, 0x0884, 0x00E6, 0x00E7, 0x00E7, 0x0168, 0x01A8, 0x0147,
    0x00A5, 0x0188, 0x026B, 0x0209, 0x01C8, 0x01A7, 0x1B46, 0x2BE7, 0x2346, 0x1247, 0x00E6, 0x12E6, 0x3464, 0x23A5, 0x2BC5, 0x7E64,
    0x7585, 0x0085, 0x00C5, 0x00C5, 0x00E6, 0x00E6, 0x0169, 0x0169, 0x0148, 0x0127, 0x00E6, 0x00E6, 0x0106, 0x0106, 0x00E6, 0x00E6,
    0x0147, 0x022A, 0x0209, 0x01A6, 0x02E8, 0x02A8, 0x0187, 0x2B26, 0x2306, 0x33E4, 0x1347, 0x0249, 0x0228, 0x01C7, 0x00A5, 0x00E6,
    0x0106, 0x0107, 0x00E6, 0x00C5, 0x00C6, 0x0168, 0x0168, 0x0106, 0x00E6, 0x0107, 0x00E6, 0x00E6, 0x00E6, 0x00E6, 0x00C6, 0x0167,
    0x01A9, 0x01CA, 0x0188, 0x0188, 0x0187, 0x01AA, 0x016A, 0x018A, 0x01A8, 0x02AA, 0x01C9, 0x0127, 0x0127, 0x024A, 0x026A, 0x0147,
    0x0127, 0x0105, 0x01C8, 0x01C8, 0x0167, 0x0147, 0x0188, 0x0106, 0x0147, 0x0127, 0x0107, 0x00E7, 0x00E6, 0x00E6, 0x00E6, 0x00E6,
    0x0188, 0x0209, 0x0227, 0x0268, 0x0228, 0x00E5, 0x0126, 0x0106, 0x024B, 0x024E, 0x01E7, 0x0164, 0x0126, 0x0145, 0x0123, 0x01C5,
    0x02D4, 0x0212, 0x022E, 0x2C18, 0x235A, 0x023D, 0x029C, 0x02BB, 0x029D, 0x02BD, 0x02BC, 0x02BC, 0x02BD, 0x02BD, 0x02BC, 0x02BC,
    0x02BC, 0x02BC, 0x02BC, 0x02DC, 0x02DC, 0x02DC, 0x02DC, 0x02DC, 0x02DC, 0x02DC, 0x02DC, 0x02DC, 0x02DC, 0x02DC, 0x02DC, 0x02DC,
    0x02DC, 0x02DC, 0x02DC, 0x02DC, 0x02DC, 0x02DC, 0x02BC, 0x02BC, 0x02BC, 0x02BC, 0x02DC, 0x02BC, 0x02BC, 0x02BC, 0x02BC, 0x02BC,
    0x02BC, 0x02BC, 0x02BC, 0x02BC, 0x02BC, 0x02BC, 0x02BC, 0x02BC, 0x02BC, 0x02BC, 0x02BC, 0x02BC, 0x02BC, 0x02BC, 0x02BC, 0x02BC,
    0x02BC, 0x02BC, 0x02BC, 0x02BC, 0x02BC, 0x02BC, 0x02BC, 0x02BC, 0x02DC, 0x02DD, 0x02BD, 0x02BC, 0x02BC, 0x02BC, 0x02BC, 0x02BC,
    0x02BC, 0x02BC, 0x02BC, 0x02BC, 0x02BC, 0x02BC, 0x02BC, 0x02BC, 0x02BC, 0x029C, 0x029C, 0x02BC, 0x02BC, 0x02BC, 0x02BC, 0x02BC,
    0x02BC, 0x02BC, 0x02BC, 0x02BC, 0x02BC, 0x02BC, 0x02BC, 0x02BC, 0x02BC, 0x02BC, 0x02BC, 0x02BC, 0x02BC, 0x02BC, 0x02BC, 0x02BC,
    0x00C6, 0x00C6, 0x00C6, 0x00C6, 0x00C6, 0x00E6, 0x00C5, 0x00E6, 0x0127, 0x0107, 0x0107, 0x0107, 0x0107, 0x0127, 0x0127, 0x0106,
    0x0106, 0x0107, 0x0106, 0x0106, 0x0107, 0x00E6, 0x00C5, 0x00C5, 0x00E6, 0x00C6, 0x01C9, 0x028B, 0x02AB, 0x026B, 0x01A9, 0x0106,
    0x0187, 0x01C8, 0x01E9, 0x024A, 0x0229, 0x00C5, 0x0145, 0x0126, 0x00C5, 0x1084, 0x08C5, 0x024A, 0x0B6A, 0x0B89, 0x0309, 0x02A9,
    0x01E9, 0x02E8, 0x13E9, 0x0206, 0x0064, 0x00E6, 0x00E6, 0x02A7, 0x0B28, 0x0167, 0x00E7, 0x0167, 0x0126, 0x01A9, 0x0189, 0x0169,
    0x01AA, 0x0167, 0x01A9, 0x0168, 0x01EB, 0x022B, 0x024C, 0x022B, 0x0188, 0x0884, 0x1107, 0x1928, 0x1928, 0x1128, 0x10C5, 0x10C5,
    0x10C4, 0x10C4, 0x18E5, 0x18E5, 0x1906, 0x10A4, 0x10A4, 0x08A3, 0x0107, 0x0127, 0x0107, 0x00E7, 0x00E7, 0x00E6, 0x00C5, 0x00A4,
    0x0167, 0x028B, 0x01C9, 0x00C5, 0x01E7, 0x0208, 0x3C06, 0x5D85, 0x4567, 0x2B06, 0x0105, 0x1225, 0x6544, 0x7E24, 0x7DA4, 0x96E4,
    0x8624, 0x2A24, 0x00A5, 0x00C5, 0x0106, 0x0188, 0x01CA, 0x0189, 0x0168, 0x0168, 0x0127, 0x0107, 0x0148, 0x0148, 0x0127, 0x0147,
    0x0127, 0x0168, 0x0209, 0x0146, 0x0185, 0x0227, 0x0166, 0x01E7, 0x0125, 0x0A46, 0x0328, 0x0308, 0x01C6, 0x00A5, 0x00C6, 0x00E6,
    0x0106, 0x0106, 0x0106, 0x0126, 0x0106, 0x0127, 0x0188, 0x0127, 0x0126, 0x0106, 0x0106, 0x0127, 0x0106, 0x00C6, 0x00C6, 0x01A9,
    0x01C9, 0x01A9, 0x0188, 0x0188, 0x0146, 0x0271, 0x01F1, 0x02B1, 0x0209, 0x030B, 0x02CB, 0x01CA, 0x01A8, 0x028A, 0x02CA, 0x01A9,
    0x0127, 0x0125, 0x01E8, 0x01A8, 0x0188, 0x0146, 0x0147, 0x0167, 0x024A, 0x0168, 0x0127, 0x0148, 0x0148, 0x0107, 0x00C6, 0x00E6,
    0x0107, 0x0229, 0x0226, 0x0205, 0x0398, 0x01EF, 0x00E3, 0x0127, 0x02FB, 0x0299, 0x0183, 0x01E3, 0x0294, 0x0211, 0x0146, 0x0182,
    0x1B6D, 0x033E, 0x02BF, 0x0258, 0x0251, 0x029B, 0x029C, 0x02BC, 0x02DC, 0x02DC, 0x02BD, 0x02BD, 0x02BD, 0x02BD, 0x02BC, 0x02BC,
    0x02BC, 0x02BC, 0x02BC, 0x02BC, 0x02DC, 0x02DC, 0x02DC, 0x02DC, 0x02DC, 0x02DC, 0x02DC, 0x02DC, 0x02DC, 0x02DC, 0x02DC, 0x02DC,
    0x02DC, 0x02DC, 0x02DC, 0x02DC, 0x02DC, 0x02DC, 0x02BC, 0x02BC, 0x02BC, 0x02BC, 0x02BC, 0x02BC, 0x02BC, 0x02BC, 0x02BC, 0x02BC,
    0x02BC, 0x02BC, 0x02BC, 0x02BC, 0x02BC, 0x02BC, 0x02BC, 0x02BC, 0x02BC, 0x02BC, 0x02BC, 0x02BC, 0x02BC, 0x02BC, 0x02BC, 0x02BC,
    0x02BC, 0x02BC, 0x02BC, 0x02BC, 0x02BC, 0x02BC, 0x02BC, 0x02BC, 0x02DC, 0x02DD, 0x02DD, 0x02DC, 0x02BC, 0x02BC, 0x02BC, 0x02BC,
    0x02BC, 0x02BC, 0x02BC, 0x02BC, 0x02BC, 0x02BC, 0x02BC, 0x02BC, 0x02BC, 0x029C, 0x029C, 0x02BC, 0x02BC, 0x02BC, 0x02BC, 0x02BC,
    0x02BC, 0x02BC, 0x02BC, 0x02BC, 0x02BC, 0x02BC, 0x02BC, 0x02BC, 0x02BC, 0x02BC, 0x02BC, 0x02BC, 0x02BC, 0x02BC, 0x02BC, 0x02BC,
    0x00E6, 0x00E6, 0x00C6, 0x00C6, 0x0106, 0x0167, 0x0147, 0x00E6, 0x0127, 0x0106, 0x0127, 0x0148, 0x0128, 0x0107, 0x0107, 0x0107,
    0x0107, 0x0107, 0x0106, 0x0106, 0x0127, 0x0107, 0x0106, 0x0106, 0x00E5, 0x0147, 0x026A, 0x026A, 0x022A, 0x0148, 0x0085, 0x01CA,
    0x030C, 0x0167, 0x0147, 0x028A, 0x028A, 0x01C9, 0x0064, 0x08A5, 0x08A5, 0x1084, 0x0925, 0x02EA, 0x02E9, 0x0288, 0x034A, 0x02EA,
    0x0166, 0x0227, 0x0388, 0x02E7, 0x0125, 0x00E6, 0x00E6, 0x0187, 0x01A8, 0x00C6, 0x00E6, 0x00E7, 0x01A9, 0x026B, 0x022A, 0x01AB,
    0x01AC, 0x0108, 0x018A, 0x022D, 0x01ED, 0x01CB, 0x024C, 0x01CA, 0x0864, 0x10E7, 0x1949, 0x1928, 0x1127, 0x1127, 0x18E6, 0x10E6,
    0x08A4, 0x10C4, 0x18E5, 0x10C5, 0x0884, 0x0863, 0x0969, 0x0907, 0x00E7, 0x00E6, 0x0107, 0x00E7, 0x00E7, 0x00E6, 0x00E6, 0x0146,
    0x026A, 0x024A, 0x0126, 0x01C7, 0x0309, 0x032A, 0x0AE7, 0x1B85, 0x01C7, 0x00A6, 0x3446, 0x33A6, 0x3325, 0x8664, 0x64A5, 0x3B04,
    0x5423, 0x4424, 0x01A8, 0x0148, 0x0168, 0x01C9, 0x020A, 0x0168, 0x0128, 0x01A9, 0x0168, 0x0107, 0x01A9, 0x01E9, 0x0127, 0x0107,
    0x0148, 0x0127, 0x0147, 0x0147, 0x00E5, 0x0208, 0x01E7, 0x02A8, 0x01A6, 0x00A6, 0x0146, 0x0267, 0x0247, 0x00C5, 0x00C6, 0x0127,
    0x0106, 0x0106, 0x00E6, 0x0147, 0x0126, 0x00E5, 0x0126, 0x00E5, 0x0147, 0x0188, 0x0107, 0x0127, 0x0168, 0x0127, 0x00C5, 0x0107,
    0x0127, 0x0127, 0x0147, 0x01A8, 0x01A8, 0x00E6, 0x00C6, 0x01A9, 0x0229, 0x02CC, 0x0290, 0x01C9, 0x0208, 0x0228, 0x0248, 0x0168,
    0x0127, 0x01E7, 0x0208, 0x0187, 0x01E7, 0x0330, 0x024B, 0x02E9, 0x02AB, 0x0187, 0x0107, 0x0107, 0x0107, 0x0107, 0x00E6, 0x0107,
    0x0127, 0x0166, 0x0187, 0x02B2, 0x0296, 0x020D, 0x0101, 0x0254, 0x02FE, 0x029A, 0x0165, 0x0204, 0x3CAC, 0x1B9A, 0x027B, 0x028E,
    0x0A66, 0x0AED, 0x0278, 0x0271, 0x026A, 0x0B4F, 0x0332, 0x02BD, 0x02DC, 0x02DD, 0x02BD, 0x02BD, 0x02BD, 0x02BD, 0x02BC, 0x02BC,
    0x02BC, 0x02BC, 0x02DC, 0x02BC, 0x02DC, 0x02DC, 0x02DC, 0x02DC, 0x02DC, 0x02DC, 0x02DC, 0x02DC, 0x02DC, 0x02DC, 0x02DC, 0x02DC,
    0x02DC, 0x02DC, 0x02DC, 0x02BC, 0x02DC, 0x02DC, 0x02DC, 0x02BC, 0x02BC, 0x02BC, 0x02BC, 0x02BC, 0x02BC, 0x02BC, 0x02BC, 0x02BC,
    0x02BC, 0x02BC, 0x02BC, 0x02BC, 0x02BC, 0x02BC, 0x02BC, 0x02BC, 0x02BC, 0x02BC, 0x02BC, 0x02BC, 0x02DC, 0x02DC, 0x02DC, 0x02DC,
    0x02BC, 0x02BC, 0x02BC, 0x02BC, 0x02BC, 0x02BC, 0x02BC, 0x02BC, 0x02BC, 0x02DD, 0x02DD, 0x02DD, 0x02DD, 0x02BC, 0x02BC, 0x02BC,
    0x02BC, 0x02BC, 0x02BC, 0x02BC, 0x02BC, 0x02BC, 0x02BC, 0x02BC, 0x02BC, 0x02BC, 0x02BC, 0x02BC, 0x02BC, 0x02BC, 0x02BC, 0x02BC,
    0x02BC, 0x02BC, 0x02BC, 0x02BC, 0x02BC, 0x02BC, 0x02BD, 0x02BC, 0x02BD, 0x02BD, 0x02BD, 0x02BC, 0x02BC, 0x02BC, 0x02BC, 0x02BC,
    0x00E6, 0x0107, 0x0148, 0x0107, 0x0147, 0x01A7, 0x0187, 0x0148, 0x0127, 0x0106, 0x0148, 0x01CA, 0x0188, 0x0147, 0x0147, 0x0107,
    0x00E6, 0x0107, 0x0107, 0x0148, 0x0168, 0x0168, 0x0148, 0x0148, 0x0189, 0x0188, 0x0209, 0x022A, 0x01EA, 0x00A6, 0x0168, 0x026B,
    0x02EC, 0x01A8, 0x0127, 0x028A, 0x0249, 0x022A, 0x0907, 0x0864, 0x08A4, 0x1084, 0x09A8, 0x02AA, 0x08C4, 0x0905, 0x03CB, 0x02A9,
    0x1084, 0x0904, 0x0348, 0x02C7, 0x0146, 0x0107, 0x0106, 0x0126, 0x00E6, 0x00E6, 0x0128, 0x0149, 0x01C9, 0x020A, 0x0188, 0x020E,
    0x022F, 0x00E8, 0x01AB, 0x0290, 0x02B2, 0x01EE, 0x0128, 0x028E, 0x0989, 0x10C6, 0x1106, 0x1107, 0x10E6, 0x18E5, 0x10C5, 0x10C5,
    0x18E6, 0x10E5, 0x10A4, 0x1083, 0x08A5, 0x0107, 0x018A, 0x01AA, 0x0127, 0x00C6, 0x00C6, 0x00C6, 0x00C6, 0x00E6, 0x00E6, 0x0187,
    0x0229, 0x0147, 0x00E4, 0x0349, 0x02A9, 0x01C8, 0x0248, 0x0185, 0x0044, 0x0965, 0x65A4, 0x9784, 0x4365, 0x21E4, 0x9EE4, 0x5403,
    0x0063, 0x00E5, 0x024A, 0x01A9, 0x01A9, 0x01A9, 0x022B, 0x02EC, 0x12E8, 0x0168, 0x0127, 0x00E6, 0x0209, 0x024A, 0x0126, 0x0126,
    0x00E6, 0x0107, 0x0107, 0x00C5, 0x00A5, 0x0127, 0x0147, 0x0268, 0x0208, 0x00A5, 0x00A5, 0x00E6, 0x00E6, 0x00A5, 0x0107, 0x0168,
    0x0127, 0x0127, 0x0127, 0x0106, 0x0147, 0x00C5, 0x0105, 0x0126, 0x0209, 0x028A, 0x0166, 0x0168, 0x01E9, 0x01C8, 0x00E6, 0x00A5,
    0x00A5, 0x00C5, 0x0168, 0x01E9, 0x0188, 0x00C6, 0x00E7, 0x0107, 0x01A7, 0x01EA, 0x01AC, 0x0166, 0x0268, 0x0227, 0x0146, 0x00C5,
    0x0147, 0x0229, 0x0269, 0x02A9, 0x03D2, 0x02F6, 0x034B, 0x0B67, 0x0209, 0x0228, 0x0187, 0x0165, 0x01AA, 0x0149, 0x0127, 0x0148,
    0x0127, 0x0129, 0x02D7, 0x035A, 0x0186, 0x0161, 0x020F, 0x031E, 0x02FE, 0x02FD, 0x01F3, 0x0121, 0x5CA1, 0x2BF4, 0x02FF, 0x0292,
    0x01C5, 0x0163, 0x0204, 0x130E, 0x0B18, 0x02B7, 0x0317, 0x02BC, 0x027D, 0x02BC, 0x02DC, 0x02BD, 0x02BD, 0x02BD, 0x02BC, 0x02BC,
    0x02BC, 0x02BC, 0x02BC, 0x02DC, 0x02DC, 0x02DC, 0x02DC, 0x02DC, 0x02DC, 0x02DC, 0x02DC, 0x02DC, 0x02DC, 0x02DC, 0x02DC, 0x02DC,
    0x02DC, 0x02DC, 0x02DC, 0x02BC, 0x02DC, 0x02DC, 0x02DC, 0x02BC, 0x02DC, 0x02BC, 0x02BC, 0x02BC, 0x02BC, 0x02BC, 0x02BC, 0x02BC,
    0x02BC, 0x02BC, 0x02BC, 0x02BC, 0x02BC, 0x02BC, 0x02BC, 0x02BC, 0x02BC, 0x02BC, 0x02BC, 0x02DC, 0x02DC, 0x02DC, 0x02BC, 0x02BC,
    0x02DC, 0x02BC, 0x02DC, 0x02BC, 0x02BC, 0x02BC, 0x02DC, 0x02BC, 0x02BC, 0x02DC, 0x02DC, 0x02BC, 0x02BC, 0x02BC, 0x02BC, 0x02BC,
    0x02BC, 0x02BC, 0x02BC, 0x02BC, 0x02BC, 0x02BC, 0x02BC, 0x02BC, 0x02BC, 0x02BC, 0x02BC, 0x02BC, 0x02BC, 0x02BC, 0x02BC, 0x02BC,
    0x02BC, 0x02BC, 0x02BC, 0x02BC, 0x02BC, 0x02BC, 0x02BD, 0x02BD, 0x02BC, 0x02BD, 0x02BD, 0x02BC, 0x02BC, 0x02BC, 0x02BC, 0x029C,
    0x0168, 0x0168, 0x01A9, 0x0127, 0x018A, 0x026C, 0x0147, 0x0107, 0x0107, 0x0189, 0x0189, 0x01CA, 0x01A8, 0x01A8, 0x0187, 0x0169,
    0x0271, 0x00A5, 0x0128, 0x0189, 0x0168, 0x0189, 0x0149, 0x0169, 0x01A9, 0x00E6, 0x00E6, 0x01C9, 0x0148, 0x00C6, 0x028B, 0x02AC,
    0x02CC, 0x0147, 0x00A5, 0x01E8, 0x0269, 0x0229, 0x0126, 0x0063, 0x08A4, 0x10A5, 0x0906, 0x0906, 0x1043, 0x0946, 0x036A, 0x1145,
    0x18C5, 0x08A4, 0x0AC7, 0x0267, 0x00A7, 0x0107, 0x0106, 0x00E6, 0x00E6, 0x0128, 0x016A, 0x0169, 0x0148, 0x0107, 0x0128, 0x022F,
    0x020E, 0x016A, 0x02B0, 0x01CB, 0x016A, 0x0270, 0x08C6, 0x09EB, 0x024D, 0x10C5, 0x10E5, 0x18E6, 0x10C5, 0x10A5, 0x1906, 0x1906,
    0x10C5, 0x10A4, 0x08A4, 0x00E7, 0x0128, 0x0189, 0x01A9, 0x020A, 0x0148, 0x0189, 0x0107, 0x00E6, 0x018A, 0x0107, 0x00C6, 0x0106,
    0x0106, 0x0064, 0x0145, 0x02A8, 0x00E6, 0x0147, 0x02A9, 0x00E5, 0x0023, 0x22A3, 0x7623, 0x86C4, 0x4BA4, 0x0004, 0x2A64, 0xA723,
    0x4C04, 0x0085, 0x00E5, 0x0168, 0x0168, 0x01A9, 0x01EA, 0x02AC, 0x0B0A, 0x00E6, 0x00A4, 0x0106, 0x01A8, 0x0187, 0x01A7, 0x01A8,
    0x0168, 0x0229, 0x0188, 0x0146, 0x00A5, 0x00A5, 0x0085, 0x00C5, 0x0106, 0x00C6, 0x00C6, 0x00C5, 0x0167, 0x0168, 0x0147, 0x0147,
    0x0167, 0x0249, 0x01E8, 0x01A7, 0x01C7, 0x01A7, 0x0127, 0x0106, 0x0229, 0x028A, 0x03B5, 0x020D, 0x0106, 0x0126, 0x00C6, 0x00C6,
    0x00C6, 0x00C6, 0x0127, 0x0168, 0x00E6, 0x00A5, 0x00E6, 0x0107, 0x01A8, 0x00C5, 0x00A4, 0x01E8, 0x0247, 0x0246, 0x01AA, 0x01F2,
    0x0107, 0x026C, 0x022A, 0x0208, 0x024F, 0x01C9, 0x0247, 0x0313, 0x01C7, 0x0249, 0x020A, 0x01C5, 0x01C8, 0x0149, 0x0148, 0x0148,
    0x0127, 0x0148, 0x0271, 0x01A9, 0x0163, 0x0164, 0x01ED, 0x020C, 0x0272, 0x033F, 0x02DC, 0x0230, 0x0B12, 0x031B, 0x0231, 0x01A3,
    0x0205, 0x3BC6, 0x4406, 0x0255, 0x1B2F, 0x1351, 0x029D, 0x02BA, 0x446F, 0x0ADB, 0x02BD, 0x02BC, 0x02BD, 0x02BD, 0x02BC, 0x02BC,
    0x02BD, 0x02BD, 0x02BC, 0x02DC, 0x02DC, 0x02DC, 0x02DC, 0x02DC, 0x02DC, 0x02DC, 0x02DC, 0x02DC, 0x02DC, 0x02DC, 0x02DC, 0x02DC,
    0x02DC, 0x02DC, 0x02DC, 0x02DC, 0x02DC, 0x02DC, 0x02DC, 0x02DC, 0x02DC, 0x02DC, 0x02BC, 0x02BC, 0x02BC, 0x02BC, 0x02BC, 0x02BC,
    0x02BC, 0x02BC, 0x02DC, 0x02BC, 0x02BC, 0x02BC, 0x02BC, 0x02BC, 0x02BC, 0x02BC, 0x02DC, 0x02BC, 0x02DC, 0x02DC, 0x02DC, 0x02BC,
    0x02BC, 0x02BC, 0x02DC, 0x02BC, 0x02BC, 0x02BC, 0x02DC, 0x02BC, 0x02DC, 0x02BC, 0x02BC, 0x02DC, 0x02BC, 0x02BC, 0x02BC, 0x02BC,
    0x02BC, 0x02BC, 0x02BC, 0x02BC, 0x02BC, 0x02BC, 0x02BC, 0x02BC, 0x02BC, 0x02BC, 0x02BC, 0x02BC, 0x02BC, 0x02BC, 0x02BC, 0x02BC,
    0x02BC, 0x02BC, 0x02BC, 0x02BC, 0x02BC, 0x02BC, 0x02BD, 0x02BC, 0x02BC, 0x02BC, 0x02BC, 0x02BC, 0x02BC, 0x02BC, 0x02BC, 0x029C,
    0x0189, 0x0189, 0x01AA, 0x0107, 0x01CB, 0x020C, 0x0127, 0x00E6, 0x0189, 0x01C9, 0x01C9, 0x01C9, 0x01C9, 0x01C9, 0x0126, 0x016B,
    0x045F, 0x0211, 0x0085, 0x0148, 0x01AA, 0x018A, 0x0169, 0x0148, 0x0168, 0x0127, 0x00A5, 0x00C6, 0x00A6, 0x00C6, 0x0106, 0x0147,
    0x026C, 0x0127, 0x0843, 0x00E6, 0x01C8, 0x0209, 0x08A4, 0x0063, 0x08A4, 0x10C5, 0x10A4, 0x0884, 0x1084, 0x08C5, 0x0986, 0x10A4,
    0x2147, 0x2107, 0x1165, 0x0248, 0x0129, 0x0107, 0x0107, 0x0189, 0x018A, 0x018A, 0x0148, 0x0188, 0x0168, 0x0106, 0x018A, 0x0271,
    0x01AB, 0x016A, 0x02F1, 0x018A, 0x0843, 0x0928, 0x10E7, 0x1107, 0x09AA, 0x10E5, 0x10C5, 0x10C5, 0x10A4, 0x08A5, 0x10A5, 0x1084,
    0x0063, 0x0106, 0x0148, 0x018A, 0x0169, 0x0189, 0x0188, 0x0147, 0x01A9, 0x01CA, 0x0189, 0x01EA, 0x01EB, 0x0127, 0x00C5, 0x00C6,
    0x00A5, 0x00E6, 0x01E9, 0x00C6, 0x0148, 0x028A, 0x0105, 0x0085, 0x00C5, 0x3C65, 0x33E5, 0x86A4, 0x4383, 0x0024, 0x0064, 0x3304,
    0x6D24, 0x00A5, 0x00C5, 0x0107, 0x0148, 0x0189, 0x0188, 0x00E5, 0x0148, 0x0127, 0x00C5, 0x0147, 0x0188, 0x0167, 0x01A7, 0x0288,
    0x034A, 0x030A, 0x01E9, 0x01E8, 0x0188, 0x0168, 0x0167, 0x0147, 0x00C5, 0x00C5, 0x00C5, 0x00E6, 0x0167, 0x0188, 0x0167, 0x0106,
    0x0187, 0x01C7, 0x01C7, 0x0208, 0x01E7, 0x0268, 0x01E8, 0x01E9, 0x0208, 0x02AE, 0x0396, 0x01C9, 0x00E5, 0x00C6, 0x00A5, 0x00A6,
    0x00E7, 0x00C6, 0x00A5, 0x00C6, 0x00C6, 0x00C5, 0x00A5, 0x0106, 0x0126, 0x0085, 0x01AE, 0x03DC, 0x024F, 0x0183, 0x0296, 0x02FF,
    0x0278, 0x0274, 0x0167, 0x0126, 0x0189, 0x0248, 0x01C7, 0x031A, 0x0251, 0x02B9, 0x0230, 0x0208, 0x0253, 0x01F3, 0x0127, 0x0127,
    0x0126, 0x00E4, 0x0104, 0x00C3, 0x0103, 0x0187, 0x0165, 0x0162, 0x01A5, 0x0253, 0x02FE, 0x02FD, 0x02DD, 0x02DD, 0x0185, 0x01E7,
    0x024D, 0x658D, 0x6D4B, 0x025D, 0x0279, 0x12CD, 0x3C4A, 0x558B, 0x8684, 0x54EF, 0x02BD, 0x02DC, 0x02BC, 0x02BD, 0x02BC, 0x02BC,
    0x02BC, 0x02BC, 0x02BC, 0x02BC, 0x02DC, 0x02DD, 0x02DC, 0x02DC, 0x02DC, 0x02DC, 0x02DC, 0x02DC, 0x02DC, 0x02DC, 0x02DC, 0x02DC,
    0x02DC, 0x02DC, 0x02DC, 0x02DC, 0x02DC, 0x02DC, 0x02DC, 0x02DC, 0x02DC, 0x02BC, 0x02BC, 0x02BC, 0x02BC, 0x02BC, 0x02BC, 0x02BC,
    0x02BC, 0x02BC, 0x02DC, 0x02DC, 0x02DC, 0x02BC, 0x02BC, 0x02BC, 0x02BC, 0x02BC, 0x02BC, 0x02DC, 0x02DC, 0x02DC, 0x02DC, 0x02DC,
    0x02DC, 0x02DC, 0x02BC, 0x02BC, 0x02BC, 0x02BC, 0x02BC, 0x02BC, 0x02BC, 0x02DC, 0x02DC, 0x02DC, 0x02DC, 0x02BD, 0x02BC, 0x02BC,
    0x02BC, 0x02BC, 0x02BC, 0x02BC, 0x02BC, 0x02BC, 0x02BC, 0x02BC, 0x02BC, 0x02BD, 0x02BC, 0x02BC, 0x02BC, 0x02BC, 0x02BC, 0x02BC,
    0x02BC, 0x02BC, 0x02BC, 0x02BC, 0x02BC, 0x02BC, 0x02BD, 0x02BC, 0x02BC, 0x02BD, 0x02BC, 0x02BC, 0x02BC, 0x02BC, 0x02BC, 0x02BC,
    0x0189, 0x0189, 0x0189, 0x0107, 0x0107, 0x0107, 0x00E6, 0x0126, 0x01C9, 0x01A9, 0x0168, 0x0189, 0x022A, 0x01CB, 0x0AF5, 0x0255,
    0x035A, 0x0BFD, 0x0AB6, 0x018B, 0x01AB, 0x01AB, 0x0189, 0x0189, 0x0189, 0x0168, 0x00C6, 0x08C6, 0x0907, 0x00A5, 0x0864, 0x0884,
    0x01CA, 0x0106, 0x0864, 0x0084, 0x0106, 0x01CA, 0x08A5, 0x0884, 0x0884, 0x10C5, 0x10A5, 0x0884, 0x10A4, 0x10A4, 0x0883, 0x18C4,
    0x2968, 0x2148, 0x08E6, 0x0148, 0x0169, 0x0168, 0x0148, 0x020B, 0x020C, 0x0169, 0x0127, 0x0147, 0x0188, 0x0188, 0x022E, 0x0271,
    0x0128, 0x00A5, 0x02B0, 0x01AB, 0x0884, 0x10A5, 0x1107, 0x10C5, 0x10A5, 0x08A4, 0x10A4, 0x10A4, 0x10A4, 0x10A5, 0x0884, 0x0863,
    0x00E6, 0x0127, 0x0148, 0x0189, 0x0148, 0x0189, 0x01EA, 0x0147, 0x0188, 0x026D, 0x024B, 0x0209, 0x01C8, 0x024B, 0x018A, 0x00C6,
    0x00C6, 0x00E6, 0x0127, 0x00A6, 0x0106, 0x00E5, 0x0084, 0x00A5, 0x00E5, 0x0945, 0x2AC5, 0x8663, 0x2224, 0x0045, 0x00A4, 0x00E7,
    0x09A7, 0x00C6, 0x00E6, 0x00E6, 0x00E6, 0x00E6, 0x0127, 0x0126, 0x0147, 0x0147, 0x00E5, 0x00C5, 0x0167, 0x01C8, 0x0267, 0x02C7,
    0x0267, 0x0329, 0x0248, 0x0126, 0x0AC9, 0x0269, 0x01C9, 0x01E9, 0x01A9, 0x00E6, 0x00E6, 0x0126, 0x0105, 0x0106, 0x0105, 0x0166,
    0x01C8, 0x0125, 0x0146, 0x0187, 0x0208, 0x0248, 0x0146, 0x0228, 0x0269, 0x024A, 0x01A8, 0x01C5, 0x0287, 0x02D2, 0x016C, 0x0235,
    0x0109, 0x00C6, 0x00E6, 0x00C5, 0x00C5, 0x00C6, 0x00A5, 0x00C6, 0x00A5, 0x012B, 0x0296, 0x02B5, 0x035C, 0x02B9, 0x02DE, 0x02FE,
    0x02FD, 0x01AA, 0x0147, 0x0127, 0x0187, 0x0A68, 0x0264, 0x0A47, 0x018C, 0x02BD, 0x031C, 0x0230, 0x0214, 0x031F, 0x02F8, 0x0149,
    0x00C5, 0x0126, 0x0146, 0x0127, 0x1AAA, 0x5D05, 0x2B28, 0x0187, 0x0182, 0x01CA, 0x02DE, 0x02BC, 0x02DC, 0x02DC, 0x0298, 0x02BB,
    0x0277, 0x2348, 0x4CAA, 0x027C, 0x02BC, 0x0259, 0x1B12, 0x7E46, 0x7E47, 0x75E8, 0x3412, 0x02BE, 0x02DC, 0x02BD, 0x02BC, 0x02BC,
    0x02BC, 0x02BC, 0x02BC, 0x02BC, 0x02DD, 0x02DC, 0x02DD, 0x02DD, 0x02DD, 0x02DD, 0x02DC, 0x02DD, 0x02DC, 0x02DC, 0x02DC, 0x02DC,
    0x02DC, 0x02DC, 0x02DC, 0x02DC, 0x02DC, 0x02DC, 0x02DC, 0x02DC, 0x02DC, 0x02DC, 0x02DC, 0x02DC, 0x02BC, 0x02BC, 0x02BC, 0x02BC,
    0x02BC, 0x02BC, 0x02DC, 0x02DC, 0x02DC, 0x02DC, 0x02BC, 0x02DC, 0x02BC, 0x02BC, 0x02DC, 0x02DC, 0x02DC, 0x02DC, 0x02DC, 0x02DC,
    0x02DC, 0x02DC, 0x02BC, 0x02DC, 0x02BC, 0x02DC, 0x02BC, 0x02DC, 0x02DD, 0x02BC, 0x02DC, 0x02DD, 0x02DD, 0x02BD, 0x02BC, 0x02BC,
    0x02BC, 0x02BC, 0x02BC, 0x02BC, 0x02BC, 0x02BC, 0x02BC, 0x02BC, 0x02BC, 0x02BD, 0x02BC, 0x02BC, 0x02BC, 0x02BC, 0x02BC, 0x02BC,
    0x02BC, 0x02BC, 0x02BC, 0x02BC, 0x02BC, 0x02BC, 0x02BC, 0x02BC, 0x02BD, 0x02BD, 0x02BD, 0x02BC, 0x02BC, 0x02BC, 0x02BC, 0x02BC,
    0x0106, 0x0127, 0x0107, 0x00E6, 0x00E6, 0x00E5, 0x00C5, 0x0106, 0x01A9, 0x01A9, 0x0148, 0x0147, 0x01EA, 0x02F5, 0x018C, 0x0BDB,
    0x0BBB, 0x016E, 0x01AC, 0x0169, 0x0169, 0x0169, 0x0189, 0x01A9, 0x0168, 0x00E6, 0x08E7, 0x10E7, 0x08E7, 0x0884, 0x0884, 0x0884,
    0x0884, 0x0084, 0x0064, 0x0084, 0x08A5, 0x10E6, 0x10C6, 0x0885, 0x0884, 0x10C5, 0x10C5, 0x10A4, 0x10A4, 0x10A5, 0x10A4, 0x2127,
    0x39A8, 0x49E6, 0x0128, 0x0168, 0x0189, 0x01CA, 0x0148, 0x01EA, 0x01EA, 0x01CB, 0x0129, 0x0127, 0x0189, 0x0168, 0x01AB, 0x0271,
    0x0107, 0x0863, 0x0907, 0x0929, 0x10E6, 0x10E5, 0x10C5, 0x10A4, 0x08A4, 0x10A4, 0x10A4, 0x10A4, 0x10A4, 0x10A5, 0x0884, 0x00E7,
    0x0127, 0x0107, 0x00E6, 0x0107, 0x0189, 0x01A9, 0x0188, 0x026C, 0x026C, 0x01A9, 0x01A9, 0x0A68, 0x0B48, 0x0228, 0x020A, 0x01C9,
    0x00E6, 0x00C5, 0x00A4, 0x0188, 0x0147, 0x0084, 0x00E6, 0x0127, 0x0106, 0x0044, 0x2204, 0x4BC4, 0x00A6, 0x00C6, 0x00A5, 0x0127,
    0x0108, 0x0127, 0x00C6, 0x00C5, 0x00C5, 0x00C5, 0x00C5, 0x0168, 0x0126, 0x0186, 0x0A87, 0x0187, 0x0229, 0x01A8, 0x0267, 0x02AA,
    0x0316, 0x02EA, 0x01A6, 0x01C6, 0x0BE8, 0x0388, 0x0228, 0x01E9, 0x01E9, 0x0188, 0x0106, 0x0126, 0x0147, 0x0106, 0x00E5, 0x0125,
    0x0145, 0x0125, 0x0126, 0x0229, 0x02AA, 0x02AA, 0x0127, 0x00E6, 0x0208, 0x0207, 0x0207, 0x01E7, 0x01E7, 0x0209, 0x02D7, 0x031A,
    0x0108, 0x00E6, 0x00E6, 0x00E6, 0x00C6, 0x0105, 0x0106, 0x00C6, 0x00A6, 0x00E8, 0x0108, 0x0126, 0x0168, 0x0275, 0x02FE, 0x02FE,
    0x02FB, 0x02F0, 0x02DA, 0x020F, 0x01A2, 0x02D3, 0x0AAC, 0x132A, 0x029A, 0x02DE, 0x02B8, 0x0166, 0x01F2, 0x02BC, 0x016B, 0x00E4,
    0x00E7, 0x018D, 0x0187, 0x0167, 0x0B37, 0x1B99, 0x0B1C, 0x029C, 0x0254, 0x029B, 0x02BD, 0x02BC, 0x02BC, 0x02BC, 0x02DE, 0x02DD,
    0x02A9, 0x3402, 0x33CF, 0x029D, 0x02BC, 0x029C, 0x027D, 0x656C, 0x8E86, 0x1B78, 0x0AFB, 0x02BD, 0x02BC, 0x02BD, 0x02BC, 0x02BC,
    0x02BD, 0x02BC, 0x02BC, 0x02BC, 0x02BD, 0x02DC, 0x02DD, 0x02DD, 0x02DD, 0x02DD, 0x02DD, 0x02DD, 0x02DC, 0x02DC, 0x02DC, 0x02DC,
    0x02DC, 0x02DC, 0x02DC, 0x02DC, 0x02DC, 0x02DC, 0x02DC, 0x02DC, 0x02DC, 0x02DC, 0x02BC, 0x02DC, 0x02BC, 0x02BC, 0x02BC, 0x02BC,
    0x02BC, 0x02DC, 0x02DC, 0x02DC, 0x02DC, 0x02DC, 0x02BC, 0x02BC, 0x02DC, 0x02BC, 0x02BC, 0x02DC, 0x02DC, 0x02DC, 0x02DC, 0x02DC,
    0x02DC, 0x02DC, 0x02DC, 0x02DC, 0x02DC, 0x02DC, 0x02DC, 0x02BC, 0x02BC, 0x02BC, 0x02BC, 0x02DC, 0x02BD, 0x02BD, 0x02BC, 0x02BC,
    0x02BC, 0x02BC, 0x02BC, 0x02BC, 0x02BC, 0x02BC, 0x02BC, 0x02BC, 0x02BC, 0x02BC, 0x02BC, 0x02BC, 0x02BC, 0x02BC, 0x02BC, 0x02BC,
    0x02BC, 0x02BC, 0x02BC, 0x02BC, 0x02BC, 0x02BC, 0x02BC, 0x02BC, 0x02BC, 0x02BC, 0x02BC, 0x02BC, 0x02BC, 0x02BC, 0x02BC, 0x02BC,
    0x00E6, 0x00E6, 0x00C6, 0x00C6, 0x00E6, 0x00E6, 0x00E6, 0x0129, 0x018B, 0x018B, 0x0107, 0x00C5, 0x02F3, 0x020F, 0x0085, 0x01CD,
    0x04BF, 0x0232, 0x0148, 0x0189, 0x0169, 0x0189, 0x0168, 0x0107, 0x0107, 0x0128, 0x018B, 0x1129, 0x08E7, 0x08A5, 0x0084, 0x0884,
    0x0884, 0x08A5, 0x0884, 0x0884, 0x08A5, 0x10C5, 0x10C5, 0x0884, 0x10A4, 0x10C5, 0x10C5, 0x10C5, 0x10A4, 0x10A5, 0x18E6, 0x2127,
    0x3986, 0x8307, 0x018B, 0x01AA, 0x01EA, 0x01EA, 0x01A9, 0x01EA, 0x01EA, 0x01CA, 0x020E, 0x016A, 0x0189, 0x00C5, 0x0928, 0x0250,
    0x0928, 0x10E6, 0x10E6, 0x10E6, 0x1106, 0x10C5, 0x10C4, 0x10A4, 0x10A4, 0x10A4, 0x10C5, 0x08E5, 0x08A4, 0x0884, 0x0107, 0x0128,
    0x0107, 0x0127, 0x0107, 0x00C5, 0x0147, 0x01CA, 0x0188, 0x01A8, 0x022A, 0x0126, 0x0188, 0x01C8, 0x0267, 0x0369, 0x040B, 0x0BEA,
    0x01A8, 0x00E6, 0x01C9, 0x022A, 0x022A, 0x0127, 0x01A9, 0x0169, 0x0107, 0x00A5, 0x00A5, 0x00A5, 0x00E6, 0x00E6, 0x00C6, 0x00C5,
    0x0127, 0x0148, 0x0107, 0x00E6, 0x0107, 0x00C6, 0x0105, 0x1287, 0x00E6, 0x5404, 0x6D64, 0x01C9, 0x01C7, 0x09E7, 0x11C5, 0x01CC,
    0x041F, 0x02B3, 0x0065, 0x0A88, 0x0C28, 0x040A, 0x01E6, 0x0127, 0x022A, 0x0188, 0x0106, 0x0188, 0x01A9, 0x0147, 0x0105, 0x00E5,
    0x00E5, 0x0228, 0x02A9, 0x01A7, 0x01C8, 0x028A, 0x0148, 0x01E8, 0x0228, 0x01E7, 0x01E7, 0x0228, 0x0228, 0x0207, 0x01EB, 0x0128,
    0x00E5, 0x0107, 0x0083, 0x018D, 0x01F3, 0x0107, 0x00E5, 0x00E6, 0x0235, 0x0254, 0x0105, 0x0145, 0x0144, 0x0125, 0x0233, 0x02FF,
    0x02DD, 0x02FF, 0x0278, 0x01E4, 0x0245, 0x0206, 0x02B6, 0x02FF, 0x02DE, 0x02DE, 0x02BC, 0x02BA, 0x02DB, 0x016C, 0x0103, 0x0168,
    0x0146, 0x02F9, 0x0274, 0x0149, 0x0162, 0x02F1, 0x033C, 0x031E, 0x02DF, 0x02DD, 0x02BD, 0x02BD, 0x02DD, 0x02DC, 0x02DD, 0x02BC,
    0x0284, 0x0B47, 0x02DD, 0x02BC, 0x02BC, 0x02BC, 0x02BD, 0x0B1A, 0x7D8C, 0x2398, 0x029E, 0x02DC, 0x02BD, 0x02DD, 0x02BD, 0x02BC,
    0x02BC, 0x02BD, 0x02BC, 0x02BC, 0x02BC, 0x02BC, 0x02DC, 0x02DD, 0x02DD, 0x02DC, 0x02DD, 0x02DD, 0x02DD, 0x02DD, 0x02DC, 0x02DD,
    0x02DC, 0x02DD, 0x02DD, 0x02DD, 0x02DD, 0x02DC, 0x02DC, 0x02DC, 0x02DC, 0x02BC, 0x02BC, 0x02BC, 0x02BC, 0x02BC, 0x02BC, 0x02BC,
    0x02BC, 0x02DC, 0x02DC, 0x02DC, 0x02DC, 0x02DC, 0x02BC, 0x02BC, 0x02BC, 0x02BC, 0x02BC, 0x02DC, 0x02DC, 0x02DC, 0x02DC, 0x02DC,
    0x02DC, 0x02DC, 0x02DC, 0x02DC, 0x02DC, 0x02BC, 0x02BC, 0x02DC, 0x02BC, 0x02BC, 0x02BC, 0x02BC, 0x02BC, 0x02BD, 0x02BD, 0x02BC,
    0x02BC, 0x02BC, 0x02BC, 0x02BC, 0x02BC, 0x02BC, 0x02BC, 0x02BC, 0x02BC, 0x02BC, 0x02BC, 0x02BC, 0x02BC, 0x02BC, 0x02BC, 0x02BC,
    0x02BC, 0x02BC, 0x02BC, 0x02BC, 0x02BC, 0x02BC, 0x02BC, 0x02BC, 0x02BC, 0x02BC, 0x02BC, 0x02BC, 0x02BC, 0x02BC, 0x02BC, 0x02BC,
    0x00E6, 0x00E6, 0x00E6, 0x00E6, 0x00E6, 0x0106, 0x00C6, 0x0230, 0x043D, 0x0231, 0x00E7, 0x0107, 0x02D1, 0x020D, 0x00C6, 0x018B,
    0x0315, 0x0107, 0x0169, 0x0189, 0x0189, 0x0189, 0x0169, 0x0148, 0x0149, 0x0128, 0x0149, 0x098B, 0x1108, 0x10A6, 0x08A5, 0x08A5,
    0x08A5, 0x08C6, 0x08A5, 0x08A5, 0x08A5, 0x10C5, 0x10C5, 0x0884, 0x10C5, 0x1906, 0x10E5, 0x18E5, 0x10A3, 0x10C5, 0x2947, 0x2967,
    0x49E7, 0x5247, 0x01AD, 0x02D2, 0x0209, 0x0125, 0x020E, 0x026E, 0x020B, 0x01EB, 0x022E, 0x01ED, 0x0148, 0x0884, 0x1108, 0x09CD,
    0x1128, 0x10E6, 0x10E6, 0x10E5, 0x10E4, 0x10C4, 0x10A4, 0x08A5, 0x08C5, 0x1084, 0x10C5, 0x0228, 0x0188, 0x00EA, 0x0169, 0x0147,
    0x00E6, 0x0127, 0x0127, 0x00E6, 0x0148, 0x01CA, 0x0168, 0x0126, 0x0146, 0x01C9, 0x01A8, 0x01C9, 0x0168, 0x0269, 0x040A, 0x0368,
    0x0147, 0x0127, 0x01CA, 0x01A8, 0x01E9, 0x0209, 0x0209, 0x01C9, 0x01EA, 0x0107, 0x00A5, 0x00A5, 0x00E6, 0x00E6, 0x00E6, 0x00E6,
    0x00C5, 0x0147, 0x0189, 0x0148, 0x01CA, 0x0147, 0x09C5, 0x3C06, 0x0084, 0x3B86, 0x4CE9, 0x010D, 0x0108, 0x3364, 0x54E5, 0x0B55,
    0x033B, 0x018E, 0x00A6, 0x0A07, 0x0BC7, 0x02C9, 0x01C7, 0x00E5, 0x01C9, 0x0127, 0x0106, 0x01A8, 0x01A8, 0x0146, 0x0106, 0x0147,
    0x01A8, 0x0309, 0x02C9, 0x0187, 0x0127, 0x0106, 0x00C6, 0x01C5, 0x01E6, 0x0126, 0x0126, 0x0289, 0x02C9, 0x0287, 0x033B, 0x031B,
    0x014A, 0x0107, 0x01AF, 0x01D1, 0x029B, 0x010A, 0x016A, 0x0149, 0x01AF, 0x010A, 0x00C3, 0x0106, 0x0127, 0x0123, 0x0145, 0x02BA,
    0x02DE, 0x02DE, 0x0276, 0x0229, 0x0225, 0x01C7, 0x0277, 0x02DE, 0x02DC, 0x02DD, 0x02DD, 0x02FF, 0x0233, 0x0142, 0x01CA, 0x01CF,
    0x01AA, 0x01A6, 0x02DA, 0x02DE, 0x01CB, 0x01C1, 0x12A3, 0x1376, 0x02BE, 0x02DC, 0x02BD, 0x02DD, 0x02DD, 0x02DD, 0x02DD, 0x02DD,
    0x02F5, 0x02AF, 0x02DD, 0x02DC, 0x02BC, 0x02BC, 0x02BC, 0x02DD, 0x02DD, 0x02DD, 0x02DC, 0x02BC, 0x02BD, 0x02DD, 0x02BD, 0x02BD,
    0x02DD, 0x02BC, 0x02BD, 0x02BC, 0x02BC, 0x02BC, 0x02DC, 0x02DD, 0x02DD, 0x02DD, 0x02DD, 0x02DD, 0x02DD, 0x02DD, 0x02DC, 0x02DC,
    0x02DD, 0x02DD, 0x02DD, 0x02DD, 0x02DD, 0x02DC, 0x02DC, 0x02DC, 0x02DC, 0x02BC, 0x02BC, 0x02BC, 0x02BC, 0x02BC, 0x02DC, 0x02DC,
    0x02BC, 0x02DC, 0x02DC, 0x02DC, 0x02DC, 0x02DC, 0x02DC, 0x02BC, 0x02BC, 0x02BC, 0x02BC, 0x02BC, 0x02DC, 0x02DC, 0x02DC, 0x02DC,
    0x02DD, 0x02DC, 0x02DC, 0x02DC, 0x02DC, 0x02DD, 0x02BC, 0x02BC, 0x02DC, 0x02BC, 0x02BC, 0x02BC, 0x02BD, 0x02BD, 0x02BC, 0x02BC,
    0x02BC, 0x02BC, 0x02BC, 0x02BC, 0x02BC, 0x02BC, 0x02BC, 0x02BC, 0x02BC, 0x02BC, 0x02BC, 0x02BC, 0x02BC, 0x02BC, 0x02BC, 0x02BC,
    0x02BC, 0x02BC, 0x02BC, 0x02BC, 0x02BD, 0x02BD, 0x02BD, 0x02BC, 0x02BC, 0x02BC, 0x02BD, 0x02BC, 0x02BC, 0x02BC, 0x02BC, 0x02BC,
    0x0126, 0x0106, 0x00E6, 0x00E6, 0x00E6, 0x0106, 0x00E6, 0x0129, 0x0252, 0x00A7, 0x00E7, 0x0107, 0x0148, 0x024D, 0x0107, 0x00E6,
    0x0128, 0x0148, 0x0189, 0x020B, 0x01AA, 0x0148, 0x01EB, 0x028E, 0x0189, 0x0107, 0x0148, 0x09ED, 0x08C6, 0x08A6, 0x08C6, 0x0884,
    0x08C6, 0x08E7, 0x08A5, 0x08A5, 0x08A5, 0x10C6, 0x10E6, 0x10A5, 0x10A5, 0x18E6, 0x1906, 0x18E5, 0x0883, 0x2126, 0x31A8, 0x41E8,
    0x7AC6, 0xB4CB, 0x01EE, 0x01C7, 0x020D, 0x0231, 0x0315, 0x028E, 0x020B, 0x020C, 0x01CB, 0x0907, 0x08A4, 0x10C5, 0x10E6, 0x10E7,
    0x1107, 0x10E6, 0x10C5, 0x10A4, 0x10A4, 0x0884, 0x0864, 0x08A5, 0x01EA, 0x0906, 0x0843, 0x00E4, 0x02CD, 0x0396, 0x01EC, 0x0147,
    0x0106, 0x0148, 0x0107, 0x0084, 0x00C6, 0x0189, 0x0106, 0x0084, 0x0147, 0x0229, 0x0208, 0x01E8, 0x01A7, 0x00C4, 0x0AE8, 0x01E6,
    0x00A5, 0x1AC8, 0x2B46, 0x00E4, 0x00E6, 0x0229, 0x01E8, 0x0229, 0x028B, 0x01A9, 0x00C6, 0x00E6, 0x00E6, 0x00E6, 0x0127, 0x0147,
    0x0126, 0x0188, 0x020A, 0x0188, 0x01A8, 0x0209, 0x01E8, 0x0209, 0x00A5, 0x0989, 0x2392, 0x0B1A, 0x0274, 0x3B62, 0x65C5, 0x0BF6,
    0x00E9, 0x00A5, 0x00C6, 0x00A6, 0x0227, 0x0146, 0x0085, 0x00A4, 0x00E6, 0x0107, 0x00A5, 0x0127, 0x0106, 0x0105, 0x00C5, 0x01A8,
    0x02EA, 0x01E8, 0x00A7, 0x0208, 0x0248, 0x01CE, 0x00A5, 0x018A, 0x020F, 0x01AA, 0x01C6, 0x02E7, 0x0B06, 0x0202, 0x028D, 0x035C,
    0x02BC, 0x01D2, 0x02FE, 0x033F, 0x01F3, 0x0061, 0x0210, 0x018B, 0x00C4, 0x00E6, 0x016C, 0x01B0, 0x0299, 0x01EF, 0x0230, 0x02DC,
    0x02DE, 0x02DD, 0x02DD, 0x031F, 0x0271, 0x02B8, 0x02DF, 0x02DD, 0x02DD, 0x02DD, 0x02DC, 0x02DE, 0x0278, 0x020D, 0x02FC, 0x0213,
    0x02B1, 0x12CB, 0x1AEA, 0x02DF, 0x02BC, 0x01C9, 0x01A0, 0x0274, 0x02DE, 0x02DC, 0x02DD, 0x02DD, 0x02DD, 0x02DD, 0x02DD, 0x02DD,
    0x02DE, 0x02DE, 0x02DD, 0x02DD, 0x02DD, 0x02DD, 0x02DD, 0x02DD, 0x02DD, 0x02DD, 0x02DC, 0x02BC, 0x02BD, 0x02DD, 0x02BC, 0x02BD,
    0x02BD, 0x02BD, 0x02BC, 0x02BC, 0x02BC, 0x02BC, 0x02BD, 0x02BD, 0x02DD, 0x02DD, 0x02DD, 0x02BD, 0x02BD, 0x02DD, 0x02DD, 0x02DD,
    0x02DD, 0x02DD, 0x02DD, 0x02DD, 0x02DD, 0x02DD, 0x02DC, 0x02DC, 0x02DC, 0x02BC, 0x02BC, 0x02BC, 0x02BC, 0x02BC, 0x02DC, 0x02DC,
    0x02DC, 0x02DC, 0x02DC, 0x02DC, 0x02DC, 0x02DC, 0x02DC, 0x02BC, 0x02BC, 0x02BC, 0x02BC, 0x02BC, 0x02BC, 0x02DC, 0x02BC, 0x02DD,
    0x02DC, 0x02DC, 0x02DC, 0x02DC, 0x02DC, 0x02DC, 0x02DC, 0x02BC, 0x02BC, 0x02BC, 0x02BD, 0x02BC, 0x02BD, 0x02BD, 0x02BC, 0x02BC,
    0x02BC, 0x02BC, 0x02BC, 0x02BC, 0x02BD, 0x02BC, 0x02BC, 0x02BC, 0x02BC, 0x02BC, 0x02BC, 0x02BC, 0x02BC, 0x02BC, 0x02BC, 0x02BC,
    0x02BC, 0x02BC, 0x02BC, 0x02BC, 0x02BD, 0x02BD, 0x02BD, 0x02BC, 0x02BC, 0x02BC, 0x02BC, 0x02BC, 0x02BC, 0x02BC, 0x02BC, 0x02BC,
    0x0168, 0x0147, 0x0106, 0x00C5, 0x00E5, 0x0126, 0x00C6, 0x00A6, 0x00A5, 0x00E6, 0x00E6, 0x00E6, 0x00E6, 0x0189, 0x0107, 0x00E6,
    0x0168, 0x0148, 0x0168, 0x0168, 0x01CB, 0x0189, 0x01EB, 0x028D, 0x01CA, 0x0148, 0x0169, 0x0A0E, 0x0908, 0x08E7, 0x10E7, 0x08C5,
    0x08A5, 0x0908, 0x08C5, 0x08A5, 0x08A5, 0x10C6, 0x10C5, 0x10A5, 0x10C5, 0x1906, 0x2146, 0x18E5, 0x0884, 0x2146, 0x39C7, 0x31A7,
    0x93A7, 0xAD30, 0x033A, 0x01A9, 0x020D, 0x02D4, 0x01EB, 0x01EB, 0x026E, 0x01CB, 0x08C6, 0x10E7, 0x10E7, 0x10C5, 0x10C5, 0x1907,
    0x10E6, 0x10A4, 0x10A4, 0x10A4, 0x10A4, 0x0884, 0x0126, 0x01E9, 0x02CC, 0x028B, 0x0127, 0x0126, 0x032A, 0x0431, 0x02D0, 0x0148,
    0x0107, 0x0107, 0x0106, 0x01A9, 0x022B, 0x00C5, 0x00E6, 0x0167, 0x0229, 0x0228, 0x01C7, 0x0227, 0x01C7, 0x00C5, 0x00C6, 0x2B25,
    0x1B26, 0x65E6, 0x8683, 0x43E4, 0x1103, 0x0127, 0x0126, 0x0105, 0x01A7, 0x00E6, 0x0128, 0x0107, 0x00E6, 0x00C6, 0x00E6, 0x00E6,
    0x0126, 0x0209, 0x024A, 0x01A8, 0x0187, 0x0249, 0x028A, 0x024A, 0x01A9, 0x0907, 0x19AB, 0x11AE, 0x094C, 0x1A63, 0x4463, 0x0906,
    0x00A6, 0x00C5, 0x00C5, 0x00C6, 0x0085, 0x00A5, 0x00C6, 0x00A5, 0x00E6, 0x00E6, 0x00C5, 0x00A5, 0x00A5, 0x00C5, 0x0126, 0x0228,
    0x0208, 0x0187, 0x1A86, 0x0A65, 0x0123, 0x016A, 0x018C, 0x02FB, 0x02D3, 0x0288, 0x0269, 0x0B58, 0x140A, 0x02EC, 0x024C, 0x02D5,
    0x02BE, 0x02DE, 0x02DD, 0x02DC, 0x01EF, 0x0105, 0x00C4, 0x00E4, 0x00C5, 0x0277, 0x0299, 0x018D, 0x0334, 0x035D, 0x031F, 0x02FE,
    0x02DD, 0x02DD, 0x02DD, 0x02FD, 0x031E, 0x02FD, 0x02DD, 0x02DD, 0x02DD, 0x02DD, 0x02DD, 0x02DD, 0x02DE, 0x02FF, 0x02FF, 0x02B9,
    0x0186, 0x1313, 0x1317, 0x02BD, 0x02BE, 0x029A, 0x020C, 0x0298, 0x02DE, 0x02DC, 0x02DD, 0x02DD, 0x02DD, 0x02DD, 0x02DD, 0x02DD,
    0x02DD, 0x02DC, 0x02DD, 0x02DD, 0x02DD, 0x02DD, 0x02DD, 0x02DD, 0x02DD, 0x02DC, 0x02DD, 0x02DC, 0x02BC, 0x02BD, 0x02BC, 0x02DC,
    0x02BD, 0x02BD, 0x02BD, 0x02BC, 0x02BC, 0x02BC, 0x02DC, 0x02BC, 0x02BD, 0x02BD, 0x02BC, 0x02BD, 0x02BD, 0x02BD, 0x02BD, 0x02DD,
    0x02DC, 0x02DD, 0x02DD, 0x02DD, 0x02DD, 0x02DD, 0x02DC, 0x02DC, 0x02DC, 0x02BC, 0x02BC, 0x02BC, 0x02BC, 0x02BC, 0x02BC, 0x02BC,
    0x02BC, 0x02DC, 0x02DC, 0x02DC, 0x02DC, 0x02DC, 0x02DC, 0x02DC, 0x02BC, 0x02BC, 0x02BC, 0x02BC, 0x02BC, 0x02BC, 0x02DD, 0x02DD,
    0x02DD, 0x02DD, 0x02BC, 0x02DC, 0x02DC, 0x02DD, 0x02DC, 0x02BC, 0x02BC, 0x02BC, 0x02BC, 0x02DC, 0x02BD, 0x02BD, 0x02BD, 0x02BD,
    0x02BC, 0x02BC, 0x02BC, 0x02BC, 0x02BC, 0x02BC, 0x02BC, 0x02BC, 0x02BC, 0x02BC, 0x02BC, 0x02BC, 0x02BC, 0x02BC, 0x02BC, 0x02BC,
    0x02BD, 0x02BC, 0x02BC, 0x02BC, 0x02BD, 0x02BD, 0x02BD, 0x02BD, 0x02BC, 0x02BC, 0x02BD, 0x02BD, 0x02BD, 0x02BC, 0x02BD, 0x02BC,
    0x0148, 0x0148, 0x0106, 0x0166, 0x01A6, 0x00A5, 0x09C7, 0x0A09, 0x00C7, 0x00E6, 0x00E6, 0x00E6, 0x0107, 0x0107, 0x00E6, 0x0127,
    0x0189, 0x0169, 0x0147, 0x0106, 0x01AA, 0x01EB, 0x01A9, 0x01AA, 0x020B, 0x0169, 0x0148, 0x122E, 0x118B, 0x1108, 0x1108, 0x08C6,
    0x08A5, 0x08E7, 0x08E7, 0x08A5, 0x08A5, 0x10E6, 0x1906, 0x10C5, 0x10E5, 0x2126, 0x2967, 0x1905, 0x10C4, 0x2967, 0x39A6, 0x5A87,
    0xF62A, 0xBD4F, 0x037C, 0x01AB, 0x01A8, 0x01A8, 0x02B0, 0x0334, 0x016A, 0x08E8, 0x1128, 0x1107, 0x0884, 0x10A4, 0x1906, 0x10C5,
    0x0884, 0x10A4, 0x10A4, 0x10A4, 0x0884, 0x0884, 0x01C9, 0x026B, 0x02AB, 0x024A, 0x02CC, 0x02EB, 0x0309, 0x03D0, 0x03F5, 0x00E7,
    0x00E7, 0x02B0, 0x0147, 0x02CE, 0x026E, 0x00A4, 0x00A5, 0x02AA, 0x02A9, 0x0288, 0x5C44, 0x2B46, 0x01C8, 0x0168, 0x22E7, 0x5524,
    0x6563, 0x2224, 0x3344, 0x5D84, 0x3404, 0x0925, 0x0085, 0x00A5, 0x00A5, 0x0107, 0x0128, 0x0127, 0x0127, 0x0106, 0x00A5, 0x00C6,
    0x0187, 0x0167, 0x01A8, 0x01A8, 0x0146, 0x01A7, 0x01A8, 0x01E9, 0x0187, 0x0106, 0x00C5, 0x0084, 0x00EC, 0x0108, 0x0147, 0x0108,
    0x00E6, 0x00E6, 0x00C6, 0x00C5, 0x01EC, 0x0189, 0x00C5, 0x00E6, 0x00C6, 0x00C5, 0x00C5, 0x00C5, 0x00C5, 0x00A5, 0x0267, 0x02C9,
    0x0127, 0x3BE7, 0x65A3, 0x4424, 0x0207, 0x01E7, 0x02B8, 0x02FC, 0x0182, 0x0249, 0x0231, 0x0211, 0x0246, 0x0AEB, 0x031F, 0x02DE,
    0x02BD, 0x02DC, 0x031F, 0x0214, 0x00A0, 0x0126, 0x0126, 0x00E4, 0x0107, 0x0298, 0x0276, 0x00E1, 0x01C3, 0x01EA, 0x02BA, 0x02FD,
    0x02DD, 0x02DD, 0x02DD, 0x02FD, 0x02FD, 0x02DD, 0x02DD, 0x02DD, 0x02DD, 0x02DD, 0x02DD, 0x02DD, 0x02DD, 0x02BC, 0x02FE, 0x01F0,
    0x00E1, 0x0106, 0x029D, 0x02BD, 0x02BD, 0x02DD, 0x02FF, 0x02DD, 0x02DD, 0x02DD, 0x02DD, 0x02DD, 0x02DD, 0x02DD, 0x02DD, 0x02DD,
    0x02DD, 0x02DD, 0x02DD, 0x02DD, 0x02DD, 0x02DD, 0x02DD, 0x02DD, 0x02DD, 0x02DD, 0x02DD, 0x02DD, 0x02BD, 0x02BD, 0x02BC, 0x02BC,
    0x02BD, 0x02BD, 0x02BD, 0x02DD, 0x02BD, 0x02DD, 0x02DD, 0x02BD, 0x02BD, 0x02BC, 0x02BD, 0x02BD, 0x02BC, 0x02DD, 0x02BD, 0x02DD,
    0x02DD, 0x02DD, 0x02DD, 0x02DD, 0x02DD, 0x02DD, 0x02DD, 0x02DC, 0x02DC, 0x02BC, 0x02BC, 0x02BC, 0x02BC, 0x02BC, 0x02BC, 0x02BC,
    0x02BC, 0x02BC, 0x02BC, 0x02DC, 0x02BD, 0x02BC, 0x02DC, 0x02DD, 0x02BC, 0x02BD, 0x02BD, 0x02BC, 0x02BC, 0x02BC, 0x02DC, 0x02DC,
    0x02BC, 0x02DC, 0x02BC, 0x02BD, 0x02DC, 0x02DD, 0x02DD, 0x02BC, 0x02BC, 0x02BC, 0x02DC, 0x02BC, 0x02DC, 0x02DD, 0x02BC, 0x02BC,
    0x02BC, 0x02BC, 0x02BC, 0x02BD, 0x02BD, 0x02BD, 0x02BD, 0x02BD, 0x02BD, 0x02BC, 0x02BC, 0x02BC, 0x02BD, 0x02BD, 0x02DD, 0x02BD,
    0x02BD, 0x02DD, 0x02DD, 0x02BD, 0x02BD, 0x02BD, 0x02BD, 0x02BD, 0x02BD, 0x02BD, 0x02DD, 0x02BD, 0x02BD, 0x02BD, 0x02BD, 0x02BD,
    0x0169, 0x0168, 0x00E6, 0x01E7, 0x01C8, 0x11C6, 0x1BC8, 0x13CA, 0x09E7, 0x0086, 0x00E6, 0x00E6, 0x0107, 0x0107, 0x0107, 0x0167,
    0x0168, 0x0147, 0x0147, 0x0127, 0x0127, 0x01A9, 0x0168, 0x00E6, 0x0169, 0x0127, 0x0106, 0x09ED, 0x118B, 0x1108, 0x1108, 0x08A5,
    0x1128, 0x08C6, 0x08E7, 0x08A6, 0x0885, 0x1907, 0x2146, 0x10C5, 0x18E5, 0x2966, 0x31A7, 0x18E5, 0x18E5, 0x31A7, 0x49E6, 0x62A8,
    0x8305, 0x83ED, 0x03DE, 0x0358, 0x02B2, 0x01CB, 0x0357, 0x022F, 0x10C6, 0x1908, 0x1108, 0x0885, 0x10C5, 0x1906, 0x1905, 0x1084,
    0x10A4, 0x08A4, 0x0126, 0x0106, 0x08A5, 0x1043, 0x0188, 0x01A9, 0x022A, 0x020A, 0x026B, 0x030A, 0x0267, 0x03B3, 0x03D6, 0x0206,
    0x02C9, 0x0438, 0x020E, 0x0312, 0x0AAF, 0x0063, 0x0354, 0x0419, 0x0331, 0x0166, 0xAE44, 0x32A4, 0x00C5, 0x3385, 0x7604, 0x1A83,
    0x6D84, 0x3B44, 0x0024, 0x0165, 0x0A05, 0x0125, 0x00C6, 0x00E6, 0x0107, 0x0127, 0x0147, 0x0147, 0x0148, 0x0127, 0x0167, 0x01C7,
    0x01E8, 0x0106, 0x00C5, 0x0106, 0x0146, 0x0187, 0x0189, 0x0188, 0x0212, 0x00E6, 0x0127, 0x00E5, 0x0216, 0x01F5, 0x0275, 0x02F9,
    0x0149, 0x00E6, 0x01AD, 0x0231, 0x01AA, 0x0189, 0x00E6, 0x00E7, 0x00C6, 0x0106, 0x0106, 0x00A5, 0x00E5, 0x00E5, 0x0166, 0x0146,
    0x0126, 0x0A24, 0x5481, 0x6D88, 0x54AC, 0x8606, 0x13B9, 0x031E, 0x02D7, 0x0279, 0x0168, 0x0100, 0x020B, 0x0A63, 0x0247, 0x02BB,
    0x02DD, 0x02DD, 0x031E, 0x0299, 0x0213, 0x01CF, 0x0105, 0x0211, 0x0166, 0x0168, 0x02DD, 0x01AC, 0x0143, 0x0122, 0x0277, 0x02FE,
    0x02DD, 0x02DD, 0x02DD, 0x02FD, 0x02FD, 0x02FD, 0x02FD, 0x02DD, 0x02DD, 0x02DD, 0x02DD, 0x02DD, 0x02DD, 0x02DD, 0x02DE, 0x0278,
    0x00E2, 0x01F1, 0x02BD, 0x02BC, 0x02DC, 0x02DD, 0x02DC, 0x02DD, 0x02DD, 0x02DD, 0x02DD, 0x02DD, 0x02DC, 0x02DD, 0x02DD, 0x02DD,
    0x02DD, 0x02DD, 0x02DD, 0x02DD, 0x02DD, 0x02DD, 0x02DD, 0x02DD, 0x02DD, 0x02DD, 0x02DD, 0x02DD, 0x02DD, 0x02DD, 0x02DD, 0x02DD,
    0x02DD, 0x02DD, 0x02DD, 0x02DD, 0x02DD, 0x02DD, 0x02DD, 0x02DD, 0x02DD, 0x02BD, 0x02BD, 0x02DD, 0x02BD, 0x02BD, 0x02DD, 0x02DD,
    0x02DD, 0x02DD, 0x02DD, 0x02DD, 0x02DD, 0x02DD, 0x02DD, 0x02DD, 0x02BC, 0x02BC, 0x02BC, 0x02BC, 0x02BC, 0x02BC, 0x02BC, 0x02BC,
    0x02BD, 0x02BD, 0x02BD, 0x02DD, 0x02DD, 0x02DD, 0x02DD, 0x02DD, 0x02BD, 0x02DD, 0x02DD, 0x02DD, 0x02DD, 0x02DD, 0x02DD, 0x02DD,
    0x02DC, 0x02DC, 0x02DD, 0x02DD, 0x02DD, 0x02DD, 0x02BD, 0x02BC, 0x02BC, 0x02DD, 0x02BD, 0x02BD, 0x02DD, 0x02DD, 0x02BC, 0x02BC,
    0x02BC, 0x02BC, 0x02BC, 0x02BD, 0x02BD, 0x02BD, 0x02BD, 0x02BD, 0x02BD, 0x02BD, 0x02BD, 0x02BD, 0x02BD, 0x02BD, 0x02BD, 0x02DD,
    0x02DD, 0x02DD, 0x02DD, 0x02BD, 0x02BD, 0x02BD, 0x02BD, 0x02BD, 0x02BD, 0x02DD, 0x02DD, 0x02DD, 0x02DD, 0x02BD, 0x02BD, 0x02DD,
    0x0248, 0x0148, 0x0107, 0x0106, 0x0A27, 0x1368, 0x0B48, 0x1387, 0x13C7, 0x02C8, 0x0148, 0x00E7, 0x00E6, 0x00E6, 0x00E6, 0x0147,
    0x0127, 0x00E6, 0x0127, 0x0147, 0x00C5, 0x0106, 0x0127, 0x00C5, 0x0149, 0x0107, 0x00A4, 0x016A, 0x118B, 0x1108, 0x10E7, 0x08C6,
    0x1148, 0x08C6, 0x1108, 0x08A5, 0x0884, 0x1907, 0x2126, 0x18E6, 0x1906, 0x3187, 0x2967, 0x2105, 0x10C4, 0x39A6, 0x39A6, 0x39C7,
    0x2925, 0x116A, 0x043F, 0x047F, 0x03DE, 0x016C, 0x0907, 0x10C6, 0x1108, 0x1107, 0x08A5, 0x10E5, 0x2146, 0x2105, 0x10A4, 0x10C5,
    0x1084, 0x08A4, 0x0167, 0x0167, 0x0127, 0x08A4, 0x08E6, 0x01CA, 0x01EA, 0x03EE, 0x036C, 0x01A7, 0x0391, 0x053E, 0x034F, 0x02E6,
    0x146D, 0x0C52, 0x0376, 0x0378, 0x01CC, 0x00A5, 0x0290, 0x049B, 0x018A, 0x00A6, 0x19E6, 0x00E6, 0x2AA5, 0x7E24, 0x3B04, 0x0064,
    0x3BA4, 0x8EC4, 0x3B23, 0x0065, 0x00A6, 0x00E7, 0x0149, 0x0107, 0x0127, 0x0127, 0x0148, 0x0168, 0x0168, 0x00E5, 0x00E4, 0x01A7,
    0x0167, 0x0147, 0x0106, 0x00A5, 0x0126, 0x01C7, 0x01C9, 0x0277, 0x033F, 0x01F0, 0x0146, 0x0105, 0x01D3, 0x02FF, 0x031E, 0x02DB,
    0x00C5, 0x016A, 0x0297, 0x0108, 0x00C5, 0x00E6, 0x00E6, 0x0107, 0x00E6, 0x00E5, 0x0106, 0x0127, 0x00C5, 0x0165, 0x0104, 0x0064,
    0x1145, 0x6C42, 0x6D25, 0x1BD4, 0x5C69, 0x652C, 0x031E, 0x031F, 0x02FF, 0x016A, 0x0162, 0x01A2, 0x0295, 0x026E, 0x022E, 0x02BD,
    0x02DD, 0x02DD, 0x02FD, 0x02FE, 0x033F, 0x0211, 0x01ED, 0x0231, 0x0142, 0x0168, 0x02DD, 0x02BD, 0x018A, 0x01EF, 0x02FE, 0x02FD,
    0x02DD, 0x02DD, 0x02DD, 0x02DD, 0x02DD, 0x02DD, 0x02DD, 0x02DD, 0x02DD, 0x02DD, 0x02DD, 0x02DD, 0x02DD, 0x02DD, 0x02DD, 0x02DD,
    0x0257, 0x02BC, 0x02DD, 0x02BD, 0x02DD, 0x02DD, 0x02DD, 0x02DD, 0x02DD, 0x02DD, 0x02DD, 0x02DD, 0x02DD, 0x02DD, 0x02DD, 0x02DD,
    0x02DD, 0x02DD, 0x02DD, 0x02DD, 0x02DD, 0x02DD, 0x02DD, 0x02DD, 0x02DD, 0x02DD, 0x02DD, 0x02DD, 0x02DD, 0x02DD, 0x02DD, 0x02DD,
    0x02DD, 0x02BD, 0x02DD, 0x02DD, 0x02DD, 0x02DD, 0x02DD, 0x02DD, 0x02BD, 0x02DD, 0x02DD, 0x02BD, 0x02BD, 0x02DD, 0x02DD, 0x02DD,
    0x02DD, 0x02DD, 0x02DD, 0x02DD, 0x02DD, 0x02DD, 0x02BD, 0x02BD, 0x02BD, 0x02BD, 0x02BD, 0x02BC, 0x02BD, 0x02BD, 0x02BC, 0x02BC,
    0x02BD, 0x02BD, 0x02BD, 0x02BD, 0x02DD, 0x02DD, 0x02DD, 0x02DD, 0x02BD, 0x02DD, 0x02BD, 0x02DD, 0x02DD, 0x02DD, 0x02DD, 0x02DD,
    0x02DD, 0x02DD, 0x02DD, 0x02DD, 0x02DD, 0x02DD, 0x02BD, 0x02BD, 0x02BD, 0x02BD, 0x02BD, 0x02BD, 0x02BD, 0x02BD, 0x02BD, 0x02BD,
    0x02DC, 0x02DC, 0x02DD, 0x02DD, 0x02BD, 0x02BD, 0x02BD, 0x02BD, 0x02DD, 0x02BD, 0x02DD, 0x02BD, 0x02BD, 0x02DD, 0x02DD, 0x02DD,
    0x02DD, 0x02BD, 0x02BD, 0x02BD, 0x02BD, 0x02BD, 0x02DD, 0x02DD, 0x02BD, 0x02DD, 0x02DD, 0x02DD, 0x02DD, 0x02DD, 0x02DD, 0x02DD,
    0x0287, 0x01E8, 0x00E6, 0x0106, 0x0AE8, 0x0BA9, 0x0B68, 0x5D05, 0x3C06, 0x0168, 0x0127, 0x00E7, 0x00E6, 0x00E6, 0x00E6, 0x00E7,
    0x00E6, 0x00E6, 0x00E6, 0x0127, 0x0127, 0x00E6, 0x00E6, 0x00E6, 0x0107, 0x0106, 0x00E5, 0x0127, 0x1169, 0x1108, 0x10E7, 0x08A5,
    0x08C6, 0x08E7, 0x10E7, 0x08A5, 0x08A5, 0x1927, 0x2146, 0x18E6, 0x18E5, 0x2966, 0x2987, 0x2126, 0x18C4, 0x39C6, 0x2966, 0x41E7,
    0x2987, 0x0864, 0x0A51, 0x035A, 0x014C, 0x08A5, 0x10C6, 0x1107, 0x1928, 0x10C6, 0x18E5, 0x2966, 0x1905, 0x10A4, 0x18E5, 0x10A4,
    0x0883, 0x0883, 0x08C4, 0x0188, 0x0168, 0x0168, 0x0127, 0x0107, 0x0147, 0x044D, 0x04CF, 0x022A, 0x02AD, 0x03D1, 0x02E8, 0x0BA7,
    0x14B4, 0x0CB3, 0x1452, 0x026D, 0x0147, 0x0106, 0x0107, 0x0149, 0x00A5, 0x00E6, 0x0106, 0x00E7, 0x3BC5, 0x4404, 0x0044, 0x0106,
    0x01E7, 0x6DA3, 0x8663, 0x22A7, 0x0109, 0x0149, 0x0149, 0x0127, 0x0107, 0x0127, 0x0189, 0x01A9, 0x0189, 0x0211, 0x0109, 0x0105,
    0x0147, 0x0147, 0x0147, 0x0147, 0x0146, 0x01A5, 0x01E6, 0x022B, 0x033E, 0x031C, 0x00E4, 0x016A, 0x02DD, 0x02DE, 0x02DD, 0x02BB,
    0x0278, 0x02FB, 0x0254, 0x00C5, 0x0128, 0x0107, 0x0107, 0x00E6, 0x00E6, 0x00E5, 0x00E5, 0x0106, 0x0106, 0x0207, 0x0267, 0x0103,
    0x09CA, 0x3555, 0x3575, 0x0378, 0x1352, 0x035C, 0x031D, 0x0B3C, 0x02DC, 0x02B9, 0x0230, 0x0140, 0x0254, 0x02BD, 0x02BD, 0x02DD,
    0x02DD, 0x02DD, 0x02DD, 0x02DD, 0x02DD, 0x02B9, 0x02DB, 0x018A, 0x0123, 0x0278, 0x02DD, 0x02DE, 0x02BC, 0x02BC, 0x02FE, 0x02FD,
    0x02DD, 0x02DD, 0x02DD, 0x02DD, 0x02DD, 0x02DD, 0x02DD, 0x02DD, 0x02DD, 0x02DD, 0x02DD, 0x02DD, 0x02DD, 0x02DD, 0x02DD, 0x02DD,
    0x02DE, 0x02BD, 0x02DD, 0x02DD, 0x02DD, 0x02DD, 0x02DD, 0x02DD, 0x02DD, 0x02DD, 0x02DD, 0x02DD, 0x02DD, 0x02DD, 0x02DD, 0x02DD,
    0x02DD, 0x02DD, 0x02DD, 0x02DD, 0x02DD, 0x02DD, 0x02DD, 0x02DD, 0x02DD, 0x02DD, 0x02DD, 0x02DD, 0x02DD, 0x02DD, 0x02DD, 0x02DD,
    0x02DD, 0x02BD, 0x02DD, 0x02DD, 0x02DD, 0x02DD, 0x02DD, 0x02DD, 0x02DD, 0x02DD, 0x02DD, 0x02DD, 0x02DD, 0x02DD, 0x02DD, 0x02DD,
    0x02DD, 0x02DD, 0x02DD, 0x02DD, 0x02DD, 0x02DD, 0x02DD, 0x02DD, 0x02BD, 0x02BD, 0x02BD, 0x02BD, 0x02BD, 0x02BD, 0x02BD, 0x02BD,
    0x02BD, 0x02BD, 0x02BD, 0x02BD, 0x02DD, 0x02DD, 0x02DD, 0x02DD, 0x02DD, 0x02DD, 0x02DD, 0x02DD, 0x02DD, 0x02DD, 0x02DD, 0x02DD,
    0x02DD, 0x02DD, 0x02DD, 0x02DD, 0x02DD, 0x02DD, 0x02DD, 0x02BD, 0x02DD, 0x02BD, 0x02BD, 0x02BD, 0x02DD, 0x02DD, 0x02DD, 0x02DD,
    0x02DD, 0x02DD, 0x02DD, 0x02DD, 0x02DD, 0x02DD, 0x02DD, 0x02DD, 0x02DD, 0x02DD, 0x02DD, 0x02DD, 0x02DD, 0x02DD, 0x02DD, 0x02DD,
    0x02DD, 0x02DD, 0x02BD, 0x02BD, 0x02BD, 0x02DD, 0x02DD, 0x02DD, 0x02DD, 0x02BD, 0x02DD, 0x02DD, 0x02DD, 0x02DD, 0x02DD, 0x02DD,
    0x0188, 0x0228, 0x0106, 0x01C7, 0x02C9, 0x2BA6, 0x3B85, 0x2A65, 0x53E6, 0x08E6, 0x00E6, 0x0107, 0x00E6, 0x00E6, 0x00E6, 0x00E6,
    0x00E6, 0x00E6, 0x00E6, 0x00C5, 0x00C5, 0x00C5, 0x0146, 0x01A7, 0x0126, 0x00E6, 0x0166, 0x01C8, 0x096A, 0x1108, 0x08E7, 0x08C6,
    0x08A6, 0x08A7, 0x08E7, 0x08A5, 0x08A5, 0x1927, 0x1906, 0x1927, 0x2106, 0x2946, 0x2987, 0x2106, 0x2105, 0x2987, 0x31C7, 0x4206,
    0x31A7, 0x0884, 0x0084, 0x00A6, 0x0884, 0x10E7, 0x1128, 0x1928, 0x1107, 0x10A4, 0x2105, 0x1905, 0x18E5, 0x18E5, 0x0863, 0x10E5,
    0x1905, 0x10C4, 0x0863, 0x0106, 0x0188, 0x0168, 0x0127, 0x00A5, 0x0209, 0x0D0F, 0x028A, 0x0127, 0x0208, 0x03AB, 0x01C6, 0x0B06,
    0x0C11, 0x04B3, 0x034B, 0x0289, 0x02A9, 0x0249, 0x01C9, 0x0188, 0x0127, 0x00A5, 0x0206, 0x0AA7, 0x09C6, 0x0145, 0x0065, 0x01C8,
    0x020A, 0x1AC8, 0x96A3, 0x3BA7, 0x010B, 0x0148, 0x01CF, 0x0129, 0x0106, 0x0106, 0x0169, 0x01A8, 0x0272, 0x031D, 0x0254, 0x0126,
    0x0145, 0x0189, 0x01CA, 0x0187, 0x01E9, 0x01EA, 0x01C5, 0x01E3, 0x0318, 0x031F, 0x0278, 0x0299, 0x02FF, 0x02DE, 0x02DE, 0x02DD,
    0x031F, 0x029A, 0x00E3, 0x01CC, 0x016B, 0x00C5, 0x0107, 0x0107, 0x00E6, 0x00E6, 0x0188, 0x0168, 0x0167, 0x0106, 0x0125, 0x01C5,
    0x0107, 0x01EA, 0x1B47, 0x1AC5, 0x0BB2, 0x4CCE, 0x8E45, 0x6D4B, 0x02BE, 0x02DF, 0x029C, 0x0256, 0x029A, 0x02DE, 0x02DD, 0x02DD,
    0x02DD, 0x02DD, 0x02DD, 0x02DD, 0x02DD, 0x02DE, 0x02FE, 0x0299, 0x0279, 0x02DE, 0x02DD, 0x02DD, 0x02FD, 0x02FD, 0x02FD, 0x02FD,
    0x02FD, 0x02DD, 0x02DD, 0x02DD, 0x02DD, 0x02DD, 0x02DD, 0x02DD, 0x02DD, 0x02DD, 0x02DD, 0x02DD, 0x02DD, 0x02DD, 0x02DD, 0x02DD,
    0x02DC, 0x02DD, 0x02DD, 0x02DD, 0x02DD, 0x02DD, 0x02DD, 0x02DD, 0x02DD, 0x02DD, 0x02DD, 0x02DD, 0x02DD, 0x02DD, 0x02DD, 0x02DD,
    0x02DD, 0x02DD, 0x02DD, 0x02DD, 0x02DD, 0x02DD, 0x02DD, 0x02DD, 0x02DD, 0x02DD, 0x02DD, 0x02DD, 0x02DD, 0x02DD, 0x02DD, 0x02DD,
    0x02DD, 0x02DD, 0x02DD, 0x02DD, 0x02DD, 0x02DD, 0x02DD, 0x02DD, 0x02DD, 0x02DD, 0x02DD, 0x02DD, 0x02DD, 0x02DD, 0x02DD, 0x02DD,
    0x02DD, 0x02DD, 0x02DD, 0x02DD, 0x02DD, 0x02DD, 0x02DD, 0x02DD, 0x02BD, 0x02BD, 0x02BD, 0x02BD, 0x02DD, 0x02DD, 0x02DD, 0x02DD,
    0x02BD, 0x02BD, 0x02BD, 0x02DD, 0x02DD, 0x02DD, 0x02DD, 0x02DD, 0x02DD, 0x02DD, 0x02DD, 0x02BD, 0x02DD, 0x02DD, 0x02DD, 0x02DD,
    0x02DD, 0x02DD, 0x02DD, 0x02DD, 0x02DD, 0x02DD, 0x02DD, 0x02DD, 0x02DD, 0x02BC, 0x02BD, 0x02BD, 0x02BD, 0x02DD, 0x02DD, 0x02DD,
    0x02DD, 0x02DD, 0x02DD, 0x02DD, 0x02DD, 0x02DD, 0x02DD, 0x02DD, 0x02DD, 0x02DD, 0x02DD, 0x02DD, 0x02DD, 0x02DD, 0x02DD, 0x02DD,
    0x02DD, 0x02DD, 0x02DD, 0x02DD, 0x02BD, 0x02DD, 0x02DD, 0x02DD, 0x02DD, 0x02DD, 0x02DD, 0x02DD, 0x02DD, 0x02DD, 0x02DD, 0x02DD,
    0x0086, 0x0127, 0x01C7, 0x01A7, 0x0187, 0x00C6, 0x00E5, 0x00A5, 0x3305, 0x3BC5, 0x00A6, 0x0107, 0x00E7, 0x00E6, 0x00E6, 0x00E6,
    0x00C6, 0x00C6, 0x00E6, 0x0106, 0x00E5, 0x00E5, 0x0166, 0x01E6, 0x01C6, 0x00E6, 0x01E9, 0x01EA, 0x014A, 0x0909, 0x022A, 0x02AA,
    0x01C7, 0x09A6, 0x08E6, 0x08A5, 0x08A5, 0x1907, 0x10E6, 0x1927, 0x1905, 0x3186, 0x2987, 0x2966, 0x2946, 0x39C8, 0x31A7, 0x39C7,
    0x2147, 0x08A5, 0x0043, 0x0063, 0x08C5, 0x1928, 0x1908, 0x1107, 0x10C5, 0x1905, 0x18E5, 0x18C4, 0x2126, 0x18E5, 0x0926, 0x01C8,
    0x0987, 0x09C8, 0x01C9, 0x00E6, 0x0127, 0x0168, 0x0168, 0x00A5, 0x02CB, 0x036C, 0x01A9, 0x0168, 0x0106, 0x02AC, 0x038E, 0x0206,
    0x0246, 0x0287, 0x01A7, 0x02AA, 0x02AA, 0x02CA, 0x0209, 0x01C9, 0x028A, 0x0228, 0x01C6, 0x02C7, 0x0126, 0x00C6, 0x00C5, 0x01A8,
    0x024A, 0x0148, 0x4344, 0x4C06, 0x010C, 0x018C, 0x037B, 0x031B, 0x014C, 0x01AD, 0x018A, 0x0146, 0x0147, 0x0277, 0x01F0, 0x0102,
    0x0169, 0x0296, 0x0271, 0x0145, 0x026F, 0x037D, 0x0212, 0x0183, 0x01E9, 0x02DE, 0x031E, 0x02FE, 0x02DD, 0x02DE, 0x02DD, 0x02DD,
    0x02DD, 0x01CF, 0x00A2, 0x0129, 0x00A5, 0x00A4, 0x00E6, 0x00E6, 0x00E6, 0x00A5, 0x0147, 0x024B, 0x01A7, 0x00C4, 0x0084, 0x0186,
    0x0228, 0x2222, 0x2223, 0x0103, 0x0104, 0x54A2, 0x6D69, 0x1B99, 0x23D7, 0x1B78, 0x02BE, 0x02DF, 0x02DE, 0x02DD, 0x02DD, 0x02DD,
    0x02DD, 0x02DD, 0x02DD, 0x02DD, 0x02DD, 0x02DD, 0x02DD, 0x02FE, 0x02FE, 0x02DD, 0x02DD, 0x02DD, 0x02DD, 0x02FD, 0x02FD, 0x02FD,
    0x02DD, 0x02DD, 0x02DD, 0x02DD, 0x02DD, 0x02DD, 0x02DD, 0x02DD, 0x02DD, 0x02DD, 0x02DD, 0x02DD, 0x02DD, 0x02DD, 0x02DD, 0x02DD,
    0x02DD, 0x02DD, 0x02DD, 0x02DD, 0x02DD, 0x02DD, 0x02DD, 0x02DD, 0x02DD, 0x02DD, 0x02DD, 0x02DD, 0x02DD, 0x02DD, 0x02DD, 0x02DD,
    0x02DD, 0x02DD, 0x02DD, 0x02DD, 0x02DD, 0x02DD, 0x02DD, 0x02DD, 0x02DD, 0x02DD, 0x02DD, 0x02DD, 0x02DD, 0x02DD, 0x02DD, 0x02DD,
    0x02DD, 0x02DD, 0x02DD, 0x02DD, 0x02DD, 0x02DD, 0x02DD, 0x02DD, 0x02DD, 0x02DD, 0x02DD, 0x02DD, 0x02DD, 0x02DD, 0x02DD, 0x02DD,
    0x02DD, 0x02DD, 0x02DD, 0x02DD, 0x02DD, 0x02DD, 0x02DD, 0x02DD, 0x02DD, 0x02BD, 0x02BD, 0x02DD, 0x02DD, 0x02DD, 0x02DD, 0x02DD,
    0x02DD, 0x02DD, 0x02DD, 0x02DD, 0x02DD, 0x02DD, 0x02DD, 0x02DD, 0x02DD, 0x02DD, 0x02DD, 0x02DD, 0x02DD, 0x02DD, 0x02DD, 0x02DD,
    0x02DD, 0x02DD, 0x02DD, 0x02DD, 0x02DD, 0x02DD, 0x02DD, 0x02DD, 0x02DD, 0x02DD, 0x02DD, 0x02DD, 0x02DD, 0x02DD, 0x02DD, 0x02DD,
    0x02DD, 0x02DD, 0x02DD, 0x02DD, 0x02DD, 0x02DD, 0x02DD, 0x02DD, 0x02DD, 0x02DD, 0x02DD, 0x02DD, 0x02DD, 0x02DD, 0x02DD, 0x02DD,
    0x02DD, 0x02DD, 0x02DD, 0x02DD, 0x02DD, 0x02FD, 0x02FD, 0x02FD, 0x02FD, 0x02DD, 0x02DD, 0x02DD, 0x02DD, 0x02DD, 0x02DD, 0x02FD,
    0x1226, 0x09A6, 0x0187, 0x0126, 0x0066, 0x00E6, 0x00E6, 0x00C6, 0x00E6, 0x0167, 0x00E6, 0x00E6, 0x00E6, 0x00E7, 0x00E6, 0x00C5,
    0x00C6, 0x00A6, 0x0147, 0x0208, 0x01E8, 0x0146, 0x0167, 0x0248, 0x02A7, 0x0186, 0x01A6, 0x12C7, 0x1228, 0x1229, 0x030A, 0x02C8,
    0x0347, 0x0AE5, 0x0905, 0x08A5, 0x10C5, 0x1927, 0x1927, 0x2148, 0x18E5, 0x2966, 0x3187, 0x3186, 0x2966, 0x41E7, 0x3187, 0x2988,
    0x1906, 0x0063, 0x0063, 0x08A4, 0x1107, 0x1107, 0x08C5, 0x18E6, 0x2126, 0x18E5, 0x18C4, 0x2945, 0x18E5, 0x10A4, 0x19E8, 0x09A7,
    0x01C8, 0x0209, 0x0209, 0x020A, 0x01C9, 0x0209, 0x024A, 0x00E6, 0x0126, 0x01C9, 0x01C9, 0x00C5, 0x0064, 0x0188, 0x034E, 0x030B,
    0x01C6, 0x0227, 0x0065, 0x0166, 0x01E7, 0x0248, 0x032A, 0x0289, 0x0249, 0x0227, 0x0105, 0x00A5, 0x00C5, 0x00E6, 0x00C5, 0x0146,
    0x01A7, 0x016B, 0x1AEB, 0x3CAF, 0x0B1C, 0x33F3, 0x3CB8, 0x039F, 0x014D, 0x02DA, 0x01D0, 0x0062, 0x01F3, 0x031F, 0x02DB, 0x01AD,
    0x02FC, 0x0235, 0x00C4, 0x01EB, 0x0164, 0x01CA, 0x033E, 0x02BA, 0x02DB, 0x02FD, 0x02FD, 0x02FD, 0x02DD, 0x02DD, 0x02DD, 0x02FE,
    0x0298, 0x0080, 0x01AE, 0x029B, 0x0108, 0x00C5, 0x00A4, 0x016C, 0x014B, 0x00E6, 0x00E5, 0x00E6, 0x00C4, 0x00E5, 0x00E5, 0x00C4,
    0x1186, 0x7545, 0x8DE1, 0x3300, 0x0105, 0x026B, 0x022C, 0x02EC, 0x6544, 0x8E83, 0x2BD4, 0x02BE, 0x02FC, 0x02DD, 0x02DD, 0x02DD,
    0x02DD, 0x02DD, 0x02DD, 0x02DD, 0x02DD, 0x02DD, 0x02DD, 0x02DD, 0x02DD, 0x02DD, 0x02DD, 0x02FD, 0x02FD, 0x02FD, 0x02FD, 0x02FD,
    0x02FD, 0x02DD, 0x02DD, 0x02DD, 0x02DD, 0x02DD, 0x02DD, 0x02DD, 0x02DD, 0x02DD, 0x02DD, 0x02DD, 0x02DD, 0x02DD, 0x02DD, 0x02DD,
    0x02DD, 0x02DD, 0x02DD, 0x02DD, 0x02DD, 0x02DD, 0x02DD, 0x02DD, 0x02DD, 0x02DD, 0x02DD, 0x02DD, 0x02DD, 0x02DD, 0x02DD, 0x02DD,
    0x02DD, 0x02DD, 0x02DD, 0x02DD, 0x02DD, 0x02DD, 0x02DD, 0x02DD, 0x02DD, 0x02DD, 0x02DD, 0x02DD, 0x02DD, 0x02DD, 0x02DD, 0x02DD,
    0x02DD, 0x02DD, 0x02DD, 0x02DD, 0x02DD, 0x02DD, 0x02DD, 0x02DD, 0x02DD, 0x02DD, 0x02DD, 0x02DD, 0x02DD, 0x02DD, 0x02DD, 0x02DD,
    0x02DD, 0x02DD, 0x02DD, 0x02DD, 0x02DD, 0x02DD, 0x02DD, 0x02DD, 0x02DD, 0x02DD, 0x02DD, 0x02DD, 0x02DD, 0x02DD, 0x02DD, 0x02DD,
    0x02DD, 0x02DD, 0x02DD, 0x02DD, 0x02DD, 0x02DD, 0x02DD, 0x02DD, 0x02DD, 0x02DD, 0x02DD, 0x02DD, 0x02DD, 0x02DD, 0x02DD, 0x02DD,
    0x02DD, 0x02DD, 0x02DD, 0x02DD, 0x02DD, 0x02DD, 0x02DD, 0x02DD, 0x02DD, 0x02DD, 0x02DD, 0x02DD, 0x02DD, 0x02DD, 0x02DD, 0x02DD,
    0x02DD, 0x02DD, 0x02DD, 0x02DD, 0x02DD, 0x02DD, 0x02DD, 0x02DD, 0x02DD, 0x02DD, 0x02DD, 0x02DD, 0x02DD, 0x02DD, 0x02DD, 0x02DD,
    0x02DD, 0x02DD, 0x02DD, 0x02DD, 0x02FD, 0x02BD, 0x027D, 0x027D, 0x029D, 0x02FD, 0x02FD, 0x02DD, 0x02DD, 0x02DD, 0x02DD, 0x02DD,
    0x2347, 0x1AE7, 0x01C8, 0x09E7, 0x0A47, 0x00C6, 0x00A5, 0x00E6, 0x00E6, 0x00E6, 0x00E6, 0x00E7, 0x00E6, 0x00E6, 0x00E6, 0x0106,
    0x0107, 0x00E7, 0x0106, 0x0209, 0x0229, 0x01E9, 0x0188, 0x0249, 0x01C7, 0x0166, 0x0AA6, 0x12C5, 0x1AA6, 0x1389, 0x02E9, 0x034A,
    0x0A06, 0x0864, 0x0884, 0x08A5, 0x1107, 0x1108, 0x1928, 0x2168, 0x18E5, 0x3187, 0x31A9, 0x31A8, 0x2967, 0x2966, 0x2987, 0x2127,
    0x10A4, 0x0883, 0x10E5, 0x1107, 0x1108, 0x10A5, 0x10C5, 0x2126, 0x18E5, 0x1905, 0x2967, 0x2105, 0x1083, 0x2946, 0x3145, 0x10A4,
    0x0147, 0x0229, 0x0209, 0x0229, 0x01C8, 0x0209, 0x026A, 0x0126, 0x00E5, 0x01E9, 0x0147, 0x0084, 0x0084, 0x00E5, 0x01E8, 0x02AC,
    0x0147, 0x0147, 0x0187, 0x01A6, 0x01C6, 0x0B08, 0x0389, 0x02E9, 0x01C8, 0x00E6, 0x0064, 0x0084, 0x00E6, 0x00E6, 0x00C5, 0x00A4,
    0x01C9, 0x02FA, 0x03BF, 0x1C1C, 0x23B2, 0x2367, 0x548D, 0x0B15, 0x0080, 0x0213, 0x0212, 0x0129, 0x031F, 0x02DD, 0x02FE, 0x033F,
    0x031E, 0x00E6, 0x016B, 0x022E, 0x020C, 0x01A6, 0x0274, 0x031F, 0x02FE, 0x02FD, 0x02FD, 0x02FD, 0x02DD, 0x02DD, 0x02DD, 0x02FE,
    0x02BA, 0x01D0, 0x033F, 0x01D0, 0x00A1, 0x00E5, 0x018D, 0x03BF, 0x0275, 0x00E5, 0x0168, 0x0147, 0x00C4, 0x00C4, 0x00E4, 0x0125,
    0x0147, 0x02B4, 0x4C84, 0x4C22, 0x0316, 0x038F, 0x02E8, 0x0AC6, 0x01C0, 0x7540, 0x75CB, 0x02BE, 0x02FD, 0x02FD, 0x02DD, 0x02DD,
    0x02DD, 0x02DD, 0x02DD, 0x02DD, 0x02DD, 0x02DD, 0x02DD, 0x02DD, 0x02DD, 0x02DD, 0x02FD, 0x02FD, 0x02FD, 0x02DD, 0x02FD, 0x02FD,
    0x02FD, 0x02DD, 0x02DD, 0x02DD, 0x02DD, 0x02DD, 0x02DD, 0x02DD, 0x02DD, 0x02DD, 0x02DD, 0x02DD, 0x02DD, 0x02DD, 0x02DD, 0x02DD,
    0x02DD, 0x02DD, 0x02DD, 0x02DD, 0x02DD, 0x02DD, 0x02DD, 0x02DD, 0x02DD, 0x02DD, 0x02DD, 0x02DD, 0x02DD, 0x02DD, 0x02DD, 0x02DD,
    0x02DD, 0x02DD, 0x02DD, 0x02DD, 0x02DD, 0x02DD, 0x02DD, 0x02DD, 0x02DD, 0x02DD, 0x02DD, 0x02DD, 0x02DD, 0x02DD, 0x02DD, 0x02DD,
    0x02DD, 0x02DD, 0x02DD, 0x02DD, 0x02DD, 0x02DD, 0x02DD, 0x02DD, 0x02DD, 0x02DD, 0x02DD, 0x02DD, 0x02DD, 0x02DD, 0x02DD, 0x02DD,
    0x02DD, 0x02DD, 0x02DD, 0x02DD, 0x02DD, 0x02DD, 0x02DD, 0x02DD, 0x02DD, 0x02DD, 0x02DD, 0x02DD, 0x02DD, 0x02DD, 0x02DD, 0x02DD,
    0x02DD, 0x02DD, 0x02DD, 0x02DD, 0x02DD, 0x02DD, 0x02DD, 0x02DD, 0x02DD, 0x02DD, 0x02DD, 0x02DD, 0x02DD, 0x02DD, 0x02DD, 0x02DD,
    0x02DD, 0x02DD, 0x02DD, 0x02DD, 0x02DD, 0x02DD, 0x02DD, 0x02DD, 0x02DD, 0x02DD, 0x02DD, 0x02DD, 0x02DD, 0x02DD, 0x02DD, 0x02DD,
    0x02DD, 0x02DD, 0x02DD, 0x02DD, 0x02DD, 0x02DD, 0x02DD, 0x02DD, 0x02DD, 0x02DD, 0x02DD, 0x02DD, 0x02DD, 0x02DD, 0x02DD, 0x02DD,
    0x02DD, 0x02DD, 0x02FD, 0x02DD, 0x025C, 0x443D, 0x7D3E, 0x6D1E, 0x6CFE, 0x02BD, 0x029D, 0x02FD, 0x02DD, 0x02DD, 0x02DD, 0x02DD,
    0x0A68, 0x0A89, 0x01C9, 0x0248, 0x3447, 0x43A5, 0x0905, 0x00E6, 0x0107, 0x00E6, 0x00E6, 0x00E7, 0x00E6, 0x00E7, 0x00E6, 0x0105,
    0x0127, 0x0106, 0x00C5, 0x01A8, 0x0229, 0x01E8, 0x0188, 0x01C9, 0x01A7, 0x00C5, 0x0207, 0x0247, 0x0247, 0x02E9, 0x02E9, 0x0207,
    0x08C5, 0x1064, 0x0884, 0x0864, 0x08E6, 0x1187, 0x1968, 0x1907, 0x18E5, 0x39C8, 0x39E8, 0x4208, 0x2967, 0x10C5, 0x2967, 0x1906,
    0x0863, 0x0884, 0x10E6, 0x1127, 0x08E7, 0x10E6, 0x2127, 0x18E6, 0x1905, 0x2987, 0x2946, 0x0863, 0x3186, 0x31E6, 0x0905, 0x00E6,
    0x01A9, 0x01E9, 0x0209, 0x01E9, 0x00E5, 0x0187, 0x026A, 0x00C5, 0x0188, 0x022A, 0x0106, 0x0084, 0x0146, 0x02AA, 0x0229, 0x00A5,
    0x0147, 0x0187, 0x02E9, 0x0B88, 0x0BC8, 0x02E8, 0x02E8, 0x0228, 0x0127, 0x00A5, 0x00C5, 0x0127, 0x0147, 0x0127, 0x00E6, 0x018C,
    0x01EB, 0x024E, 0x02F4, 0x0315, 0x09E6, 0x12AC, 0x13D7, 0x02F3, 0x0146, 0x029A, 0x02DB, 0x0277, 0x02FE, 0x02FD, 0x02FE, 0x02FE,
    0x031E, 0x02DA, 0x0277, 0x0163, 0x020A, 0x02D7, 0x02FB, 0x031E, 0x02FD, 0x02FE, 0x02FE, 0x02FD, 0x02DD, 0x02DD, 0x02FD, 0x02FD,
    0x02FE, 0x02FE, 0x02FE, 0x0277, 0x01CF, 0x0234, 0x03BF, 0x02F8, 0x0128, 0x00E5, 0x0147, 0x0147, 0x00E4, 0x01CB, 0x022D, 0x0146,
    0x0234, 0x02B8, 0x0A40, 0x0B51, 0x02FC, 0x234A, 0x0BB8, 0x0B59, 0x0250, 0x1B25, 0x2BEC, 0x02DF, 0x02FD, 0x02DD, 0x02DD, 0x02DD,
    0x02DD, 0x02DD, 0x02DD, 0x02DD, 0x02DD, 0x02DD, 0x02DD, 0x02DD, 0x02DD, 0x02DD, 0x02DD, 0x02FD, 0x02FD, 0x02FD, 0x02FD, 0x02FD,
    0x02FD, 0x02DD, 0x02DD, 0x02DD, 0x02DD, 0x02DD, 0x02FD, 0x02FD, 0x02FD, 0x02DD, 0x02DD, 0x02DD, 0x02DD, 0x02DD, 0x02DD, 0x02DD,
    0x02DD, 0x02DD, 0x02DD, 0x02DD, 0x02DD, 0x02DD, 0x02DD, 0x02DD, 0x02DD, 0x02DD, 0x02DD, 0x02DD, 0x02DD, 0x02DD, 0x02DD, 0x02DD,
    0x02DD, 0x02DD, 0x02DD, 0x02DD, 0x02DD, 0x02DD, 0x02DD, 0x02DD, 0x02DD, 0x02DD, 0x02DD, 0x02DD, 0x02DD, 0x02DD, 0x02DD, 0x02DD,
    0x02DD, 0x02DD, 0x02DD, 0x02DD, 0x02DD, 0x02DD, 0x02DD, 0x02DD, 0x02DD, 0x02DD, 0x02DD, 0x02DD, 0x02DD, 0x02DD, 0x02DD, 0x02DD,
    0x02DD, 0x02DD, 0x02DD, 0x02DD, 0x02DD, 0x02DD, 0x02DD, 0x02DD, 0x02DD, 0x02DD, 0x02DD, 0x02DD, 0x02DD, 0x02DD, 0x02DD, 0x02DD,
    0x02DD, 0x02DD, 0x02DD, 0x02DD, 0x02DD, 0x02DD, 0x02DD, 0x02DD, 0x02DD, 0x02DD, 0x02DD, 0x02DD, 0x02DD, 0x02DD, 0x02DD, 0x02DD,
    0x02DD, 0x02DD, 0x02DD, 0x02DD, 0x02DD, 0x02DD, 0x02DD, 0x02DD, 0x02DD, 0x02DD, 0x02DD, 0x02DD, 0x02DD, 0x02DD, 0x02DD, 0x02DD,
    0x02DD, 0x02DD, 0x02DD, 0x02DD, 0x02DD, 0x02DD, 0x02DD, 0x02DD, 0x02DD, 0x02DD, 0x02DD, 0x02DD, 0x02DD, 0x02DD, 0x02DD, 0x02DD,
    0x02DD, 0x02FD, 0x02BD, 0x239D, 0x4C5E, 0x9E3F, 0xEFFF, 0xF7FF, 0xF7FF, 0x857F, 0x441E, 0x027D, 0x02FD, 0x02FD, 0x02DD, 0x02DD,
    0x1BE7, 0x0AE8, 0x2328, 0x2B47, 0x2326, 0x5D45, 0x22E6, 0x0107, 0x0107, 0x00E6, 0x00E6, 0x00E6, 0x00E7, 0x0106, 0x00E6, 0x00C5,
    0x0107, 0x00C5, 0x00E5, 0x0187, 0x0188, 0x0106, 0x0106, 0x0228, 0x02E8, 0x0247, 0x0165, 0x02E7, 0x3467, 0x3C66, 0x3447, 0x0126,
    0x0885, 0x0864, 0x0104, 0x01E5, 0x1AA5, 0x1207, 0x1968, 0x1907, 0x2926, 0x41E8, 0x4207, 0x41E8, 0x2147, 0x10C5, 0x1927, 0x10C5,
    0x0863, 0x0884, 0x10E6, 0x10E6, 0x10E6, 0x1906, 0x2147, 0x2967, 0x2986, 0x18E4, 0x10A4, 0x3145, 0x4A26, 0x09E7, 0x01C8, 0x01C9,
    0x0189, 0x0148, 0x024A, 0x020A, 0x0106, 0x01A8, 0x0249, 0x0083, 0x0126, 0x01EA, 0x0189, 0x00C6, 0x01C8, 0x02C9, 0x0125, 0x00A5,
    0x0207, 0x0308, 0x0328, 0x0C08, 0x0B07, 0x0126, 0x01A7, 0x0267, 0x0A05, 0x0085, 0x0127, 0x0168, 0x0188, 0x0168, 0x0147, 0x01AB,
    0x01EC, 0x0145, 0x01E6, 0x0225, 0x02B1, 0x5C77, 0x7492, 0x0B32, 0x026F, 0x02BD, 0x02FF, 0x031F, 0x02FE, 0x02FE, 0x02FE, 0x02FE,
    0x02FE, 0x035F, 0x0213, 0x0100, 0x01AA, 0x02FE, 0x031E, 0x02FE, 0x02FE, 0x02FE, 0x02FD, 0x02FD, 0x02FD, 0x02FD, 0x02FD, 0x02DD,
    0x02DD, 0x02DD, 0x02FD, 0x031E, 0x031F, 0x033F, 0x0295, 0x0167, 0x0103, 0x0104, 0x0146, 0x0147, 0x0186, 0x024C, 0x020B, 0x0186,
    0x033F, 0x02FE, 0x0234, 0x02B7, 0x02DB, 0x550B, 0x6527, 0x02DB, 0x02DF, 0x02F8, 0x0298, 0x02DE, 0x02DD, 0x02DD, 0x02DD, 0x02DD,
    0x02DD, 0x02DD, 0x02DD, 0x02DD, 0x02DD, 0x02DD, 0x02DD, 0x02DD, 0x02DD, 0x02DD, 0x02DD, 0x02DD, 0x02FD, 0x02FD, 0x02FD, 0x02FD,
    0x02FD, 0x02DD, 0x02DD, 0x02DD, 0x02DD, 0x02DD, 0x02DD, 0x02DD, 0x02DD, 0x02DD, 0x02DD, 0x02DD, 0x02DD, 0x02DD, 0x02DD, 0x02DD,
    0x02DD, 0x02DD, 0x02DD, 0x02DD, 0x02DD, 0x02DD, 0x02DD, 0x02DD, 0x02DD, 0x02DD, 0x02DD, 0x02DD, 0x02DD, 0x02DD, 0x02DD, 0x02DD,
    0x02DD, 0x02DD, 0x02DD, 0x02DD, 0x02DD, 0x02DD, 0x02DD, 0x02DD, 0x02DD, 0x02DD, 0x02DD, 0x02DD, 0x02DD, 0x02DD, 0x02DD, 0x02DD,
    0x02DD, 0x02DD, 0x02DD, 0x02DD, 0x02DD, 0x02DD, 0x02DD, 0x02DD, 0x02DD, 0x02DD, 0x02DD, 0x02DD, 0x02DD, 0x02DD, 0x02DD, 0x02DD,
    0x02DD, 0x02DD, 0x02DD, 0x02DD, 0x02DD, 0x02DD, 0x02DD, 0x02DD, 0x02DD, 0x02DD, 0x02DD, 0x02DD, 0x02DD, 0x02DD, 0x02DD, 0x02DD,
    0x02DD, 0x02DD, 0x02DD, 0x02DD, 0x02DD, 0x02DD, 0x02DD, 0x02DD, 0x02DD, 0x02DD, 0x02DD, 0x02DD, 0x02DD, 0x02DD, 0x02DD, 0x02DD,
    0x02DD, 0x02DD, 0x02DD, 0x02DD, 0x02DD, 0x02DD, 0x02DD, 0x02DD, 0x02DD, 0x02DD, 0x02DD, 0x02DD, 0x02DD, 0x02DD, 0x02DD, 0x02DD,
    0x02DD, 0x02DD, 0x02DD, 0x02DD, 0x02DD, 0x02DD, 0x02DD, 0x02DD, 0x02DD, 0x02DD, 0x02DD, 0x02DD, 0x02FD, 0x02FD, 0x02FD, 0x02DD,
    0x02FD, 0x029D, 0x1B5D, 0x8E3F, 0xAEDF, 0xAEDF, 0xDF9F, 0xE7BF, 0xE79F, 0xF7FF, 0xE77F, 0x43FE, 0x029D, 0x031E, 0x02FD, 0x02FD,
    0x1327, 0x01A7, 0x33A7, 0x5CE6, 0x0247, 0x3C45, 0x5D85, 0x11A6, 0x00C7, 0x0106, 0x00E7, 0x00E7, 0x00E6, 0x00E6, 0x0107, 0x00E7,
    0x0107, 0x00E6, 0x00E5, 0x00E5, 0x00C6, 0x00E5, 0x01C8, 0x0288, 0x0246, 0x02A7, 0x0247, 0x2BC6, 0x4CC5, 0x2BA6, 0x5D85, 0x3365,
    0x0065, 0x0104, 0x2BC5, 0x44C5, 0x1A46, 0x1106, 0x1907, 0x10E6, 0x3187, 0x41E8, 0x4A07, 0x4A26, 0x2146, 0x08A4, 0x1927, 0x08A5,
    0x0884, 0x10C6, 0x10E6, 0x08C5, 0x1906, 0x39C8, 0x31A8, 0x3187, 0x2945, 0x0883, 0x1906, 0x2945, 0x18C3, 0x0925, 0x01C8, 0x01A9,
    0x0107, 0x0148, 0x024B, 0x01C9, 0x00E6, 0x01C8, 0x0229, 0x0146, 0x00C4, 0x01EA, 0x01CA, 0x0127, 0x020A, 0x01A7, 0x00C4, 0x0084,
    0x0166, 0x02C8, 0x0329, 0x0268, 0x01C7, 0x01A8, 0x0208, 0x01A6, 0x0A04, 0x2386, 0x0A28, 0x0127, 0x0188, 0x01A8, 0x0126, 0x01C4,
    0x026B, 0x02F9, 0x024F, 0x0202, 0x024A, 0x1B56, 0x33D9, 0x031B, 0x02DC, 0x02DD, 0x02FD, 0x02FD, 0x02FE, 0x02FE, 0x02FE, 0x02FE,
    0x02FE, 0x031E, 0x02BB, 0x0214, 0x02DB, 0x031F, 0x02FD, 0x02FE, 0x02FE, 0x02FD, 0x02FD, 0x02FD, 0x02FD, 0x02FD, 0x02DD, 0x02DD,
    0x02DD, 0x02FD, 0x02FD, 0x02FD, 0x02FD, 0x031E, 0x020B, 0x0100, 0x01CD, 0x0234, 0x00E5, 0x0083, 0x00E5, 0x01A6, 0x01A4, 0x0144,
    0x018D, 0x02DD, 0x031F, 0x0236, 0x0253, 0x1BAF, 0x6D62, 0x0B3A, 0x02BD, 0x02DD, 0x02DE, 0x02DD, 0x02DD, 0x02DD, 0x02DD, 0x02DD,
    0x02DD, 0x02DD, 0x02DD, 0x02DD, 0x02DD, 0x02DD, 0x02DD, 0x02DD, 0x02DD, 0x02DD, 0x02DD, 0x02FD, 0x02FD, 0x02FD, 0x02FD, 0x02FD,
    0x02FD, 0x02FD, 0x02DD, 0x02DD, 0x02DD, 0x02DD, 0x02DD, 0x02DD, 0x02DD, 0x02DD, 0x02DD, 0x02DD, 0x02DD, 0x02DD, 0x02DD, 0x02DD,
    0x02DD, 0x02DD, 0x02DD, 0x02DD, 0x02DD, 0x02DD, 0x02DD, 0x02DD, 0x02DD, 0x02DD, 0x02DD, 0x02DD, 0x02DD, 0x02DD, 0x02DD, 0x02DD,
    0x02DD, 0x02DD, 0x02DD, 0x02DD, 0x02DD, 0x02DD, 0x02DD, 0x02DD, 0x02DD, 0x02DD, 0x02DD, 0x02DD, 0x02DD, 0x02DD, 0x02DD, 0x02DD,
    0x02DD, 0x02DD, 0x02DD, 0x02DD, 0x02DD, 0x02DD, 0x02DD, 0x02DD, 0x02DD, 0x02DD, 0x02DD, 0x02DD, 0x02DD, 0x02DD, 0x02DD, 0x02DD,
    0x02DD, 0x02DD, 0x02DD, 0x02DD, 0x02DD, 0x02DD, 0x02DD, 0x02DD, 0x02DD, 0x02DD, 0x02DD, 0x02DD, 0x02DD, 0x02DD, 0x02DD, 0x02DD,
    0x02DD, 0x02DD, 0x02DD, 0x02DD, 0x02DD, 0x02DD, 0x02DD, 0x02DD, 0x02DD, 0x02DD, 0x02DD, 0x02DD, 0x02DD, 0x02DD, 0x02DD, 0x02DD,
    0x02DD, 0x02DD, 0x02DD, 0x02DD, 0x02DD, 0x02DD, 0x02DD, 0x02DD, 0x02DD, 0x02DD, 0x02DD, 0x02DD, 0x02DD, 0x02DD, 0x02DD, 0x02DD,
    0x02DD, 0x02DD, 0x02DD, 0x02DD, 0x02DD, 0x02DD, 0x02DD, 0x02DD, 0x02DD, 0x02DD, 0x02DD, 0x02DD, 0x02FD, 0x02FD, 0x02FD, 0x02FD,
    0x02DD, 0x239D, 0x75DF, 0xA6DF, 0x9E9F, 0xA6BF, 0xDF9F, 0xF7DF, 0xE7BF, 0xDF9F, 0xEFDF, 0xDF5F, 0x443E, 0x02DE, 0x031E, 0x02FD,
    0x0127, 0x01A7, 0x0288, 0x1A66, 0x23E6, 0x2BE5, 0x5D04, 0x11A5, 0x00C7, 0x0107, 0x00E7, 0x0107, 0x00E6, 0x0106, 0x0107, 0x0107,
    0x0106, 0x0107, 0x0106, 0x0167, 0x00E5, 0x0167, 0x0229, 0x01C7, 0x0246, 0x02E7, 0x01C7, 0x0A06, 0x1328, 0x0228, 0x1266, 0x11E5,
    0x0045, 0x2286, 0x5586, 0x1285, 0x00C5, 0x1126, 0x1126, 0x1907, 0x39C8, 0x3A08, 0x4227, 0x5A65, 0x2125, 0x08A4, 0x2167, 0x08A4,
    0x0884, 0x10C6, 0x10C6, 0x1906, 0x2966, 0x31A7, 0x3186, 0x3166, 0x10C5, 0x2126, 0x2967, 0x0884, 0x0043, 0x0885, 0x0168, 0x01A9,
    0x00E7, 0x0188, 0x024B, 0x0126, 0x0064, 0x01E8, 0x0269, 0x0105, 0x00E5, 0x01C9, 0x0188, 0x00C6, 0x0106, 0x00A4, 0x00A5, 0x00C5,
    0x0146, 0x00E4, 0x0126, 0x01C7, 0x2425, 0x1347, 0x0248, 0x0AC6, 0x01E5, 0x0B4C, 0x0376, 0x0109, 0x01E8, 0x01E8, 0x0A6A, 0x030D,
    0x0208, 0x03BE, 0x03BE, 0x022F, 0x01EB, 0x02FD, 0x031F, 0x031E, 0x031E, 0x02FE, 0x02FE, 0x02FE, 0x02FE, 0x02FE, 0x02FE, 0x02FE,
    0x02FE, 0x02FD, 0x02FE, 0x031F, 0x031E, 0x02FD, 0x02FE, 0x02FD, 0x02FD, 0x02FD, 0x02FD, 0x02FD, 0x02FD, 0x02FD, 0x02DD, 0x02DD,
    0x02FD, 0x02FD, 0x02FD, 0x02FD, 0x02FD, 0x02FE, 0x02DB, 0x0256, 0x02DC, 0x01CE, 0x00C2, 0x012A, 0x02B8, 0x01EC, 0x0185, 0x0124,
    0x0104, 0x02DB, 0x02DD, 0x02DD, 0x0277, 0x02B3, 0x23B1, 0x02FD, 0x02DD, 0x02DD, 0x02DD, 0x02DD, 0x02DD, 0x02DD, 0x02DD, 0x02DD,
    0x02DD, 0x02DD, 0x02DD, 0x02DD, 0x02DD, 0x02DD, 0x02DD, 0x02DD, 0x02DD, 0x02DD, 0x02DD, 0x02FD, 0x02FD, 0x02FD, 0x02FD, 0x02FD,
    0x02FD, 0x02FD, 0x02FD, 0x02DD, 0x02DD, 0x02DD, 0x02DD, 0x02DD, 0x02DD, 0x02DD, 0x02DD, 0x02DD, 0x02DD, 0x02DD, 0x02DD, 0x02DD,
    0x02DD, 0x02DD, 0x02DD, 0x02DD, 0x02DD, 0x02DD, 0x02DD, 0x02DD, 0x02DD, 0x02DD, 0x02DD, 0x02DD, 0x02DD, 0x02FD, 0x02DD, 0x02DD,
    0x02FD, 0x02DD, 0x02DD, 0x02DD, 0x02DD, 0x02DD, 0x02DD, 0x02DD, 0x02DD, 0x02DD, 0x02DD, 0x02DD, 0x02DD, 0x02DD, 0x02DD, 0x02DD,
    0x02DD, 0x02DD, 0x02DD, 0x02DD, 0x02DD, 0x02DD, 0x02DD, 0x02DD, 0x02DD, 0x02DD, 0x02DD, 0x02DD, 0x02DD, 0x02DD, 0x02DD, 0x02DD,
    0x02DD, 0x02DD, 0x02DD, 0x02DD, 0x02DD, 0x02DD, 0x02DD, 0x02DD, 0x02DD, 0x02DD, 0x02DD, 0x02DD, 0x02DD, 0x02DD, 0x02DD, 0x02DD,
    0x02DD, 0x02DD, 0x02DD, 0x02DD, 0x02DD, 0x02DD, 0x02DD, 0x02DD, 0x02DD, 0x02DD, 0x02DD, 0x02DD, 0x02DD, 0x02DD, 0x02DD, 0x02DD,
    0x02DD, 0x02DD, 0x02DD, 0x02DD, 0x02DD, 0x02DD, 0x02DD, 0x02DD, 0x02DD, 0x02DD, 0x02DD, 0x02DD, 0x02DD, 0x02DD, 0x02DD, 0x02DD,
    0x02DD, 0x02DD, 0x02DD, 0x02DD, 0x02DD, 0x02DD, 0x02DD, 0x02DD, 0x02FD, 0x02DD, 0x02FD, 0x02FD, 0x02FD, 0x02FD, 0x02FD, 0x031D,
    0x02BD, 0x54FE, 0xA6DF, 0x8E5F, 0xB6FF, 0xAEDF, 0x9E7F, 0xDF9F, 0xE7BF, 0xE7BF, 0xDF9F, 0xFFFF, 0x755E, 0x02BD, 0x031E, 0x02FE,
    0x00C7, 0x01E8, 0x02C8, 0x0085, 0x2B05, 0x5586, 0x11E6, 0x00C6, 0x0107, 0x00E7, 0x00E7, 0x0107, 0x0107, 0x0107, 0x0107, 0x0107,
    0x0106, 0x0106, 0x0126, 0x0147, 0x0106, 0x0167, 0x0187, 0x00C5, 0x0287, 0x0348, 0x0127, 0x1286, 0x34A6, 0x0A26, 0x00E6, 0x0187,
    0x0227, 0x0A47, 0x0A87, 0x0106, 0x0A67, 0x5DA4, 0x3BC4, 0x18C6, 0x39C7, 0x2987, 0x31E8, 0x5287, 0x39C7, 0x10E5, 0x08A5, 0x0883,
    0x08A5, 0x08C6, 0x1906, 0x3187, 0x3186, 0x39A6, 0x2105, 0x10A4, 0x3166, 0x3166, 0x5227, 0x49E7, 0x1927, 0x00E7, 0x0107, 0x0107,
    0x00E6, 0x0168, 0x024B, 0x0105, 0x0084, 0x0126, 0x026A, 0x00E6, 0x00E6, 0x0126, 0x0187, 0x0106, 0x00A5, 0x00C5, 0x00C5, 0x0185,
    0x0287, 0x01C5, 0x0144, 0x02A7, 0x2C44, 0x1325, 0x3465, 0x7E84, 0x5D24, 0x018A, 0x0316, 0x010A, 0x01A9, 0x0290, 0x1396, 0x23D2,
    0x132E, 0x037D, 0x039F, 0x139A, 0x031C, 0x031F, 0x033D, 0x031D, 0x031E, 0x031E, 0x02FE, 0x02FE, 0x02FE, 0x02FE, 0x02FE, 0x02FE,
    0x02FE, 0x02FE, 0x02FD, 0x02FD, 0x02FD, 0x02FE, 0x02FE, 0x02FD, 0x02FD, 0x02DD, 0x02DD, 0x02FD, 0x02FD, 0x02FD, 0x02FD, 0x02DD,
    0x02DD, 0x02FD, 0x02FD, 0x02FD, 0x02FD, 0x02FD, 0x02FE, 0x02FF, 0x02FE, 0x0149, 0x0167, 0x035D, 0x0255, 0x00E4, 0x00E3, 0x0210,
    0x01EF, 0x02DC, 0x02DE, 0x02FE, 0x02FE, 0x02DE, 0x02BE, 0x02DD, 0x02FD, 0x02DD, 0x02DD, 0x02DD, 0x02DD, 0x02DD, 0x02DD, 0x02DD,
    0x02DD, 0x02DD, 0x02DD, 0x02DD, 0x02DD, 0x02DD, 0x02DD, 0x02DD, 0x02DD, 0x02FD, 0x02FD, 0x02DD, 0x02FD, 0x02FD, 0x02FD, 0x02FD,
    0x02FD, 0x02FD, 0x02FD, 0x02FD, 0x02FD, 0x02DD, 0x02DD, 0x02DD, 0x02DD, 0x02DD, 0x02DD, 0x02DD, 0x02DD, 0x02DD, 0x02DD, 0x02DD,
    0x02DD, 0x02DD, 0x02DD, 0x02DD, 0x02DD, 0x02FD, 0x02DD, 0x02FD, 0x02FD, 0x02DD, 0x02DD, 0x02DD, 0x02DD, 0x02FD, 0x02FD, 0x02DD,
    0x02FD, 0x02DD, 0x02FD, 0x02DD, 0x02DD, 0x02DD, 0x02DD, 0x02DD, 0x02DD, 0x02DD, 0x02DD, 0x02DD, 0x02DD, 0x02FD, 0x02DD, 0x02DD,
    0x02DD, 0x02DD, 0x02DD, 0x02DD, 0x02DD, 0x02DD, 0x02DD, 0x02DD, 0x02DD, 0x02DD, 0x02DD, 0x02DD, 0x02DD, 0x02DD, 0x02DD, 0x02DD,
    0x02FD, 0x02FD, 0x02FD, 0x02DD, 0x02DD, 0x02DD, 0x02DD, 0x02DD, 0x02DD, 0x02DD, 0x02DD, 0x02DD, 0x02FD, 0x02FD, 0x02DD, 0x02DD,
    0x02DD, 0x02DD, 0x02DD, 0x02DD, 0x02DD, 0x02DD, 0x02DD, 0x02DD, 0x02DD, 0x02DD, 0x02DD, 0x02DD, 0x02DD, 0x02DD, 0x02DD, 0x02DD,
    0x02DD, 0x02DD, 0x02DD, 0x02DD, 0x02DD, 0x02DD, 0x02DD, 0x02DD, 0x02DD, 0x02DD, 0x02FD, 0x02DD, 0x02FD, 0x02FD, 0x02FD, 0x02DD,
    0x02FD, 0x02DD, 0x02DD, 0x02FD, 0x02FD, 0x02FD, 0x02FD, 0x02FD, 0x02FD, 0x02FD, 0x02FD, 0x02FD, 0x02FD, 0x02FD, 0x02DD, 0x02FD,
    0x02DD, 0x44BE, 0x969F, 0x8E3F, 0x8E3F, 0xC73F, 0xAEFF, 0x9E9F, 0xDFBF, 0xDF9F, 0xEFFF, 0xA67E, 0x0B5E, 0x02FE, 0x031D, 0x0B3D,
    0x00E6, 0x01C7, 0x0B08, 0x0126, 0x00C5, 0x43E5, 0x11E6, 0x00C7, 0x0107, 0x0107, 0x00E7, 0x0107, 0x0127, 0x0127, 0x0106, 0x0106,
    0x0126, 0x0147, 0x0126, 0x0126, 0x0126, 0x0105, 0x00C5, 0x0085, 0x0248, 0x01C7, 0x00E6, 0x0227, 0x1346, 0x0A06, 0x00A5, 0x01A6,
    0x23A6, 0x4D26, 0x2366, 0x0227, 0x3486, 0x75C5, 0x0905, 0x1086, 0x2947, 0x2968, 0x31C8, 0x5268, 0x4208, 0x10E5, 0x0884, 0x0884,
    0x08A5, 0x18E5, 0x2946, 0x2946, 0x41E7, 0x2946, 0x10C5, 0x6267, 0x5A26, 0x2125, 0x8307, 0x31A6, 0x00E7, 0x0107, 0x00E6, 0x00E6,
    0x00E6, 0x00E7, 0x0127, 0x00E6, 0x00A5, 0x00C5, 0x00E6, 0x01C8, 0x0188, 0x0127, 0x00C5, 0x0106, 0x0148, 0x00E6, 0x0084, 0x0AE6,
    0x44E6, 0x3445, 0x22E5, 0x0206, 0x2BE4, 0x2405, 0x7604, 0x96E4, 0x5D84, 0x2364, 0x00E3, 0x0165, 0x00C8, 0x0233, 0x035B, 0x5CCF,
    0x8D89, 0x02FE, 0x3C72, 0x96A2, 0x2437, 0x02FF, 0x02FF, 0x02FE, 0x031D, 0x031E, 0x02FE, 0x031E, 0x031E, 0x02FE, 0x02FE, 0x02FE,
    0x02FE, 0x02FE, 0x02FD, 0x02FD, 0x02FD, 0x02FD, 0x02FD, 0x02FD, 0x02FD, 0x02DD, 0x02DD, 0x02FD, 0x02DD, 0x02DD, 0x02FD, 0x02FD,
    0x02DD, 0x02FD, 0x02FD, 0x02FD, 0x02FD, 0x02FD, 0x02FD, 0x02DD, 0x02DD, 0x02BC, 0x02DC, 0x031E, 0x02FD, 0x0149, 0x00A0, 0x0128,
    0x02BB, 0x02FE, 0x02DD, 0x02DD, 0x02DD, 0x02DD, 0x02DD, 0x02DD, 0x02DD, 0x02DD, 0x02DD, 0x02FD, 0x02DD, 0x02DD, 0x02DD, 0x02DD,
    0x02DD, 0x02DD, 0x02DD, 0x02DD, 0x02DD, 0x02FD, 0x02FD, 0x02DD, 0x02DD, 0x02DD, 0x02DD, 0x02DD, 0x02FD, 0x02FD, 0x02FD, 0x02FD,
    0x02FD, 0x02FD, 0x02FD, 0x02FD, 0x02FD, 0x02DD, 0x02FD, 0x02DD, 0x02DD, 0x02DD, 0x02DD, 0x02DD, 0x02DD, 0x02DD, 0x02DD, 0x02DD,
    0x02DD, 0x02DD, 0x02DD, 0x02DD, 0x02DD, 0x02DD, 0x02FD, 0x02DD, 0x02FD, 0x02DD, 0x02DD, 0x02DD, 0x02DD, 0x02FD, 0x02FD, 0x02DD,
    0x02DD, 0x02FD, 0x02DD, 0x02FD, 0x02FD, 0x02FD, 0x02FD, 0x02FD, 0x02DD, 0x02DD, 0x02DD, 0x02DD, 0x02DD, 0x02DD, 0x02DD, 0x02DD,
    0x02DD, 0x02DD, 0x02DD, 0x02DD, 0x02DD, 0x02DD, 0x02DD, 0x02DD, 0x02DD, 0x02DD, 0x02DD, 0x02DD, 0x02DD, 0x02DD, 0x02DD, 0x02DD,
    0x02DD, 0x02DD, 0x02DD, 0x02DD, 0x02DD, 0x02DD, 0x02DD, 0x02DD, 0x02DD, 0x02DD, 0x02DD, 0x02FD, 0x02DD, 0x02DD, 0x02DD, 0x02DD,
    0x02DD, 0x02DD, 0x02DD, 0x02DD, 0x02DD, 0x02FD, 0x02FD, 0x02DD, 0x02DD, 0x02DD, 0x02DD, 0x02DD, 0x02DD, 0x02DD, 0x02DD, 0x02DD,
    0x02DD, 0x02DD, 0x02DD, 0x02DD, 0x02DD, 0x02DD, 0x02DD, 0x02DD, 0x02DD, 0x02FD, 0x02FD, 0x02FD, 0x02FD, 0x02FD, 0x02FD, 0x02FD,
    0x02FD, 0x02FD, 0x02FD, 0x02DD, 0x029D, 0x02BD, 0x02FD, 0x031D, 0x02FD, 0x02FD, 0x02FD, 0x02FD, 0x02FD, 0x031D, 0x1B9D, 0x23BD,
    0x029D, 0x23BE, 0x9E9F, 0xA69F, 0xBF1F, 0xC73F, 0xCF5F, 0xDFBF, 0xDFBF, 0xCF5F, 0xD77F, 0xBF1F, 0x6D3E, 0x02BE, 0x655F, 0xCF7F,
    0x00E6, 0x0146, 0x02A8, 0x0187, 0x00C6, 0x0106, 0x0106, 0x0107, 0x00E7, 0x00E7, 0x00E7, 0x0107, 0x0148, 0x0127, 0x0107, 0x0106,
    0x0106, 0x0187, 0x0167, 0x0127, 0x0148, 0x0147, 0x0167, 0x0106, 0x00E6, 0x00E6, 0x00E6, 0x0268, 0x0166, 0x00A5, 0x0146, 0x01C7,
    0x2B25, 0x7E05, 0x3C06, 0x1266, 0x7E25, 0x6DA5, 0x2A44, 0x2A05, 0x39E6, 0x2108, 0x39A8, 0x39E8, 0x39A7, 0x10C5, 0x08A5, 0x08A4,
    0x10C5, 0x2126, 0x2146, 0x3165, 0x41A6, 0x2146, 0x39A7, 0x8B48, 0x2125, 0x5A47, 0x2966, 0x00C6, 0x0107, 0x0107, 0x00E7, 0x0107,
    0x0107, 0x00E6, 0x00A5, 0x00A5, 0x00C6, 0x00E6, 0x0187, 0x02EA, 0x01C8, 0x0126, 0x00C5, 0x0084, 0x0167, 0x01A7, 0x0126, 0x0307,
    0x23A7, 0x3325, 0x0146, 0x02C6, 0x3C83, 0x2BC4, 0x54E5, 0x6525, 0x0206, 0x0185, 0x33A3, 0x3C65, 0x014D, 0x0B38, 0x0C3C, 0x0C5B,
    0x54F5, 0x1376, 0x7623, 0x6DE5, 0x1398, 0x02DF, 0x23F6, 0x1B9A, 0x02FE, 0x031D, 0x02FE, 0x031E, 0x031E, 0x02FE, 0x02FE, 0x02FE,
    0x02FE, 0x02FE, 0x02FD, 0x02FD, 0x02FD, 0x02FD, 0x02FD, 0x02FD, 0x02FD, 0x02DD, 0x02DD, 0x02DD, 0x02FD, 0x02FD, 0x02FD, 0x02FD,
    0x02FD, 0x02FD, 0x02DD, 0x02FD, 0x02FD, 0x02FD, 0x02FD, 0x02DD, 0x02DD, 0x02FE, 0x02FE, 0x02DD, 0x031F, 0x01D1, 0x0149, 0x0298,
    0x02FF, 0x02FD, 0x02FD, 0x02DD, 0x02DD, 0x02DD, 0x02DD, 0x02DD, 0x02FD, 0x02FD, 0x02FD, 0x02FD, 0x02DD, 0x02DD, 0x02DD, 0x02DD,
    0x02DD, 0x02DD, 0x02DD, 0x02FD, 0x02FD, 0x02DD, 0x02FD, 0x02FD, 0x02FD, 0x02FD, 0x02FD, 0x02FD, 0x02FD, 0x02FD, 0x02FD, 0x02FD,
    0x02FD, 0x02FD, 0x02FD, 0x02FD, 0x02FD, 0x02FD, 0x02FD, 0x02FD, 0x02DD, 0x02DD, 0x02DD, 0x02DD, 0x02DD, 0x02DD, 0x02FD, 0x02FD,
    0x02DD, 0x02FD, 0x02DD, 0x02FD, 0x02FD, 0x02DD, 0x02FD, 0x02FD, 0x02FD, 0x02FD, 0x02FD, 0x02FD, 0x02FD, 0x02FD, 0x02FD, 0x02FD,
    0x02DD, 0x02DD, 0x02FD, 0x02FD, 0x02FD, 0x02FD, 0x02FD, 0x02FD, 0x02FD, 0x02FD, 0x02DD, 0x02DD, 0x02FD, 0x02FD, 0x02DD, 0x02DD,
    0x02DD, 0x02DD, 0x02DD, 0x02DD, 0x02DD, 0x02DD, 0x02DD, 0x02DD, 0x02DD, 0x02DD, 0x02DD, 0x02DD, 0x02DD, 0x02DD, 0x02DD, 0x02DD,
    0x02DD, 0x02DD, 0x02DD, 0x02DD, 0x02DD, 0x02DD, 0x02DD, 0x02DD, 0x02DD, 0x02DD, 0x02DD, 0x02FD, 0x02DD, 0x02DD, 0x02DD, 0x02DD,
    0x02FD, 0x02FD, 0x02FD, 0x02FD, 0x02FD, 0x02FD, 0x02FD, 0x02FD, 0x02DD, 0x02DD, 0x02DD, 0x02DD, 0x02DD, 0x02DD, 0x02DD, 0x02FD,
    0x02DD, 0x02DD, 0x02DD, 0x02DD, 0x02DD, 0x02DD, 0x02DD, 0x02DD, 0x02FD, 0x02FD, 0x02FD, 0x02FD, 0x02FD, 0x02FD, 0x02FD, 0x02FD,
    0x02FD, 0x031D, 0x02DD, 0x0B3D, 0x3C1D, 0x3C1E, 0x02FD, 0x02DD, 0x031D, 0x031D, 0x02DD, 0x0B5D, 0x135D, 0x031D, 0xC73F, 0xE79F,
    0x5C9D, 0x861F, 0xAEBF, 0xDF9F, 0xCF5F, 0x963F, 0xAEDF, 0xE7DF, 0xE7DF, 0xE7BF, 0xBF1F, 0xD77F, 0xF7FF, 0x5CBF, 0xAEBF, 0xEFFF,
    0x00E7, 0x0147, 0x01A7, 0x00E6, 0x0106, 0x00E6, 0x00E6, 0x0107, 0x00E7, 0x0107, 0x0107, 0x0127, 0x0168, 0x0127, 0x0106, 0x00E6,
    0x00E5, 0x0166, 0x0249, 0x01C8, 0x0147, 0x01C9, 0x0269, 0x0248, 0x0186, 0x00A5, 0x00C5, 0x0166, 0x0187, 0x01A7, 0x0227, 0x0326,
    0x2C26, 0x2B05, 0x0125, 0x1AE6, 0x4444, 0x5543, 0x4464, 0x6524, 0x7563, 0x4B06, 0x31A8, 0x2967, 0x39C6, 0x1905, 0x0884, 0x10A4,
    0x2147, 0x1927, 0x2986, 0x41C6, 0x1905, 0x2925, 0x7B08, 0x3186, 0x6267, 0x72C8, 0x0907, 0x00E7, 0x0107, 0x0107, 0x0107, 0x0107,
    0x0107, 0x00E6, 0x00A4, 0x00E6, 0x0107, 0x01C9, 0x0269, 0x0207, 0x01A7, 0x0126, 0x00A5, 0x00A4, 0x0125, 0x01C6, 0x0227, 0x02A7,
    0x01A7, 0x0107, 0x0187, 0x0AA6, 0x3C83, 0x3443, 0x09E4, 0x00E4, 0x1286, 0x33E5, 0x7E65, 0x7626, 0x134D, 0x022F, 0x0311, 0x0C37,
    0x14B6, 0x5589, 0x65E5, 0x2414, 0x02DC, 0x23B2, 0x9EA0, 0x44B2, 0x02DF, 0x031D, 0x031E, 0x02FE, 0x031D, 0x02FE, 0x02FE, 0x02FE,
    0x02FE, 0x02FE, 0x02FE, 0x02FD, 0x02FD, 0x02FD, 0x02FD, 0x02FD, 0x02FD, 0x02FD, 0x02DD, 0x02DD, 0x02FD, 0x02FD, 0x02FD, 0x02FD,
    0x02FD, 0x02FD, 0x02FD, 0x02FD, 0x02FD, 0x02FD, 0x02FD, 0x02FD, 0x02FD, 0x02FD, 0x02FD, 0x02FD, 0x02FD, 0x02FE, 0x031F, 0x02FE,
    0x02FD, 0x02FD, 0x02FD, 0x02FD, 0x02FD, 0x02DD, 0x02FD, 0x02FD, 0x02FD, 0x02FD, 0x02FD, 0x02DD, 0x02DD, 0x02DD, 0x02DD, 0x02DD,
    0x02FD, 0x02FD, 0x02FD, 0x02FD, 0x02FD, 0x02FD, 0x02FD, 0x02FD, 0x02FD, 0x02FD, 0x02FD, 0x02FD, 0x02FD, 0x02FD, 0x02FD, 0x02FD,
    0x02FD, 0x02FD, 0x02FD, 0x02FD, 0x02FD, 0x02FD, 0x02FD, 0x02FD, 0x02FD, 0x02FD, 0x02DD, 0x02DD, 0x02FD, 0x02FD, 0x02FD, 0x02FD,
    0x02FD, 0x02FD, 0x02FD, 0x02FD, 0x02FD, 0x02FD, 0x02FD, 0x02FD, 0x02FD, 0x02FD, 0x02FD, 0x02FD, 0x02FD, 0x02FD, 0x02FD, 0x02FD,
    0x02FD, 0x02FD, 0x02FD, 0x02FD, 0x02FD, 0x02FD, 0x02FD, 0x02FD, 0x02FD, 0x02FD, 0x02FD, 0x02FD, 0x02FD, 0x02FD, 0x02FD, 0x02DD,
    0x02DD, 0x02DD, 0x02DD, 0x02DD, 0x02DD, 0x02DD, 0x02DD, 0x02DD, 0x02DD, 0x02DD, 0x02DD, 0x02DD, 0x02DD, 0x02DD, 0x02DD, 0x02DD,
    0x02DD, 0x02DD, 0x02DD, 0x02DD, 0x02DD, 0x02DD, 0x02FD, 0x02FD, 0x02FD, 0x02FD, 0x02FD, 0x02FD, 0x02FD, 0x02FD, 0x02FD, 0x02FD,
    0x02FD, 0x02FD, 0x02FD, 0x02FD, 0x02FD, 0x02FD, 0x02FD, 0x02FD, 0x02FD, 0x02FD, 0x02FD, 0x02DD, 0x02DD, 0x02DD, 0x02FD, 0x02FD,
    0x02FD, 0x02FD, 0x02FD, 0x02DD, 0x02FD, 0x02FD, 0x02FD, 0x02FD, 0x02FD, 0x031D, 0x031D, 0x031D, 0x031D, 0x02FD, 0x02FD, 0x029D,
    0x029D, 0x027D, 0x133D, 0x757E, 0xD77F, 0xFFFF, 0x855E, 0x133D, 0x029D, 0x029D, 0x133D, 0x9E3E, 0x961F, 0x653E, 0xB6FF, 0xCF5F,
    0xE7DF, 0xBF1F, 0xB71F, 0xAEDF, 0x8E3F, 0x9E7F, 0xCF5F, 0xD77F, 0xE7BF, 0xC73F, 0xC75F, 0xE7DF, 0xD79F, 0xD77F, 0xCF5F, 0xD77F,
    0x0107, 0x0107, 0x0107, 0x0107, 0x0107, 0x0106, 0x0107, 0x0107, 0x00E6, 0x00E6, 0x0147, 0x01A9, 0x0187, 0x0148, 0x0127, 0x0107,
    0x0106, 0x01E8, 0x0249, 0x0208, 0x01E7, 0x01A7, 0x01A7, 0x01E7, 0x0126, 0x00A4, 0x00A5, 0x0125, 0x0269, 0x028A, 0x0186, 0x0B67,
    0x0226, 0x0063, 0x01C5, 0x01A6, 0x0904, 0x65A4, 0x4C64, 0x2186, 0x5BE5, 0x6406, 0x3187, 0x2146, 0x41C5, 0x18E4, 0x0884, 0x10C5,
    0x2966, 0x3186, 0x31A7, 0x2987, 0x18E5, 0x7B07, 0x8B47, 0x82E7, 0xF58B, 0x1947, 0x00E7, 0x0127, 0x0107, 0x00E7, 0x0107, 0x0107,
    0x0128, 0x00E6, 0x00A5, 0x0106, 0x0128, 0x0168, 0x0208, 0x00C4, 0x0166, 0x0167, 0x00A4, 0x00A4, 0x01C8, 0x0145, 0x0125, 0x01C7,
    0x0227, 0x1367, 0x1BC7, 0x0A47, 0x0A25, 0x0184, 0x01A4, 0x0224, 0x44E5, 0x96E4, 0x8EC4, 0x6DC4, 0x65C2, 0x2B43, 0x034F, 0x1BC9,
    0x33A5, 0xA6E1, 0x65A9, 0x029C, 0x0B35, 0x8E01, 0x5D2B, 0x0B5B, 0x031E, 0x031E, 0x031E, 0x031E, 0x02FE, 0x02FE, 0x02FE, 0x02FE,
    0x02FE, 0x02FD, 0x02FD, 0x02FD, 0x02FD, 0x02FD, 0x02FD, 0x02FD, 0x02FD, 0x02FD, 0x02FD, 0x02FD, 0x02FD, 0x02FD, 0x02FD, 0x02FD,
    0x02FD, 0x02FD, 0x02FD, 0x02DD, 0x02FD, 0x02FD, 0x02FD, 0x02FD, 0x02FD, 0x02FD, 0x02FD, 0x02FD, 0x02FD, 0x02FD, 0x02FD, 0x02FD,
    0x02FD, 0x02FD, 0x02FD, 0x02FD, 0x02FD, 0x02FD, 0x02FD, 0x02FD, 0x02FD, 0x02FD, 0x02FD, 0x02FD, 0x02DD, 0x02DD, 0x02DD, 0x02FD,
    0x02FD, 0x02FD, 0x02FD, 0x02FD, 0x02FD, 0x02FD, 0x02FD, 0x02FD, 0x02FD, 0x02FD, 0x02FD, 0x02FD, 0x02FD, 0x02FD, 0x02FD, 0x02FD,
    0x02FD, 0x02FD, 0x02FD, 0x02FD, 0x02FD, 0x02FD, 0x02FD, 0x02FD, 0x02FD, 0x02DD, 0x02DD, 0x02DD, 0x02FD, 0x02FD, 0x02FD, 0x02FD,
    0x02FD, 0x02FD, 0x02FD, 0x02FD, 0x02FD, 0x02FD, 0x02FD, 0x02FD, 0x02FD, 0x02FD, 0x02FD, 0x02FD, 0x02FD, 0x02FD, 0x02FD, 0x02FD,
    0x02FD, 0x02FD, 0x02FD, 0x02FD, 0x02FD, 0x02FD, 0x02FD, 0x02FD, 0x02FD, 0x02FD, 0x02FD, 0x02DD, 0x02DD, 0x02DD, 0x02DD, 0x02DD,
    0x02DD, 0x02DD, 0x02DD, 0x02DD, 0x02DD, 0x02DD, 0x02DD, 0x02DD, 0x02DD, 0x02DD, 0x02DD, 0x02DD, 0x02DD, 0x02DD, 0x02DD, 0x02DD,
    0x02DD, 0x02DD, 0x02DD, 0x02DD, 0x02FD, 0x02FD, 0x02FD, 0x02FD, 0x02FD, 0x02FD, 0x02FD, 0x02FD, 0x02FD, 0x02FD, 0x02FD, 0x02FD,
    0x02FD, 0x02FD, 0x02FD, 0x02FD, 0x02FD, 0x02FD, 0x02FD, 0x02FD, 0x02DD, 0x02DD, 0x02FD, 0x02DD, 0x02BD, 0x02DD, 0x02FD, 0x02FD,
    0x02FD, 0x02DD, 0x02BD, 0x02DD, 0x02DD, 0x02BD, 0x02BD, 0x02BD, 0x029D, 0x02BD, 0x02BD, 0x029D, 0x02BD, 0x02BD, 0x02BD, 0x549E,
    0x651E, 0x549E, 0x85DE, 0xBF3F, 0xB71F, 0xCF5F, 0xF7FF, 0xA63F, 0x64DE, 0x64DE, 0x9E1F, 0xEFDF, 0xE7BF, 0xD79F, 0x9EBF, 0x967F,
    0xBF1F, 0xDFBF, 0xA69F, 0x9E7F, 0x965F, 0xBF1F, 0xD77F, 0xD77F, 0xE7DF, 0xCF5F, 0xAEDF, 0xB6FF, 0xE7BF, 0xDF9F, 0xC75F, 0xDFBF,
    0x0128, 0x0107, 0x0107, 0x0107, 0x0107, 0x0107, 0x0106, 0x0107, 0x0168, 0x0167, 0x01C8, 0x01A8, 0x0187, 0x0147, 0x0167, 0x0147,
    0x0106, 0x0167, 0x0107, 0x01E7, 0x0246, 0x0105, 0x00A4, 0x00A5, 0x00A5, 0x00A5, 0x00A5, 0x0286, 0x0207, 0x0167, 0x08C5, 0x0267,
    0x0227, 0x0002, 0x0205, 0x0AC7, 0x0066, 0x3B45, 0xA764, 0x2147, 0x3149, 0x39A9, 0x2967, 0x4A07, 0x41E7, 0x10C5, 0x0885, 0x2126,
    0x3185, 0x2945, 0x2966, 0x2146, 0x6268, 0xF5CD, 0x9327, 0xC488, 0x72A5, 0x1106, 0x0148, 0x0128, 0x0127, 0x0127, 0x0107, 0x0106,
    0x0107, 0x0127, 0x0126, 0x0146, 0x00E6, 0x00A5, 0x01C7, 0x00E5, 0x0106, 0x0106, 0x00C4, 0x0125, 0x01A8, 0x0167, 0x0084, 0x00C4,
    0x0A86, 0x4D64, 0x4DA4, 0x1B66, 0x0107, 0x00E4, 0x4C85, 0x5D44, 0x0A23, 0x5484, 0xA764, 0x4C84, 0x1202, 0x1A85, 0x024A, 0x01E6,
    0x01AA, 0x75C4, 0x5D25, 0x0257, 0x5CA9, 0x7DA7, 0x0B1C, 0x02DE, 0x02DE, 0x02FE, 0x031D, 0x031E, 0x031E, 0x02FE, 0x02FE, 0x02FD,
    0x02FD, 0x02FD, 0x02FD, 0x02FD, 0x02FD, 0x02FD, 0x02FD, 0x02FD, 0x02FD, 0x02DD, 0x02DD, 0x02DD, 0x02DD, 0x02DD, 0x02FD, 0x02FD,
    0x02FD, 0x02FD, 0x02FD, 0x02DD, 0x02DD, 0x02DD, 0x02DD, 0x02FD, 0x02FD, 0x02FD, 0x02FD, 0x02FD, 0x02FD, 0x02FD, 0x02FD, 0x02FD,
    0x02FD, 0x02FD, 0x02FD, 0x02FD, 0x02FD, 0x02FD, 0x02FD, 0x02FD, 0x02FD, 0x02FD, 0x02FD, 0x02FD, 0x02FD, 0x02FD, 0x02FD, 0x02FD,
    0x02FD, 0x02FD, 0x02FD, 0x02FD, 0x02FD, 0x02FD, 0x02FD, 0x02FD, 0x02FD, 0x02FD, 0x02FD, 0x02FD, 0x02FD, 0x02FD, 0x02FD, 0x02FD,
    0x02FD, 0x02FD, 0x02FD, 0x02FD, 0x02FD, 0x02FD, 0x02FD, 0x02FD, 0x02FD, 0x02FD, 0x02DD, 0x02DD, 0x02FD, 0x02FD, 0x02FD, 0x02FD,
    0x02FD, 0x02FD, 0x02FD, 0x02FD, 0x02FD, 0x02FD, 0x02FD, 0x02FD, 0x02FD, 0x02FD, 0x02FD, 0x02FD, 0x02FD, 0x02FD, 0x02FE, 0x02FD,
    0x02FD, 0x02FD, 0x02FD, 0x02FD, 0x02FD, 0x02FD, 0x02FD, 0x02FD, 0x02FD, 0x02FD, 0x02DD, 0x02FD, 0x02DD, 0x02DD, 0x02DD, 0x02DD,
    0x02DD, 0x02DD, 0x02DD, 0x02DD, 0x02DD, 0x02DD, 0x02DD, 0x02DD, 0x02DD, 0x02DD, 0x02DD, 0x02DD, 0x02DD, 0x02DD, 0x02DD, 0x02DD,
    0x02DD, 0x02DD, 0x02FD, 0x02FD, 0x02FD, 0x02FD, 0x02FD, 0x02FD, 0x02FD, 0x02FD, 0x02FD, 0x02FD, 0x02DD, 0x02FD, 0x02FD, 0x02FD,
    0x02FD, 0x02FD, 0x02FD, 0x02FD, 0x02FD, 0x02FD, 0x02FD, 0x02FD, 0x23FE, 0x1BBE, 0x02DE, 0x135E, 0x341E, 0x0B3E, 0x02DD, 0x02FD,
    0x033D, 0x2C3E, 0x2C3E, 0x0B3E, 0x135D, 0x449E, 0x3C7E, 0x449E, 0x6D5E, 0x4CFE, 0x54FE, 0x85BE, 0x655E, 0x655E, 0x759F, 0xA6BF,
    0xB6FF, 0xAEDF, 0x9E7F, 0x965F, 0x9E7F, 0x8E5F, 0xA6BF, 0xC75F, 0xBF1F, 0xB6FF, 0xB6FF, 0x9E7F, 0x965F, 0xAEBF, 0x9E7F, 0x861F,
    0x7DFF, 0x9E7F, 0x7DFF, 0x85FF, 0x9E9F, 0x9E5F, 0x963F, 0xCF5F, 0xAEDF, 0xBEFF, 0xDF9F, 0x9E7F, 0xA69F, 0xA69F, 0x9E7F, 0xAEDF,
    0x0128, 0x0128, 0x0128, 0x0128, 0x0127, 0x0107, 0x0147, 0x0148, 0x01A9, 0x0229, 0x0248, 0x01E8, 0x0188, 0x0187, 0x0187, 0x0167,
    0x0127, 0x00A5, 0x00C6, 0x01A8, 0x0186, 0x00E5, 0x00E5, 0x0187, 0x01C7, 0x00E6, 0x0167, 0x0207, 0x0166, 0x0084, 0x0884, 0x0126,
    0x0187, 0x0864, 0x0946, 0x0988, 0x0166, 0x1205, 0x4325, 0x2967, 0x3188, 0x2988, 0x39A8, 0x5A47, 0x3187, 0x10C5, 0x10C5, 0x1907,
    0x2126, 0x2125, 0x5206, 0x49C5, 0x9BCA, 0xBC2A, 0xC469, 0xDD8C, 0x0042, 0x00C6, 0x01A9, 0x01A9, 0x0189, 0x0148, 0x0107, 0x0107,
    0x0107, 0x0148, 0x0167, 0x0166, 0x00E5, 0x00C5, 0x0167, 0x0106, 0x00E5, 0x00C5, 0x0125, 0x0247, 0x01A7, 0x0106, 0x0064, 0x00A4,
    0x0B05, 0x1B84, 0x23C5, 0x0227, 0x00E6, 0x1284, 0x96E5, 0x4B44, 0x2B43, 0x6544, 0x4CE4, 0x5524, 0x6CE5, 0x1A85, 0x0247, 0x0AE9,
    0x3C2A, 0x3C85, 0x1AC8, 0x01F5, 0x54AD, 0x23D7, 0x029F, 0x02DA, 0x5D0C, 0x3415, 0x02DF, 0x031D, 0x031E, 0x02FE, 0x02FE, 0x02FD,
    0x02FD, 0x02FD, 0x02FD, 0x02FD, 0x02FD, 0x02FD, 0x02FD, 0x02FD, 0x02FD, 0x02FD, 0x02DD, 0x02DD, 0x02DD, 0x02DD, 0x02FD, 0x02FD,
    0x02FD, 0x02FD, 0x02FD, 0x02FD, 0x02FD, 0x02DD, 0x02FD, 0x02FD, 0x02FD, 0x02FD, 0x02FD, 0x02FD, 0x02FD, 0x02FD, 0x02FD, 0x02FD,
    0x02FD, 0x02FD, 0x02FD, 0x02FD, 0x02FD, 0x02FD, 0x02FD, 0x02FD, 0x02FD, 0x02FD, 0x02FD, 0x02FD, 0x02FD, 0x02FD, 0x02FD, 0x02FD,
    0x02FD, 0x02FD, 0x02FD, 0x02FD, 0x02FD, 0x02FD, 0x02FD, 0x02FE, 0x02FD, 0x02FD, 0x02FD, 0x02FD, 0x02FD, 0x02FD, 0x02FD, 0x02FD,
    0x02FD, 0x02FD, 0x02FD, 0x02FD, 0x02FD, 0x02FD, 0x02FD, 0x02FD, 0x02FD, 0x02FD, 0x02FD, 0x02FD, 0x02FD, 0x02FD, 0x02FD, 0x02FD,
    0x02FD, 0x02FD, 0x02FD, 0x02FD, 0x02FD, 0x02FD, 0x02FD, 0x02FD, 0x02FD, 0x02FD, 0x02FD, 0x02FD, 0x02FD, 0x02FD, 0x02FD, 0x02FE,
    0x02FE, 0x02FD, 0x02FD, 0x02FD, 0x02FD, 0x02FD, 0x02FD, 0x02FD, 0x02FD, 0x02FD, 0x02FD, 0x02FD, 0x02DD, 0x02FD, 0x02DD, 0x02DD,
    0x02DD, 0x02DD, 0x02DD, 0x02DD, 0x02DD, 0x02DD, 0x02DD, 0x02DD, 0x02DD, 0x02DD, 0x02DD, 0x02DD, 0x02FD, 0x02DD, 0x02DD, 0x02FD,
    0x02FD, 0x02FD, 0x02FD, 0x02FD, 0x02FD, 0x02FD, 0x02FD, 0x02FD, 0x02FD, 0x02FD, 0x02FD, 0x02FD, 0x02FD, 0x02FD, 0x02FD, 0x02FD,
    0x02FD, 0x02FD, 0x02FD, 0x02FD, 0x02FD, 0x02FE, 0x02FD, 0x02FE, 0x1BBE, 0x1B9E, 0x02FE, 0x0B5E, 0x23FE, 0x0B3E, 0x02FD, 0x02FE,
    0x031E, 0x23FE, 0x23FE, 0x0B3E, 0x0B5E, 0x341E, 0x341E, 0x341E, 0x4C9E, 0x3C3E, 0x3C5E, 0x5CBE, 0x4C7E, 0x4C7E, 0x4C7E, 0x6D7F,
    0x75BF, 0x75BF, 0x75DF, 0x7DDF, 0x75BF, 0x5D5F, 0x343E, 0x23BE, 0x6D9F, 0x75DF, 0x75BF, 0x7DDF, 0x7DDF, 0x75BF, 0x7DDF, 0x7DDF,
    0x75DF, 0x6D9F, 0x75BF, 0x6D9F, 0x965F, 0x8E1F, 0x7DDF, 0x9E7F, 0x861F, 0x8E3F, 0xAEBF, 0x965F, 0x7DDF, 0x85FF, 0x7DDF, 0x7DDF,
    0x0128, 0x0128, 0x0127, 0x0148, 0x0168, 0x0147, 0x0188, 0x01A8, 0x0229, 0x01E8, 0x0166, 0x0209, 0x0229, 0x01E9, 0x0209, 0x0187,
    0x0167, 0x00E6, 0x00E6, 0x01A8, 0x0146, 0x00A5, 0x0127, 0x01E8, 0x0208, 0x0126, 0x01E9, 0x01C8, 0x0147, 0x00A4, 0x0884, 0x0106,
    0x0188, 0x08C5, 0x08A6, 0x08C7, 0x0926, 0x00E4, 0x18C7, 0x2947, 0x3188, 0x2988, 0x4A07, 0x72A7, 0x2126, 0x10A4, 0x10C5, 0x3187,
    0x41E7, 0x3186, 0x9BC9, 0x7B48, 0x20E3, 0xB46A, 0xEDED, 0x4A27, 0x00E6, 0x0168, 0x01A9, 0x0188, 0x0147, 0x0127, 0x0127, 0x0127,
    0x0148, 0x0127, 0x0106, 0x0126, 0x0147, 0x0187, 0x0187, 0x0187, 0x0126, 0x00E5, 0x0166, 0x0287, 0x0248, 0x0127, 0x00C6, 0x0105,
    0x02E5, 0x02A5, 0x01E6, 0x0146, 0x0024, 0x4423, 0x86E4, 0x0964, 0x1A84, 0x96A5, 0x6DE4, 0x22A2, 0x2A02, 0x2B03, 0x0285, 0x0B26,
    0x4502, 0x2C44, 0x0ACE, 0x2B4B, 0x3C66, 0x1BAE, 0x236E, 0x6DA6, 0x9666, 0x1B5B, 0x02DE, 0x031E, 0x031E, 0x02FE, 0x02FD, 0x02FD,
    0x02FD, 0x02FD, 0x02FD, 0x02FD, 0x02FD, 0x02FD, 0x02FD, 0x02FD, 0x02FD, 0x02FD, 0x02FD, 0x02DD, 0x02FD, 0x02DD, 0x02DD, 0x02FD,
    0x02FD, 0x02FD, 0x02FD, 0x02FD, 0x02DD, 0x02FD, 0x02FD, 0x02FD, 0x02FD, 0x02FD, 0x02FD, 0x02FD, 0x02FD, 0x02FD, 0x02FD, 0x02FD,
    0x02FD, 0x02FD, 0x02FD, 0x02FD, 0x02FD, 0x02FD, 0x02FE, 0x02FD, 0x02FD, 0x02FD, 0x02FD, 0x02FD, 0x02FD, 0x02FD, 0x02FD, 0x02FD,
    0x02FE, 0x02FE, 0x02FD, 0x02FD, 0x02FD, 0x02FD, 0x02FE, 0x02FE, 0x02FE, 0x02FD, 0x02FD, 0x02FD, 0x02FD, 0x02FD, 0x02FE, 0x02FE,
    0x02FD, 0x02FD, 0x02FE, 0x02FD, 0x02FD, 0x02FE, 0x02FE, 0x02FD, 0x02FD, 0x02FD, 0x02FD, 0x02FD, 0x02FD, 0x02FD, 0x02FD, 0x02FD,
    0x02FD, 0x02FE, 0x02FD, 0x02FD, 0x02FE, 0x02FD, 0x02FD, 0x02FD, 0x02FD, 0x02FD, 0x02FD, 0x02FD, 0x02FD, 0x02FE, 0x02FE, 0x02FE,
    0x02FE, 0x02FD, 0x02FD, 0x02FD, 0x02FD, 0x02FE, 0x02FD, 0x02FD, 0x02FD, 0x02FD, 0x02FD, 0x02FD, 0x02FD, 0x02FD, 0x02FD, 0x02FD,
    0x02FD, 0x02FD, 0x02FD, 0x02FD, 0x02FD, 0x02FD, 0x02FD, 0x02FD, 0x02FD, 0x02FD, 0x02FD, 0x02FD, 0x02FD, 0x02FD, 0x02FD, 0x02FD,
    0x02FD, 0x02FD, 0x02FD, 0x02FD, 0x02FD, 0x02FE, 0x02FD, 0x02FD, 0x02FD, 0x02FE, 0x02FD, 0x02FD, 0x02FD, 0x02FD, 0x02FD, 0x02FD,
    0x02FE, 0x02FD, 0x031D, 0x02FD, 0x02FD, 0x02FE, 0x02FE, 0x02FD, 0x02DD, 0x02FE, 0x031E, 0x02FE, 0x02DE, 0x02FE, 0x02FE, 0x02FD,
    0x02FD, 0x02DD, 0x02DD, 0x02FD, 0x02FD, 0x02BD, 0x02BD, 0x02BD, 0x02BD, 0x02BD, 0x02BD, 0x029D, 0x029D, 0x02BE, 0x029E, 0x135E,
    0x1B9E, 0x1B9E, 0x1B7E, 0x3C7E, 0x6DBF, 0x139E, 0x02DE, 0x02BE, 0x137E, 0x23BE, 0x54FF, 0x7DFF, 0x85FF, 0x861F, 0x85FF, 0x7DFF,
    0x75DF, 0x75BF, 0x75BF, 0x75BF, 0x7DFF, 0x7DFF, 0x861F, 0x8E3F, 0x8E5F, 0x8E3F, 0x861F, 0x7DDF, 0x85FF, 0x85FF, 0x85FF, 0x85FF,
    0x0128, 0x0128, 0x0127, 0x0127, 0x0148, 0x0168, 0x0127, 0x0167, 0x026A, 0x0249, 0x0167, 0x01C9, 0x02AB, 0x0229, 0x01C8, 0x01A7,
    0x0167, 0x0106, 0x00C5, 0x0127, 0x0147, 0x00C6, 0x0106, 0x01C8, 0x01A7, 0x0106, 0x01E7, 0x1B06, 0x0208, 0x00E6, 0x0885, 0x08C6,
    0x08A5, 0x08C5, 0x08E7, 0x08E6, 0x10C7, 0x10E6, 0x2947, 0x2947, 0x31A8, 0x31A7, 0xABC8, 0x9B67, 0x2125, 0x10C4, 0x2125, 0x5206,
    0x39A6, 0x4A06, 0xF5ED, 0x7B48, 0x5225, 0xFE4D, 0xD58C, 0x0906, 0x0189, 0x01C9, 0x0189, 0x0168, 0x0168, 0x0168, 0x0147, 0x022A,
    0x0106, 0x0127, 0x0148, 0x00E6, 0x0148, 0x0147, 0x0167, 0x01E7, 0x0126, 0x0126, 0x0146, 0x0146, 0x0289, 0x0248, 0x0227, 0x0105,
    0x0145, 0x01C5, 0x0083, 0x0083, 0x0003, 0x4404, 0x2345, 0x00E6, 0x01E6, 0x1AA3, 0x6D84, 0x6483, 0x0042, 0x09C4, 0x12A5, 0x0265,
    0x0286, 0x01E6, 0x1288, 0x2C48, 0x13EA, 0x02D3, 0x64CA, 0x9EE2, 0x8EA5, 0x8E49, 0x3C53, 0x02DF, 0x031D, 0x02FE, 0x02FE, 0x02FD,
    0x02FD, 0x02FD, 0x02FD, 0x02FD, 0x02FD, 0x02FD, 0x02FD, 0x02FD, 0x02FD, 0x02FD, 0x02FD, 0x02FD, 0x02FD, 0x02DD, 0x02FD, 0x02FD,
    0x02DD, 0x02DD, 0x02FD, 0x02DD, 0x02FD, 0x02DD, 0x02FD, 0x02FD, 0x02FD, 0x02FD, 0x02FD, 0x02FD, 0x02FD, 0x02FD, 0x02FD, 0x02FD,
    0x02FD, 0x02FD, 0x02FD, 0x02FD, 0x02FD, 0x02FD, 0x02FD, 0x02FD, 0x02FD, 0x02FD, 0x02FD, 0x02FD, 0x02FD, 0x02FE, 0x02FD, 0x02FE,
    0x02FE, 0x02FE, 0x02FD, 0x02FE, 0x02FD, 0x02FD, 0x02FD, 0x02FE, 0x02FD, 0x02FD, 0x02FE, 0x02FE, 0x02FE, 0x02FD, 0x02FE, 0x02FE,
    0x02FD, 0x02FE, 0x02FE, 0x02FE, 0x02FE, 0x02FE, 0x02FE, 0x02FE, 0x02FE, 0x02FD, 0x02FE, 0x02FD, 0x02FD, 0x02FE, 0x02FD, 0x02FD,
    0x02FD, 0x02FD, 0x02FD, 0x02FD, 0x02FD, 0x02FE, 0x02FD, 0x02FE, 0x02FE, 0x02FE, 0x02FE, 0x02FE, 0x02FE, 0x02FE, 0x02FE, 0x02FE,
    0x02FE, 0x02FE, 0x02FD, 0x02FD, 0x031D, 0x02FD, 0x02FE, 0x02FD, 0x02FD, 0x02FD, 0x02FD, 0x02FD, 0x02FD, 0x02FD, 0x02FD, 0x02FD,
    0x02FD, 0x02FD, 0x02FD, 0x02FD, 0x02FD, 0x02FD, 0x02FD, 0x02FD, 0x02FD, 0x02FD, 0x02FD, 0x02FD, 0x02FD, 0x02FD, 0x02FD, 0x02FD,
    0x02FD, 0x02FD, 0x02FE, 0x02FE, 0x02FE, 0x02FE, 0x031E, 0x031D, 0x031E, 0x031E, 0x02FD, 0x02FD, 0x02FE, 0x02FE, 0x02FE, 0x02FE,
    0x02FE, 0x02FE, 0x02FE, 0x02FE, 0x031E, 0x031E, 0x031D, 0x02FE, 0x031E, 0x031E, 0x02FE, 0x031E, 0x031E, 0x031E, 0x031E, 0x02FD,
    0x02FD, 0x031D, 0x02FD, 0x02FD, 0x02FD, 0x02FE, 0x02FE, 0x02FE, 0x031E, 0x02FD, 0x02FE, 0x031E, 0x031E, 0x031E, 0x031E, 0x02FE,
    0x02FE, 0x02DE, 0x02DE, 0x031E, 0x0B5E, 0x02FE, 0x02FE, 0x031E, 0x02DE, 0x02DD, 0x0AFD, 0x447F, 0x75BF, 0x75BF, 0x2C1E, 0x0AFD,
    0x1B7D, 0x759F, 0x7DDF, 0x861F, 0x861F, 0x8E3F, 0x8E3F, 0x8E3F, 0x7DFF, 0x7DFF, 0x4CFF, 0x4CFF, 0x965F, 0x7DFF, 0x75DF, 0x75BF,
    0x0148, 0x0148, 0x0168, 0x01A8, 0x0189, 0x0168, 0x0148, 0x01C9, 0x026A, 0x01E8, 0x01A8, 0x0126, 0x026A, 0x01E9, 0x01E8, 0x01C7,
    0x0187, 0x00E5, 0x00E6, 0x00E6, 0x00C6, 0x00E6, 0x0166, 0x01A6, 0x0145, 0x00C5, 0x0267, 0x23E5, 0x3406, 0x01A8, 0x00E7, 0x00A5,
    0x0884, 0x08A5, 0x08E6, 0x08E6, 0x1107, 0x1107, 0x2967, 0x31A7, 0x3187, 0x9367, 0xC489, 0x39C7, 0x2146, 0x1906, 0x3986, 0x49E6,
    0x08A4, 0x72E7, 0xFE6D, 0x8B47, 0xB44A, 0xFECE, 0x5266, 0x00A5, 0x01A8, 0x0188, 0x0147, 0x01E9, 0x02AC, 0x026B, 0x0167, 0x028B,
    0x0209, 0x0148, 0x01A9, 0x0127, 0x0127, 0x0148, 0x0106, 0x01E7, 0x0126, 0x0106, 0x00E5, 0x00E5, 0x0268, 0x02C7, 0x01C5, 0x0105,
    0x01A8, 0x01C7, 0x0105, 0x00E4, 0x00E4, 0x01C6, 0x0105, 0x00E7, 0x01E7, 0x2364, 0x2AC3, 0x4444, 0x0A45, 0x4C25, 0x7583, 0x1223,
    0x0122, 0x00C3, 0x2B04, 0x9622, 0x4C44, 0x1331, 0x1319, 0x1377, 0x8664, 0x9683, 0x8E29, 0x031D, 0x031E, 0x02FD, 0x02FE, 0x02FE,
    0x02FD, 0x02FD, 0x02FD, 0x02FD, 0x02FD, 0x02FD, 0x02FD, 0x02FD, 0x02FD, 0x02FD, 0x02FD, 0x02FD, 0x02FD, 0x02FD, 0x02FD, 0x02FD,
    0x02FD, 0x02FD, 0x02FD, 0x02FD, 0x02FD, 0x02FD, 0x02FD, 0x02FD, 0x02FD, 0x02FD, 0x02FD, 0x02FD, 0x02FD, 0x02FD, 0x02FD, 0x02FD,
    0x02FD, 0x02FD, 0x02FD, 0x02FE, 0x02FD, 0x02FD, 0x02FD, 0x02FD, 0x02FE, 0x02FE, 0x02FE, 0x02FE, 0x02FE, 0x02FE, 0x02FE, 0x02FE,
    0x02FE, 0x02FE, 0x02FE, 0x031E, 0x031E, 0x031E, 0x031E, 0x031E, 0x02FE, 0x02FE, 0x031E, 0x02FE, 0x031E, 0x031E, 0x031E, 0x031E,
    0x031E, 0x02FE, 0x02FE, 0x02FE, 0x02FE, 0x02FE, 0x02FE, 0x02FE, 0x02FD, 0x02FE, 0x02FE, 0x02FE, 0x02FE, 0x02FE, 0x02FD, 0x02FD,
    0x02FE, 0x031D, 0x02FD, 0x02FD, 0x02FE, 0x02FE, 0x02FD, 0x02FE, 0x02FE, 0x02FE, 0x02FE, 0x02FE, 0x02FE, 0x02FE, 0x02FE, 0x02FE,
    0x02FE, 0x02FE, 0x02FE, 0x02FE, 0x02FE, 0x02FE, 0x02FE, 0x02FE, 0x02FE, 0x02FE, 0x02FD, 0x02FD, 0x02FD, 0x02FD, 0x02FD, 0x02FD,
    0x02FD, 0x02FD, 0x02FD, 0x02FD, 0x02FD, 0x02FD, 0x02FE, 0x02FD, 0x02FE, 0x02FE, 0x02FE, 0x02FE, 0x02FD, 0x02FD, 0x02FE, 0x02FD,
    0x02FD, 0x02FE, 0x02FE, 0x02FE, 0x02FE, 0x031E, 0x031E, 0x031E, 0x031E, 0x031E, 0x031E, 0x031E, 0x031E, 0x031E, 0x031E, 0x031E,
    0x031E, 0x031E, 0x031E, 0x031E, 0x031E, 0x031E, 0x031E, 0x031E, 0x031E, 0x031E, 0x031E, 0x031E, 0x031E, 0x031E, 0x031E, 0x031E,
    0x031E, 0x031D, 0x031E, 0x031E, 0x02FE, 0x031E, 0x031E, 0x02FE, 0x02FE, 0x02FE, 0x031E, 0x02FE, 0x02FE, 0x02FD, 0x031E, 0x031E,
    0x031E, 0x031E, 0x031E, 0x031E, 0x02FE, 0x031E, 0x031E, 0x02FE, 0x033E, 0x3C9F, 0x2C3F, 0x0B5E, 0x2BDD, 0x135E, 0x02DE, 0x133E,
    0x2BFE, 0x861F, 0x7DFF, 0x85FF, 0x861F, 0x8E3F, 0x8E3F, 0x965F, 0x7DDF, 0x135E, 0x02FE, 0x2C1E, 0x863F, 0x7DFF, 0x23BE, 0x0B1E,
    0x0147, 0x0147, 0x0188, 0x0209, 0x0188, 0x0168, 0x0168, 0x020A, 0x026C, 0x00C6, 0x01E9, 0x00E5, 0x01A8, 0x0106, 0x0187, 0x0228,
    0x0208, 0x0228, 0x01A8, 0x00E7, 0x00A6, 0x00C5, 0x0146, 0x0166, 0x0125, 0x00E6, 0x0209, 0x0AC8, 0x1347, 0x0B67, 0x01C7, 0x00E6,
    0x00A5, 0x08C5, 0x08E6, 0x10E7, 0x1107, 0x1107, 0x1947, 0x2147, 0x4A07, 0xB408, 0x5226, 0x18E6, 0x2967, 0x2946, 0x4A07, 0x41A6,
    0x2945, 0xCCCA, 0xC4CA, 0x3943, 0xDD4C, 0xCD0B, 0x2986, 0x0107, 0x01C9, 0x0167, 0x0106, 0x0209, 0x026A, 0x026A, 0x022A, 0x024A,
    0x02CC, 0x01A9, 0x026C, 0x01A8, 0x00E6, 0x0107, 0x00E6, 0x00E6, 0x0127, 0x00E6, 0x00A5, 0x0106, 0x01A6, 0x0166, 0x0104, 0x0105,
    0x0167, 0x01A8, 0x0126, 0x0165, 0x01A6, 0x0145, 0x00C4, 0x0106, 0x00E7, 0x2B25, 0x6524, 0x0085, 0x0165, 0x0A24, 0x0942, 0x0246,
    0x02CC, 0x0248, 0x1B63, 0x43E4, 0x5CE4, 0xA701, 0x2BD4, 0x027E, 0x3C71, 0x1358, 0x4C94, 0x031D, 0x031E, 0x031E, 0x031E, 0x031E,
    0x031D, 0x02FD, 0x02FD, 0x02FD, 0x02FD, 0x02FD, 0x02FD, 0x02FD, 0x02FD, 0x02FD, 0x02FD, 0x02FD, 0x02FD, 0x02FD, 0x02FD, 0x02FD,
    0x02FD, 0x02FD, 0x02FD, 0x02FD, 0x02FD, 0x02FD, 0x02FD, 0x02FD, 0x02FD, 0x02FD, 0x02FD, 0x02FD, 0x02FE, 0x02FD, 0x02FD, 0x02FD,
    0x02FD, 0x031D, 0x031E, 0x031D, 0x031D, 0x031D, 0x02FE, 0x031E, 0x031D, 0x031D, 0x031E, 0x031D, 0x031E, 0x031E, 0x031E, 0x031E,
    0x031E, 0x031E, 0x031E, 0x031E, 0x031E, 0x031E, 0x031E, 0x031E, 0x031E, 0x031E, 0x031E, 0x031E, 0x031E, 0x031E, 0x031E, 0x031E,
    0x031E, 0x031E, 0x031E, 0x031E, 0x031E, 0x031E, 0x031E, 0x031E, 0x02FE, 0x02FE, 0x031E, 0x031E, 0x031E, 0x031E, 0x031E, 0x031E,
    0x031E, 0x031E, 0x031E, 0x031E, 0x031E, 0x031E, 0x031E, 0x031E, 0x031E, 0x02FE, 0x031E, 0x031E, 0x031E, 0x031E, 0x02FE, 0x02FE,
    0x02FE, 0x031E, 0x031E, 0x031E, 0x031E, 0x031E, 0x031E, 0x031E, 0x031E, 0x02FE, 0x02FE, 0x02FD, 0x02FE, 0x02FE, 0x02FD, 0x02FE,
    0x02FE, 0x02FE, 0x031E, 0x02FD, 0x031D, 0x031E, 0x031E, 0x031E, 0x031E, 0x031E, 0x031E, 0x031E, 0x02FE, 0x02FE, 0x02FE, 0x02FE,
    0x02FE, 0x02FE, 0x031E, 0x031E, 0x031E, 0x031E, 0x031E, 0x031E, 0x031E, 0x031E, 0x031E, 0x031E, 0x031E, 0x031E, 0x031E, 0x031E,
    0x031E, 0x031E, 0x031E, 0x031E, 0x031E, 0x031E, 0x031E, 0x031E, 0x031E, 0x031E, 0x031E, 0x031E, 0x031E, 0x031E, 0x031E, 0x031E,
    0x031E, 0x031E, 0x031E, 0x031E, 0x031E, 0x031E, 0x031E, 0x031E, 0x031E, 0x031E, 0x031E, 0x031D, 0x031D, 0x031D, 0x031E, 0x031E,
    0x031E, 0x031E, 0x031E, 0x031E, 0x031E, 0x031E, 0x031E, 0x031E, 0x033E, 0x0B5D, 0x031E, 0x1BBE, 0x5D5F, 0x1BBE, 0x02FE, 0x551E,
    0x6D9F, 0x6D7F, 0x863F, 0x861F, 0x7DFF, 0x7DFF, 0x8E3F, 0x85FF, 0x5D1F, 0x031E, 0x031E, 0x031E, 0x2C1E, 0x1BBE, 0x02DE, 0x02FE,
    0x0167, 0x0167, 0x0167, 0x0148, 0x0188, 0x0188, 0x0147, 0x0188, 0x01AA, 0x0127, 0x01A8, 0x0106, 0x0105, 0x0106, 0x0167, 0x01A7,
    0x01E7, 0x0268, 0x09A8, 0x0107, 0x0148, 0x00C6, 0x00C5, 0x0228, 0x01C8, 0x0126, 0x01E9, 0x01E9, 0x0167, 0x0AA5, 0x1366, 0x0906,
    0x08C6, 0x08E7, 0x08E6, 0x1107, 0x1107, 0x1107, 0x1106, 0x1905, 0x41C7, 0x72E8, 0x6267, 0x18C5, 0x2126, 0x49A5, 0x6246, 0x6247,
    0x7AC7, 0xFE2C, 0xC4A9, 0x72C6, 0xE529, 0x39C6, 0x00A6, 0x0127, 0x0168, 0x0147, 0x0188, 0x024A, 0x02CB, 0x02CB, 0x02EC, 0x0126,
    0x022A, 0x020A, 0x022B, 0x01E8, 0x0187, 0x01A8, 0x0187, 0x026B, 0x01C9, 0x0106, 0x00E5, 0x00C5, 0x00A5, 0x00E5, 0x0062, 0x00C4,
    0x0167, 0x00E6, 0x01A8, 0x0125, 0x0166, 0x0208, 0x0126, 0x0127, 0x0107, 0x11C5, 0x33C7, 0x01CB, 0x00E5, 0x01A4, 0x0245, 0x134A,
    0x0378, 0x01E8, 0x2341, 0x9627, 0x860B, 0x8EA1, 0x5D2A, 0x1338, 0x02FE, 0x02FF, 0x02DE, 0x02FE, 0x031E, 0x031E, 0x031E, 0x031E,
    0x031E, 0x031E, 0x02FE, 0x02FD, 0x02FD, 0x02FE, 0x02FD, 0x02FD, 0x02FD, 0x02FD, 0x02FD, 0x02FD, 0x02FE, 0x02FD, 0x02FD, 0x02FD,
    0x02FE, 0x02FE, 0x02FD, 0x02FE, 0x02FE, 0x02FD, 0x02FD, 0x02FD, 0x02FD, 0x02FD, 0x02FD, 0x02FE, 0x02FE, 0x02FD, 0x02FE, 0x031D,
    0x031D, 0x02FE, 0x031E, 0x031E, 0x031E, 0x031E, 0x031E, 0x031E, 0x031E, 0x031E, 0x031E, 0x031E, 0x031E, 0x031E, 0x031E, 0x031E,
    0x031E, 0x031E, 0x031E, 0x031E, 0x031E, 0x031E, 0x031E, 0x031E, 0x031E, 0x031E, 0x031E, 0x031E, 0x031E, 0x031E, 0x031E, 0x031E,
    0x031E, 0x031E, 0x031E, 0x031E, 0x031E, 0x031E, 0x031E, 0x031E, 0x031E, 0x031E, 0x031E, 0x031E, 0x031E, 0x031E, 0x031E, 0x031E,
    0x031E, 0x031E, 0x031E, 0x031E, 0x031E, 0x031E, 0x031E, 0x031E, 0x031E, 0x031E, 0x031E, 0x031E, 0x031E, 0x031E, 0x031E, 0x031E,
    0x031E, 0x031E, 0x031E, 0x031E, 0x031E, 0x031E, 0x031E, 0x031E, 0x031E, 0x031E, 0x031E, 0x02FE, 0x031E, 0x031E, 0x031E, 0x031E,
    0x031E, 0x031E, 0x031E, 0x031E, 0x031E, 0x031E, 0x031E, 0x031E, 0x031E, 0x031E, 0x031E, 0x031E, 0x02FE, 0x02FE, 0x02FE, 0x031E,
    0x031E, 0x031E, 0x031E, 0x031E, 0x031E, 0x031E, 0x031E, 0x031E, 0x033E, 0x031E, 0x031E, 0x031E, 0x031E, 0x031E, 0x031E, 0x031E,
    0x031E, 0x031E, 0x031E, 0x031E, 0x033E, 0x031E, 0x031E, 0x031E, 0x031E, 0x031E, 0x031E, 0x031E, 0x031E, 0x031E, 0x031E, 0x031E,
    0x031E, 0x031E, 0x031E, 0x031E, 0x031E, 0x031E, 0x031E, 0x031E, 0x031E, 0x031E, 0x031E, 0x031E, 0x031E, 0x031E, 0x031E, 0x031E,
    0x031E, 0x031E, 0x031E, 0x031E, 0x031E, 0x031E, 0x031E, 0x031E, 0x031E, 0x031E, 0x031E, 0x031E, 0x02FD, 0x031E, 0x033E, 0x031E,
    0x02FD, 0x0B5E, 0x54FF, 0x75BF, 0x8E3F, 0x8E3F, 0x6D9F, 0x341F, 0x02DE, 0x033E, 0x033E, 0x033E, 0x031E, 0x031E, 0x031E, 0x031E,
    0x0168, 0x0167, 0x0188, 0x020B, 0x022C, 0x0188, 0x0167, 0x0106, 0x00A5, 0x00E6, 0x0126, 0x0126, 0x0105, 0x0146, 0x0127, 0x0107,
    0x0147, 0x0926, 0x10C6, 0x0167, 0x0188, 0x0107, 0x00E5, 0x0187, 0x01C8, 0x024B, 0x01C7, 0x02CD, 0x01A8, 0x0145, 0x0A26, 0x08A5,
    0x08A5, 0x0908, 0x08E6, 0x1106, 0x1107, 0x1107, 0x08A5, 0x3166, 0x72E8, 0xD4E9, 0x2925, 0x18E5, 0x0883, 0xA387, 0xABE8, 0x41C6,
    0x9369, 0xF60D, 0x72E7, 0x72E7, 0x8307, 0x08C5, 0x0107, 0x0127, 0x00C6, 0x0128, 0x030E, 0x02CC, 0x0430, 0x03CF, 0x01A8, 0x0126,
    0x0084, 0x01C9, 0x0269, 0x0268, 0x02A9, 0x02EB, 0x026A, 0x0AEC, 0x0146, 0x00C5, 0x0106, 0x0084, 0x0126, 0x00C5, 0x0084, 0x0147,
    0x0085, 0x01A8, 0x01E9, 0x0106, 0x0208, 0x01C8, 0x0126, 0x0126, 0x0127, 0x0107, 0x01AA, 0x026E, 0x01CA, 0x01A5, 0x1AC3, 0x2C6D,
    0x01CD, 0x00E3, 0x00C0, 0x32EC, 0x343A, 0x65A6, 0xC7C0, 0x44D3, 0x02FF, 0x033D, 0x031E, 0x031E, 0x031E, 0x031E, 0x031E, 0x031E,
    0x031E, 0x02FE, 0x02FE, 0x031E, 0x02FE, 0x02FE, 0x02FE, 0x02FE, 0x02FE, 0x02FD, 0x02FE, 0x02FE, 0x02FE, 0x02FE, 0x02FD, 0x02FD,
    0x02FE, 0x02FE, 0x02FD, 0x02FE, 0x02FE, 0x02FE, 0x02FE, 0x02FE, 0x02FE, 0x02FE, 0x02FE, 0x02FE, 0x02FE, 0x02FE, 0x031E, 0x031E,
    0x031E, 0x02FE, 0x031E, 0x031E, 0x031E, 0x031E, 0x031E, 0x031E, 0x031E, 0x031E, 0x031E, 0x031E, 0x031E, 0x031E, 0x031E, 0x031E,
    0x031E, 0x031E, 0x031E, 0x031E, 0x031E, 0x031E, 0x031E, 0x031E, 0x031E, 0x031E, 0x031E, 0x031E, 0x031E, 0x031E, 0x031E, 0x031E,
    0x031E, 0x031E, 0x031E, 0x031E, 0x031E, 0x031E, 0x031E, 0x031E, 0x031E, 0x031E, 0x031E, 0x031E, 0x031E, 0x031E, 0x031E, 0x031E,
    0x031E, 0x031E, 0x031E, 0x031E, 0x031E, 0x031E, 0x031E, 0x031E, 0x031E, 0x031E, 0x031E, 0x031E, 0x031E, 0x031E, 0x031E, 0x031E,
    0x031E, 0x031E, 0x031E, 0x031E, 0x031E, 0x031E, 0x031E, 0x031E, 0x031E, 0x031E, 0x031E, 0x031E, 0x031E, 0x031E, 0x031E, 0x031E,
    0x031E, 0x031E, 0x031E, 0x031E, 0x031E, 0x031E, 0x031E, 0x031E, 0x031E, 0x031E, 0x031E, 0x031E, 0x031E, 0x031E, 0x031E, 0x031E,
    0x031E, 0x031E, 0x031E, 0x031E, 0x031E, 0x031E, 0x033E, 0x033E, 0x033E, 0x033E, 0x033E, 0x033E, 0x033E, 0x031E, 0x031E, 0x031E,
    0x033E, 0x031E, 0x031E, 0x033E, 0x033E, 0x033E, 0x033E, 0x031E, 0x031E, 0x031E, 0x031E, 0x031E, 0x031E, 0x031E, 0x031E, 0x031E,
    0x031E, 0x031E, 0x031E, 0x031E, 0x031E, 0x031E, 0x031E, 0x031E, 0x031E, 0x031E, 0x031E, 0x031E, 0x031E, 0x031E, 0x031E, 0x031E,
    0x031E, 0x031E, 0x031E, 0x031E, 0x031E, 0x031E, 0x031E, 0x031E, 0x031E, 0x031E, 0x031E, 0x031E, 0x033E, 0x033E, 0x033E, 0x031E,
    0x031E, 0x031E, 0x02BE, 0x23DE, 0x54FF, 0x54DF, 0x0B7E, 0x031E, 0x033E, 0x033E, 0x033E, 0x033E, 0x033E, 0x033E, 0x031E, 0x031E,
    0x0148, 0x0148, 0x0147, 0x0189, 0x01EA, 0x0168, 0x0147, 0x0147, 0x00C5, 0x00E5, 0x0126, 0x0106, 0x0105, 0x0167, 0x01A8, 0x0168,
    0x00A5, 0x08A5, 0x1147, 0x01C7, 0x01C8, 0x0106, 0x0864, 0x0083, 0x01C9, 0x028E, 0x01E9, 0x12EC, 0x01E9, 0x024B, 0x0929, 0x0884,
    0x08A5, 0x0908, 0x0906, 0x1106, 0x1107, 0x1948, 0x1926, 0x41E8, 0x9BA8, 0x6A86, 0x18E5, 0x10C4, 0x2104, 0xE569, 0x93A8, 0x10A4,
    0xD52C, 0xD54C, 0x2125, 0x6A66, 0x3145, 0x00C6, 0x0149, 0x0169, 0x0128, 0x0107, 0x020A, 0x02CC, 0x02CC, 0x020A, 0x01E9, 0x020A,
    0x0127, 0x0249, 0x036A, 0x0368, 0x0A68, 0x020A, 0x032B, 0x02A9, 0x01A7, 0x00A4, 0x0084, 0x00E5, 0x0147, 0x0226, 0x0105, 0x01AD,
    0x0A6A, 0x1BE7, 0x01C6, 0x00C5, 0x0147, 0x0147, 0x01EA, 0x0127, 0x0147, 0x0168, 0x01A9, 0x020B, 0x026B, 0x0126, 0x4C63, 0x3510,
    0x01CA, 0x0272, 0x0A26, 0x02B1, 0x02BF, 0x44D0, 0x9685, 0x756F, 0x02FF, 0x033D, 0x031E, 0x031E, 0x031E, 0x031E, 0x031E, 0x031E,
    0x031E, 0x031E, 0x031E, 0x031E, 0x031E, 0x031E, 0x031E, 0x02FE, 0x02FE, 0x031E, 0x031E, 0x031E, 0x031E, 0x031E, 0x02FD, 0x02FD,
    0x031E, 0x031E, 0x031E, 0x031E, 0x031E, 0x031E, 0x031E, 0x031E, 0x031E, 0x031E, 0x031E, 0x031E, 0x031E, 0x031E, 0x031E, 0x031E,
    0x031E, 0x031E, 0x031E, 0x031E, 0x031E, 0x031E, 0x031E, 0x031E, 0x031E, 0x031E, 0x031E, 0x031E, 0x031E, 0x031E, 0x031E, 0x031E,
    0x031E, 0x031E, 0x031E, 0x033E, 0x033E, 0x031E, 0x033E, 0x033E, 0x033E, 0x033E, 0x033E, 0x031E, 0x033E, 0x031E, 0x033E, 0x033E,
    0x033E, 0x033E, 0x031E, 0x031E, 0x031E, 0x031E, 0x031E, 0x031E, 0x031E, 0x031E, 0x031E, 0x031E, 0x031E, 0x031E, 0x031E, 0x031E,
    0x031E, 0x031E, 0x031E, 0x031E, 0x031E, 0x031E, 0x031E, 0x031E, 0x031E, 0x031E, 0x031E, 0x031E, 0x031E, 0x031E, 0x031E, 0x031E,
    0x031E, 0x031E, 0x031E, 0x031E, 0x031E, 0x031E, 0x031E, 0x031E, 0x031E, 0x031E, 0x031E, 0x031E, 0x031E, 0x031E, 0x031E, 0x031E,
    0x031E, 0x031E, 0x031E, 0x031E, 0x031E, 0x031E, 0x031E, 0x033E, 0x033E, 0x033E, 0x031E, 0x031E, 0x031E, 0x031E, 0x031E, 0x031E,
    0x031E, 0x033E, 0x031E, 0x033E, 0x033E, 0x033E, 0x033E, 0x033E, 0x033E, 0x033E, 0x033E, 0x033E, 0x033E, 0x033E, 0x033E, 0x033E,
    0x033E, 0x033E, 0x033E, 0x033E, 0x033E, 0x033E, 0x033E, 0x033E, 0x033E, 0x031E, 0x031E, 0x031E, 0x031E, 0x031E, 0x033E, 0x031E,
    0x033E, 0x031E, 0x031E, 0x031E, 0x031E, 0x031E, 0x031E, 0x031E, 0x031E, 0x031E, 0x031E, 0x033E, 0x033E, 0x033E, 0x033E, 0x031E,
    0x031E, 0x031E, 0x031E, 0x031E, 0x031E, 0x031E, 0x031E, 0x031E, 0x033E, 0x033E, 0x031E, 0x033E, 0x033E, 0x033E, 0x033E, 0x033E,
    0x033E, 0x033E, 0x033E, 0x031E, 0x031E, 0x031E, 0x033E, 0x035E, 0x033E, 0x033E, 0x033E, 0x033E, 0x033E, 0x033E, 0x033E, 0x033E,
    0x0128, 0x0128, 0x0128, 0x0107, 0x0188, 0x0189, 0x0106, 0x0107, 0x0127, 0x0187, 0x0146, 0x0127, 0x0187, 0x0188, 0x0167, 0x0167,
    0x0127, 0x0148, 0x19CB, 0x09A9, 0x01A7, 0x0126, 0x0843, 0x00C5, 0x01EA, 0x01EC, 0x02D2, 0x09EB, 0x0948, 0x09AB, 0x116A, 0x08A5,
    0x08C6, 0x08C6, 0x08E6, 0x10E7, 0x1107, 0x1928, 0x2167, 0x4A28, 0x4A07, 0x5A87, 0x39A6, 0x18C4, 0x51E5, 0xFDCA, 0x6AC6, 0x2904,
    0xDD0A, 0x6AC8, 0x3185, 0x6A66, 0x3144, 0x00C7, 0x016A, 0x0169, 0x0107, 0x00C6, 0x00E6, 0x0188, 0x0084, 0x00C5, 0x024B, 0x01E9,
    0x026B, 0x032C, 0x0C0A, 0x3408, 0x10C5, 0x022B, 0x0D0C, 0x5567, 0x09C6, 0x00E7, 0x0107, 0x0167, 0x01E7, 0x0326, 0x0AE7, 0x0167,
    0x6DA5, 0x6523, 0x2B46, 0x4BA7, 0x00A7, 0x0167, 0x01A9, 0x0188, 0x01A9, 0x01A9, 0x0188, 0x0188, 0x0147, 0x22A4, 0x7604, 0x2BE6,
    0x1308, 0x039E, 0x03BA, 0x037B, 0x035F, 0x031E, 0x0B79, 0x4453, 0x031F, 0x033E, 0x033E, 0x031E, 0x031E, 0x031E, 0x031E, 0x031E,
    0x031E, 0x031E, 0x031E, 0x031E, 0x031E, 0x031E, 0x031E, 0x031E, 0x031E, 0x031E, 0x031E, 0x031E, 0x031E, 0x031E, 0x031E, 0x031E,
    0x031E, 0x031E, 0x031E, 0x031E, 0x031E, 0x031E, 0x031E, 0x031E, 0x031E, 0x031E, 0x031E, 0x031E, 0x031E, 0x031E, 0x031E, 0x031E,
    0x031E, 0x031E, 0x031E, 0x031E, 0x031E, 0x031E, 0x031E, 0x031E, 0x031E, 0x031E, 0x031E, 0x033E, 0x033E, 0x033E, 0x031E, 0x031E,
    0x033E, 0x033E, 0x033E, 0x033E, 0x033E, 0x033E, 0x033E, 0x033E, 0x033E, 0x033E, 0x033E, 0x033E, 0x033E, 0x033E, 0x033E, 0x033E,
    0x033E, 0x033E, 0x033E, 0x033E, 0x033E, 0x033E, 0x033E, 0x033E, 0x033E, 0x033E, 0x033E, 0x033E, 0x033E, 0x033E, 0x033E, 0x033E,
    0x033E, 0x033E, 0x031E, 0x033E, 0x033E, 0x033E, 0x033E, 0x031E, 0x031E, 0x031E, 0x031E, 0x031E, 0x031E, 0x031E, 0x031E, 0x031E,
    0x031E, 0x031E, 0x031E, 0x031E, 0x031E, 0x031E, 0x031E, 0x031E, 0x031E, 0x033E, 0x033E, 0x033E, 0x033E, 0x033E, 0x031E, 0x031E,
    0x033E, 0x033E, 0x033E, 0x033E, 0x033E, 0x033E, 0x033E, 0x033E, 0x033E, 0x033E, 0x033E, 0x033E, 0x033E, 0x033E, 0x033E, 0x033E,
    0x033E, 0x033E, 0x033E, 0x033E, 0x033E, 0x033E, 0x033E, 0x033E, 0x033E, 0x033E, 0x033E, 0x035E, 0x033E, 0x033E, 0x033E, 0x033E,
    0x033E, 0x033E, 0x033E, 0x033E, 0x033E, 0x033E, 0x033E, 0x033E, 0x033E, 0x033E, 0x033E, 0x033E, 0x033E, 0x033E, 0x033E, 0x033E,
    0x033E, 0x033E, 0x033E, 0x033E, 0x033E, 0x033E, 0x033E, 0x033E, 0x033E, 0x033E, 0x033E, 0x033E, 0x033E, 0x033E, 0x033E, 0x033E,
    0x033E, 0x031E, 0x033E, 0x033E, 0x033E, 0x033E, 0x033E, 0x033E, 0x033E, 0x033E, 0x033E, 0x033E, 0x033E, 0x033E, 0x033E, 0x033E,
    0x033E, 0x033E, 0x033E, 0x033E, 0x035E, 0x035E, 0x035E, 0x035E, 0x035E, 0x035E, 0x035E, 0x035E, 0x035E, 0x035E, 0x033E, 0x033E,
    0x0169, 0x0148, 0x0127, 0x0127, 0x0127, 0x0128, 0x0107, 0x0107, 0x0107, 0x0166, 0x01C6, 0x0186, 0x01A7, 0x0188, 0x0250, 0x01A9,
    0x0187, 0x0167, 0x19AC, 0x196A, 0x0126, 0x0166, 0x0843, 0x0106, 0x026D, 0x020D, 0x0C39, 0x120D, 0x1127, 0x116A, 0x1128, 0x08A5,
    0x08C6, 0x08A5, 0x1106, 0x1928, 0x1928, 0x1907, 0x2967, 0x41E8, 0x39C7, 0x6287, 0x3186, 0x2105, 0xAC08, 0x9BA8, 0x2104, 0x6A66,
    0x7AE7, 0x2967, 0x5A47, 0x5A25, 0x0947, 0x0169, 0x0169, 0x0169, 0x0148, 0x0127, 0x0107, 0x00C5, 0x0106, 0x020D, 0x022C, 0x0106,
    0x01A9, 0x038C, 0x032A, 0x5AE7, 0x8C07, 0x03EA, 0x0B08, 0x2985, 0x00E6, 0x018A, 0x01A9, 0x0209, 0x2BE6, 0x23C5, 0x0348, 0x6504,
    0x9E41, 0x11E3, 0x11E5, 0x2A89, 0x0129, 0x0126, 0x0105, 0x01E8, 0x0292, 0x02F6, 0x0189, 0x0148, 0x1244, 0x4CE1, 0x2B6A, 0x01E8,
    0x0AAB, 0x3BF6, 0x3C13, 0x033E, 0x033E, 0x033E, 0x031F, 0x031E, 0x033E, 0x033E, 0x033E, 0x031E, 0x031E, 0x031E, 0x031E, 0x033E,
    0x031E, 0x031E, 0x031E, 0x031E, 0x031E, 0x031E, 0x031E, 0x031E, 0x031E, 0x031E, 0x031E, 0x031E, 0x031E, 0x031E, 0x031E, 0x031E,
    0x031E, 0x031E, 0x031E, 0x031E, 0x031E, 0x031E, 0x031E, 0x031E, 0x031E, 0x031E, 0x031E, 0x031E, 0x031E, 0x031E, 0x031E, 0x031E,
    0x031E, 0x031E, 0x031E, 0x031E, 0x031E, 0x031E, 0x033E, 0x031E, 0x033E, 0x033E, 0x031E, 0x033E, 0x033E, 0x033E, 0x033E, 0x033E,
    0x033E, 0x033E, 0x033E, 0x033E, 0x033E, 0x033E, 0x033E, 0x033E, 0x033E, 0x033E, 0x033E, 0x033E, 0x033E, 0x033E, 0x033E, 0x033E,
    0x033E, 0x033E, 0x033E, 0x033E, 0x033E, 0x033E, 0x033E, 0x033E, 0x033E, 0x033E, 0x033E, 0x033E, 0x033E, 0x033E, 0x033E, 0x033E,
    0x033E, 0x033E, 0x031E, 0x033E, 0x033E, 0x033E, 0x033E, 0x033E, 0x031E, 0x033E, 0x033E, 0x031E, 0x031E, 0x031E, 0x031E, 0x031E,
    0x031E, 0x033E, 0x033E, 0x033E, 0x033E, 0x031E, 0x031E, 0x033E, 0x033E, 0x033E, 0x033E, 0x033E, 0x033E, 0x033E, 0x033E, 0x033E,
    0x033E, 0x033E, 0x033E, 0x033E, 0x033E, 0x033E, 0x033E, 0x033E, 0x033E, 0x033E, 0x033E, 0x033E, 0x033E, 0x033E, 0x033E, 0x033E,
    0x033E, 0x033E, 0x033E, 0x033E, 0x033E, 0x033E, 0x033E, 0x033E, 0x033E, 0x033E, 0x033E, 0x033E, 0x035E, 0x033E, 0x033E, 0x033E,
    0x033E, 0x033E, 0x033E, 0x033E, 0x033E, 0x035E, 0x033E, 0x033E, 0x033E, 0x033E, 0x033E, 0x033E, 0x033E, 0x033E, 0x033E, 0x033E,
    0x033E, 0x033E, 0x033E, 0x033E, 0x033E, 0x033E, 0x033E, 0x033E, 0x033E, 0x033E, 0x033E, 0x033E, 0x033E, 0x033E, 0x033E, 0x033E,
    0x033E, 0x033E, 0x033E, 0x033E, 0x033E, 0x033E, 0x033E, 0x033E, 0x033E, 0x033E, 0x033E, 0x033E, 0x033E, 0x033E, 0x033E, 0x033E,
    0x033E, 0x033E, 0x033E, 0x035E, 0x035E, 0x035E, 0x035E, 0x035E, 0x035E, 0x035E, 0x035E, 0x035E, 0x035E, 0x035E, 0x035E, 0x035F,
    0x01CA, 0x01A9, 0x0168, 0x0147, 0x0187, 0x0188, 0x01A9, 0x0148, 0x00C6, 0x2A0A, 0x330B, 0x0164, 0x0106, 0x1356, 0x0A4F, 0x0186,
    0x0166, 0x0167, 0x19AC, 0x194A, 0x08A5, 0x08E4, 0x0863, 0x0127, 0x026E, 0x020E, 0x13D7, 0x1A0E, 0x19AC, 0x19AB, 0x08E6, 0x1128,
    0x08C7, 0x08C6, 0x1107, 0x1928, 0x1948, 0x1927, 0x39C7, 0x31A7, 0x6268, 0x3985, 0x10A5, 0x49E6, 0xDD2A, 0x5246, 0x0884, 0x39A6,
    0x39A6, 0x2966, 0x51E6, 0x5A26, 0x016A, 0x01AB, 0x0148, 0x00E5, 0x0168, 0x0168, 0x0127, 0x01EC, 0x01EC, 0x024F, 0x026E, 0x0968,
    0x08E7, 0x0189, 0x2B49, 0x7B88, 0x3B06, 0x09A3, 0x0083, 0x0108, 0x0168, 0x01A9, 0x01C9, 0x028A, 0x3D05, 0x4424, 0x1388, 0x7DE6,
    0x3264, 0x9562, 0x6403, 0x0066, 0x0126, 0x0270, 0x0188, 0x0145, 0x037C, 0x037D, 0x0211, 0x022D, 0x01E4, 0x1A61, 0x028E, 0x132C,
    0x0B6A, 0x12CC, 0x128F, 0x037F, 0x033E, 0x033E, 0x033E, 0x033E, 0x033E, 0x033E, 0x033E, 0x033E, 0x033E, 0x033E, 0x033E, 0x031E,
    0x031E, 0x031E, 0x031E, 0x031E, 0x031E, 0x031E, 0x031E, 0x031E, 0x031E, 0x031E, 0x031E, 0x031E, 0x031E, 0x031E, 0x031E, 0x031E,
    0x033E, 0x033E, 0x031E, 0x031E, 0x031E, 0x031E, 0x031E, 0x031E, 0x031E, 0x031E, 0x031E, 0x031E, 0x031E, 0x031E, 0x031E, 0x031E,
    0x031E, 0x031E, 0x033E, 0x031E, 0x031E, 0x031E, 0x033E, 0x033E, 0x033E, 0x033E, 0x033E, 0x033E, 0x033E, 0x033E, 0x033E, 0x033E,
    0x033E, 0x033E, 0x033E, 0x033E, 0x033E, 0x033E, 0x033E, 0x033E, 0x033E, 0x033E, 0x035E, 0x035E, 0x035E, 0x035E, 0x035E, 0x033E,
    0x033E, 0x033E, 0x033E, 0x033E, 0x033E, 0x033E, 0x033E, 0x033E, 0x033E, 0x033E, 0x033E, 0x033E, 0x033E, 0x033E, 0x033E, 0x033E,
    0x033E, 0x033E, 0x033E, 0x033E, 0x033E, 0x033E, 0x033E, 0x033E, 0x033E, 0x033E, 0x033E, 0x033E, 0x033E, 0x031E, 0x031E, 0x031E,
    0x031E, 0x033E, 0x033E, 0x033E, 0x033E, 0x033E, 0x033E, 0x033E, 0x033E, 0x033E, 0x033E, 0x033E, 0x033E, 0x033E, 0x033E, 0x033E,
    0x033E, 0x033E, 0x033E, 0x033E, 0x033E, 0x033E, 0x033E, 0x033E, 0x033E, 0x033E, 0x033E, 0x033E, 0x033E, 0x033E, 0x033E, 0x033E,
    0x033E, 0x033E, 0x033E, 0x033E, 0x033E, 0x033E, 0x033E, 0x035E, 0x035E, 0x035E, 0x035E, 0x035E, 0x035E, 0x035E, 0x033E, 0x033E,
    0x035E, 0x033E, 0x035E, 0x035E, 0x035E, 0x035E, 0x035E, 0x033E, 0x033E, 0x033E, 0x033E, 0x033E, 0x033E, 0x033E, 0x033E, 0x033E,
    0x033E, 0x033E, 0x033E, 0x033E, 0x033E, 0x033E, 0x033E, 0x033E, 0x033E, 0x033E, 0x033E, 0x033E, 0x033E, 0x033E, 0x033E, 0x033E,
    0x033E, 0x033E, 0x033E, 0x033E, 0x033E, 0x033E, 0x033E, 0x033E, 0x033E, 0x033E, 0x033E, 0x033E, 0x033E, 0x033E, 0x033E, 0x033E,
    0x033E, 0x035E, 0x035E, 0x035E, 0x035E, 0x035E, 0x035E, 0x035E, 0x035E, 0x035E, 0x035E, 0x035E, 0x035E, 0x035F, 0x035F, 0x035F,
    0x01C9, 0x01C9, 0x01C9, 0x01C8, 0x01A8, 0x01C8, 0x01A7, 0x0187, 0x0968, 0x0948, 0x09C7, 0x0164, 0x0A0C, 0x34DE, 0x09ED, 0x0166,
    0x0186, 0x01A8, 0x19CC, 0x196B, 0x10E7, 0x10C5, 0x1084, 0x0906, 0x022D, 0x024F, 0x0A71, 0x198C, 0x19AC, 0x1149, 0x08C5, 0x196A,
    0x08C7, 0x10E6, 0x10C5, 0x10E7, 0x1969, 0x2148, 0x4207, 0x4A07, 0x6287, 0x3145, 0x18E5, 0x9BA7, 0x6AC7, 0x1906, 0x2126, 0x3166,
    0x3186, 0x2125, 0x51E6, 0x29E9, 0x01CB, 0x01CB, 0x01AA, 0x01A9, 0x01AA, 0x0147, 0x022C, 0x026D, 0x024D, 0x01CA, 0x0188, 0x00C4,
    0x0147, 0x00C7, 0x4A08, 0x6A48, 0x0025, 0x0864, 0x0107, 0x01A8, 0x01C9, 0x01C9, 0x0168, 0x0229, 0x0A88, 0x00A5, 0x6CE5, 0x9EC4,
    0x0928, 0x2A0A, 0x21A8, 0x024C, 0x02CA, 0x024D, 0x0245, 0x01C8, 0x03DF, 0x0292, 0x0166, 0x0227, 0x01A3, 0x1A87, 0x0B27, 0x0B83,
    0x6525, 0x1C08, 0x0BD1, 0x037F, 0x035F, 0x035F, 0x035F, 0x035F, 0x035E, 0x035E, 0x033E, 0x033E, 0x033E, 0x033E, 0x033E, 0x033E,
    0x033E, 0x033E, 0x033E, 0x033E, 0x033E, 0x033E, 0x033E, 0x033E, 0x033E, 0x033E, 0x033E, 0x031E, 0x033E, 0x033E, 0x033E, 0x033E,
    0x033E, 0x033E, 0x033E, 0x033E, 0x033E, 0x033E, 0x033E, 0x033E, 0x033E, 0x031E, 0x033E, 0x033E, 0x033E, 0x033E, 0x033E, 0x033E,
    0x033E, 0x033E, 0x033E, 0x033E, 0x033E, 0x033E, 0x033E, 0x033E, 0x033E, 0x033E, 0x033E, 0x033E, 0x033E, 0x033E, 0x033E, 0x033E,
    0x033E, 0x033E, 0x035E, 0x035E, 0x033E, 0x033E, 0x035E, 0x035E, 0x035E, 0x035E, 0x035E, 0x035E, 0x035E, 0x035E, 0x035E, 0x035E,
    0x033E, 0x033E, 0x033E, 0x033E, 0x033E, 0x033E, 0x033E, 0x033E, 0x033E, 0x033E, 0x033E, 0x033E, 0x033E, 0x033E, 0x033E, 0x033E,
    0x033E, 0x033E, 0x033E, 0x033E, 0x033E, 0x033E, 0x033E, 0x033E, 0x033E, 0x033E, 0x033E, 0x033E, 0x033E, 0x033E, 0x033E, 0x033E,
    0x033E, 0x033E, 0x033E, 0x033E, 0x033E, 0x033E, 0x033E, 0x033E, 0x033E, 0x035E, 0x033E, 0x035E, 0x033E, 0x033E, 0x033E, 0x033E,
    0x033E, 0x033E, 0x033E, 0x033E, 0x033E, 0x035E, 0x033E, 0x035E, 0x035E, 0x035E, 0x035E, 0x035F, 0x035E, 0x035E, 0x035E, 0x035E,
    0x035E, 0x035E, 0x035F, 0x035F, 0x035E, 0x035F, 0x035F, 0x035F, 0x035E, 0x035F, 0x035E, 0x035E, 0x035F, 0x035F, 0x035F, 0x035E,
    0x035F, 0x035F, 0x035E, 0x035F, 0x035E, 0x035E, 0x035E, 0x035E, 0x035E, 0x035E, 0x035E, 0x035E, 0x035E, 0x035E, 0x035E, 0x035E,
    0x033E, 0x033E, 0x033E, 0x033E, 0x033E, 0x033E, 0x033E, 0x033E, 0x033E, 0x035E, 0x035E, 0x035E, 0x035E, 0x035E, 0x033E, 0x033E,
    0x033E, 0x033E, 0x035E, 0x035E, 0x035E, 0x035E, 0x035E, 0x035E, 0x035E, 0x035E, 0x033E, 0x035E, 0x033E, 0x035E, 0x035E, 0x035E,
    0x035E, 0x035E, 0x037E, 0x037E, 0x037E, 0x035E, 0x037E, 0x037E, 0x037E, 0x035E, 0x035E, 0x037E, 0x037F, 0x037F, 0x037F, 0x037F,
    0x01E9, 0x01E8, 0x01E8, 0x0208, 0x01A8, 0x0188, 0x024C, 0x1AAF, 0x7CD8, 0x08C6, 0x21A7, 0x1207, 0x0207, 0x1B93, 0x0A4F, 0x3418,
    0x0A0B, 0x0228, 0x120A, 0x21CE, 0x1128, 0x10E5, 0x10C5, 0x0863, 0x0169, 0x024E, 0x116A, 0x19AC, 0x1107, 0x1107, 0x1128, 0x1949,
    0x08C6, 0x1107, 0x10C5, 0x1907, 0x1949, 0x2988, 0x5247, 0x5A67, 0x3186, 0x0884, 0x5A67, 0x72E7, 0x10C6, 0x2967, 0x2147, 0x3187,
    0x10E5, 0x41A5, 0x6226, 0x0148, 0x01CB, 0x0189, 0x01A8, 0x01EA, 0x024D, 0x01C9, 0x024D, 0x028F, 0x01CA, 0x022B, 0x0127, 0x08E4,
    0x01C9, 0x0844, 0x3968, 0x3168, 0x00C7, 0x01AA, 0x01A9, 0x01C9, 0x020A, 0x01C9, 0x00C6, 0x0127, 0x022B, 0x0A08, 0x4C23, 0x7DE2,
    0x0B86, 0x01CA, 0x016C, 0x0C6C, 0x0C56, 0x03BC, 0x0207, 0x0338, 0x037E, 0x0250, 0x024F, 0x0180, 0x0189, 0x0B9D, 0x02E7, 0x020A,
    0x2C38, 0x85E1, 0x5D26, 0x037E, 0x037F, 0x035F, 0x035F, 0x035F, 0x035F, 0x035E, 0x035E, 0x035E, 0x033E, 0x033E, 0x033E, 0x033E,
    0x033E, 0x033E, 0x033E, 0x033E, 0x033E, 0x033E, 0x033E, 0x033E, 0x033E, 0x033E, 0x033E, 0x033E, 0x033E, 0x033E, 0x033E, 0x033E,
    0x033E, 0x033E, 0x033E, 0x033E, 0x033E, 0x033E, 0x033E, 0x033E, 0x033E, 0x033E, 0x033E, 0x033E, 0x033E, 0x033E, 0x033E, 0x033E,
    0x033E, 0x033E, 0x033E, 0x033E, 0x033E, 0x033E, 0x033E, 0x033E, 0x033E, 0x033E, 0x033E, 0x033E, 0x035E, 0x035E, 0x035E, 0x035E,
    0x035F, 0x035F, 0x035E, 0x035E, 0x035E, 0x035E, 0x035E, 0x035E, 0x035E, 0x035E, 0x035E, 0x035F, 0x035E, 0x035E, 0x035E, 0x035E,
    0x035E, 0x035E, 0x035E, 0x035E, 0x035E, 0x033E, 0x033E, 0x035E, 0x035E, 0x033E, 0x033E, 0x033E, 0x033E, 0x033E, 0x033E, 0x033E,
    0x033E, 0x033E, 0x033E, 0x033E, 0x033E, 0x033E, 0x033E, 0x033E, 0x033E, 0x033E, 0x033E, 0x033E, 0x033E, 0x033E, 0x033E, 0x033E,
    0x033E, 0x033E, 0x033E, 0x033E, 0x033E, 0x033E, 0x035E, 0x035E, 0x035E, 0x035E, 0x035E, 0x035E, 0x035E, 0x035E, 0x035E, 0x033E,
    0x035E, 0x035E, 0x035E, 0x035E, 0x035E, 0x035E, 0x035E, 0x035E, 0x035E, 0x035F, 0x035F, 0x035F, 0x035F, 0x035F, 0x035F, 0x035F,
    0x035F, 0x035F, 0x035F, 0x035F, 0x035F, 0x035F, 0x035F, 0x035F, 0x035F, 0x035F, 0x035F, 0x035F, 0x035F, 0x035F, 0x035F, 0x035F,
    0x035F, 0x035F, 0x035F, 0x035F, 0x035F, 0x035F, 0x035F, 0x035E, 0x035F, 0x035F, 0x035F, 0x035F, 0x035E, 0x035E, 0x035E, 0x035E,
    0x035E, 0x035E, 0x035E, 0x033E, 0x035E, 0x035E, 0x035E, 0x035E, 0x035E, 0x035E, 0x035E, 0x035E, 0x035E, 0x035F, 0x035F, 0x035E,
    0x035F, 0x035F, 0x035E, 0x035E, 0x035E, 0x035E, 0x035E, 0x035E, 0x035F, 0x035E, 0x035E, 0x035E, 0x035E, 0x035E, 0x035E, 0x035E,
    0x035E, 0x035E, 0x037F, 0x037E, 0x037E, 0x037E, 0x037F, 0x037F, 0x039F, 0x2C5F, 0x2C5F, 0x1BFF, 0x039F, 0x039F, 0x039F, 0x039F,
    0x02D1, 0x020A, 0x0208, 0x01E8, 0x01E9, 0x01A7, 0x1BF4, 0x243A, 0x4C36, 0x08E5, 0x3948, 0x19A7, 0x0226, 0x01A3, 0x01C8, 0x555E,
    0x551C, 0x01E7, 0x0A0A, 0x21CD, 0x1148, 0x10E6, 0x10E6, 0x0843, 0x0169, 0x0189, 0x10E7, 0x19AC, 0x198B, 0x1949, 0x10E6, 0x198A,
    0x1128, 0x10E7, 0x08E6, 0x1928, 0x2968, 0x31A8, 0x6A87, 0x5A67, 0x2125, 0x18E5, 0x4A07, 0x2146, 0x08A5, 0x2147, 0x2147, 0x3187,
    0x3166, 0x82C6, 0x4A26, 0x01A9, 0x0188, 0x01AA, 0x0270, 0x026F, 0x026F, 0x02D2, 0x026E, 0x0376, 0x01AA, 0x0168, 0x0064, 0x10E4,
    0x20E4, 0x10A4, 0x0148, 0x01A9, 0x01A9, 0x01EA, 0x0187, 0x0209, 0x024A, 0x0A4D, 0x01EB, 0x0106, 0x0147, 0x3C25, 0x3CA3, 0x13A3,
    0x0BA3, 0x23C5, 0x02E8, 0x1389, 0x0BD7, 0x03BF, 0x031B, 0x037C, 0x03BF, 0x03BF, 0x01ED, 0x0140, 0x02D9, 0x0BBF, 0x0187, 0x0316,
    0x03DF, 0x33F0, 0x3326, 0x0BFD, 0x035F, 0x037E, 0x035F, 0x035F, 0x035F, 0x035E, 0x035E, 0x035E, 0x035E, 0x035E, 0x035E, 0x035E,
    0x035E, 0x035E, 0x035E, 0x033E, 0x033E, 0x033E, 0x033E, 0x033E, 0x033E, 0x033E, 0x033E, 0x033E, 0x033E, 0x033E, 0x033E, 0x033E,
    0x033E, 0x033E, 0x033E, 0x033E, 0x033E, 0x033E, 0x033E, 0x033E, 0x033E, 0x033E, 0x033E, 0x033E, 0x033E, 0x033E, 0x033E, 0x033E,
    0x033E, 0x033E, 0x033E, 0x033E, 0x033E, 0x035E, 0x033E, 0x033E, 0x033E, 0x033E, 0x033E, 0x033E, 0x033E, 0x033E, 0x035E, 0x035E,
    0x035E, 0x035F, 0x035E, 0x035E, 0x035E, 0x035E, 0x035E, 0x035E, 0x035E, 0x035E, 0x035E, 0x035F, 0x035E, 0x035E, 0x035E, 0x035F,
    0x035E, 0x035E, 0x035E, 0x033E, 0x033E, 0x033E, 0x033E, 0x035E, 0x035E, 0x033E, 0x033E, 0x033E, 0x033E, 0x035E, 0x033E, 0x033E,
    0x033E, 0x033E, 0x033E, 0x033E, 0x033E, 0x033E, 0x035E, 0x035E, 0x035E, 0x033E, 0x033E, 0x033E, 0x033E, 0x033E, 0x033E, 0x033E,
    0x033E, 0x033E, 0x033E, 0x033E, 0x033E, 0x035E, 0x035F, 0x035F, 0x035E, 0x035F, 0x035E, 0x035F, 0x035E, 0x033E, 0x033E, 0x033E,
    0x035E, 0x035E, 0x035E, 0x035F, 0x035F, 0x035F, 0x035F, 0x035F, 0x035F, 0x035F, 0x037F, 0x035F, 0x035F, 0x035F, 0x035F, 0x035F,
    0x035F, 0x035F, 0x035F, 0x035F, 0x035F, 0x035F, 0x035F, 0x035F, 0x037F, 0x037F, 0x037F, 0x037F, 0x037F, 0x037F, 0x037F, 0x037F,
    0x037F, 0x035F, 0x035F, 0x035F, 0x035F, 0x037F, 0x037F, 0x035F, 0x035F, 0x035F, 0x035F, 0x035F, 0x035F, 0x035E, 0x035F, 0x035E,
    0x035E, 0x035E, 0x035E, 0x035E, 0x035E, 0x035E, 0x035E, 0x035E, 0x035E, 0x035E, 0x035E, 0x035E, 0x035F, 0x035F, 0x035F, 0x035F,
    0x035F, 0x035F, 0x035F, 0x035F, 0x035F, 0x035F, 0x035E, 0x035F, 0x035F, 0x035F, 0x035F, 0x035E, 0x035E, 0x035E, 0x035F, 0x035F,
    0x035F, 0x037E, 0x037F, 0x037F, 0x037F, 0x037F, 0x037F, 0x035F, 0x243F, 0x659F, 0x0BBF, 0x03BF, 0x039F, 0x039F, 0x039F, 0x039F,
    0x0189, 0x01A8, 0x0209, 0x01E8, 0x01E8, 0x01E8, 0x01E7, 0x01C8, 0x0187, 0x0165, 0x10A5, 0x1105, 0x01C5, 0x0A4A, 0x0A8D, 0x559F,
    0x4497, 0x0208, 0x122C, 0x21AC, 0x19AB, 0x1928, 0x10E6, 0x0843, 0x018A, 0x0127, 0x198B, 0x19CC, 0x19CC, 0x1127, 0x1148, 0x198A,
    0x1108, 0x1107, 0x08A6, 0x1905, 0x41C7, 0x41C7, 0x72C7, 0x39C6, 0x08A5, 0x2946, 0x2126, 0x10E5, 0x10C4, 0x1906, 0x5A47, 0x5207,
    0x5A26, 0x7AA7, 0x01E9, 0x01E9, 0x0166, 0x02D3, 0x0C3E, 0x0317, 0x020C, 0x043F, 0x020C, 0x0187, 0x01EA, 0x00E6, 0x0884, 0x59A6,
    0x39A8, 0x0188, 0x01A8, 0x01E9, 0x022A, 0x024B, 0x022A, 0x0228, 0x026A, 0x353E, 0x0A72, 0x0063, 0x01A7, 0x2C45, 0x3CC5, 0x34A6,
    0x2C47, 0x9666, 0x4466, 0x2453, 0x037E, 0x2C75, 0x1C39, 0x039F, 0x03BF, 0x03DF, 0x02F7, 0x0146, 0x033B, 0x03DF, 0x01CA, 0x02F5,
    0x039F, 0x039B, 0x6D24, 0x1BF8, 0x035F, 0x037E, 0x037F, 0x035F, 0x035F, 0x035E, 0x035F, 0x035E, 0x035E, 0x035E, 0x035E, 0x035E,
    0x035E, 0x035E, 0x035E, 0x035E, 0x035E, 0x035E, 0x033E, 0x033E, 0x033E, 0x033E, 0x033E, 0x035E, 0x033E, 0x035E, 0x033E, 0x033E,
    0x033E, 0x033E, 0x033E, 0x033E, 0x033E, 0x033E, 0x033E, 0x033E, 0x033E, 0x033E, 0x033E, 0x033E, 0x033E, 0x033E, 0x033E, 0x033E,
    0x033E, 0x033E, 0x033E, 0x035E, 0x035E, 0x035E, 0x035E, 0x035E, 0x035E, 0x035E, 0x033E, 0x035E, 0x035E, 0x035F, 0x035E, 0x035E,
    0x035F, 0x035F, 0x035E, 0x035E, 0x035E, 0x035E, 0x035E, 0x035F, 0x035E, 0x035E, 0x035F, 0x035F, 0x035F, 0x035E, 0x035E, 0x035E,
    0x035E, 0x035E, 0x035E, 0x035E, 0x035E, 0x035E, 0x035E, 0x035E, 0x035E, 0x035E, 0x035F, 0x035E, 0x035E, 0x035E, 0x035E, 0x035E,
    0x035E, 0x035E, 0x035E, 0x035E, 0x033E, 0x033E, 0x035E, 0x035E, 0x035F, 0x035E, 0x035E, 0x035E, 0x035E, 0x035E, 0x035E, 0x035E,
    0x033E, 0x033E, 0x035E, 0x035E, 0x035E, 0x035F, 0x035F, 0x035E, 0x035F, 0x035F, 0x035F, 0x035F, 0x035F, 0x035F, 0x035E, 0x035E,
    0x035F, 0x035F, 0x035F, 0x035E, 0x035F, 0x035F, 0x035F, 0x035F, 0x037F, 0x037F, 0x037F, 0x037F, 0x037F, 0x037F, 0x035F, 0x035F,
    0x035F, 0x037F, 0x035F, 0x035F, 0x035F, 0x037F, 0x037F, 0x035F, 0x037F, 0x037F, 0x037F, 0x037F, 0x037F, 0x037F, 0x037F, 0x037F,
    0x037F, 0x035F, 0x037F, 0x037F, 0x037F, 0x037F, 0x037F, 0x037F, 0x037F, 0x037F, 0x037F, 0x037F, 0x037F, 0x037F, 0x037F, 0x035F,
    0x035E, 0x035F, 0x035F, 0x035F, 0x035E, 0x035E, 0x035E, 0x035E, 0x035E, 0x035F, 0x035E, 0x035F, 0x035F, 0x035F, 0x035F, 0x035F,
    0x035F, 0x035F, 0x037F, 0x037F, 0x037F, 0x037F, 0x037F, 0x037F, 0x037F, 0x037E, 0x037F, 0x037F, 0x037F, 0x035E, 0x037F, 0x037F,
    0x037F, 0x037F, 0x037F, 0x037F, 0x037F, 0x037F, 0x037F, 0x037F, 0x2C9F, 0x1C3F, 0x037F, 0x039F, 0x039F, 0x039F, 0x039F, 0x039F,
    0x0105, 0x0106, 0x0187, 0x0209, 0x01E8, 0x01E8, 0x0208, 0x0208, 0x0228, 0x0226, 0x08C4, 0x2126, 0x11A7, 0x253E, 0x1332, 0x2439,
    0x1BF8, 0x01E7, 0x120C, 0x220E, 0x19AB, 0x196A, 0x1107, 0x0883, 0x08A4, 0x0928, 0x19AB, 0x19AB, 0x19AB, 0x1128, 0x19AB, 0x1948,
    0x08A4, 0x10E6, 0x08E6, 0x1926, 0x31A7, 0x5227, 0x4207, 0x1927, 0x10C5, 0x1905, 0x10E5, 0x18E5, 0x2946, 0x5205, 0x5206, 0x3986,
    0x6226, 0x7AC7, 0x01A8, 0x02AF, 0x024C, 0x022D, 0x0338, 0x0189, 0x0187, 0x03BB, 0x01CA, 0x01A7, 0x0148, 0x0044, 0x3105, 0x59E7,
    0x01A9, 0x020A, 0x024B, 0x024C, 0x01E8, 0x030B, 0x02C9, 0x4C4F, 0x1A4D, 0x2C19, 0x012B, 0x0186, 0x02E8, 0x1346, 0x13A7, 0x02C7,
    0x6564, 0x8E84, 0x9701, 0x1CD5, 0x34D4, 0xB680, 0x3494, 0x03BF, 0x03DF, 0x03DF, 0x03BF, 0x039F, 0x03BF, 0x039F, 0x037C, 0x037D,
    0x039F, 0x03BF, 0x13DA, 0x039C, 0x037F, 0x037F, 0x037F, 0x037F, 0x035F, 0x035F, 0x035F, 0x035F, 0x035E, 0x035E, 0x035F, 0x035F,
    0x035E, 0x035E, 0x035E, 0x035E, 0x035E, 0x035E, 0x035E, 0x035E, 0x033E, 0x035E, 0x035E, 0x035E, 0x035E, 0x035E, 0x035E, 0x035E,
    0x033E, 0x035E, 0x033E, 0x033E, 0x033E, 0x033E, 0x033E, 0x033E, 0x035E, 0x033E, 0x033E, 0x033E, 0x033E, 0x033E, 0x033E, 0x035E,
    0x035E, 0x035F, 0x035E, 0x035F, 0x035F, 0x035F, 0x035F, 0x035E, 0x035E, 0x035E, 0x035E, 0x035E, 0x035F, 0x035F, 0x035F, 0x035E,
    0x035F, 0x035F, 0x035F, 0x037F, 0x037F, 0x037F, 0x037E, 0x037F, 0x037F, 0x037F, 0x037F, 0x037F, 0x037F, 0x037F, 0x037E, 0x037F,
    0x035F, 0x035F, 0x035F, 0x035E, 0x035E, 0x035E, 0x035F, 0x035F, 0x035F, 0x035F, 0x035F, 0x035F, 0x035E, 0x035F, 0x035F, 0x035E,
    0x035F, 0x035F, 0x035F, 0x035F, 0x035E, 0x035E, 0x035E, 0x035F, 0x035F, 0x035F, 0x035F, 0x035F, 0x035F, 0x035E, 0x035F, 0x035F,
    0x035E, 0x035E, 0x035E, 0x035E, 0x035E, 0x035E, 0x035F, 0x035E, 0x035F, 0x035F, 0x035F, 0x035F, 0x037F, 0x035F, 0x035F, 0x035F,
    0x035F, 0x037F, 0x037F, 0x037F, 0x037F, 0x037F, 0x037F, 0x037F, 0x037F, 0x037F, 0x037F, 0x037F, 0x037F, 0x037F, 0x037F, 0x037F,
    0x037F, 0x037F, 0x037F, 0x037F, 0x037F, 0x037F, 0x037F, 0x037F, 0x037F, 0x037F, 0x037F, 0x037F, 0x037F, 0x037F, 0x037F, 0x037F,
    0x037F, 0x037F, 0x037F, 0x037F, 0x037F, 0x037F, 0x037F, 0x037F, 0x037F, 0x037F, 0x037F, 0x037F, 0x037F, 0x037F, 0x037F, 0x037F,
    0x037F, 0x035F, 0x035F, 0x035F, 0x035E, 0x037F, 0x037F, 0x035E, 0x037E, 0x037F, 0x037F, 0x037F, 0x037F, 0x037F, 0x037F, 0x037F,
    0x037F, 0x037F, 0x037F, 0x037F, 0x037F, 0x037F, 0x037F, 0x037F, 0x037F, 0x037F, 0x037F, 0x037F, 0x037F, 0x037E, 0x037F, 0x037F,
    0x037F, 0x037F, 0x037F, 0x037F, 0x037F, 0x039F, 0x039F, 0x039F, 0x037F, 0x037F, 0x039F, 0x039F, 0x037F, 0x035F, 0x035F, 0x035F,
    0x0104, 0x0A0C, 0x12F2, 0x0166, 0x01C8, 0x01E8, 0x0208, 0x01E8, 0x024B, 0x0BF3, 0x32CF, 0x18C6, 0x1AAF, 0x13F6, 0x0A4D, 0x1C18,
    0x128F, 0x024C, 0x1314, 0x222F, 0x1989, 0x19AB, 0x1107, 0x0884, 0x0863, 0x1169, 0x196A, 0x1169, 0x1128, 0x196A, 0x198A, 0x1927,
    0x08A5, 0x08C5, 0x1128, 0x2168, 0x41E8, 0x5226, 0x1927, 0x1927, 0x10E6, 0x08C5, 0x1906, 0x2126, 0x2925, 0x6A65, 0x5206, 0x39A6,
    0x92E6, 0x6B6D, 0x02D5, 0x03DC, 0x02B0, 0x01A8, 0x043E, 0x0337, 0x01EB, 0x0318, 0x020B, 0x0167, 0x0085, 0x1883, 0x41E5, 0x0AE5,
    0x0AC8, 0x0168, 0x020C, 0x0378, 0x022F, 0x03A9, 0x34D1, 0x5B92, 0x08E8, 0x00E6, 0x00A4, 0x0146, 0x02E8, 0x0268, 0x0287, 0x0A66,
    0x7E23, 0x7E83, 0x22C1, 0x02EF, 0x452C, 0x448E, 0x03BF, 0x03BF, 0x03DF, 0x03BF, 0x03BF, 0x03BF, 0x03BF, 0x039F, 0x039F, 0x039F,
    0x039F, 0x039F, 0x037F, 0x037F, 0x037F, 0x037F, 0x037F, 0x037F, 0x037F, 0x037F, 0x037F, 0x037F, 0x037F, 0x037F, 0x035F, 0x037F,
    0x035F, 0x035E, 0x035E, 0x035F, 0x035F, 0x035E, 0x035E, 0x035E, 0x035E, 0x035E, 0x035E, 0x035E, 0x035F, 0x035E, 0x035E, 0x035E,
    0x035E, 0x035E, 0x035E, 0x035E, 0x035E, 0x035E, 0x035E, 0x033E, 0x033E, 0x033E, 0x035E, 0x035E, 0x035E, 0x035E, 0x035E, 0x035E,
    0x035E, 0x035F, 0x035F, 0x035F, 0x035F, 0x035F, 0x035F, 0x035F, 0x035F, 0x035F, 0x035F, 0x035F, 0x035F, 0x035F, 0x035F, 0x035F,
    0x035F, 0x035F, 0x035F, 0x037F, 0x037F, 0x037F, 0x037F, 0x037F, 0x037F, 0x037F, 0x037F, 0x037F, 0x037F, 0x037F, 0x037F, 0x037F,
    0x037F, 0x037F, 0x035F, 0x035F, 0x037E, 0x035F, 0x035F, 0x037F, 0x035F, 0x035F, 0x035F, 0x035F, 0x035F, 0x035F, 0x035F, 0x035F,
    0x035F, 0x035F, 0x035F, 0x035F, 0x035F, 0x035F, 0x035F, 0x035F, 0x035F, 0x035F, 0x035E, 0x035F, 0x035F, 0x035F, 0x035F, 0x035F,
    0x035F, 0x035E, 0x035F, 0x035F, 0x035F, 0x035F, 0x035F, 0x037F, 0x035F, 0x035F, 0x037F, 0x037F, 0x035F, 0x035F, 0x035F, 0x035F,
    0x037F, 0x037F, 0x037F, 0x037F, 0x037F, 0x037F, 0x037F, 0x037F, 0x037F, 0x037F, 0x037F, 0x037F, 0x037F, 0x037F, 0x037F, 0x037F,
    0x037F, 0x037F, 0x037F, 0x037F, 0x037F, 0x037F, 0x037F, 0x037F, 0x037F, 0x037F, 0x037F, 0x037F, 0x037F, 0x037F, 0x037F, 0x037F,
    0x037F, 0x037F, 0x037F, 0x037F, 0x037F, 0x037F, 0x037F, 0x037F, 0x037F, 0x037F, 0x037F, 0x037F, 0x037F, 0x037F, 0x037F, 0x037F,
    0x037F, 0x037F, 0x037F, 0x037F, 0x037E, 0x037F, 0x037F, 0x037F, 0x037E, 0x037E, 0x037E, 0x037F, 0x037F, 0x037F, 0x037F, 0x037F,
    0x037F, 0x037F, 0x037F, 0x037F, 0x037F, 0x037F, 0x037F, 0x037F, 0x037F, 0x037F, 0x037F, 0x037F, 0x037F, 0x037F, 0x037F, 0x037F,
    0x037F, 0x037F, 0x037F, 0x037F, 0x039F, 0x039F, 0x039F, 0x039F, 0x039F, 0x039F, 0x039F, 0x037F, 0x245F, 0x659F, 0x5D7F, 0x5D7F,
    0x0105, 0x1377, 0x2D5F, 0x1311, 0x0188, 0x0228, 0x0249, 0x01A7, 0x21CB, 0xA71F, 0x5458, 0x1065, 0x19CB, 0x0229, 0x02CC, 0x0AEE,
    0x0104, 0x020A, 0x0AAE, 0x220E, 0x198B, 0x19AB, 0x10E6, 0x0884, 0x0863, 0x196A, 0x198A, 0x1107, 0x1148, 0x19AC, 0x198A, 0x10E6,
    0x10C6, 0x10C6, 0x10E7, 0x1906, 0x39C8, 0x2105, 0x08C6, 0x1908, 0x10E6, 0x10C5, 0x2987, 0x2946, 0x6225, 0x6266, 0x9BA9, 0x6225,
    0x9B87, 0x1B78, 0x0C9F, 0x03DB, 0x020B, 0x0356, 0x0C9F, 0x045F, 0x039C, 0x03FD, 0x01EB, 0x08A4, 0x0864, 0x18A3, 0x2A44, 0x0B85,
    0x4CC4, 0x3C05, 0x11A4, 0x0210, 0x1D1D, 0x0A4C, 0x228C, 0x01A5, 0x01C3, 0x00C3, 0x0084, 0x00C4, 0x0105, 0x0248, 0x01E8, 0x0A06,
    0x6DA3, 0x2B23, 0x0183, 0x1222, 0x3469, 0x3419, 0x5D32, 0x75EB, 0x143B, 0x03BF, 0x03DF, 0x03DF, 0x03BF, 0x039F, 0x039F, 0x039F,
    0x039F, 0x039F, 0x037F, 0x037F, 0x037F, 0x037F, 0x037F, 0x037F, 0x037F, 0x037F, 0x037F, 0x037F, 0x037F, 0x037F, 0x037F, 0x035F,
    0x035F, 0x035F, 0x037F, 0x037F, 0x037F, 0x037F, 0x037F, 0x035F, 0x035F, 0x035F, 0x035F, 0x035E, 0x035F, 0x035F, 0x035E, 0x035F,
    0x035F, 0x035E, 0x035E, 0x035E, 0x035E, 0x035E, 0x035E, 0x035E, 0x033E, 0x035E, 0x035E, 0x035F, 0x035F, 0x035E, 0x035E, 0x035E,
    0x035E, 0x035E, 0x035F, 0x035F, 0x035F, 0x037F, 0x037F, 0x035F, 0x037F, 0x035F, 0x035F, 0x035F, 0x035F, 0x035F, 0x035F, 0x037F,
    0x037F, 0x037F, 0x037F, 0x037F, 0x037F, 0x037F, 0x037F, 0x037F, 0x037F, 0x037F, 0x037F, 0x037F, 0x037F, 0x037F, 0x037F, 0x037F,
    0x037F, 0x037F, 0x035F, 0x035F, 0x037F, 0x037F, 0x037F, 0x037F, 0x037F, 0x035F, 0x035F, 0x035F, 0x035F, 0x035F, 0x035F, 0x035F,
    0x035F, 0x035F, 0x035F, 0x035F, 0x037F, 0x037F, 0x037F, 0x037F, 0x035F, 0x037F, 0x035F, 0x035F, 0x035F, 0x035F, 0x035F, 0x035F,
    0x035F, 0x035F, 0x035F, 0x037F, 0x035F, 0x035F, 0x037F, 0x037F, 0x037F, 0x037F, 0x037F, 0x037F, 0x037F, 0x035F, 0x035F, 0x037F,
    0x037F, 0x037F, 0x037F, 0x037F, 0x037F, 0x037F, 0x037F, 0x037F, 0x037F, 0x037F, 0x037F, 0x037F, 0x037F, 0x037F, 0x037F, 0x037F,
    0x039F, 0x037F, 0x039F, 0x037F, 0x037F, 0x037F, 0x037F, 0x037F, 0x037F, 0x039F, 0x039F, 0x039F, 0x037F, 0x037F, 0x039F, 0x039F,
    0x037F, 0x037F, 0x037F, 0x039F, 0x037F, 0x037F, 0x037F, 0x037F, 0x037F, 0x037F, 0x037F, 0x037F, 0x037F, 0x037F, 0x037F, 0x037F,
    0x037F, 0x037F, 0x037F, 0x037F, 0x037F, 0x037F, 0x037F, 0x037F, 0x037F, 0x037F, 0x037F, 0x037F, 0x037F, 0x037F, 0x037F, 0x037F,
    0x037F, 0x037F, 0x037F, 0x037F, 0x037F, 0x037F, 0x037F, 0x037F, 0x037F, 0x037F, 0x037F, 0x037F, 0x037F, 0x037F, 0x037F, 0x037F,
    0x037F, 0x037F, 0x039F, 0x039F, 0x039F, 0x039F, 0x039F, 0x039F, 0x039F, 0x039F, 0x035F, 0x243F, 0x8E5F, 0xBF3F, 0xC75F, 0xC75F,
    0x0C3C, 0x0BDB, 0x0A2D, 0x0A4D, 0x0188, 0x028A, 0x02CA, 0x0188, 0x20A5, 0x74B6, 0x3C18, 0x0864, 0x20E5, 0x09C6, 0x0226, 0x0248,
    0x0B56, 0x0145, 0x01E8, 0x1A0E, 0x21EE, 0x198A, 0x1106, 0x0863, 0x10C6, 0x19AC, 0x114A, 0x08A5, 0x198A, 0x19CC, 0x196A, 0x08A5,
    0x08C7, 0x10C5, 0x10E6, 0x2147, 0x31A7, 0x10A4, 0x10E6, 0x1907, 0x1926, 0x2146, 0x2967, 0x8B67, 0x62A6, 0x5A27, 0x9389, 0x8AE5,
    0x6AE7, 0x035B, 0x0C3F, 0x0C3E, 0x0BFC, 0x0C5F, 0x0C7F, 0x0C3E, 0x045F, 0x0338, 0x0884, 0x0884, 0x0884, 0x49C4, 0x3245, 0x0164,
    0x19E4, 0x3BA4, 0x33A3, 0x0146, 0x1CDB, 0x0AF2, 0x00A3, 0x01E5, 0x0182, 0x1B35, 0x1292, 0x0083, 0x00E4, 0x0186, 0x01A7, 0x01C6,
    0x19E3, 0x0984, 0x6DA3, 0x3341, 0x2B8A, 0x6DD1, 0x9642, 0x9662, 0x0C19, 0x03BF, 0x03BF, 0x039F, 0x03BF, 0x03BF, 0x039F, 0x039F,
    0x039F, 0x039F, 0x037F, 0x037F, 0x037F, 0x037F, 0x037F, 0x037F, 0x037F, 0x037F, 0x037F, 0x037F, 0x037F, 0x037F, 0x037F, 0x037F,
    0x037E, 0x037F, 0x037F, 0x037F, 0x037F, 0x037F, 0x037F, 0x037F, 0x037F, 0x037F, 0x037F, 0x037F, 0x037F, 0x037F, 0x037F, 0x035F,
    0x035F, 0x035F, 0x035F, 0x035F, 0x035E, 0x035F, 0x035E, 0x035F, 0x035F, 0x035F, 0x035F, 0x035F, 0x035F, 0x035F, 0x035F, 0x035F,
    0x035F, 0x037F, 0x037F, 0x035F, 0x037F, 0x037F, 0x037F, 0x037F, 0x037F, 0x037F, 0x037F, 0x037F, 0x037F, 0x037F, 0x037F, 0x037F,
    0x037F, 0x037F, 0x037F, 0x037F, 0x037F, 0x037F, 0x037F, 0x037F, 0x037F, 0x039F, 0x039F, 0x037F, 0x037F, 0x037F, 0x037F, 0x037F,
    0x037F, 0x037F, 0x037F, 0x037F, 0x037F, 0x037F, 0x037F, 0x037F, 0x037F, 0x037F, 0x037F, 0x037F, 0x037F, 0x037F, 0x035F, 0x037F,
    0x037F, 0x037F, 0x037F, 0x037F, 0x037F, 0x037F, 0x037F, 0x037F, 0x037F, 0x037F, 0x037F, 0x037F, 0x037F, 0x037F, 0x037F, 0x037F,
    0x037F, 0x037F, 0x037F, 0x037F, 0x037F, 0x037F, 0x037F, 0x037F, 0x037F, 0x037F, 0x037F, 0x037F, 0x037F, 0x037F, 0x037F, 0x037F,
    0x037F, 0x037F, 0x039F, 0x039F, 0x039F, 0x039F, 0x039F, 0x039F, 0x039F, 0x037F, 0x039F, 0x039F, 0x039F, 0x039F, 0x039F, 0x039F,
    0x039F, 0x039F, 0x039F, 0x039F, 0x039F, 0x039F, 0x039F, 0x039F, 0x039F, 0x039F, 0x039F, 0x039F, 0x039F, 0x039F, 0x039F, 0x039F,
    0x039F, 0x039F, 0x039F, 0x039F, 0x039F, 0x039F, 0x039F, 0x039F, 0x039F, 0x039F, 0x039F, 0x039F, 0x039F, 0x039F, 0x037F, 0x037F,
    0x037F, 0x037F, 0x037F, 0x037F, 0x037F, 0x037F, 0x037F, 0x037F, 0x037F, 0x037F, 0x037F, 0x037F, 0x037F, 0x037F, 0x037F, 0x039F,
    0x039F, 0x037F, 0x037F, 0x037F, 0x037F, 0x037F, 0x037F, 0x039F, 0x039F, 0x039F, 0x039F, 0x039F, 0x039F, 0x039F, 0x039F, 0x039F,
    0x039F, 0x039F, 0x039F, 0x039F, 0x039F, 0x039F, 0x039F, 0x039F, 0x039F, 0x13DF, 0x4CFF, 0x659F, 0x967F, 0xA6DF, 0xB71F, 0xB6FF,
    0x14FF, 0x0B77, 0x00C3, 0x0166, 0x0168, 0x01E9, 0x024A, 0x0167, 0x0863, 0x00A5, 0x116B, 0x1108, 0x2906, 0x11C9, 0x0207, 0x01E5,
    0x0B95, 0x0314, 0x12CF, 0x1A4F, 0x198B, 0x19AA, 0x1105, 0x0883, 0x198B, 0x19AB, 0x1149, 0x08A5, 0x198A, 0x21CB, 0x1968, 0x0884,
    0x0063, 0x08A5, 0x08C6, 0x2988, 0x2967, 0x0885, 0x10E6, 0x2126, 0x3186, 0x2147, 0x4A27, 0xD5AB, 0x18E4, 0xAC4B, 0x9BCA, 0xD487,
    0x7453, 0x03BE, 0x0C1F, 0x0C3F, 0x0C3F, 0x147F, 0x0B33, 0x026F, 0x041F, 0x0929, 0x1083, 0x0884, 0x10A3, 0x3165, 0x10C4, 0x0063,
    0x00E6, 0x00E7, 0x12A5, 0x1366, 0x01CF, 0x4D68, 0x22E5, 0x0338, 0x01CC, 0x143E, 0x1B77, 0x01AC, 0x0AD0, 0x0124, 0x01A6, 0x0105,
    0x0084, 0x0124, 0x1183, 0x09A1, 0x54E3, 0x75C8, 0x5509, 0x6D74, 0x2419, 0xAE9F, 0xBEFF, 0x653F, 0x037F, 0x03BF, 0x03BF, 0x039F,
    0x039F, 0x039F, 0x039F, 0x039F, 0x039F, 0x039F, 0x039F, 0x039F, 0x039F, 0x037F, 0x039F, 0x037F, 0x037F, 0x037F, 0x037F, 0x037F,
    0x037F, 0x037F, 0x037F, 0x037F, 0x037F, 0x037F, 0x037F, 0x037F, 0x037F, 0x037F, 0x037F, 0x037F, 0x037F, 0x037F, 0x037F, 0x037F,
    0x037F, 0x037F, 0x035F, 0x035F, 0x035F, 0x035F, 0x035F, 0x035F, 0x037F, 0x035F, 0x037F, 0x037F, 0x037F, 0x035F, 0x037F, 0x037F,
    0x037F, 0x037F, 0x037F, 0x037F, 0x037F, 0x037F, 0x037F, 0x037F, 0x037F, 0x037F, 0x037F, 0x037F, 0x037F, 0x037F, 0x037F, 0x037F,
    0x037F, 0x037F, 0x037F, 0x037F, 0x037F, 0x039F, 0x039F, 0x039F, 0x039F, 0x039F, 0x039F, 0x037F, 0x037F, 0x037F, 0x039F, 0x037F,
    0x037F, 0x037F, 0x037F, 0x037F, 0x037F, 0x037F, 0x039F, 0x039F, 0x037F, 0x037F, 0x037F, 0x037F, 0x037F, 0x037F, 0x037F, 0x037F,
    0x037F, 0x037F, 0x037F, 0x037F, 0x037F, 0x037F, 0x037F, 0x037F, 0x037F, 0x037F, 0x037F, 0x037F, 0x037F, 0x037F, 0x037F, 0x037F,
    0x037F, 0x037F, 0x037F, 0x037F, 0x037F, 0x037F, 0x037F, 0x037F, 0x039F, 0x037F, 0x037F, 0x037F, 0x039F, 0x039F, 0x039F, 0x039F,
    0x039F, 0x039F, 0x039F, 0x039F, 0x039F, 0x039F, 0x039F, 0x039F, 0x039F, 0x039F, 0x039F, 0x039F, 0x039F, 0x039F, 0x039F, 0x039F,
    0x039F, 0x039F, 0x039F, 0x039F, 0x039F, 0x039F, 0x039F, 0x039F, 0x039F, 0x039F, 0x039F, 0x039F, 0x039F, 0x039F, 0x039F, 0x039F,
    0x039F, 0x039F, 0x039F, 0x039F, 0x039F, 0x039F, 0x039F, 0x039F, 0x039F, 0x039F, 0x039F, 0x039F, 0x039F, 0x039F, 0x039F, 0x039F,
    0x037F, 0x039F, 0x039F, 0x037F, 0x039F, 0x039F, 0x039F, 0x039F, 0x039F, 0x039F, 0x039F, 0x037F, 0x037F, 0x039F, 0x039F, 0x039F,
    0x039F, 0x039F, 0x039F, 0x039F, 0x039F, 0x039F, 0x039F, 0x039F, 0x039F, 0x039F, 0x039F, 0x039F, 0x039F, 0x039F, 0x039F, 0x039F,
    0x039F, 0x039F, 0x039F, 0x039F, 0x03BF, 0x03BF, 0x03BF, 0x03BF, 0x039F, 0x1C1F, 0x8E3F, 0x861F, 0x965F, 0xB71F, 0xB71F, 0xB71F,
    0x141A, 0x01CA, 0x0187, 0x0166, 0x0187, 0x0187, 0x0167, 0x020B, 0x0A0E, 0x1083, 0x08A5, 0x1129, 0x3105, 0x122E, 0x041B, 0x020A,
    0x0B31, 0x1D1F, 0x1357, 0x1148, 0x118B, 0x1969, 0x10E5, 0x0883, 0x19AB, 0x19CC, 0x0884, 0x08A6, 0x21CC, 0x1127, 0x0084, 0x10E7,
    0x08A5, 0x08A5, 0x2126, 0x39A7, 0x10E7, 0x0885, 0x2126, 0x3986, 0x2945, 0x18E5, 0xD54C, 0xBD0B, 0x3166, 0xBC69, 0xCCEA, 0xDDAF,
    0x449D, 0x041F, 0x0C1F, 0x041F, 0x0C1F, 0x0C7F, 0x026D, 0x01A9, 0x098B, 0x10A4, 0x08A5, 0x18C4, 0x7286, 0x2104, 0x0147, 0x01A7,
    0x01C8, 0x01C9, 0x1284, 0x6D8F, 0x655A, 0x3539, 0x1CBC, 0x045F, 0x043E, 0x0397, 0x0167, 0x01E8, 0x0249, 0x01A5, 0x0185, 0x0165,
    0x2BA5, 0x6D62, 0x09E2, 0x19E5, 0x24A3, 0x7E0D, 0x6CF3, 0x5D45, 0xA6EB, 0xDF9D, 0xDF9F, 0xDFBF, 0x6D7F, 0x039F, 0x03BF, 0x03BF,
    0x039F, 0x039F, 0x039F, 0x039F, 0x039F, 0x039F, 0x039F, 0x039F, 0x039F, 0x039F, 0x039F, 0x039F, 0x039F, 0x039F, 0x037F, 0x037F,
    0x037F, 0x037F, 0x037F, 0x037F, 0x037F, 0x037F, 0x037F, 0x037F, 0x037F, 0x037F, 0x037F, 0x037F, 0x037F, 0x037F, 0x037F, 0x037F,
    0x037F, 0x037F, 0x037F, 0x037F, 0x037F, 0x037F, 0x037F, 0x037F, 0x037F, 0x037F, 0x037F, 0x037F, 0x037F, 0x037F, 0x037F, 0x037F,
    0x037F, 0x037F, 0x037F, 0x037F, 0x037F, 0x037F, 0x037F, 0x037F, 0x037F, 0x037F, 0x037F, 0x037F, 0x037F, 0x037F, 0x039F, 0x039F,
    0x039F, 0x039F, 0x039F, 0x039F, 0x039F, 0x039F, 0x039F, 0x039F, 0x039F, 0x039F, 0x039F, 0x039F, 0x039F, 0x039F, 0x037F, 0x037F,
    0x037F, 0x039F, 0x039F, 0x039F, 0x039F, 0x037F, 0x037F, 0x037F, 0x037F, 0x037F, 0x037F, 0x037F, 0x037F, 0x037F, 0x037F, 0x037F,
    0x037F, 0x037F, 0x037F, 0x037F, 0x037F, 0x037F, 0x037F, 0x037F, 0x037F, 0x037F, 0x037F, 0x037F, 0x037F, 0x037F, 0x037F, 0x037F,
    0x037F, 0x037F, 0x037F, 0x037F, 0x037F, 0x037F, 0x037F, 0x039F, 0x039F, 0x039F, 0x037F, 0x039F, 0x039F, 0x039F, 0x039F, 0x039F,
    0x039F, 0x039F, 0x039F, 0x039F, 0x039F, 0x039F, 0x039F, 0x039F, 0x039F, 0x039F, 0x039F, 0x039F, 0x039F, 0x039F, 0x039F, 0x039F,
    0x039F, 0x039F, 0x039F, 0x039F, 0x039F, 0x039F, 0x039F, 0x03BF, 0x039F, 0x039F, 0x039F, 0x039F, 0x039F, 0x039F, 0x039F, 0x039F,
    0x039F, 0x039F, 0x039F, 0x039F, 0x039F, 0x039F, 0x039F, 0x039F, 0x039F, 0x039F, 0x039F, 0x039F, 0x039F, 0x039F, 0x039F, 0x039F,
    0x039F, 0x039F, 0x039F, 0x039F, 0x039F, 0x039F, 0x039F, 0x039F, 0x039F, 0x039F, 0x039F, 0x039F, 0x039F, 0x039F, 0x039F, 0x039F,
    0x039F, 0x039F, 0x039F, 0x039F, 0x039F, 0x039F, 0x039F, 0x039F, 0x039F, 0x039F, 0x039F, 0x039F, 0x039F, 0x039F, 0x039F, 0x039F,
    0x039F, 0x039F, 0x039F, 0x03BF, 0x03BF, 0x03BF, 0x03BF, 0x03BF, 0x0BFF, 0x6DBF, 0x861F, 0x861F, 0x861F, 0xA6BF, 0xBF1F, 0xBF1F,
    0x0127, 0x0186, 0x01C9, 0x020B, 0x01A7, 0x0104, 0x02B0, 0x020A, 0x0BD9, 0x1107, 0x10E7, 0x10E7, 0x3104, 0x1B76, 0x049F, 0x0C3E,
    0x145E, 0x1C9F, 0x13DC, 0x1149, 0x1148, 0x1947, 0x1927, 0x08A5, 0x198B, 0x19AB, 0x0043, 0x10E7, 0x198B, 0x08A5, 0x0884, 0x1949,
    0x08C7, 0x08A5, 0x2946, 0x2126, 0x08A6, 0x10C4, 0x2925, 0x9387, 0x41C6, 0x49E5, 0xBC89, 0x49E6, 0x8B69, 0xB44A, 0xEDCB, 0x9D55,
    0x041F, 0x0C5F, 0x0C3F, 0x041F, 0x03FF, 0x045F, 0x0B99, 0x08E6, 0x0883, 0x18C5, 0x20E5, 0x8B26, 0xB3C6, 0x1A09, 0x01C8, 0x01C8,
    0x01C7, 0x01E9, 0x3365, 0x95C4, 0x8543, 0x3518, 0x0C7F, 0x147F, 0x0BFC, 0x0188, 0x01A5, 0x01E6, 0x01C5, 0x01E6, 0x01E6, 0x01A5,
    0x1A44, 0x6D22, 0x3CA0, 0x9630, 0x9639, 0x55AD, 0xD75E, 0x9650, 0x5DE0, 0xAEF0, 0xD77F, 0xDFBF, 0xEFDF, 0x44BF, 0x037F, 0x03BF,
    0x03BF, 0x039F, 0x039F, 0x039F, 0x039F, 0x039F, 0x039F, 0x039F, 0x039F, 0x039F, 0x039F, 0x039F, 0x039F, 0x039F, 0x039F, 0x039F,
    0x039F, 0x039F, 0x037F, 0x037F, 0x037F, 0x037F, 0x037F, 0x037F, 0x037F, 0x037F, 0x037F, 0x037F, 0x037F, 0x037F, 0x037F, 0x037F,
    0x037F, 0x037F, 0x037F, 0x037F, 0x037F, 0x037F, 0x037F, 0x037F, 0x037F, 0x037F, 0x037F, 0x037F, 0x037F, 0x037F, 0x037F, 0x037F,
    0x037F, 0x037F, 0x037F, 0x037F, 0x037F, 0x037F, 0x037F, 0x037F, 0x037F, 0x037F, 0x039F, 0x039F, 0x039F, 0x039F, 0x039F, 0x039F,
    0x039F, 0x039F, 0x039F, 0x039F, 0x039F, 0x039F, 0x039F, 0x039F, 0x039F, 0x039F, 0x039F, 0x039F, 0x039F, 0x039F, 0x039F, 0x039F,
    0x039F, 0x039F, 0x039F, 0x039F, 0x039F, 0x039F, 0x039F, 0x039F, 0x039F, 0x037F, 0x037F, 0x037F, 0x039F, 0x039F, 0x039F, 0x039F,
    0x039F, 0x037F, 0x037F, 0x039F, 0x039F, 0x039F, 0x037F, 0x037F, 0x039F, 0x039F, 0x037F, 0x037F, 0x037F, 0x037F, 0x039F, 0x037F,
    0x039F, 0x039F, 0x037F, 0x039F, 0x039F, 0x039F, 0x039F, 0x039F, 0x039F, 0x039F, 0x039F, 0x039F, 0x039F, 0x039F, 0x039F, 0x039F,
    0x039F, 0x039F, 0x039F, 0x039F, 0x039F, 0x039F, 0x039F, 0x039F, 0x03BF, 0x03BF, 0x03BF, 0x039F, 0x039F, 0x039F, 0x039F, 0x039F,
    0x039F, 0x039F, 0x039F, 0x039F, 0x039F, 0x039F, 0x03BF, 0x03BF, 0x03BF, 0x03BF, 0x03BF, 0x03BF, 0x03BF, 0x039F, 0x039F, 0x039F,
    0x03BF, 0x03BF, 0x039F, 0x039F, 0x039F, 0x039F, 0x039F, 0x039F, 0x039F, 0x039F, 0x039F, 0x039F, 0x039F, 0x039F, 0x039F, 0x039F,
    0x039F, 0x039F, 0x039F, 0x039F, 0x039F, 0x039F, 0x039F, 0x039F, 0x039F, 0x039F, 0x039F, 0x039F, 0x039F, 0x039F, 0x039F, 0x039F,
    0x039F, 0x039F, 0x039F, 0x039F, 0x039F, 0x039F, 0x039F, 0x039F, 0x03BF, 0x03BF, 0x03BF, 0x039F, 0x03BF, 0x03BF, 0x03BF, 0x03BF,
    0x03BF, 0x03BF, 0x03BF, 0x03BF, 0x03BF, 0x03BF, 0x03DF, 0x03BF, 0x141F, 0x865F, 0x863F, 0x861F, 0x7DFF, 0x7DFF, 0xB71F, 0xBF3F,
    0x0165, 0x0123, 0x0B56, 0x0B54, 0x01C6, 0x01CB, 0x0399, 0x020B, 0x0CDE, 0x0AD2, 0x10C5, 0x1107, 0x28C3, 0x1B77, 0x0C9F, 0x147F,
    0x147F, 0x147F, 0x0BBB, 0x1149, 0x1169, 0x1126, 0x1128, 0x1108, 0x19CD, 0x10E7, 0x0884, 0x21CC, 0x1969, 0x08A4, 0x1107, 0x1949,
    0x08A5, 0x2147, 0x2168, 0x08C6, 0x1926, 0x3166, 0x7AE7, 0xB448, 0x3166, 0x7307, 0x5A45, 0x20E4, 0x9BC9, 0xF62D, 0xDDEF, 0x6CF8,
    0x0C5F, 0x1C9F, 0x145F, 0x0C5F, 0x0C7F, 0x0B79, 0x08E7, 0x10C4, 0x10A5, 0x18C4, 0x9B26, 0x9AC3, 0x21EB, 0x0271, 0x0209, 0x01E9,
    0x0B53, 0x0268, 0x0AC4, 0x0A23, 0x1242, 0x5569, 0x147D, 0x0C5F, 0x0C5F, 0x03FB, 0x0166, 0x0103, 0x1229, 0x1269, 0x0204, 0x0265,
    0x0184, 0x0184, 0x2C42, 0x5D02, 0xAECE, 0xAEFC, 0xCF9F, 0xCF5E, 0x75AD, 0xAF18, 0xDF9F, 0xDFBF, 0x7DFE, 0x0B9F, 0x039F, 0x037F,
    0x037F, 0x03BF, 0x039F, 0x039F, 0x039F, 0x03BF, 0x03BF, 0x039F, 0x039F, 0x039F, 0x039F, 0x039F, 0x039F, 0x039F, 0x039F, 0x039F,
    0x039F, 0x039F, 0x039F, 0x039F, 0x037F, 0x037F, 0x037F, 0x037F, 0x037F, 0x037F, 0x037F, 0x037F, 0x037F, 0x037F, 0x037F, 0x037F,
    0x037F, 0x037F, 0x037F, 0x037F, 0x037F, 0x037F, 0x037F, 0x037F, 0x037F, 0x039F, 0x039F, 0x039F, 0x039F, 0x037F, 0x037F, 0x037F,
    0x037F, 0x037F, 0x039F, 0x039F, 0x039F, 0x039F, 0x039F, 0x039F, 0x039F, 0x039F, 0x039F, 0x039F, 0x039F, 0x039F, 0x039F, 0x039F,
    0x039F, 0x039F, 0x039F, 0x039F, 0x039F, 0x039F, 0x039F, 0x039F, 0x039F, 0x039F, 0x039F, 0x039F, 0x039F, 0x039F, 0x039F, 0x039F,
    0x039F, 0x039F, 0x039F, 0x039F, 0x039F, 0x039F, 0x039F, 0x039F, 0x039F, 0x039F, 0x039F, 0x039F, 0x039F, 0x039F, 0x039F, 0x039F,
    0x039F, 0x039F, 0x037F, 0x039F, 0x039F, 0x039F, 0x039F, 0x039F, 0x039F, 0x039F, 0x039F, 0x039F, 0x039F, 0x039F, 0x039F, 0x039F,
    0x039F, 0x039F, 0x039F, 0x039F, 0x039F, 0x039F, 0x039F, 0x039F, 0x039F, 0x039F, 0x039F, 0x039F, 0x039F, 0x039F, 0x039F, 0x039F,
    0x039F, 0x039F, 0x039F, 0x039F, 0x03BF, 0x03BF, 0x03BF, 0x03BF, 0x03BF, 0x03BF, 0x03BF, 0x03BF, 0x03BF, 0x03BF, 0x039F, 0x039F,
    0x03BF, 0x033D, 0x0B3C, 0x03BF, 0x039F, 0x03BF, 0x03BF, 0x03BF, 0x03BF, 0x03BF, 0x03BF, 0x03BF, 0x03BF, 0x03BF, 0x03BF, 0x03BF,
    0x03BF, 0x03BF, 0x03BF, 0x03BF, 0x03BF, 0x03BF, 0x039F, 0x039F, 0x039F, 0x039F, 0x039F, 0x039F, 0x039F, 0x039F, 0x039F, 0x039F,
    0x039F, 0x039F, 0x039F, 0x039F, 0x039F, 0x039F, 0x039F, 0x039F, 0x039F, 0x039F, 0x039F, 0x039F, 0x03BF, 0x03BF, 0x03BF, 0x03BF,
    0x039F, 0x039F, 0x039F, 0x039F, 0x039F, 0x039F, 0x039F, 0x03BF, 0x03BF, 0x03BF, 0x03BF, 0x03BF, 0x03BF, 0x03BF, 0x03BF, 0x03BF,
    0x03BF, 0x03BF, 0x03DF, 0x03DF, 0x03DF, 0x03DF, 0x03DF, 0x03BF, 0x0BFF, 0x657F, 0x863F, 0x863F, 0x861F, 0x8E3F, 0x963B, 0xB6FF,
    0x0398, 0x02B2, 0x047F, 0x022B, 0x01C4, 0x1397, 0x149F, 0x0BDA, 0x0C9F, 0x0BB9, 0x10E6, 0x0907, 0x28E3, 0x2BD8, 0x14BF, 0x147F,
    0x145F, 0x147F, 0x0B9B, 0x1149, 0x118A, 0x19AB, 0x1127, 0x10E7, 0x19AC, 0x0884, 0x10E7, 0x198B, 0x10E6, 0x08A4, 0x1949, 0x1927,
    0x18E5, 0x2189, 0x1927, 0x10E5, 0x4A28, 0x5207, 0xB448, 0x39A5, 0x18C5, 0x5206, 0x41A5, 0x3185, 0xCD2C, 0xDD08, 0x9D75, 0x041F,
    0x1C9F, 0x1C9F, 0x1CFF, 0x141C, 0x0B15, 0x0907, 0x10A4, 0x10E5, 0x3145, 0x3145, 0x6224, 0x3ACF, 0x03FD, 0x047E, 0x022B, 0x0B76,
    0x1C38, 0x0224, 0x0B08, 0x0B2C, 0x0186, 0x4C40, 0x3534, 0x0C3F, 0x0C5F, 0x0B75, 0x0144, 0x19C7, 0x5454, 0x22EC, 0x0161, 0x0285,
    0x0326, 0x4472, 0x3BB5, 0x43C2, 0x7620, 0x85EC, 0xC75D, 0xD79F, 0xC75F, 0x8E7F, 0xC75F, 0xC75F, 0x9EDF, 0x551F, 0x03BF, 0x551F,
    0x551F, 0x037F, 0x03BF, 0x03BF, 0x141F, 0x039F, 0x037F, 0x03BF, 0x03BF, 0x03BF, 0x03BF, 0x03BF, 0x03BF, 0x03BF, 0x03BF, 0x03BF,
    0x039F, 0x039F, 0x039F, 0x039F, 0x039F, 0x039F, 0x039F, 0x037F, 0x037F, 0x037F, 0x037F, 0x037F, 0x037F, 0x037F, 0x037F, 0x037F,
    0x039F, 0x037F, 0x039F, 0x039F, 0x037F, 0x039F, 0x037F, 0x037F, 0x039F, 0x039F, 0x039F, 0x039F, 0x039F, 0x039F, 0x039F, 0x039F,
    0x039F, 0x039F, 0x039F, 0x039F, 0x039F, 0x039F, 0x039F, 0x039F, 0x039F, 0x039F, 0x039F, 0x039F, 0x039F, 0x039F, 0x039F, 0x039F,
    0x039F, 0x039F, 0x039F, 0x039F, 0x03BF, 0x039F, 0x03BF, 0x03BF, 0x03BF, 0x03BF, 0x03BF, 0x03BF, 0x03BF, 0x03BF, 0x039F, 0x039F,
    0x039F, 0x039F, 0x039F, 0x039F, 0x039F, 0x039F, 0x039F, 0x039F, 0x039F, 0x039F, 0x039F, 0x039F, 0x039F, 0x039F, 0x039F, 0x039F,
    0x039F, 0x039F, 0x039F, 0x039F, 0x039F, 0x039F, 0x039F, 0x039F, 0x039F, 0x039F, 0x039F, 0x039F, 0x039F, 0x039F, 0x039F, 0x039F,
    0x039F, 0x039F, 0x039F, 0x039F, 0x039F, 0x039F, 0x039F, 0x03BF, 0x03BF, 0x039F, 0x039F, 0x039F, 0x039F, 0x039F, 0x039F, 0x039F,
    0x039F, 0x03BF, 0x039F, 0x03BF, 0x03BF, 0x03BF, 0x03BF, 0x03BF, 0x03BF, 0x03BF, 0x03BF, 0x03BF, 0x03BF, 0x03BF, 0x03BF, 0x039F,
    0x03DF, 0x02FC, 0x0279, 0x03DF, 0x039F, 0x03BF, 0x03BF, 0x03BF, 0x03BF, 0x03BF, 0x03BF, 0x03BF, 0x03BF, 0x03BF, 0x03BF, 0x03BF,
    0x03BF, 0x03BF, 0x03BF, 0x03BF, 0x03BF, 0x03BF, 0x03BF, 0x03BF, 0x03BF, 0x03BF, 0x039F, 0x039F, 0x039F, 0x039F, 0x039F, 0x039F,
    0x039F, 0x039F, 0x039F, 0x039F, 0x039F, 0x039F, 0x039F, 0x03BF, 0x039F, 0x039F, 0x039F, 0x039F, 0x03BF, 0x03BF, 0x03BF, 0x03BF,
    0x039F, 0x039F, 0x039F, 0x03BF, 0x03BF, 0x03BF, 0x03BF, 0x03BF, 0x03BF, 0x03BF, 0x03BF, 0x03BF, 0x03BF, 0x03BF, 0x03BF, 0x03BF,
    0x03DF, 0x03BF, 0x037F, 0x037F, 0x037F, 0x03DF, 0x03DF, 0x03DF, 0x03BF, 0x245F, 0x8E3D, 0x965E, 0x9E9F, 0x9E98, 0x6545, 0x9634,
    0x147F, 0x147F, 0x045F, 0x024D, 0x01E7, 0x141B, 0x147F, 0x0C5F, 0x0C7F, 0x0337, 0x1084, 0x1128, 0x3126, 0x220D, 0x0C1D, 0x147F,
    0x145F, 0x0C7F, 0x2C3C, 0x1127, 0x118A, 0x19EC, 0x10E4, 0x1107, 0x1149, 0x0043, 0x1149, 0x116A, 0x08A5, 0x08C6, 0x1928, 0x10C5,
    0x1907, 0x1928, 0x08A5, 0x5226, 0x4A07, 0x49E7, 0x6266, 0x10A5, 0x20E5, 0xAC29, 0x5A25, 0xA42A, 0xFEAE, 0xABA6, 0x5BF1, 0x0CBF,
    0x1C9F, 0x14BF, 0x1BF9, 0x11CC, 0x1083, 0x10E5, 0x10C4, 0x18E4, 0x6246, 0x82A5, 0x09CD, 0x0C9F, 0x0CDF, 0x02F2, 0x0100, 0x0BD8,
    0x03B8, 0x02CF, 0x1BF7, 0x1D7F, 0x02F4, 0x1B86, 0x1CD5, 0x0BFF, 0x03DF, 0x0313, 0x0142, 0x3BB0, 0x5CB3, 0x0120, 0x43AE, 0x09E5,
    0x0223, 0x9632, 0xE7BF, 0x9E98, 0x8E0D, 0x6D45, 0xB6FA, 0xB71F, 0xAEBF, 0xA6BF, 0xB6FF, 0xBF3F, 0xB6FF, 0xDFBF, 0x9E9F, 0xE7DF,
    0xE7BF, 0x3CBE, 0x033E, 0x03BF, 0x8E5F, 0x85FF, 0x6D7F, 0x0BFF, 0x037F, 0x037F, 0x037F, 0x037F, 0x037F, 0x039F, 0x037F, 0x037F,
    0x03BF, 0x03BF, 0x039F, 0x037F, 0x037F, 0x039F, 0x039F, 0x039F, 0x039F, 0x037F, 0x037F, 0x037F, 0x037F, 0x037F, 0x037F, 0x039F,
    0x039F, 0x039F, 0x039F, 0x039F, 0x039F, 0x039F, 0x039F, 0x039F, 0x039F, 0x039F, 0x039F, 0x039F, 0x039F, 0x039F, 0x039F, 0x039F,
    0x039F, 0x039F, 0x039F, 0x039F, 0x039F, 0x039F, 0x039F, 0x039F, 0x039F, 0x039F, 0x039F, 0x039F, 0x039F, 0x039F, 0x039F, 0x039F,
    0x039F, 0x039F, 0x039F, 0x039F, 0x03BF, 0x03BF, 0x03BF, 0x03BF, 0x03BF, 0x03BF, 0x03BF, 0x03BF, 0x03BF, 0x03BF, 0x039F, 0x039F,
    0x039F, 0x039F, 0x039F, 0x039F, 0x039F, 0x039F, 0x039F, 0x039F, 0x039F, 0x039F, 0x039F, 0x03BF, 0x039F, 0x03BF, 0x039F, 0x039F,
    0x039F, 0x039F, 0x039F, 0x039F, 0x039F, 0x039F, 0x039F, 0x039F, 0x039F, 0x039F, 0x039F, 0x039F, 0x039F, 0x039F, 0x039F, 0x039F,
    0x039F, 0x039F, 0x039F, 0x039F, 0x039F, 0x039F, 0x039F, 0x03BF, 0x03BF, 0x039F, 0x039F, 0x039F, 0x039F, 0x03BF, 0x03BF, 0x03BF,
    0x03BF, 0x03BF, 0x03BF, 0x03BF, 0x03BF, 0x03BF, 0x03BF, 0x03BF, 0x03BF, 0x03BF, 0x03BF, 0x03BF, 0x03BF, 0x03BF, 0x03BF, 0x039F,
    0x03FF, 0x02FD, 0x3B5A, 0x1C5F, 0x039F, 0x03BF, 0x03BF, 0x03BF, 0x03BF, 0x03BF, 0x03BF, 0x03BF, 0x03BF, 0x03BF, 0x03BF, 0x03BF,
    0x03BF, 0x03BF, 0x03BF, 0x03BF, 0x03BF, 0x03BF, 0x03BF, 0x03BF, 0x03BF, 0x03BF, 0x03BF, 0x03BF, 0x03BF, 0x039F, 0x039F, 0x039F,
    0x039F, 0x039F, 0x039F, 0x039F, 0x039F, 0x039F, 0x039F, 0x039F, 0x039F, 0x039F, 0x039F, 0x039F, 0x03BF, 0x03BF, 0x03BF, 0x03BF,
    0x03BF, 0x03BF, 0x03BF, 0x03BF, 0x03BF, 0x03BF, 0x03BF, 0x03BF, 0x03BF, 0x03BF, 0x03BF, 0x03BF, 0x03BF, 0x03DF, 0x03DF, 0x03DF,
    0x03BF, 0x0BFF, 0x5D5F, 0x5D5F, 0x5D5F, 0x03DF, 0x03BF, 0x03DF, 0x03DD, 0x3D30, 0x54E8, 0x54B0, 0x9EBF, 0x550B, 0x3C80, 0x6DA1,
    0x041F, 0x043F, 0x0C7F, 0x0BBB, 0x0BDB, 0x0C9F, 0x0C5F, 0x0C5F, 0x0C5F, 0x0C1C, 0x09CD, 0x10E6, 0x2948, 0x10E5, 0x2C5A, 0x24DF,
    0x147F, 0x459F, 0x6495, 0x0928, 0x1A0E, 0x19AA, 0x1147, 0x1149, 0x08E7, 0x08C6, 0x19AC, 0x116A, 0x08C6, 0x1107, 0x1108, 0x08C5,
    0x1907, 0x0885, 0x41C6, 0x7B28, 0x2146, 0x2966, 0x3166, 0x2106, 0x6AA7, 0xE5EB, 0x7AA7, 0xC48A, 0xEDEB, 0x8284, 0x00E9, 0x1377,
    0x1377, 0x120E, 0x1907, 0x10A4, 0x2147, 0x2126, 0x18C4, 0x6226, 0x61E3, 0x52AB, 0x0C9F, 0x045F, 0x045F, 0x02D0, 0x0228, 0x0C5D,
    0x0C3C, 0x024A, 0x1304, 0x3515, 0x251F, 0x24D0, 0x0C18, 0x0C1F, 0x6DDF, 0x5DFD, 0x0AC8, 0x7D77, 0x4C50, 0x338B, 0xBF5F, 0x6CF7,
    0x0144, 0x2342, 0x85AE, 0xB6D7, 0xAEFE, 0x9EBF, 0x8E3E, 0x861F, 0x861F, 0x9E9F, 0xB6FF, 0x7E3F, 0x967F, 0xAEBF, 0xAE9F, 0xBF3F,
    0xCF9F, 0xBF3F, 0x6D9E, 0x6DDF, 0xBF1F, 0xE7DF, 0xCF7F, 0x75FF, 0x659F, 0x75DF, 0x6DBF, 0x5D7F, 0x555F, 0x3CDF, 0x4D3F, 0x4D1F,
    0x03BF, 0x0BDF, 0x2C7F, 0x2C7F, 0x3CBF, 0x141F, 0x039F, 0x039F, 0x039F, 0x039F, 0x037F, 0x037F, 0x037F, 0x039F, 0x039F, 0x039F,
    0x039F, 0x039F, 0x039F, 0x039F, 0x039F, 0x039F, 0x039F, 0x039F, 0x039F, 0x039F, 0x039F, 0x039F, 0x039F, 0x039F, 0x039F, 0x039F,
    0x039F, 0x039F, 0x039F, 0x039F, 0x039F, 0x039F, 0x039F, 0x03BF, 0x03BF, 0x03BF, 0x039F, 0x039F, 0x039F, 0x039F, 0x039F, 0x039F,
    0x03BF, 0x03BF, 0x03BF, 0x03BF, 0x03BF, 0x03BF, 0x03BF, 0x03BF, 0x03BF, 0x03BF, 0x03BF, 0x03BF, 0x03BF, 0x03BF, 0x03BF, 0x03BF,
    0x03BF, 0x039F, 0x039F, 0x03BF, 0x03BF, 0x03BF, 0x03BF, 0x03BF, 0x03BF, 0x03BF, 0x03BF, 0x03BF, 0x03BF, 0x03BF, 0x039F, 0x039F,
    0x03BF, 0x039F, 0x039F, 0x039F, 0x039F, 0x039F, 0x039F, 0x039F, 0x039F, 0x03BF, 0x03BF, 0x03BF, 0x039F, 0x039F, 0x039F, 0x039F,
    0x039F, 0x039F, 0x039F, 0x039F, 0x039F, 0x039F, 0x039F, 0x03BF, 0x03BF, 0x03BF, 0x03BF, 0x03BF, 0x039F, 0x03BF, 0x03BF, 0x03BF,
    0x03BF, 0x03BF, 0x03BF, 0x03BF, 0x03BF, 0x03BF, 0x03BF, 0x03BF, 0x03BF, 0x03BF, 0x03BF, 0x03BF, 0x03BF, 0x03DF, 0x03DF, 0x03DF,
    0x039E, 0x0178, 0x9D1A, 0x553F, 0x037F, 0x03DF, 0x03DF, 0x03DF, 0x03DF, 0x03DF, 0x03DF, 0x03DF, 0x03DF, 0x03BF, 0x03BF, 0x03BF,
    0x03BF, 0x03BF, 0x03BF, 0x03BF, 0x03BF, 0x03BF, 0x03BF, 0x03BF, 0x03BF, 0x03BF, 0x03BF, 0x03BF, 0x03BF, 0x03BF, 0x039F, 0x039F,
    0x039F, 0x039F, 0x039F, 0x039F, 0x039F, 0x039F, 0x03BF, 0x03BF, 0x03BF, 0x03BF, 0x03BF, 0x03BF, 0x03BF, 0x03BF, 0x03BF, 0x03BF,
    0x03BF, 0x03BF, 0x03BF, 0x03BF, 0x03BF, 0x03BF, 0x03BF, 0x03BF, 0x03BF, 0x03BF, 0x03BF, 0x03DF, 0x03DF, 0x03DF, 0x03DF, 0x039F,
    0x0BDF, 0x6DBF, 0xCF7F, 0xE7FF, 0xE7DF, 0xA69F, 0x243F, 0x1C5F, 0x5DBC, 0x5D4C, 0x23C0, 0x3423, 0x7DDB, 0x4D57, 0x02A3, 0x6D81,
    0x8E7F, 0x6DDF, 0x03DF, 0x043F, 0x0C5F, 0x0C5F, 0x145F, 0x147F, 0x0C5F, 0x0C9F, 0x0BDB, 0x1107, 0x10C5, 0x1905, 0x6DBC, 0x5DDF,
    0x969F, 0xBF9F, 0x5BF1, 0x014A, 0x1A2F, 0x1169, 0x1106, 0x116A, 0x0884, 0x1149, 0x19AC, 0x1989, 0x08C5, 0x10E7, 0x10E7, 0x1106,
    0x1906, 0x10A4, 0x72E7, 0x41E7, 0x1107, 0x3986, 0x2946, 0x3166, 0xC509, 0xEE4C, 0xB4AA, 0xD54A, 0xDD6A, 0x49A5, 0x0843, 0x0842,
    0x0863, 0x18A3, 0x18E5, 0x1906, 0x2946, 0x2125, 0x6A45, 0x8284, 0x2988, 0x03DC, 0x14BF, 0x149F, 0x0C7F, 0x3D3D, 0x457D, 0x55DF,
    0x659D, 0x2B63, 0x13C0, 0x3CD0, 0x763F, 0x6E1A, 0x5D9D, 0x557F, 0x8E7F, 0x861D, 0x65BB, 0x8EBF, 0x659B, 0x761E, 0x7E5F, 0x3C10,
    0x12E7, 0x3430, 0x01C1, 0x7DA1, 0x9666, 0x9678, 0x7E1F, 0x75FF, 0x659F, 0x6DBF, 0x7DFF, 0x75DF, 0x861F, 0x75BF, 0x659F, 0x863F,
    0x8E5F, 0x863F, 0x7E1F, 0x7E1F, 0x6DBF, 0x3CDF, 0x75DF, 0x9E9F, 0x9E9F, 0x5D3F, 0x551F, 0x44FF, 0x44DF, 0x2C9F, 0x3CBF, 0x3C9F,
    0x03BF, 0x03DF, 0x245F, 0x243F, 0x347F, 0x13FF, 0x039F, 0x039F, 0x039F, 0x039F, 0x039F, 0x039F, 0x039F, 0x039F, 0x039F, 0x039F,
    0x039F, 0x039F, 0x039F, 0x039F, 0x039F, 0x039F, 0x03BF, 0x039F, 0x039F, 0x039F, 0x03BF, 0x03BF, 0x03BF, 0x03BF, 0x03BF, 0x039F,
    0x03BF, 0x03BF, 0x03BF, 0x03BF, 0x03BF, 0x03BF, 0x03BF, 0x03BF, 0x03BF, 0x03BF, 0x03BF, 0x03BF, 0x03BF, 0x03BF, 0x03BF, 0x03BF,
    0x03BF, 0x03BF, 0x03BF, 0x03BF, 0x03BF, 0x03BF, 0x03BF, 0x03BF, 0x03BF, 0x03BF, 0x03BF, 0x03BF, 0x03BF, 0x03BF, 0x03BF, 0x03BF,
    0x03BF, 0x03BF, 0x03BF, 0x03BF, 0x03BF, 0x03BF, 0x03BF, 0x03BF, 0x03BF, 0x03BF, 0x03BF, 0x03BF, 0x03BF, 0x03BF, 0x039F, 0x039F,
    0x03BF, 0x03BF, 0x03BF, 0x03BF, 0x03BF, 0x03BF, 0x03BF, 0x03BF, 0x03BF, 0x03BF, 0x03BF, 0x03BF, 0x03BF, 0x03BF, 0x039F, 0x03BF,
    0x03BF, 0x03BF, 0x03BF, 0x03BF, 0x03BF, 0x03BF, 0x039F, 0x03BF, 0x03BF, 0x03BF, 0x03BF, 0x03BF, 0x03BF, 0x03BF, 0x03BF, 0x03BF,
    0x03BF, 0x03BF, 0x03BF, 0x03BF, 0x03BF, 0x03BF, 0x03DF, 0x03BF, 0x03DF, 0x03DF, 0x03DF, 0x03DF, 0x03DF, 0x03DF, 0x03DF, 0x03FF,
    0x039E, 0x0157, 0x2AB9, 0x1C1F, 0x03FF, 0x03DF, 0x03DF, 0x03DF, 0x03DF, 0x03DF, 0x03DF, 0x03DF, 0x03DF, 0x03DF, 0x03DF, 0x03DF,
    0x03DF, 0x03BF, 0x03BF, 0x03BF, 0x03BF, 0x03BF, 0x03BF, 0x03BF, 0x03BF, 0x03BF, 0x03BF, 0x03BF, 0x03BF, 0x03BF, 0x03BF, 0x03BF,
    0x039F, 0x03BF, 0x039F, 0x03BF, 0x03BF, 0x03BF, 0x03BF, 0x03BF, 0x03BF, 0x03BF, 0x03BF, 0x03BF, 0x03BF, 0x03BF, 0x03BF, 0x03BF,
    0x03BF, 0x03BF, 0x03BF, 0x03BF, 0x03BF, 0x03DF, 0x03DF, 0x03DF, 0x03DF, 0x03DF, 0x03DF, 0x03DF, 0x03DF, 0x03DF, 0x03BF, 0x4D1F,
    0x6DBF, 0x9E9F, 0xAEDF, 0xDF9F, 0xCF7F, 0xE7FF, 0x8E1F, 0x863F, 0xAEFF, 0x85FC, 0x1B43, 0x3440, 0x5D2B, 0x86DF, 0x4D6C, 0x7E21,
    0xCF9F, 0xC75F, 0xAEDF, 0x65BF, 0x043F, 0x147F, 0x147F, 0x147F, 0x0C5F, 0x145F, 0x0C1C, 0x1149, 0x10C5, 0x2125, 0xBE9C, 0xCF7F,
    0xE7FF, 0xAE39, 0x220B, 0x19CD, 0x19AB, 0x1128, 0x08C6, 0x1108, 0x08E6, 0x19AB, 0x19AB, 0x1989, 0x08A5, 0x08C6, 0x10E6, 0x31A7,
    0x1906, 0x2125, 0x41E7, 0x1927, 0x2967, 0x3186, 0x10C5, 0x7B07, 0xB468, 0xCD4B, 0xE66E, 0xC529, 0xCD08, 0x1083, 0x0884, 0x08A4,
    0x10C4, 0x2124, 0x3145, 0x41A6, 0x2945, 0x8327, 0x7244, 0x9348, 0x13BB, 0x047F, 0x0C5F, 0x0C7F, 0x0C5F, 0x1C9F, 0x1CBF, 0x1C9F,
    0x24DF, 0x13AF, 0x0328, 0x147F, 0x1C9F, 0x249F, 0x247F, 0x247F, 0x143F, 0x1C5F, 0x247F, 0x1C3F, 0x1C3F, 0x3CFF, 0x232E, 0x0200,
    0x02E2, 0x33AC, 0x7579, 0x4CA7, 0x7DE8, 0xAEEA, 0x9EA8, 0x451B, 0x5D7F, 0x75DF, 0x6DDF, 0x75DF, 0x6DBF, 0x349F, 0x1C3F, 0x247F,
    0x6D9F, 0x6DBF, 0x5D7F, 0x2CBF, 0x0BDF, 0x039F, 0x13FF, 0x1C1F, 0x1C1F, 0x037F, 0x035F, 0x037F, 0x037F, 0x039F, 0x035F, 0x037F,
    0x039F, 0x03BF, 0x039F, 0x037F, 0x037F, 0x039F, 0x03BF, 0x039F, 0x039F, 0x039F, 0x039F, 0x039F, 0x039F, 0x039F, 0x039F, 0x039F,
    0x039F, 0x039F, 0x039F, 0x039F, 0x039F, 0x039F, 0x03BF, 0x03BF, 0x03BF, 0x039F, 0x03BF, 0x03BF, 0x03BF, 0x03BF, 0x03BF, 0x039F,
    0x039F, 0x03BF, 0x03BF, 0x03BF, 0x03BF, 0x03BF, 0x03BF, 0x03BF, 0x03BF, 0x03BF, 0x03BF, 0x03BF, 0x03BF, 0x03BF, 0x03BF, 0x03BF,
    0x03BF, 0x03BF, 0x03BF, 0x03BF, 0x03BF, 0x03BF, 0x03BF, 0x03BF, 0x03BF, 0x03BF, 0x03BF, 0x03BF, 0x03BF, 0x03BF, 0x03BF, 0x03BF,
    0x03BF, 0x03BF, 0x03BF, 0x03BF, 0x03BF, 0x03BF, 0x03BF, 0x03BF, 0x03BF, 0x03BF, 0x03BF, 0x03BF, 0x03BF, 0x03BF, 0x039F, 0x03BF,
    0x03BF, 0x03BF, 0x03BF, 0x03BF, 0x03BF, 0x03BF, 0x03BF, 0x03BF, 0x03BF, 0x03BF, 0x03BF, 0x03BF, 0x03BF, 0x03BF, 0x03BF, 0x03BF,
    0x039F, 0x039F, 0x03BF, 0x03BF, 0x039F, 0x039F, 0x03BF, 0x039F, 0x03BF, 0x03BF, 0x03BF, 0x03BF, 0x03BF, 0x03BF, 0x03BF, 0x03BF,
    0x03BF, 0x03DF, 0x03BF, 0x03BF, 0x03DF, 0x03DF, 0x03DF, 0x03DF, 0x03DF, 0x03DF, 0x03DF, 0x03DF, 0x03DF, 0x03DF, 0x03DF, 0x041F,
    0x029A, 0x0197, 0x0115, 0x749B, 0x3CDF, 0x03BF, 0x03FF, 0x03DF, 0x03DF, 0x03DF, 0x03DF, 0x03DF, 0x03DF, 0x03DF, 0x03DF, 0x03DF,
    0x03DF, 0x03DF, 0x03BF, 0x03BF, 0x03BF, 0x03DF, 0x03BF, 0x03BF, 0x03BF, 0x03BF, 0x03BF, 0x03BF, 0x03BF, 0x03BF, 0x03BF, 0x03BF,
    0x03BF, 0x03BF, 0x03BF, 0x03BF, 0x03BF, 0x03BF, 0x03BF, 0x03BF, 0x03DF, 0x03DF, 0x03DF, 0x03DF, 0x03DF, 0x03DF, 0x03BF, 0x03BF,
    0x03BF, 0x03BF, 0x03BF, 0x03BF, 0x03BF, 0x03BF, 0x03DF, 0x03DF, 0x03FF, 0x03FF, 0x03FF, 0x03FF, 0x03FF, 0x03DF, 0x553F, 0x967F,
    0x8E5F, 0x969F, 0xDF9F, 0xDFBF, 0xD79F, 0xD79F, 0xE7BF, 0xDF9F, 0xAEBD, 0xB71E, 0x95F9, 0x44C4, 0x3460, 0x236C, 0x7648, 0x8682,
    0xBF3F, 0xC75F, 0xDFBF, 0xDFBF, 0x6DBF, 0x043F, 0x147F, 0x145F, 0x0C5F, 0x0C7F, 0x0BDB, 0x0928, 0x1948, 0x10A4, 0x6BAF, 0xDFDF,
    0xDFFF, 0x8D35, 0x00E7, 0x196A, 0x116A, 0x116A, 0x08A5, 0x08A5, 0x116A, 0x19CC, 0x19AB, 0x0907, 0x0084, 0x1107, 0x2167, 0x2986,
    0x08A4, 0x2966, 0x2147, 0x2146, 0x3986, 0x2126, 0x4206, 0x6A66, 0x9B88, 0xE5EC, 0xDE0D, 0xC4E8, 0x8367, 0x0884, 0x0884, 0x18E4,
    0x3164, 0x3144, 0x51E5, 0x49A4, 0xB4AC, 0xB428, 0x424A, 0x23FA, 0x045F, 0x043F, 0x043F, 0x043F, 0x043F, 0x041F, 0x041F, 0x03FF,
    0x03FF, 0x03DD, 0x03DB, 0x041F, 0x03DF, 0x03DF, 0x03DF, 0x03DF, 0x03DF, 0x03FF, 0x03DF, 0x03DF, 0x03DF, 0x03FF, 0x03DA, 0x0285,
    0x0220, 0x0AEB, 0x249F, 0x1C33, 0x456E, 0x3D18, 0x2478, 0x03DD, 0x245F, 0x659F, 0x659F, 0x6DBF, 0x3CDF, 0x03BF, 0x03BF, 0x03DF,
    0x141F, 0x143F, 0x143F, 0x0BFF, 0x03BF, 0x03DF, 0x03BF, 0x039F, 0x039F, 0x03BF, 0x03BF, 0x03BF, 0x03BF, 0x03BF, 0x03BF, 0x03BF,
    0x03BF, 0x03BF, 0x03BF, 0x03BF, 0x03BF, 0x03BF, 0x039F, 0x039F, 0x039F, 0x039F, 0x039F, 0x039F, 0x039F, 0x039F, 0x039F, 0x039F,
    0x039F, 0x039F, 0x03BF, 0x03BF, 0x03BF, 0x03BF, 0x03BF, 0x03BF, 0x03BF, 0x03BF, 0x03BF, 0x03BF, 0x03BF, 0x03BF, 0x03BF, 0x03BF,
    0x03BF, 0x03BF, 0x03BF, 0x03BF, 0x03BF, 0x03BF, 0x03BF, 0x03BF, 0x03BF, 0x03BF, 0x03BF, 0x03BF, 0x03BF, 0x03BF, 0x03BF, 0x03BF,
    0x03BF, 0x03BF, 0x03BF, 0x03BF, 0x03BF, 0x03BF, 0x03BF, 0x03BF, 0x03BF, 0x03BF, 0x03BF, 0x03DF, 0x03BF, 0x03BF, 0x03BF, 0x03BF,
    0x03BF, 0x03BF, 0x03BF, 0x03BF, 0x03BF, 0x03BF, 0x03BF, 0x03BF, 0x03BF, 0x03BF, 0x03BF, 0x03BF, 0x03BF, 0x03BF, 0x03BF, 0x03BF,
    0x03BF, 0x03BF, 0x03BF, 0x03BF, 0x03BF, 0x03BF, 0x03BF, 0x03BF, 0x03BF, 0x03BF, 0x03BF, 0x03BF, 0x03BF, 0x03BF, 0x03BF, 0x03BF,
    0x03BF, 0x03BF, 0x03BF, 0x03BF, 0x03BF, 0x03BF, 0x03BF, 0x03BF, 0x03BF, 0x03BF, 0x03BF, 0x03BF, 0x03BF, 0x03DF, 0x03DF, 0x03DF,
    0x03DF, 0x03DF, 0x03DF, 0x03DF, 0x03DF, 0x03DF, 0x03DF, 0x03DF, 0x03DF, 0x03DF, 0x03DF, 0x03DF, 0x03DF, 0x03FF, 0x03DF, 0x03BF,
    0x01B9, 0x0177, 0x01D7, 0x4BBA, 0x34BF, 0x03DF, 0x03FF, 0x03FF, 0x03DF, 0x03DF, 0x03DF, 0x03DF, 0x03DF, 0x03DF, 0x03DF, 0x03DF,
    0x03DF, 0x03DF, 0x03DF, 0x03DF, 0x03DF, 0x03BF, 0x03BF, 0x03DF, 0x03DF, 0x03BF, 0x03BF, 0x03BF, 0x03BF, 0x03BF, 0x03BF, 0x03BF,
    0x03BF, 0x03BF, 0x03BF, 0x03BF, 0x03BF, 0x03BF, 0x03BF, 0x03BF, 0x03DF, 0x03BF, 0x03DF, 0x03BF, 0x03BF, 0x03BF, 0x03BF, 0x03BF,
    0x03DF, 0x03DF, 0x03DF, 0x0BFF, 0x0BFF, 0x0C1F, 0x0BFF, 0x24BF, 0x3D1F, 0x34FF, 0x34FF, 0x3CFF, 0x34DF, 0x5D9F, 0x8E7F, 0x8E5F,
    0x865F, 0x863F, 0xAEDF, 0xD79F, 0xCF7F, 0xD79F, 0xEFDF, 0x64ED, 0x1305, 0x2B09, 0xB6BD, 0x548E, 0x0221, 0x3403, 0x7E23, 0x86A3,
    0xCF7F, 0xCF7F, 0xC77F, 0xC77F, 0xD79F, 0x555F, 0x0C3F, 0x145F, 0x0C5F, 0x0C7F, 0x0BFC, 0x11AA, 0x1969, 0x18E6, 0x4A6A, 0xDF9F,
    0xD7BF, 0x7473, 0x094A, 0x1149, 0x198A, 0x1148, 0x0863, 0x1149, 0x19CC, 0x19AB, 0x116A, 0x08A5, 0x1107, 0x1949, 0x2167, 0x10E6,
    0x1906, 0x39C7, 0x2147, 0x2967, 0x39A7, 0x1926, 0x9C88, 0xAC48, 0x9B88, 0xEE2B, 0xB488, 0x8367, 0x18C5, 0x18E6, 0x2125, 0x39A6,
    0x41E6, 0x49E6, 0x7B07, 0xE58C, 0xF5EA, 0x62C8, 0x0BDB, 0x047F, 0x0C3F, 0x043F, 0x0C3F, 0x0C3F, 0x043F, 0x043F, 0x043F, 0x043F,
    0x041F, 0x041F, 0x043F, 0x041F, 0x041F, 0x041F, 0x041F, 0x041F, 0x041F, 0x041F, 0x041F, 0x041F, 0x041F, 0x041F, 0x043F, 0x02EE,
    0x0260, 0x0351, 0x041F, 0x03FF, 0x65AB, 0x3CF4, 0x039F, 0x03DF, 0x03DF, 0x03DF, 0x0BFF, 0x0BFF, 0x03DF, 0x03DF, 0x03DF, 0x03DF,
    0x03BF, 0x03BF, 0x03BF, 0x03BF, 0x03DF, 0x03BF, 0x03DF, 0x03DF, 0x03DF, 0x03BF, 0x03BF, 0x03BF, 0x03BF, 0x03BF, 0x03BF, 0x03BF,
    0x03BF, 0x03BF, 0x03BF, 0x03BF, 0x03BF, 0x03BF, 0x039F, 0x039F, 0x039F, 0x039F, 0x039F, 0x039F, 0x039F, 0x039F, 0x039F, 0x039F,
    0x03BF, 0x03BF, 0x03BF, 0x03BF, 0x03BF, 0x03BF, 0x03BF, 0x03BF, 0x03BF, 0x03BF, 0x03BF, 0x03BF, 0x03BF, 0x03BF, 0x03BF, 0x03BF,
    0x03BF, 0x03BF, 0x03BF, 0x03BF, 0x03BF, 0x03BF, 0x03BF, 0x03BF, 0x03BF, 0x03BF, 0x03BF, 0x03BF, 0x03DF, 0x03BF, 0x03BF, 0x03BF,
    0x03DF, 0x03DF, 0x03DF, 0x03DF, 0x03DF, 0x03DF, 0x03DF, 0x03BF, 0x03BF, 0x03BF, 0x03DF, 0x03DF, 0x03DF, 0x03DF, 0x03BF, 0x03BF,
    0x03BF, 0x03BF, 0x03BF, 0x03BF, 0x03BF, 0x03BF, 0x03BF, 0x03DF, 0x03DF, 0x03BF, 0x03BF, 0x03BF, 0x03BF, 0x03BF, 0x03BF, 0x03BF,
    0x03BF, 0x03BF, 0x03BF, 0x03BF, 0x03BF, 0x03BF, 0x03BF, 0x03BF, 0x03BF, 0x03BF, 0x03BF, 0x03BF, 0x03BF, 0x03BF, 0x03BF, 0x03BF,
    0x03BF, 0x03BF, 0x03BF, 0x03BF, 0x03BF, 0x03BF, 0x03BF, 0x03BF, 0x03BF, 0x03BF, 0x03BF, 0x03BF, 0x03DF, 0x03DF, 0x03DF, 0x03DF,
    0x03DF, 0x03DF, 0x03DF, 0x03DF, 0x03DF, 0x03DF, 0x03DF, 0x03DF, 0x03DF, 0x03DF, 0x03FF, 0x03FF, 0x03DF, 0x043F, 0x0279, 0x0219,
    0x025C, 0x0199, 0x01B7, 0x859B, 0x65BE, 0x03BF, 0x041F, 0x03FF, 0x03FF, 0x03DF, 0x03DF, 0x03FF, 0x03FF, 0x03FF, 0x03DF, 0x03DF,
    0x03DF, 0x03DF, 0x03DF, 0x03DF, 0x03DF, 0x03DF, 0x03DF, 0x03DF, 0x03DF, 0x03BF, 0x03DF, 0x03DF, 0x03DF, 0x03DF, 0x03DF, 0x03DF,
    0x0BFF, 0x0BFF, 0x03DF, 0x0C1F, 0x0C1F, 0x0C1F, 0x143F, 0x0C1F, 0x0C1F, 0x0C3F, 0x145F, 0x143F, 0x141F, 0x1C7F, 0x1C9F, 0x1C7F,
    0x2CBF, 0x24BF, 0x1C7F, 0x2CBF, 0x2CBF, 0x2CBF, 0x1C7F, 0x145F, 0x1C5F, 0x1C5F, 0x1C3F, 0x1C5F, 0x141F, 0x65BF, 0x8E7F, 0x8E5F,
    0x8E5F, 0x863F, 0x75FF, 0x8E5F, 0xBF3E, 0xE7DF, 0x8E12, 0x0320, 0x02E3, 0x0201, 0x0A85, 0x0AA7, 0x02C5, 0x4CE4, 0x3BC4, 0x4CA5,
    0xBF3F, 0xC75F, 0xCF7F, 0xCF5F, 0xCF5F, 0xC73F, 0x4D1F, 0x0C3F, 0x147F, 0x0C5F, 0x14BF, 0x1B35, 0x1128, 0x2168, 0x2105, 0xC6DC,
    0x84D4, 0x0907, 0x19ED, 0x19EC, 0x19EC, 0x0907, 0x1107, 0x19CC, 0x118A, 0x08C5, 0x0908, 0x08C5, 0x1927, 0x1927, 0x1106, 0x10E6,
    0x1106, 0x29A8, 0x2167, 0x2167, 0x2947, 0x52A6, 0xEE89, 0x72E7, 0x6A65, 0xFE4B, 0x8387, 0x0864, 0x10A5, 0x1906, 0x3985, 0x5206,
    0x6A87, 0x9BC9, 0xDD6D, 0xEDAB, 0x93A9, 0x13BA, 0x0C7F, 0x0C5F, 0x0C5F, 0x0C3F, 0x0C3F, 0x043F, 0x043F, 0x043F, 0x043F, 0x041F,
    0x041F, 0x041F, 0x041F, 0x041F, 0x041F, 0x041F, 0x041F, 0x041F, 0x041F, 0x03FF, 0x03FF, 0x041F, 0x041F, 0x041F, 0x041F, 0x041F,
    0x0353, 0x041E, 0x043F, 0x039D, 0x6D47, 0x4D33, 0x03DF, 0x03FF, 0x03DF, 0x03DF, 0x03DF, 0x03DF, 0x03DF, 0x03DF, 0x03DF, 0x03DF,
    0x03DF, 0x03DF, 0x03DF, 0x03DF, 0x03DF, 0x03BF, 0x03BF, 0x03BF, 0x03BF, 0x03BF, 0x03BF, 0x03BF, 0x03BF, 0x03BF, 0x03BF, 0x03BF,
    0x03BF, 0x03BF, 0x03BF, 0x03BF, 0x03BF, 0x03BF, 0x03BF, 0x03BF, 0x039F, 0x03BF, 0x03BF, 0x03BF, 0x03BF, 0x03BF, 0x039F, 0x03BF,
    0x03BF, 0x03BF, 0x03BF, 0x03BF, 0x03BF, 0x03BF, 0x03BF, 0x03BF, 0x03BF, 0x03BF, 0x03BF, 0x03BF, 0x03BF, 0x03BF, 0x03BF, 0x03BF,
    0x03BF, 0x03BF, 0x03BF, 0x03BF, 0x03BF, 0x03BF, 0x03BF, 0x03BF, 0x03BF, 0x03BF, 0x03BF, 0x03DF, 0x03DF, 0x03DF, 0x03DF, 0x03DF,
    0x03DF, 0x03DF, 0x03DF, 0x03DF, 0x03DF, 0x03DF, 0x03DF, 0x03DF, 0x03BF, 0x03DF, 0x03DF, 0x03DF, 0x03DF, 0x03DF, 0x03DF, 0x03DF,
    0x03DF, 0x03DF, 0x03DF, 0x03DF, 0x03DF, 0x03DF, 0x03DF, 0x03DF, 0x03DF, 0x03DF, 0x03BF, 0x03DF, 0x03BF, 0x03BF, 0x03BF, 0x03BF,
    0x03BF, 0x03BF, 0x03BF, 0x03BF, 0x03BF, 0x03BF, 0x03BF, 0x03BF, 0x03BF, 0x03BF, 0x03BF, 0x03DF, 0x03DF, 0x03BF, 0x03DF, 0x03DF,
    0x03DF, 0x03DF, 0x03DF, 0x03DF, 0x03DF, 0x03BF, 0x03BF, 0x03BF, 0x03BF, 0x03BF, 0x03DF, 0x03DF, 0x03DF, 0x03DF, 0x03DF, 0x03DF,
    0x03DF, 0x03DF, 0x03DF, 0x03DF, 0x03DF, 0x03DF, 0x03DF, 0x03FF, 0x03FF, 0x03FF, 0x03FF, 0x03FF, 0x041F, 0x045F, 0x02BB, 0x0198,
    0x01DA, 0x1A57, 0x09F6, 0x54DA, 0x33B5, 0x037E, 0x041F, 0x041F, 0x03DF, 0x03FF, 0x03FF, 0x03FF, 0x03FF, 0x03FF, 0x03FF, 0x03FF,
    0x03DF, 0x03DF, 0x03DF, 0x03DF, 0x03DF, 0x03DF, 0x03DF, 0x03DF, 0x03DF, 0x03BF, 0x0BFF, 0x2C9F, 0x0C1F, 0x1C5F, 0x0C1F, 0x03BF,
    0x2C9F, 0x247F, 0x0BFF, 0x34DF, 0x3CFF, 0x3CFF, 0x3CFF, 0x453F, 0x4D5F, 0x4D5F, 0x555F, 0x4D5F, 0x559F, 0x5DDF, 0x5DFF, 0x4DBF,
    0x557F, 0x4D5F, 0x1C9F, 0x147F, 0x145F, 0x143F, 0x143F, 0x143F, 0x143F, 0x0C3F, 0x143F, 0x1C5F, 0x143F, 0x6DDF, 0x8E5F, 0x8E5F,
    0x863F, 0x7E1F, 0x7E1F, 0x9EBF, 0xD79F, 0xE7DF, 0xA657, 0x3B89, 0x1305, 0x43CB, 0x0264, 0x01C6, 0x0AA6, 0x4502, 0x54E3, 0x0226,
    0xBF3F, 0xBF1F, 0xC75F, 0xD77F, 0xD79F, 0xDFBF, 0xB6FF, 0x1C9F, 0x147F, 0x147F, 0x14DF, 0x12B1, 0x10E6, 0x1948, 0x1905, 0x6BAF,
    0x10C5, 0x222F, 0x19CB, 0x118A, 0x1149, 0x1148, 0x19CD, 0x118A, 0x1128, 0x0908, 0x08A5, 0x0883, 0x10E6, 0x1106, 0x10E6, 0x08C5,
    0x2147, 0x31A7, 0x39C7, 0x08A5, 0x2964, 0xC586, 0xACA8, 0x3126, 0x8B28, 0xBC89, 0x3985, 0x10A4, 0x18C4, 0x2104, 0x41A5, 0x41C6,
    0x8B68, 0x9388, 0x9B25, 0x92E6, 0x2378, 0x047F, 0x0C3F, 0x0C5F, 0x0C5F, 0x0C3F, 0x0C3F, 0x0C3F, 0x043F, 0x0C3F, 0x043F, 0x043F,
    0x043F, 0x043F, 0x041F, 0x043F, 0x041F, 0x041F, 0x041F, 0x041F, 0x041F, 0x041F, 0x041F, 0x041F, 0x041F, 0x041F, 0x041F, 0x041F,
    0x043F, 0x041F, 0x03FF, 0x1C38, 0x3CB0, 0x041F, 0x03FF, 0x03FF, 0x03FF, 0x03DF, 0x03DF, 0x03DF, 0x03DF, 0x03DF, 0x03DF, 0x03DF,
    0x03DF, 0x03DF, 0x03DF, 0x03DF, 0x03DF, 0x03BF, 0x03DF, 0x03BF, 0x03DF, 0x03BF, 0x03BF, 0x03BF, 0x03BF, 0x03BF, 0x03BF, 0x03BF,
    0x03BF, 0x03BF, 0x03BF, 0x03BF, 0x03BF, 0x03BF, 0x03BF, 0x03BF, 0x03BF, 0x03BF, 0x03BF, 0x03BF, 0x03BF, 0x03BF, 0x039F, 0x03BF,
    0x03BF, 0x03BF, 0x03BF, 0x03BF, 0x03BF, 0x03BF, 0x03BF, 0x03BF, 0x03BF, 0x03BF, 0x03BF, 0x03BF, 0x03BF, 0x03BF, 0x03BF, 0x03BF,
    0x03BF, 0x03BF, 0x03BF, 0x03BF, 0x03BF, 0x03BF, 0x03BF, 0x03BF, 0x03BF, 0x03DF, 0x03DF, 0x03DF, 0x03DF, 0x03DF, 0x03DF, 0x03DF,
    0x03DF, 0x03DF, 0x03DF, 0x03DF, 0x03DF, 0x03DF, 0x03DF, 0x03DF, 0x03DF, 0x03DF, 0x03DF, 0x03DF, 0x03DF, 0x03DF, 0x03DF, 0x03DF,
    0x03DF, 0x03DF, 0x03DF, 0x03DF, 0x03DF, 0x03DF, 0x03DF, 0x03DF, 0x03DF, 0x03DF, 0x03DF, 0x03DF, 0x03DF, 0x03BF, 0x03BF, 0x03BF,
    0x03BF, 0x03BF, 0x03BF, 0x03BF, 0x03DF, 0x03BF, 0x03BF, 0x03BF, 0x03BF, 0x03BF, 0x03DF, 0x03DF, 0x03DF, 0x03DF, 0x03DF, 0x03DF,
    0x03DF, 0x03DF, 0x03DF, 0x03DF, 0x03DF, 0x03BF, 0x03BF, 0x03DF, 0x03DF, 0x03DF, 0x03DF, 0x03DF, 0x03DF, 0x03DF, 0x03DF, 0x03DF,
    0x03DF, 0x03DF, 0x03DF, 0x03DF, 0x03DF, 0x03FF, 0x03FF, 0x03FF, 0x03FF, 0x03FF, 0x03FF, 0x041F, 0x039D, 0x03DE, 0x02DB, 0x0198,
    0x0199, 0x43DA, 0x22D9, 0x035C, 0x0258, 0x2C3D, 0x03FF, 0x0B5D, 0x2C7E, 0x03FF, 0x03FF, 0x03FF, 0x03FF, 0x03FF, 0x03FF, 0x03FF,
    0x03FF, 0x03DF, 0x03DF, 0x03DF, 0x03DF, 0x03DF, 0x03DF, 0x03DF, 0x03FF, 0x03FF, 0x03FF, 0x03FF, 0x03FF, 0x03FF, 0x03DF, 0x03DF,
    0x03DF, 0x03DF, 0x03DF, 0x03DF, 0x03DF, 0x03DF, 0x03BF, 0x143F, 0x2C7F, 0x247F, 0x2C7F, 0x141F, 0x143F, 0x34BF, 0x1C9F, 0x145F,
    0x1C5F, 0x245F, 0x247F, 0x249F, 0x2CBF, 0x2CBF, 0x249F, 0x249F, 0x249F, 0x249F, 0x1C5F, 0x143F, 0x0C1F, 0x65BF, 0x969F, 0x863F,
    0x65DF, 0x8E5F, 0x85FC, 0x5D15, 0x9E5A, 0xE7BF, 0xDF9F, 0xE79F, 0x8513, 0x8CF4, 0x0226, 0x01E8, 0x0A47, 0x1324, 0x1305, 0x0207,
    0xC75F, 0xBF1F, 0xA6DF, 0xB71F, 0xD79F, 0xD79F, 0xCF7F, 0x2CBF, 0x147F, 0x147F, 0x14DF, 0x12D1, 0x08C5, 0x1969, 0x18E5, 0x0022,
    0x1149, 0x19EC, 0x198A, 0x19CC, 0x08E6, 0x116A, 0x19AC, 0x1127, 0x1128, 0x1108, 0x08C5, 0x08A4, 0x1128, 0x1107, 0x1106, 0x1906,
    0x2147, 0x4226, 0x4A66, 0x0065, 0x7306, 0xC548, 0x3966, 0x3105, 0xAC2A, 0x8328, 0x3145, 0x0863, 0x2105, 0x2104, 0x39A6, 0x3986,
    0x3986, 0x28C2, 0x8307, 0x3419, 0x045F, 0x0C5F, 0x0C5F, 0x0C5F, 0x0C3F, 0x0C5F, 0x0C3F, 0x0C3F, 0x0C3F, 0x0C3F, 0x0C3F, 0x0C3F,
    0x043F, 0x043F, 0x0C3F, 0x043F, 0x043F, 0x041F, 0x041F, 0x041F, 0x041F, 0x041F, 0x041F, 0x041F, 0x041F, 0x041F, 0x041F, 0x041F,
    0x041F, 0x041F, 0x041F, 0x0BFD, 0x0BFD, 0x03FF, 0x03FF, 0x03FF, 0x03FF, 0x03FF, 0x03DF, 0x03DF, 0x03DF, 0x03DF, 0x03DF, 0x03DF,
    0x03DF, 0x03DF, 0x03DF, 0x03DF, 0x03DF, 0x03DF, 0x03DF, 0x03BF, 0x03BF, 0x03BF, 0x03BF, 0x03BF, 0x03BF, 0x03BF, 0x03BF, 0x03BF,
    0x03BF, 0x03DF, 0x03BF, 0x03BF, 0x03BF, 0x03BF, 0x03BF, 0x03BF, 0x03BF, 0x03BF, 0x03BF, 0x03BF, 0x03BF, 0x03BF, 0x03BF, 0x03BF,
    0x03BF, 0x03BF, 0x03BF, 0x03BF, 0x03BF, 0x03BF, 0x03BF, 0x03BF, 0x03BF, 0x03BF, 0x03BF, 0x03BF, 0x03BF, 0x03BF, 0x03BF, 0x03BF,
    0x03BF, 0x03BF, 0x03BF, 0x03BF, 0x03BF, 0x03DF, 0x03DF, 0x03DF, 0x03DF, 0x03DF, 0x03DF, 0x03DF, 0x03DF, 0x03DF, 0x03DF, 0x03DF,
    0x03DF, 0x03DF, 0x03DF, 0x03DF, 0x03DF, 0x03DF, 0x03DF, 0x03DF, 0x03DF, 0x03DF, 0x03DF, 0x03DF, 0x03DF, 0x03DF, 0x03DF, 0x03DF,
    0x03DF, 0x03DF, 0x03DF, 0x03DF, 0x03DF, 0x03DF, 0x03DF, 0x03DF, 0x03DF, 0x03DF, 0x03DF, 0x03DF, 0x03DF, 0x03DF, 0x03DF, 0x03DF,
    0x03BF, 0x03BF, 0x03BF, 0x03DF, 0x03DF, 0x03DF, 0x03BF, 0x03DF, 0x03DF, 0x03BF, 0x03DF, 0x03DF, 0x03DF, 0x03DF, 0x03DF, 0x03DF,
    0x03DF, 0x03DF, 0x03DF, 0x03DF, 0x03DF, 0x03DF, 0x03DF, 0x03DF, 0x03DF, 0x03DF, 0x03DF, 0x03DF, 0x03DF, 0x03DF, 0x03DF, 0x03DF,
    0x03DF, 0x03DF, 0x03DF, 0x03FF, 0x03FF, 0x03FF, 0x03FF, 0x03FF, 0x03FF, 0x03FF, 0x03FF, 0x045F, 0x0279, 0x02DB, 0x02DB, 0x0177,
    0x021A, 0x0199, 0x0199, 0x03FE, 0x1278, 0x7D3D, 0x041F, 0x11F8, 0x3C7D, 0x03FF, 0x03FF, 0x03FF, 0x03FF, 0x03FF, 0x03FF, 0x03FF,
    0x03FF, 0x03FF, 0x03FF, 0x03FF, 0x03FF, 0x03FF, 0x03FF, 0x03FF, 0x03FF, 0x03FF, 0x03FF, 0x03FF, 0x03FF, 0x03FF, 0x03FF, 0x03FF,
    0x03FF, 0x03FF, 0x03FF, 0x03FF, 0x03FF, 0x03FF, 0x03DF, 0x03DF, 0x03DF, 0x03FF, 0x03FF, 0x03FF, 0x03FF, 0x03DF, 0x03FF, 0x03FF,
    0x03FF, 0x03DF, 0x03DF, 0x03FF, 0x03FF, 0x041F, 0x03FF, 0x03FF, 0x03FF, 0x03FF, 0x041F, 0x03FF, 0x03FF, 0x34DF, 0x75FF, 0x6DBF,
    0x5D9F, 0x863F, 0x54B3, 0x02A0, 0x1BE5, 0x7DD1, 0xE7BF, 0xA619, 0x5410, 0x01E4, 0x1B86, 0x1B66, 0x0245, 0x0165, 0x0166, 0x01A7,
    0xB71F, 0xBF3F, 0xBF5F, 0xA6DF, 0xA6DF, 0xBF3F, 0xBF1F, 0x24BF, 0x147F, 0x147F, 0x14BF, 0x0B54, 0x1106, 0x1969, 0x1927, 0x08C5,
    0x19EC, 0x19CC, 0x118A, 0x118A, 0x08A5, 0x116A, 0x198A, 0x1128, 0x1107, 0x08A4, 0x08E7, 0x0884, 0x1107, 0x1948, 0x1946, 0x29A7,
    0x29A7, 0x5B46, 0x6B27, 0x7308, 0x6267, 0x51E7, 0x4165, 0xAC29, 0xC4CA, 0x72A7, 0x20E5, 0x0064, 0x1906, 0x10E6, 0x1906, 0x3965,
    0x3985, 0x22D1, 0x0338, 0x047F, 0x0C3F, 0x0C5F, 0x0C5F, 0x0C5F, 0x0C5F, 0x0C5F, 0x0C3F, 0x0C3F, 0x0C3F, 0x0C3F, 0x0C3F, 0x0C3F,
    0x0C3F, 0x0C3F, 0x0C3F, 0x0C3F, 0x043F, 0x043F, 0x041F, 0x041F, 0x041F, 0x041F, 0x041F, 0x041F, 0x041F, 0x041F, 0x041F, 0x041F,
    0x041F, 0x041F, 0x041F, 0x041F, 0x041F, 0x041F, 0x03FF, 0x03FF, 0x03FF, 0x03FF, 0x03DF, 0x03DF, 0x03DF, 0x03DF, 0x03DF, 0x03DF,
    0x03DF, 0x03DF, 0x03DF, 0x03DF, 0x03DF, 0x03DF, 0x03DF, 0x03DF, 0x03BF, 0x03BF, 0x03BF, 0x03BF, 0x03BF, 0x03BF, 0x03BF, 0x03DF,
    0x03DF, 0x03DF, 0x03BF, 0x03DF, 0x03BF, 0x03BF, 0x03BF, 0x03BF, 0x03BF, 0x03BF, 0x03BF, 0x03BF, 0x03BF, 0x03BF, 0x03BF, 0x03BF,
    0x03BF, 0x03BF, 0x03BF, 0x03BF, 0x03BF, 0x03BF, 0x03BF, 0x03BF, 0x03BF, 0x03BF, 0x03BF, 0x03BF, 0x03BF, 0x03BF, 0x03BF, 0x03BF,
    0x03BF, 0x03BF, 0x03DF, 0x03DF, 0x03DF, 0x03DF, 0x03DF, 0x03DF, 0x03DF, 0x03DF, 0x03DF, 0x03DF, 0x03DF, 0x03DF, 0x03DF, 0x03DF,
    0x03DF, 0x03DF, 0x03DF, 0x03DF, 0x03DF, 0x03DF, 0x03DF, 0x03DF, 0x03DF, 0x03FF, 0x03FF, 0x03FF, 0x03DF, 0x03DF, 0x03DF, 0x03DF,
    0x03DF, 0x03FF, 0x03DF, 0x03DF, 0x03DF, 0x03DF, 0x03DF, 0x03DF, 0x03DF, 0x03DF, 0x03DF, 0x03DF, 0x03DF, 0x03DF, 0x03DF, 0x03DF,
    0x03DF, 0x03DF, 0x03DF, 0x03DF, 0x03DF, 0x03DF, 0x03DF, 0x03DF, 0x03DF, 0x03DF, 0x03DF, 0x03DF, 0x03DF, 0x03DF, 0x03DF, 0x03DF,
    0x03DF, 0x03DF, 0x03DF, 0x03DF, 0x03DF, 0x03DF, 0x03DF, 0x03DF, 0x03DF, 0x03FF, 0x03DF, 0x03DF, 0x03FF, 0x03FF, 0x03FF, 0x03FF,
    0x03FF, 0x03FF, 0x03FF, 0x03FF, 0x03FF, 0x03FF, 0x03FF, 0x041F, 0x041F, 0x041F, 0x03FF, 0x045F, 0x027A, 0x021A, 0x025B, 0x0177,
    0x01FA, 0x0A9B, 0x0158, 0x03DC, 0x0A57, 0x7CBB, 0x02FB, 0x1216, 0x5D1E, 0x03FF, 0x041F, 0x041F, 0x03FF, 0x03FF, 0x03FF, 0x03FF,
    0x03FF, 0x03FF, 0x041F, 0x03FF, 0x03FF, 0x041F, 0x041F, 0x041F, 0x041F, 0x03FF, 0x041F, 0x041F, 0x041F, 0x041F, 0x041F, 0x041F,
    0x041F, 0x03FF, 0x03FF, 0x03FF, 0x03FF, 0x03FF, 0x03FF, 0x03FF, 0x03FF, 0x03FF, 0x03FF, 0x03FF, 0x03FF, 0x03FF, 0x03FF, 0x03FF,
    0x03FF, 0x03FF, 0x03FF, 0x041F, 0x041F, 0x041F, 0x043F, 0x041F, 0x03DF, 0x03DF, 0x03DF, 0x041F, 0x041F, 0x03DF, 0x555F, 0x7DFF,
    0x75DF, 0x8E7F, 0x85FC, 0x238A, 0x0280, 0x4C88, 0x9DD6, 0x1B27, 0x23E1, 0x4D44, 0x6DE3, 0x7E03, 0x33E4, 0x0985, 0x0147, 0x01E8,
    0xB73F, 0xB71F, 0xB73F, 0xA6DF, 0x8E7F, 0x8E7F, 0x4D5F, 0x149F, 0x147F, 0x145F, 0x14BF, 0x0BB6, 0x1128, 0x1948, 0x10C5, 0x08A5,
    0x1A0D, 0x19CC, 0x19ED, 0x08E6, 0x08C5, 0x198B, 0x1149, 0x1128, 0x10E6, 0x08A5, 0x1108, 0x10E7, 0x1107, 0x2987, 0x2986, 0x3186,
    0x5AC8, 0x6347, 0xB4E8, 0xDDAB, 0x3126, 0x3985, 0xBCE9, 0xEE4C, 0x72A6, 0x49A5, 0x18A4, 0x10C5, 0x1906, 0x2146, 0x3965, 0x2945,
    0x1315, 0x0C7F, 0x0C7F, 0x0C5F, 0x0C5F, 0x0C5F, 0x0C5F, 0x0C5F, 0x0C5F, 0x0C5F, 0x0C5F, 0x0C3F, 0x0C3F, 0x0C3F, 0x0C3F, 0x0C3F,
    0x0C3F, 0x0C3F, 0x0C3F, 0x0C3F, 0x043F, 0x043F, 0x043F, 0x043F, 0x043F, 0x043F, 0x043F, 0x041F, 0x041F, 0x041F, 0x041F, 0x041F,
    0x041F, 0x041F, 0x041F, 0x041F, 0x041F, 0x041F, 0x03FF, 0x03FF, 0x03FF, 0x03FF, 0x03FF, 0x03DF, 0x03DF, 0x03DF, 0x03DF, 0x03DF,
    0x03DF, 0x03DF, 0x03DF, 0x03DF, 0x03DF, 0x03DF, 0x03DF, 0x03DF, 0x03DF, 0x03DF, 0x03DF, 0x03DF, 0x03DF, 0x03DF, 0x03DF, 0x03DF,
    0x03DF, 0x03DF, 0x03DF, 0x03DF, 0x03DF, 0x03BF, 0x03BF, 0x03BF, 0x03BF, 0x03BF, 0x03BF, 0x03BF, 0x03BF, 0x03BF, 0x03BF, 0x03BF,
    0x03BF, 0x03BF, 0x03BF, 0x03BF, 0x03BF, 0x03BF, 0x03BF, 0x03BF, 0x03BF, 0x03BF, 0x03BF, 0x03BF, 0x03BF, 0x03BF, 0x03BF, 0x03BF,
    0x03BF, 0x03DF, 0x03BF, 0x03DF, 0x03DF, 0x03DF, 0x03DF, 0x03DF, 0x03DF, 0x03DF, 0x03DF, 0x03DF, 0x03DF, 0x03FF, 0x03FF, 0x03FF,
    0x03FF, 0x03FF, 0x03FF, 0x03FF, 0x03FF, 0x03FF, 0x03FF, 0x03FF, 0x03FF, 0x03FF, 0x03FF, 0x03FF, 0x03FF, 0x03DF, 0x03DF, 0x03FF,
    0x03FF, 0x03FF, 0x03FF, 0x03FF, 0x03DF, 0x03DF, 0x03DF, 0x03DF, 0x03DF, 0x03DF, 0x03DF, 0x03DF, 0x03DF, 0x03DF, 0x03DF, 0x03DF,
    0x03DF, 0x03DF, 0x03DF, 0x03DF, 0x03DF, 0x03DF, 0x03DF, 0x03DF, 0x03DF, 0x03DF, 0x03DF, 0x03DF, 0x03DF, 0x03DF, 0x03DF, 0x03DF,
    0x03DF, 0x03DF, 0x03DF, 0x03DF, 0x03DF, 0x03DF, 0x03DF, 0x03FF, 0x03FF, 0x03DF, 0x03FF, 0x03DF, 0x03FF, 0x03FF, 0x03FF, 0x03FF,
    0x03FF, 0x03FF, 0x03FF, 0x03FF, 0x03FF, 0x03FF, 0x041F, 0x041F, 0x041F, 0x041F, 0x041F, 0x045F, 0x029A, 0x0177, 0x021A, 0x01F9,
    0x1D3D, 0x5EDF, 0x3359, 0x031B, 0x1277, 0x957C, 0x0196, 0x09B7, 0x44DE, 0x041F, 0x03FF, 0x041F, 0x041F, 0x041F, 0x041F, 0x041F,
    0x041F, 0x041F, 0x041F, 0x03FF, 0x041F, 0x041F, 0x041F, 0x041F, 0x041F, 0x041F, 0x041F, 0x041F, 0x041F, 0x041F, 0x041F, 0x041F,
    0x041F, 0x041F, 0x041F, 0x041F, 0x041F, 0x041F, 0x041F, 0x041F, 0x03FF, 0x03FF, 0x03FF, 0x03FF, 0x03FF, 0x03FF, 0x03FF, 0x03FF,
    0x03FF, 0x03FF, 0x03FF, 0x041F, 0x041F, 0x041F, 0x03FF, 0x041F, 0x75FF, 0x9E9F, 0x8E3F, 0x143F, 0x249F, 0x6DFF, 0x863F, 0x9E9F,
    0x8E1C, 0x2B8C, 0x6533, 0xB6FE, 0x2AC8, 0x2AE6, 0x12E7, 0x0B84, 0x4503, 0x2345, 0x4444, 0x86A3, 0x2BC6, 0x0207, 0x2BC5, 0x0AC8,
    0xA6BF, 0xAEFF, 0xAEFF, 0xAEFF, 0x75FF, 0x1C9F, 0x147F, 0x149F, 0x147F, 0x14BF, 0x1376, 0x0947, 0x1148, 0x1107, 0x0863, 0x1149,
    0x19CD, 0x19CC, 0x1149, 0x08E6, 0x19AC, 0x198B, 0x1169, 0x1128, 0x08A5, 0x08E7, 0x1128, 0x1128, 0x2168, 0x31A7, 0x31A7, 0x5A68,
    0x8349, 0x4A25, 0xE60B, 0x7B49, 0x1083, 0x5266, 0xEE8B, 0xBD0A, 0x59E6, 0x5206, 0x62C7, 0x10C5, 0x2125, 0x4163, 0x3986, 0x1378,
    0x0C7F, 0x0C5F, 0x0C5F, 0x0C5F, 0x0C5F, 0x0C5F, 0x0C5F, 0x0C5F, 0x0C5F, 0x0C5F, 0x0C5F, 0x0C5F, 0x0C3F, 0x0C3F, 0x0C3F, 0x0C3F,
    0x0C3F, 0x043F, 0x0C3F, 0x0C5F, 0x0C5F, 0x0C3F, 0x0C3F, 0x043F, 0x043F, 0x043F, 0x043F, 0x041F, 0x041F, 0x041F, 0x041F, 0x043F,
    0x043F, 0x043F, 0x041F, 0x041F, 0x041F, 0x041F, 0x041F, 0x03FF, 0x03FF, 0x03FF, 0x03FF, 0x03FF, 0x03FF, 0x03FF, 0x03FF, 0x03DF,
    0x03DF, 0x03DF, 0x03DF, 0x03DF, 0x03DF, 0x03DF, 0x03DF, 0x03DF, 0x03DF, 0x03DF, 0x03DF, 0x03DF, 0x03DF, 0x03DF, 0x03DF, 0x03DF,
    0x03DF, 0x03DF, 0x03DF, 0x03DF, 0x03DF, 0x03DF, 0x03DF, 0x03DF, 0x03DF, 0x03DF, 0x03DF, 0x03DF, 0x03DF, 0x03DF, 0x03DF, 0x03DF,
    0x03DF, 0x03DF, 0x03DF, 0x03DF, 0x03DF, 0x03BF, 0x03DF, 0x03DF, 0x03DF, 0x03BF, 0x03BF, 0x03BF, 0x03BF, 0x03BF, 0x03BF, 0x03BF,
    0x03DF, 0x03DF, 0x03DF, 0x03DF, 0x03DF, 0x03DF, 0x03DF, 0x03DF, 0x03FF, 0x03FF, 0x03FF, 0x03FF, 0x03FF, 0x03FF, 0x03FF, 0x03FF,
    0x03FF, 0x03FF, 0x03FF, 0x03FF, 0x03FF, 0x03FF, 0x03FF, 0x03FF, 0x03FF, 0x03FF, 0x03FF, 0x03FF, 0x03FF, 0x03FF, 0x03FF, 0x03FF,
    0x03FF, 0x03FF, 0x03FF, 0x03FF, 0x03FF, 0x03FF, 0x03FF, 0x03DF, 0x03DF, 0x03DF, 0x03DF, 0x03DF, 0x03DF, 0x03DF, 0x03DF, 0x03DF,
    0x03DF, 0x03DF, 0x03DF, 0x03DF, 0x03DF, 0x03DF, 0x03DF, 0x03DF, 0x03DF, 0x03DF, 0x03DF, 0x03DF, 0x03FF, 0x03DF, 0x03FF, 0x03FF,
    0x03FF, 0x03FF, 0x03FF, 0x03FF, 0x03FF, 0x03FF, 0x03FF, 0x03FF, 0x03FF, 0x03FF, 0x03FF, 0x03FF, 0x03FF, 0x03FF, 0x03FF, 0x03FF,
    0x03FF, 0x03FF, 0x03FF, 0x041F, 0x041F, 0x041F, 0x041F, 0x041F, 0x043F, 0x039D, 0x033C, 0x04BF, 0x029B, 0x01D9, 0x01F9, 0x0196,
    0x0317, 0x1B58, 0x1A37, 0x031B, 0x0278, 0x32FA, 0x4B9A, 0x1239, 0x551E, 0x039E, 0x5C9D, 0x145F, 0x041F, 0x0C1F, 0x041F, 0x041F,
    0x041F, 0x041F, 0x041F, 0x041F, 0x041F, 0x041F, 0x041F, 0x041F, 0x041F, 0x041F, 0x041F, 0x0C1F, 0x0C1F, 0x0C1F, 0x041F, 0x041F,
    0x041F, 0x041F, 0x041F, 0x041F, 0x041F, 0x041F, 0x041F, 0x041F, 0x041F, 0x041F, 0x041F, 0x041F, 0x041F, 0x041F, 0x041F, 0x041F,
    0x041F, 0x041F, 0x041F, 0x0C1F, 0x03FF, 0x24BF, 0x7E1F, 0x6DDF, 0xAF1F, 0xF7FF, 0xEFDF, 0xB71F, 0xA6BF, 0x9EBF, 0xB6FF, 0xAEFF,
    0xB73F, 0x5C91, 0x0243, 0x43CD, 0x1A87, 0x0222, 0x0284, 0x02E5, 0x0245, 0x01C5, 0x4C83, 0x3C25, 0x01E6, 0x2B64, 0x23E5, 0x0308,
    0x9E9F, 0x9EBF, 0xAEFF, 0xCF7F, 0xC75F, 0x4D5F, 0x0C7F, 0x0C7F, 0x0C3F, 0x357F, 0x2BB4, 0x10E6, 0x198A, 0x1106, 0x08A5, 0x19ED,
    0x19AA, 0x19AB, 0x08A5, 0x198B, 0x198A, 0x1147, 0x1169, 0x0906, 0x08A5, 0x1129, 0x1107, 0x1948, 0x2988, 0x31A8, 0x39C8, 0x7B4A,
    0xA42B, 0x8B47, 0xACAA, 0x0863, 0x2944, 0x8C26, 0xE60A, 0x93A8, 0x6AA7, 0x9BE8, 0x49E5, 0x3985, 0x3943, 0x2987, 0x1BB9, 0x0C9F,
    0x043F, 0x0C5F, 0x0C5F, 0x0C5F, 0x0C5F, 0x0C5F, 0x0C5F, 0x0C5F, 0x0C5F, 0x0C5F, 0x043F, 0x0C3F, 0x041F, 0x34FF, 0xA6BF, 0xBF1F,
    0xBF3F, 0xA69F, 0x143F, 0x0C3F, 0x0C3F, 0x0C5F, 0x0C3F, 0x0C3F, 0x0C3F, 0x043F, 0x043F, 0x043F, 0x043F, 0x043F, 0x043F, 0x0C3F,
    0x043F, 0x043F, 0x041F, 0x041F, 0x041F, 0x041F, 0x041F, 0x041F, 0x041F, 0x041F, 0x03FF, 0x03FF, 0x03FF, 0x03FF, 0x03FF, 0x03FF,
    0x03FF, 0x03FF, 0x03FF, 0x03FF, 0x03FF, 0x03FF, 0x03FF, 0x03DF, 0x03DF, 0x03DF, 0x03DF, 0x03DF, 0x03FF, 0x03FF, 0x03FF, 0x03FF,
    0x03FF, 0x03FF, 0x03FF, 0x03FF, 0x03DF, 0x03DF, 0x03DF, 0x03DF, 0x03DF, 0x03DF, 0x03DF, 0x03DF, 0x03DF, 0x03DF, 0x03DF, 0x03DF,
    0x03DF, 0x03DF, 0x03DF, 0x03DF, 0x03DF, 0x03DF, 0x03DF, 0x03DF, 0x03DF, 0x03DF, 0x03DF, 0x03DF, 0x03DF, 0x03DF, 0x03DF, 0x03DF,
    0x03DF, 0x03DF, 0x03DF, 0x03DF, 0x03DF, 0x03DF, 0x03DF, 0x03FF, 0x03FF, 0x03FF, 0x03FF, 0x03FF, 0x03FF, 0x03FF, 0x03FF, 0x03FF,
    0x03FF, 0x03FF, 0x03FF, 0x03FF, 0x03FF, 0x03FF, 0x03FF, 0x03FF, 0x041F, 0x041F, 0x041F, 0x041F, 0x041F, 0x03FF, 0x03FF, 0x03FF,
    0x041F, 0x041F, 0x041F, 0x03FF, 0x03FF, 0x03FF, 0x03FF, 0x03FF, 0x03FF, 0x03FF, 0x03FF, 0x03FF, 0x03FF, 0x03FF, 0x03FF, 0x03FF,
    0x03FF, 0x03FF, 0x03FF, 0x03FF, 0x03FF, 0x03FF, 0x03FF, 0x03FF, 0x03FF, 0x03FF, 0x03FF, 0x03FF, 0x03FF, 0x03FF, 0x03FF, 0x03FF,
    0x03FF, 0x03FF, 0x03FF, 0x03FF, 0x03FF, 0x03FF, 0x03FF, 0x03FF, 0x03FF, 0x03FF, 0x03FF, 0x03FF, 0x03FF, 0x03FF, 0x03FF, 0x03FF,
    0x03FF, 0x041F, 0x041F, 0x041F, 0x041F, 0x041F, 0x041F, 0x041F, 0x045F, 0x0239, 0x0239, 0x04BF, 0x02BB, 0x023B, 0x01F9, 0x0196,
    0x0279, 0x029A, 0x0135, 0x02B9, 0x01F7, 0x01D8, 0x95F9, 0x32D7, 0x857E, 0x033C, 0x63DB, 0x145F, 0x041F, 0x0C1F, 0x0C3F, 0x0C1F,
    0x0C1F, 0x0C1F, 0x0C1F, 0x0C1F, 0x0C1F, 0x0C1F, 0x0C1F, 0x0C1F, 0x0C3F, 0x0C3F, 0x0C3F, 0x0C3F, 0x0C3F, 0x0C3F, 0x0C3F, 0x0C1F,
    0x0C1F, 0x0C1F, 0x0C1F, 0x0C1F, 0x0C1F, 0x041F, 0x041F, 0x041F, 0x041F, 0x041F, 0x041F, 0x041F, 0x041F, 0x041F, 0x041F, 0x041F,
    0x041F, 0x041F, 0x0C1F, 0x041F, 0x143F, 0x7E1F, 0x969F, 0x967F, 0x9E9F, 0xCF5F, 0xDFBF, 0xD79F, 0xAEFF, 0xBF3F, 0xDFBF, 0xD73C,
    0x3B6B, 0x2309, 0x0244, 0x01A1, 0x0203, 0x0285, 0x0285, 0x0266, 0x01E7, 0x1BA6, 0x2C25, 0x0186, 0x2B05, 0x2325, 0x0267, 0x02C8,
    0x9EBF, 0x96BF, 0x8E7F, 0xB6FF, 0xCF7F, 0xCF7F, 0x453F, 0x557F, 0x969F, 0x769F, 0x6434, 0x0908, 0x19CC, 0x10E6, 0x1169, 0x19ED,
    0x1969, 0x1106, 0x08E6, 0x19ED, 0x1147, 0x1126, 0x1989, 0x1107, 0x1128, 0x196A, 0x2188, 0x2167, 0x31C7, 0x4226, 0x39C7, 0xC4EB,
    0xAC4A, 0x72C7, 0x4A07, 0x2925, 0x5A47, 0x7B27, 0xE5EB, 0x51E6, 0xA409, 0x6286, 0x7B27, 0x8B47, 0x3167, 0x9E1B, 0x355F, 0x145F,
    0x147F, 0x043F, 0x0C5F, 0x0C5F, 0x0C5F, 0x0C5F, 0x0C5F, 0x0C5F, 0x0C5F, 0x0C3F, 0x1C7F, 0x24BF, 0x75FF, 0x863F, 0xBF3F, 0xEFFF,
    0xE7DF, 0xE7BF, 0xBF1F, 0xC73F, 0x5D7F, 0x03FF, 0x0C5F, 0x0C3F, 0x0C3F, 0x0C3F, 0x0C3F, 0x0C3F, 0x043F, 0x043F, 0x0C3F, 0x0C3F,
    0x0C3F, 0x043F, 0x043F, 0x043F, 0x041F, 0x041F, 0x041F, 0x041F, 0x041F, 0x041F, 0x041F, 0x041F, 0x03FF, 0x03FF, 0x03FF, 0x03FF,
    0x03FF, 0x03FF, 0x03FF, 0x03FF, 0x03FF, 0x03FF, 0x03FF, 0x03FF, 0x03FF, 0x03FF, 0x03FF, 0x03FF, 0x03FF, 0x03FF, 0x03FF, 0x03FF,
    0x03FF, 0x03FF, 0x03FF, 0x03FF, 0x03FF, 0x03FF, 0x03FF, 0x03FF, 0x03DF, 0x03DF, 0x03DF, 0x03DF, 0x03DF, 0x03DF, 0x03DF, 0x03DF,
    0x03DF, 0x03DF, 0x03DF, 0x03DF, 0x03DF, 0x03DF, 0x03DF, 0x03DF, 0x03DF, 0x03DF, 0x03FF, 0x03DF, 0x03DF, 0x03FF, 0x03FF, 0x03FF,
    0x03FF, 0x03FF, 0x03DF, 0x03DF, 0x03FF, 0x03FF, 0x03FF, 0x03FF, 0x03FF, 0x041F, 0x03FF, 0x03FF, 0x041F, 0x041F, 0x041F, 0x03FF,
    0x041F, 0x03FF, 0x041F, 0x041F, 0x03FF, 0x041F, 0x041F, 0x041F, 0x041F, 0x041F, 0x041F, 0x041F, 0x041F, 0x041F, 0x041F, 0x041F,
    0x041F, 0x041F, 0x041F, 0x041F, 0x041F, 0x041F, 0x041F, 0x03FF, 0x03FF, 0x03FF, 0x03FF, 0x03FF, 0x03FF, 0x03FF, 0x03FF, 0x03FF,
    0x03FF, 0x03FF, 0x03FF, 0x03FF, 0x03FF, 0x03FF, 0x03FF, 0x03FF, 0x03FF, 0x03FF, 0x03FF, 0x03FF, 0x03FF, 0x03FF, 0x03FF, 0x03FF,
    0x03FF, 0x03FF, 0x03FF, 0x03FF, 0x03FF, 0x03FF, 0x041F, 0x03FF, 0x03FF, 0x041F, 0x03FF, 0x03FF, 0x041F, 0x041F, 0x041F, 0x041F,
    0x0C1F, 0x0C1F, 0x041F, 0x041F, 0x041F, 0x043F, 0x041F, 0x043F, 0x045F, 0x025A, 0x0176, 0x033B, 0x01D8, 0x01B8, 0x01D9, 0x043D,
    0x1E5F, 0x04DF, 0x03BC, 0x0279, 0x0239, 0x0257, 0x1E16, 0x02B8, 0x22FA, 0x01B8, 0x53BC, 0x147F, 0x043F, 0x0C3F, 0x0C3F, 0x0C3F,
    0x0C3F, 0x0C3F, 0x0C3F, 0x0C3F, 0x0C3F, 0x0C3F, 0x0C3F, 0x0C3F, 0x0C3F, 0x0C3F, 0x0C3F, 0x0C3F, 0x0C3F, 0x0C3F, 0x0C3F, 0x0C3F,
    0x0C3F, 0x0C3F, 0x0C1F, 0x0C1F, 0x0C1F, 0x0C1F, 0x0C3F, 0x0C3F, 0x0C3F, 0x043F, 0x043F, 0x043F, 0x043F, 0x0C1F, 0x0C3F, 0x0C3F,
    0x0C3F, 0x0C1F, 0x0C3F, 0x03FF, 0x555F, 0x967F, 0x967F, 0xC73F, 0xA6BF, 0xC73F, 0xEFDF, 0xC73F, 0xB71F, 0xDFBF, 0xE79F, 0x432A,
    0x01A1, 0x0223, 0x0265, 0x22C9, 0x0A47, 0x01C5, 0x0166, 0x0186, 0x2325, 0x4464, 0x0AC9, 0x0267, 0x33A5, 0x1B86, 0x0165, 0x01E7,
    0xA6DF, 0x9EBF, 0x8E7F, 0x865F, 0xB71F, 0xC75F, 0xBF3F, 0xC73F, 0xCF5F, 0xEFFF, 0x7C73, 0x00E7, 0x19AC, 0x08A4, 0x1148, 0x19AB,
    0x10E6, 0x08A5, 0x19CC, 0x21EC, 0x198A, 0x1969, 0x1107, 0x08C6, 0x114A, 0x21AA, 0x1947, 0x41E7, 0x5268, 0x5267, 0x3166, 0xC4A9,
    0xA409, 0x1084, 0x2945, 0x6267, 0x9BC9, 0x7B08, 0xB4AB, 0x41A5, 0xAC28, 0x6266, 0xB449, 0x6269, 0xC67B, 0xCF9F, 0x8E9F, 0xBF3F,
    0xBF1F, 0x24BF, 0x0C5F, 0x147F, 0x0C5F, 0x0C5F, 0x0C5F, 0x0C5F, 0x043F, 0x34FF, 0xCF5F, 0xBF1F, 0x967F, 0x8E5F, 0xC73F, 0xDFBF,
    0xDF9F, 0xDF9F, 0xE7BF, 0xE7DF, 0xA6DF, 0x4D5F, 0x0C5F, 0x043F, 0x0C3F, 0x0C3F, 0x0C3F, 0x0C3F, 0x0C3F, 0x0C3F, 0x0C3F, 0x0C3F,
    0x0C3F, 0x043F, 0x0C3F, 0x043F, 0x043F, 0x041F, 0x041F, 0x041F, 0x041F, 0x041F, 0x041F, 0x041F, 0x041F, 0x03FF, 0x03FF, 0x03FF,
    0x03FF, 0x03FF, 0x03FF, 0x041F, 0x041F, 0x03FF, 0x03FF, 0x03FF, 0x03FF, 0x03FF, 0x03FF, 0x03FF, 0x03FF, 0x03FF, 0x03FF, 0x03FF,
    0x03FF, 0x03FF, 0x03FF, 0x03FF, 0x03FF, 0x03FF, 0x03FF, 0x03FF, 0x03FF, 0x03FF, 0x03FF, 0x03FF, 0x03FF, 0x03FF, 0x03FF, 0x03FF,
    0x03FF, 0x03FF, 0x03FF, 0x03FF, 0x03FF, 0x03DF, 0x03DF, 0x03DF, 0x03FF, 0x03FF, 0x03FF, 0x03FF, 0x03FF, 0x03FF, 0x03FF, 0x03FF,
    0x03FF, 0x03FF, 0x03FF, 0x03FF, 0x03FF, 0x03FF, 0x03FF, 0x03FF, 0x041F, 0x041F, 0x041F, 0x03FF, 0x041F, 0x041F, 0x041F, 0x041F,
    0x041F, 0x041F, 0x041F, 0x0C1F, 0x0C1F, 0x041F, 0x041F, 0x041F, 0x0C1F, 0x0C1F, 0x041F, 0x041F, 0x041F, 0x041F, 0x0C1F, 0x0C1F,
    0x0C1F, 0x0C1F, 0x0C1F, 0x0C1F, 0x041F, 0x041F, 0x041F, 0x041F, 0x041F, 0x041F, 0x03FF, 0x03FF, 0x03FF, 0x03FF, 0x03FF, 0x03FF,
    0x03FF, 0x041F, 0x041F, 0x041F, 0x041F, 0x041F, 0x041F, 0x041F, 0x041F, 0x041F, 0x03FF, 0x03FF, 0x03FF, 0x03FF, 0x03FF, 0x03FF,
    0x041F, 0x03FF, 0x03FF, 0x03FF, 0x03FF, 0x041F, 0x041F, 0x041F, 0x03FF, 0x03FF, 0x03FF, 0x041F, 0x041F, 0x041F, 0x041F, 0x03FF,
    0x03FF, 0x041F, 0x0C1F, 0x041F, 0x0C1F, 0x0C3F, 0x0C3F, 0x03FE, 0x0C5F, 0x029B, 0x0197, 0x0197, 0x0A38, 0x22F9, 0x09F8, 0x0D1D,
    0x1E7F, 0x239E, 0x153F, 0x039D, 0x01F8, 0x0AF7, 0x2D1C, 0x349E, 0x1AFB, 0x0178, 0x9D59, 0x6DDE, 0x03FF, 0x0C5F, 0x0C3F, 0x0C3F,
    0x0C3F, 0x0C3F, 0x0C3F, 0x0C3F, 0x0C3F, 0x0C3F, 0x0C3F, 0x0C3F, 0x0C3F, 0x0C3F, 0x0C3F, 0x0C3F, 0x0C3F, 0x0C3F, 0x0C3F, 0x0C3F,
    0x0C3F, 0x0C3F, 0x0C3F, 0x0C3F, 0x0C3F, 0x0C3F, 0x0C3F, 0x0C3F, 0x0C3F, 0x0C1F, 0x0C3F, 0x0C3F, 0x0C3F, 0x0C3F, 0x0C3F, 0x0C3F,
    0x0C3F, 0x0C3F, 0x03FF, 0x3D1F, 0x967F, 0x8E5F, 0x967F, 0x967F, 0x967F, 0xD77F, 0xDFBF, 0xDFBF, 0xDF9F, 0xD79F, 0xDF9F, 0x3B8D,
    0x0243, 0x0203, 0x6410, 0xEF9E, 0x3ACB, 0x11C7, 0x08E6, 0x00C4, 0x0A85, 0x0186, 0x0208, 0x0287, 0x0266, 0x01E6, 0x0146, 0x01E9,
    0x8E7F, 0x9EBF, 0xAEDF, 0xA6DF, 0xC75F, 0xBF3F, 0xB71F, 0xD77F, 0xCF5F, 0xEFFF, 0x7412, 0x0908, 0x08E7, 0x08A5, 0x19ED, 0x19CC,
    0x0084, 0x1107, 0x220E, 0x220D, 0x0907, 0x0043, 0x08C5, 0x0908, 0x2168, 0x1926, 0x1906, 0x4A07, 0x31A8, 0x41E9, 0x734A, 0xE5CC,
    0x7B08, 0x0863, 0x41A5, 0xB46A, 0x7AC8, 0x7B07, 0x8BA9, 0x8B27, 0x7AE6, 0x4985, 0x5185, 0xA5B8, 0xE7DF, 0xC75F, 0xAF1F, 0xD79F,
    0xE7DF, 0xCF5F, 0x2CDF, 0x043F, 0x0C7F, 0x0C5F, 0x0C7F, 0x0C5F, 0x351F, 0x9EBF, 0xC73F, 0xE7BF, 0xAEDF, 0x863F, 0x967F, 0xD77F,
    0xE7BF, 0xDFBF, 0xDFBF, 0xDF9F, 0xE7BF, 0xF7FF, 0x6DBF, 0x041F, 0x0C5F, 0x0C3F, 0x0C3F, 0x0C3F, 0x0C3F, 0x0C3F, 0x0C3F, 0x0C3F,
    0x0C3F, 0x0C3F, 0x0C3F, 0x0C3F, 0x043F, 0x041F, 0x041F, 0x041F, 0x041F, 0x041F, 0x041F, 0x041F, 0x041F, 0x041F, 0x041F, 0x041F,
    0x041F, 0x041F, 0x041F, 0x041F, 0x041F, 0x041F, 0x041F, 0x041F, 0x03FF, 0x03FF, 0x03FF, 0x03FF, 0x03FF, 0x03FF, 0x03FF, 0x041F,
    0x041F, 0x041F, 0x03FF, 0x03FF, 0x03FF, 0x03FF, 0x03FF, 0x03FF, 0x03FF, 0x03FF, 0x03FF, 0x03FF, 0x03FF, 0x03FF, 0x03FF, 0x03FF,
    0x03FF, 0x03FF, 0x03FF, 0x03FF, 0x03FF, 0x03FF, 0x03FF, 0x03FF, 0x03FF, 0x03FF, 0x03FF, 0x03FF, 0x03FF, 0x03FF, 0x03FF, 0x03FF,
    0x03FF, 0x03FF, 0x041F, 0x03FF, 0x041F, 0x03FF, 0x041F, 0x041F, 0x041F, 0x041F, 0x041F, 0x041F, 0x041F, 0x041F, 0x041F, 0x0C1F,
    0x041F, 0x041F, 0x041F, 0x0C1F, 0x0C1F, 0x0C1F, 0x0C1F, 0x0C1F, 0x0C1F, 0x0C1F, 0x0C1F, 0x0C1F, 0x0C1F, 0x0C1F, 0x0C1F, 0x0C1F,
    0x0C1F, 0x0C1F, 0x0C1F, 0x0C1F, 0x0C1F, 0x0C1F, 0x0C1F, 0x0C1F, 0x0C1F, 0x041F, 0x041F, 0x041F, 0x041F, 0x041F, 0x041F, 0x041F,
    0x041F, 0x041F, 0x041F, 0x041F, 0x041F, 0x041F, 0x041F, 0x041F, 0x041F, 0x041F, 0x03FF, 0x041F, 0x041F, 0x041F, 0x041F, 0x041F,
    0x041F, 0x041F, 0x03FF, 0x03FF, 0x041F, 0x041F, 0x041F, 0x041F, 0x041F, 0x041F, 0x041F, 0x041F, 0x041F, 0x0C3F, 0x03FF, 0x249F,
    0x3CFF, 0x2CBF, 0x03FF, 0x0C3F, 0x0C3F, 0x041F, 0x043F, 0x01F7, 0x03DD, 0x02BB, 0x0219, 0x0B1C, 0x1BFD, 0x7EBF, 0x2B1A, 0x023A,
    0x1CFD, 0x863D, 0x345C, 0x01D5, 0x09F0, 0x1395, 0x8DFD, 0xAEBD, 0x6DF9, 0x01F6, 0x23B1, 0x459A, 0x0C5F, 0x0C5F, 0x0C3F, 0x0C3F,
    0x0C3F, 0x0C3F, 0x0C3F, 0x0C3F, 0x0C3F, 0x0C3F, 0x0C3F, 0x0C3F, 0x0C3F, 0x0C3F, 0x0C3F, 0x0C3F, 0x0C3F, 0x0C3F, 0x0C3F, 0x0C3F,
    0x0C3F, 0x0C3F, 0x0C3F, 0x0C3F, 0x0C3F, 0x0C3F, 0x0C3F, 0x0C3F, 0x0C3F, 0x0C3F, 0x0C3F, 0x0C3F, 0x0C3F, 0x0C3F, 0x0C3F, 0x0C3F,
    0x0C3F, 0x0C3F, 0x041F, 0x4D5F, 0x969F, 0x8E5F, 0x8E5F, 0x8E3F, 0x863F, 0x863F, 0x967F, 0xD79F, 0xDFBF, 0xDF9F, 0xE7DF, 0xD73D,
    0x2AA8, 0x3B2C, 0xEFFF, 0x8C72, 0x0000, 0x9577, 0x5B90, 0x0185, 0x0206, 0x0207, 0x0186, 0x0105, 0x00C5, 0x01E7, 0x0228, 0x0209,
    0x8E7F, 0x9EBF, 0xA6DF, 0xCF7F, 0xC75F, 0xA6BF, 0xBF3F, 0xBF3F, 0xCF7F, 0xBE7A, 0x1989, 0x118B, 0x08A5, 0x11AB, 0x2270, 0x19CC,
    0x08A5, 0x1169, 0x1A0E, 0x198A, 0x08A5, 0x08A5, 0x1949, 0x3A09, 0x39C6, 0x10C5, 0x4A46, 0x83E9, 0x5247, 0x28E6, 0xD56E, 0xF670,
    0x2125, 0x3945, 0x8B48, 0xC50C, 0x20E5, 0x9388, 0xBCE9, 0x9BC7, 0x49A6, 0x4123, 0x73F1, 0xC79F, 0xCF7F, 0xCF7F, 0xBF3F, 0xD77F,
    0xD79F, 0xDFBF, 0xB6FF, 0x1C9F, 0x045F, 0x0C9F, 0x0C7F, 0x1CBF, 0x969F, 0x969F, 0x8E5F, 0xC73F, 0xCF7F, 0xA6DF, 0xA6DF, 0xC73F,
    0xEFDF, 0xE7BF, 0xE7BF, 0xE7BF, 0xDF9F, 0xDF9F, 0xEFDF, 0x659F, 0x041F, 0x0C5F, 0x0C5F, 0x0C3F, 0x0C3F, 0x0C3F, 0x0C3F, 0x0C3F,
    0x0C3F, 0x0C3F, 0x0C3F, 0x0C3F, 0x0C3F, 0x043F, 0x043F, 0x043F, 0x0C3F, 0x043F, 0x041F, 0x041F, 0x041F, 0x041F, 0x041F, 0x041F,
    0x041F, 0x041F, 0x041F, 0x041F, 0x041F, 0x041F, 0x041F, 0x041F, 0x041F, 0x041F, 0x041F, 0x041F, 0x041F, 0x041F, 0x041F, 0x041F,
    0x041F, 0x041F, 0x041F, 0x041F, 0x041F, 0x041F, 0x041F, 0x041F, 0x041F, 0x041F, 0x041F, 0x041F, 0x041F, 0x041F, 0x041F, 0x041F,
    0x041F, 0x041F, 0x041F, 0x041F, 0x041F, 0x041F, 0x03FF, 0x03FF, 0x03FF, 0x03FF, 0x041F, 0x041F, 0x041F, 0x041F, 0x041F, 0x041F,
    0x041F, 0x041F, 0x041F, 0x041F, 0x041F, 0x041F, 0x041F, 0x041F, 0x041F, 0x041F, 0x041F, 0x0C1F, 0x0C1F, 0x041F, 0x0C1F, 0x0C1F,
    0x0C1F, 0x0C1F, 0x041F, 0x041F, 0x041F, 0x0C1F, 0x0C1F, 0x0C1F, 0x0C1F, 0x0C1F, 0x0C3F, 0x0C3F, 0x0C3F, 0x0C3F, 0x0C3F, 0x0C3F,
    0x0C3F, 0x0C1F, 0x0C1F, 0x0C3F, 0x0C1F, 0x0C1F, 0x0C1F, 0x041F, 0x0C1F, 0x0C1F, 0x041F, 0x041F, 0x041F, 0x041F, 0x041F, 0x041F,
    0x041F, 0x0C1F, 0x041F, 0x041F, 0x041F, 0x041F, 0x041F, 0x041F, 0x041F, 0x041F, 0x041F, 0x041F, 0x041F, 0x041F, 0x041F, 0x041F,
    0x041F, 0x041F, 0x041F, 0x041F, 0x041F, 0x041F, 0x041F, 0x041F, 0x041F, 0x041F, 0x041F, 0x041F, 0x041F, 0x03FF, 0x2CBF, 0x9E9F,
    0xEFDF, 0xD75F, 0x44FF, 0x03FF, 0x041F, 0x0C5F, 0x045F, 0x01B5, 0x033B, 0x0258, 0x0B36, 0x14DA, 0x02B8, 0x02B7, 0x0317, 0x0315,
    0x0331, 0x032F, 0x02F1, 0x030F, 0x45AC, 0x558D, 0x4CB1, 0x4CD0, 0x666B, 0x55AF, 0x4CD1, 0x5DB7, 0x1458, 0x03DB, 0x043F, 0x0C3F,
    0x145F, 0x0C5F, 0x0C3F, 0x0C5F, 0x0C5F, 0x0C5F, 0x0C3F, 0x0C3F, 0x0C3F, 0x0C3F, 0x0C3F, 0x145F, 0x0C3F, 0x0C3F, 0x0C5F, 0x0C3F,
    0x0C3F, 0x0C5F, 0x0C3F, 0x0C3F, 0x0C3F, 0x0C3F, 0x0C3F, 0x0C3F, 0x0C3F, 0x0C3F, 0x0C3F, 0x0C3F, 0x0C3F, 0x041F, 0x03DF, 0x03FF,
    0x0C3F, 0x0C5F, 0x041F, 0x34FF, 0x8E5F, 0x8E5F, 0x8E5F, 0x863F, 0x8E5F, 0x967F, 0x969F, 0xA6BF, 0xE7BF, 0xE7BF, 0xE7BF, 0xDF9F,
    0xAEFF, 0xAEDF, 0xCF9F, 0x8536, 0x53D1, 0xDFBF, 0x6C52, 0x0126, 0x438F, 0x0228, 0x01A7, 0x0166, 0x0146, 0x01C7, 0x00A4, 0x0126,
    0x8E7F, 0x8E7F, 0x8E7F, 0x9E9F, 0xC75F, 0xB71F, 0xAEDF, 0xBF1F, 0xE7FF, 0x8494, 0x010A, 0x198B, 0x0907, 0x1A2E, 0x2290, 0x08E6,
    0x0884, 0x19CD, 0x19AB, 0x08C4, 0x08C5, 0x1949, 0x3A0A, 0x7347, 0x39C7, 0x2125, 0x5B06, 0xCE0B, 0x9C09, 0x20A4, 0xCD2D, 0x7349,
    0x2105, 0x6206, 0xAC08, 0x6AA6, 0x5A05, 0x9BC8, 0x93E7, 0x8B87, 0x3904, 0x734D, 0xBF7F, 0x9EDF, 0xB73F, 0xBF5F, 0xBF3F, 0xCF7F,
    0xDFBF, 0xD79F, 0xE7DF, 0xC71F, 0x3CFF, 0x0C5F, 0x043F, 0x0C5F, 0x969F, 0x967F, 0x967F, 0x9E9F, 0xC73F, 0xC73F, 0xBF3F, 0xBF1F,
    0xC73F, 0xDFBF, 0xDF9F, 0xD79F, 0xDFBF, 0xDFBF, 0xDFBF, 0xEFBF, 0x3CFF, 0x043F, 0x0C5F, 0x0C5F, 0x0C5F, 0x0C5F, 0x0C5F, 0x0C3F,
    0x0C3F, 0x0C3F, 0x0C3F, 0x0C3F, 0x0C3F, 0x043F, 0x0C3F, 0x0C3F, 0x0C3F, 0x0C3F, 0x0C3F, 0x0C3F, 0x043F, 0x043F, 0x041F, 0x043F,
    0x041F, 0x041F, 0x041F, 0x041F, 0x041F, 0x041F, 0x041F, 0x041F, 0x041F, 0x041F, 0x041F, 0x041F, 0x041F, 0x041F, 0x041F, 0x041F,
    0x041F, 0x041F, 0x041F, 0x041F, 0x041F, 0x041F, 0x041F, 0x041F, 0x041F, 0x041F, 0x041F, 0x041F, 0x041F, 0x041F, 0x041F, 0x041F,
    0x041F, 0x041F, 0x041F, 0x041F, 0x041F, 0x041F, 0x041F, 0x041F, 0x03FF, 0x03FF, 0x041F, 0x041F, 0x041F, 0x0C1F, 0x0C1F, 0x0C1F,
    0x0C1F, 0x041F, 0x041F, 0x041F, 0x041F, 0x041F, 0x041F, 0x041F, 0x0C1F, 0x041F, 0x0C1F, 0x0C3F, 0x0C3F, 0x0C3F, 0x0C3F, 0x0C3F,
    0x0C3F, 0x0C1F, 0x0C3F, 0x0C3F, 0x0C1F, 0x0C1F, 0x0C3F, 0x0C1F, 0x0C3F, 0x0C1F, 0x0C3F, 0x0C3F, 0x0C3F, 0x0C3F, 0x0C3F, 0x0C3F,
    0x0C3F, 0x0C3F, 0x0C1F, 0x0C1F, 0x0C1F, 0x0C1F, 0x0C1F, 0x0C1F, 0x0C1F, 0x0C1F, 0x041F, 0x0C1F, 0x041F, 0x041F, 0x041F, 0x041F,
    0x041F, 0x0C1F, 0x0C1F, 0x0C1F, 0x0C1F, 0x0C1F, 0x041F, 0x041F, 0x041F, 0x041F, 0x041F, 0x041F, 0x041F, 0x041F, 0x041F, 0x041F,
    0x041F, 0x041F, 0x041F, 0x041F, 0x041F, 0x041F, 0x041F, 0x041F, 0x0C1F, 0x041F, 0x0C3F, 0x0C3F, 0x041F, 0x2CBF, 0x7E1F, 0x863F,
    0xD77F, 0xEFDF, 0x75DF, 0x4D3F, 0x557F, 0x03BD, 0x035A, 0x0234, 0x0252, 0x02B2, 0x0293, 0x02F4, 0x0375, 0x02D3, 0x02F4, 0x0334,
    0x02F2, 0x0B30, 0x0253, 0x0B13, 0x1BB2, 0x6CB0, 0x7CB0, 0xCECE, 0x85AE, 0x84D0, 0xFF34, 0xD676, 0x7D70, 0x7D97, 0x145F, 0x041F,
    0x041F, 0x041F, 0x0C5F, 0x145F, 0x0C5F, 0x145F, 0x0C5F, 0x0C3F, 0x0C3F, 0x0C3F, 0x0C5F, 0x1C7F, 0x0C5F, 0x0C5F, 0x0C5F, 0x0C5F,
    0x0C5F, 0x0C5F, 0x0C3F, 0x0C3F, 0x0C3F, 0x0C3F, 0x0C3F, 0x0C3F, 0x0C3F, 0x0C3F, 0x0C3F, 0x0C3F, 0x03FF, 0x451F, 0x75DF, 0x6D9F,
    0x0C3F, 0x041F, 0x0C3F, 0x03BF, 0x4D3F, 0x9E9F, 0x8E5F, 0xAEDF, 0xBF3F, 0xD77F, 0xE7BF, 0xAEBF, 0xA6DF, 0xDFBF, 0xD79F, 0xCF7F,
    0xCF7F, 0xCF7F, 0xDFDF, 0x9E19, 0xCF1D, 0x8D36, 0x0945, 0x0925, 0x6431, 0x0228, 0x01A7, 0x0248, 0x0269, 0x0126, 0x0063, 0x0063,
    0x8E7F, 0x865F, 0x8E5F, 0x863F, 0xAEDF, 0xCF5F, 0xC73F, 0xCF7F, 0xA619, 0x3A8D, 0x11CE, 0x198A, 0x1147, 0x1A0E, 0x198A, 0x0042,
    0x08A4, 0x1A0F, 0x1189, 0x08A4, 0x1127, 0x21AB, 0x3A2A, 0x4227, 0x1907, 0x7327, 0x5AE8, 0x946A, 0xEE6B, 0x6267, 0x4208, 0x10C5,
    0x2925, 0x93C8, 0xCD2A, 0x9367, 0xA3E8, 0x3164, 0x5245, 0x49E5, 0x62CB, 0xC6FD, 0xBF5F, 0xB71F, 0xB71F, 0xA6FF, 0xAF1F, 0xC75F,
    0xB71F, 0xD79F, 0xE7BF, 0xFFFF, 0x75DF, 0x03BF, 0x453F, 0x65BF, 0x9EBF, 0x9EBF, 0x9E9F, 0x969F, 0x863F, 0xA6DF, 0xCF7F, 0xDFBF,
    0xBF3F, 0xD77F, 0xBF1F, 0xB6FF, 0xCF5F, 0xDFDF, 0xDFBF, 0xFFFF, 0x861F, 0x03FF, 0x0C5F, 0x0C5F, 0x0C5F, 0x0C5F, 0x0C5F, 0x0C5F,
    0x0C5F, 0x0C3F, 0x0C3F, 0x0C3F, 0x0C3F, 0x0C3F, 0x0C3F, 0x0C3F, 0x0C3F, 0x0C3F, 0x0C3F, 0x0C3F, 0x0C3F, 0x0C3F, 0x043F, 0x043F,
    0x0C3F, 0x043F, 0x043F, 0x043F, 0x0C3F, 0x041F, 0x041F, 0x041F, 0x041F, 0x041F, 0x041F, 0x041F, 0x041F, 0x041F, 0x0C1F, 0x0C1F,
    0x0C1F, 0x041F, 0x041F, 0x0C1F, 0x041F, 0x041F, 0x041F, 0x041F, 0x0C1F, 0x0C1F, 0x0C1F, 0x0C1F, 0x0C1F, 0x0C1F, 0x0C1F, 0x0C1F,
    0x041F, 0x041F, 0x041F, 0x041F, 0x041F, 0x041F, 0x041F, 0x041F, 0x041F, 0x041F, 0x041F, 0x041F, 0x0C1F, 0x041F, 0x0C1F, 0x0C1F,
    0x0C1F, 0x0C1F, 0x041F, 0x0C1F, 0x0C1F, 0x0C1F, 0x0C1F, 0x0C1F, 0x0C3F, 0x0C1F, 0x0C3F, 0x0C3F, 0x0C3F, 0x0C3F, 0x0C3F, 0x0C3F,
    0x0C3F, 0x0C3F, 0x0C3F, 0x0C3F, 0x0C3F, 0x0C3F, 0x0C3F, 0x0C3F, 0x0C3F, 0x0C3F, 0x0C3F, 0x0C3F, 0x0C3F, 0x0C3F, 0x0C3F, 0x0C3F,
    0x0C1F, 0x0C3F, 0x0C3F, 0x0C1F, 0x0C1F, 0x0C1F, 0x0C1F, 0x0C1F, 0x0C1F, 0x0C1F, 0x0C1F, 0x0C3F, 0x0C1F, 0x0C1F, 0x041F, 0x041F,
    0x0C1F, 0x0C1F, 0x0C1F, 0x0C1F, 0x0C1F, 0x0C1F, 0x0C1F, 0x0C1F, 0x0C1F, 0x0C1F, 0x0C1F, 0x0C1F, 0x0C1F, 0x0C1F, 0x0C1F, 0x0C1F,
    0x0C1F, 0x041F, 0x041F, 0x0C1F, 0x041F, 0x043F, 0x041F, 0x0C3F, 0x0C3F, 0x0C3F, 0x041F, 0x03FF, 0x03FF, 0x34DF, 0x6DDF, 0xA6BF,
    0xEFDF, 0xBF3F, 0x761F, 0xFFFF, 0x857D, 0x0236, 0x0295, 0x02F6, 0x0253, 0x0254, 0x01B4, 0x01D6, 0x0216, 0x01B4, 0x0194, 0x0174,
    0x01D5, 0x01B5, 0x01B5, 0x0195, 0x01B5, 0x0155, 0x0135, 0x43B5, 0x0A76, 0x0194, 0x63B4, 0x6BD5, 0xBDB5, 0xFFF9, 0xC6DD, 0x34FE,
    0xA6BF, 0x861F, 0x03FF, 0x043F, 0x043F, 0x043F, 0x043F, 0x0C5F, 0x0C5F, 0x0C3F, 0x0C5F, 0x043F, 0x0C5F, 0x0C5F, 0x0C5F, 0x0C5F,
    0x0C5F, 0x0C5F, 0x0C3F, 0x0C5F, 0x0C3F, 0x0C3F, 0x0C5F, 0x0C5F, 0x0C5F, 0x0C5F, 0x041F, 0x34DF, 0x6DBF, 0xB6FF, 0xFFFF, 0xEFDF,
    0xA69F, 0x4D3F, 0x0C3F, 0x761F, 0x8E7F, 0xA6BF, 0x9E9F, 0xBF1F, 0xB6DF, 0xD77F, 0xE7DF, 0xE7DF, 0xA6BF, 0xA6DF, 0xC75F, 0xC75F,
    0xCF7F, 0xE7DF, 0xC6BA, 0x1225, 0x3B0B, 0x2249, 0x0185, 0x01A6, 0x0124, 0x00E5, 0x0105, 0x0267, 0x02A9, 0x024A, 0x0188, 0x0063,
    0x8E7F, 0x8E7F, 0x8E7F, 0x8E5F, 0x969F, 0xAEDF, 0xA6BF, 0xCFBF, 0x84F6, 0x00A7, 0x1A0E, 0x1188, 0x11A9, 0x1A2E, 0x0906, 0x0863,
    0x1129, 0x19ED, 0x10E6, 0x1128, 0x21CB, 0x322C, 0x2989, 0x18E7, 0x0885, 0x8BC7, 0x8C08, 0xB50A, 0xC54A, 0x7307, 0x0001, 0x18C4,
    0x72C6, 0xE62B, 0xAC89, 0xC4CB, 0x5A47, 0x49E4, 0x9C08, 0x20A2, 0x73F0, 0xC79F, 0xA6DF, 0xB71F, 0x9EDF, 0xAEFF, 0xCF7F, 0xCF7F,
    0xCF5F, 0xDF9F, 0xE7BF, 0xE7DF, 0xAEBF, 0x1C3F, 0x7E3F, 0xBF3F, 0xA6BF, 0xA6DF, 0x9EBF, 0x969F, 0xB71F, 0xCF7F, 0xE7DF, 0xE7BF,
    0xE7DF, 0xDF9F, 0xCF5F, 0xDF9F, 0xBEFF, 0xAEBF, 0xAEDF, 0xB71F, 0x451F, 0x043F, 0x0C5F, 0x0C5F, 0x0C5F, 0x0C5F, 0x0C5F, 0x0C5F,
    0x0C3F, 0x0C3F, 0x0C5F, 0x0C3F, 0x0C3F, 0x0C3F, 0x0C3F, 0x0C3F, 0x0C3F, 0x0C3F, 0x0C3F, 0x0C3F, 0x0C3F, 0x0C3F, 0x0C3F, 0x0C3F,
    0x0C3F, 0x0C3F, 0x0C3F, 0x0C3F, 0x0C3F, 0x0C3F, 0x0C1F, 0x0C1F, 0x0C3F, 0x0C3F, 0x0C3F, 0x0C3F, 0x0C1F, 0x0C3F, 0x0C3F, 0x0C3F,
    0x0C1F, 0x0C1F, 0x0C1F, 0x0C1F, 0x0C3F, 0x0C3F, 0x0C3F, 0x0C1F, 0x0C1F, 0x0C1F, 0x0C3F, 0x0C3F, 0x0C3F, 0x0C3F, 0x0C3F, 0x0C3F,
    0x0C3F, 0x0C3F, 0x0C3F, 0x0C3F, 0x0C3F, 0x0C3F, 0x0C3F, 0x0C3F, 0x0C1F, 0x041F, 0x0C1F, 0x0C3F, 0x0C3F, 0x0C3F, 0x0C3F, 0x0C1F,
    0x0C3F, 0x0C3F, 0x0C3F, 0x0C3F, 0x0C3F, 0x0C3F, 0x0C3F, 0x0C3F, 0x0C3F, 0x0C3F, 0x0C3F, 0x0C3F, 0x0C3F, 0x0C3F, 0x0C3F, 0x0C3F,
    0x0C3F, 0x0C3F, 0x0C3F, 0x0C3F, 0x0C3F, 0x0C3F, 0x0C3F, 0x0C3F, 0x0C3F, 0x0C3F, 0x0C3F, 0x0C3F, 0x0C3F, 0x0C3F, 0x0C3F, 0x0C3F,
    0x0C3F, 0x0C3F, 0x0C3F, 0x0C3F, 0x0C3F, 0x0C3F, 0x0C3F, 0x0C1F, 0x0C1F, 0x0C3F, 0x0C3F, 0x0C3F, 0x0C3F, 0x0C3F, 0x0C3F, 0x0C3F,
    0x0C1F, 0x0C1F, 0x0C1F, 0x0C3F, 0x0C3F, 0x0C3F, 0x0C3F, 0x0C3F, 0x0C3F, 0x0C3F, 0x0C3F, 0x0C3F, 0x0C3F, 0x0C3F, 0x0C3F, 0x0C3F,
    0x0C3F, 0x0C3F, 0x0C1F, 0x0C1F, 0x041F, 0x043F, 0x043F, 0x041F, 0x03FF, 0x03DF, 0x34DE, 0xAEDF, 0x65BF, 0x65BF, 0xA6BF, 0xDFBF,
    0xAEBF, 0xAEDF, 0xF7FF, 0x957A, 0x2234, 0x01B2, 0x0214, 0x0216, 0x01B5, 0x01B4, 0x01B4, 0x0193, 0x01F3, 0x01F4, 0x01B4, 0x01D4,
    0x01F5, 0x0216, 0x01F6, 0x01F5, 0x01D5, 0x02D4, 0x02F4, 0x0276, 0x1B77, 0x12B5, 0x01B5, 0x0A36, 0x2295, 0x5BB5, 0x7436, 0x63F5,
    0xA579, 0xF7FF, 0xAEBF, 0x4D3F, 0x3D1F, 0x453F, 0x559F, 0x1C9F, 0x0C5F, 0x0C7F, 0x03BE, 0x549D, 0x149F, 0x0C5F, 0x145F, 0x0C5F,
    0x0C5F, 0x0C5F, 0x0C5F, 0x0C5F, 0x0C5F, 0x0C5F, 0x0C5F, 0x0C5F, 0x0C5F, 0x041F, 0x2CDF, 0x8E5F, 0xA6DF, 0xC75F, 0xE7BF, 0xDFBF,
    0xF7FF, 0xD77F, 0x861F, 0xBF3F, 0xCF5F, 0xA6BF, 0x9E9F, 0x967F, 0x967F, 0xC75F, 0xAEFF, 0xB6FF, 0xD79F, 0x9E9F, 0xA6DF, 0xCF7F,
    0xD79F, 0xC6DB, 0x2226, 0x0142, 0x0185, 0x0A28, 0x0228, 0x0207, 0x0146, 0x00C6, 0x0206, 0x0205, 0x0146, 0x0147, 0x020A, 0x00E6,
    0x969F, 0x8E7F, 0x8E7F, 0x8E7F, 0x8E7F, 0x8E5F, 0x969F, 0xA65B, 0x322A, 0x11AC, 0x19CC, 0x08E5, 0x1A0D, 0x19EC, 0x118B, 0x1108,
    0x1128, 0x08E6, 0x08C5, 0x29CB, 0x3A4C, 0x2188, 0x1927, 0x10C6, 0x5AA7, 0xA4C8, 0x4A25, 0xC54B, 0xBD0B, 0x2944, 0x0863, 0x3125,
    0xA428, 0xF68A, 0x8347, 0xCD6F, 0x3186, 0xAC49, 0x9387, 0x526A, 0x9E1B, 0xAF1F, 0xAEFF, 0xAEFF, 0x9EBF, 0xBF3F, 0xDF9F, 0xD77F,
    0xEFDF, 0xDF9F, 0xD79F, 0xC75F, 0xD77F, 0xC73F, 0xA6BF, 0xA6DF, 0xC75F, 0xAEDF, 0xBF1F, 0xD77F, 0xDFBF, 0xDFBF, 0xCF5F, 0xB71F,
    0xD79F, 0xE7BF, 0xE7BF, 0xEFDF, 0xDF9F, 0xAEDF, 0xA6DF, 0xA6DF, 0x1C7F, 0x043F, 0x0C7F, 0x0C7F, 0x0C5F, 0x0C5F, 0x0C5F, 0x043F,
    0x043F, 0x0C5F, 0x0C5F, 0x0C5F, 0x0C5F, 0x0C5F, 0x0C5F, 0x0C3F, 0x0C3F, 0x0C3F, 0x0C5F, 0x0C5F, 0x0C3F, 0x0C3F, 0x0C3F, 0x0C3F,
    0x0C3F, 0x0C3F, 0x0C3F, 0x0C3F, 0x0C3F, 0x0C3F, 0x0C3F, 0x0C3F, 0x0C3F, 0x0C3F, 0x0C3F, 0x0C3F, 0x0C3F, 0x0C3F, 0x0C3F, 0x0C3F,
    0x0C3F, 0x0C3F, 0x0C3F, 0x0C3F, 0x0C3F, 0x0C3F, 0x0C3F, 0x0C3F, 0x0C3F, 0x0C3F, 0x0C3F, 0x0C3F, 0x0C3F, 0x0C3F, 0x0C3F, 0x0C3F,
    0x0C3F, 0x0C3F, 0x0C3F, 0x0C3F, 0x0C3F, 0x0C3F, 0x0C3F, 0x0C3F, 0x0C3F, 0x0C3F, 0x0C3F, 0x0C3F, 0x0C3F, 0x0C3F, 0x0C3F, 0x0C3F,
    0x0C3F, 0x0C3F, 0x0C3F, 0x0C3F, 0x0C3F, 0x0C3F, 0x0C3F, 0x0C3F, 0x0C3F, 0x0C3F, 0x0C3F, 0x0C3F, 0x0C3F, 0x0C3F, 0x0C3F, 0x0C3F,
    0x0C3F, 0x0C3F, 0x0C3F, 0x0C3F, 0x0C3F, 0x0C3F, 0x0C3F, 0x0C3F, 0x0C3F, 0x0C3F, 0x0C3F, 0x0C3F, 0x0C3F, 0x0C3F, 0x0C3F, 0x0C3F,
    0x0C3F, 0x0C3F, 0x0C3F, 0x0C3F, 0x0C3F, 0x0C3F, 0x0C3F, 0x0C3F, 0x0C3F, 0x0C3F, 0x0C3F, 0x0C3F, 0x0C3F, 0x0C3F, 0x0C3F, 0x0C3F,
    0x0C3F, 0x0C3F, 0x0C3F, 0x0C3F, 0x0C3F, 0x0C3F, 0x0C3F, 0x0C3F, 0x0C3F, 0x0C3F, 0x0C3F, 0x0C3F, 0x0C3F, 0x0C3F, 0x0C3F, 0x0C3F,
    0x0C3F, 0x0C3F, 0x0C3F, 0x041F, 0x24BF, 0x1C9F, 0x351F, 0x5DBF, 0x863F, 0x6DDF, 0x863F, 0xAEDF, 0x863F, 0x8E5F, 0x967F, 0x967F,
    0x6DDF, 0x7E1F, 0xBF1F, 0x5C5A, 0x0175, 0x0216, 0x0216, 0x01D6, 0x0258, 0x0236, 0x0237, 0x01B3, 0x01F4, 0x0236, 0x01D4, 0x01B4,
    0x01F6, 0x0217, 0x0217, 0x01F6, 0x01F6, 0x0255, 0x02B4, 0x1B76, 0x1AF8, 0x0A57, 0x2AD7, 0x2AF7, 0x01F5, 0x0237, 0x09F4, 0x1A33,
    0x6CDB, 0xAEFF, 0xB6FF, 0x763F, 0x4D7F, 0x2CDF, 0x34FF, 0x147F, 0x24BF, 0x3D7F, 0x039E, 0x3BBE, 0x149F, 0x0C5F, 0x147F, 0x0C5F,
    0x0C5F, 0x0C5F, 0x0C5F, 0x0C5F, 0x0C5F, 0x0C5F, 0x0C5F, 0x0C5F, 0x0C3F, 0x249F, 0x8E5F, 0x9E9F, 0xA6DF, 0xD79F, 0xDFBF, 0xE7BF,
    0xDF9F, 0xC75F, 0xD77F, 0xC73F, 0xBF1F, 0xCF5F, 0xA6BF, 0x967F, 0xA6DF, 0xBF3F, 0x6D9F, 0x965F, 0xDF9F, 0xC73F, 0xC73F, 0xBF3F,
    0xCFBF, 0x7D14, 0x11C5, 0x3B2C, 0x00E3, 0x0186, 0x01E7, 0x0A09, 0x0147, 0x0127, 0x0146, 0x0104, 0x00A4, 0x0065, 0x00C6, 0x00E7,
    0x967F, 0x969F, 0x96BF, 0x969F, 0x969F, 0x8E7F, 0x9EDF, 0x7D17, 0x0929, 0x1A50, 0x1169, 0x0906, 0x2270, 0x222E, 0x118B, 0x1128,
    0x08C6, 0x0083, 0x1969, 0x320C, 0x3209, 0x1105, 0x10E6, 0x3186, 0xA4C9, 0x5286, 0x10C4, 0x5A87, 0x6AC8, 0x1064, 0x3166, 0x6AC8,
    0xEE2C, 0xB50A, 0x7B07, 0xD54D, 0x49E6, 0xCCEB, 0x59E5, 0x6BB0, 0x9EFF, 0x863F, 0x9EDF, 0xAEFF, 0xAEFF, 0xAEFF, 0xB71F, 0xE7BF,
    0xDFBF, 0xCF5F, 0xCF7F, 0xD79F, 0xE7BF, 0xFFFF, 0xCF5F, 0xA6DF, 0xD79F, 0xD77F, 0xDFBF, 0xEFDF, 0xB6FF, 0xA6BF, 0xB6FF, 0xD77F,
    0xDF9F, 0xE7BF, 0xD77F, 0xCF5F, 0xE7DF, 0xD77F, 0xBF3F, 0x555F, 0x141F, 0x0C3F, 0x0C7F, 0x0C5F, 0x147F, 0x147F, 0x1C7F, 0x1C9F,
    0x249F, 0x0C5F, 0x0C5F, 0x0C5F, 0x0C5F, 0x0C5F, 0x0C5F, 0x0C5F, 0x0C5F, 0x0C5F, 0x0C5F, 0x0C5F, 0x0C5F, 0x0C5F, 0x0C3F, 0x0C3F,
    0x0C3F, 0x0C3F, 0x0C3F, 0x0C3F, 0x0C3F, 0x0C3F, 0x0C3F, 0x0C3F, 0x0C3F, 0x0C3F, 0x0C3F, 0x0C3F, 0x0C3F, 0x0C3F, 0x0C3F, 0x0C3F,
    0x0C3F, 0x0C3F, 0x0C3F, 0x0C3F, 0x0C3F, 0x0C3F, 0x0C3F, 0x0C3F, 0x0C3F, 0x0C3F, 0x0C3F, 0x0C3F, 0x0C3F, 0x0C3F, 0x0C3F, 0x0C3F,
    0x0C3F, 0x0C3F, 0x0C3F, 0x0C3F, 0x0C3F, 0x0C3F, 0x0C3F, 0x0C3F, 0x0C3F, 0x0C3F, 0x0C3F, 0x0C3F, 0x0C3F, 0x0C3F, 0x0C3F, 0x0C3F,
    0x0C3F, 0x0C3F, 0x0C3F, 0x0C3F, 0x0C3F, 0x0C3F, 0x0C3F, 0x0C3F, 0x0C3F, 0x0C3F, 0x0C3F, 0x0C3F, 0x0C3F, 0x0C3F, 0x0C3F, 0x0C3F,
    0x0C3F, 0x0C3F, 0x0C3F, 0x0C3F, 0x0C3F, 0x0C3F, 0x0C3F, 0x0C3F, 0x0C3F, 0x0C3F, 0x0C3F, 0x0C3F, 0x0C3F, 0x0C3F, 0x0C3F, 0x0C3F,
    0x0C3F, 0x0C3F, 0x0C3F, 0x0C3F, 0x0C3F, 0x0C3F, 0x0C3F, 0x0C3F, 0x0C3F, 0x0C3F, 0x0C3F, 0x0C3F, 0x0C3F, 0x0C3F, 0x0C3F, 0x0C3F,
    0x0C3F, 0x0C3F, 0x0C3F, 0x0C3F, 0x0C3F, 0x0C3F, 0x0C3F, 0x0C3F, 0x0C3F, 0x0C3F, 0x0C3F, 0x0C3F, 0x0C3F, 0x0C3F, 0x0C3F, 0x0C3F,
    0x0C3F, 0x0C3F, 0x0C3F, 0x0C3F, 0x147F, 0x0C5F, 0x147F, 0x2CDF, 0x2CFF, 0x34FF, 0x6DDF, 0x5D9F, 0x5D9F, 0x659F, 0x453F, 0x75DF,
    0x7E1F, 0x7DFF, 0x75DF, 0x7DFF, 0x3BDC, 0x0A59, 0x0258, 0x0259, 0x029A, 0x0256, 0x0299, 0x01F5, 0x0256, 0x0215, 0x01F6, 0x01F6,
    0x01F6, 0x0257, 0x029A, 0x0279, 0x01F6, 0x01B5, 0x01B4, 0x2AF6, 0x01D7, 0x1AB9, 0x3B39, 0x2296, 0x01F4, 0x32F7, 0x1AD9, 0x141D,
    0x559F, 0x65BF, 0x147F, 0x1CBF, 0x147F, 0x043F, 0x043F, 0x0C5F, 0x145F, 0x1CBF, 0x039F, 0x6C9E, 0x761F, 0x041F, 0x147F, 0x0C5F,
    0x0C5F, 0x0C5F, 0x0C5F, 0x0C5F, 0x0C5F, 0x0C5F, 0x0C5F, 0x0C5F, 0x147F, 0x7E3F, 0x9E9F, 0x967F, 0x967F, 0xA6DF, 0xDFBF, 0xEFDF,
    0xDF9F, 0xC75F, 0xEFDF, 0xE7DF, 0xD79F, 0xEFDF, 0xC73F, 0x9EBF, 0xBF3F, 0x7E1F, 0x6DBF, 0x7DFF, 0x8E5F, 0xD79F, 0xD79F, 0x9EBF,
    0x863F, 0x8E5D, 0x74D5, 0x0987, 0x11C7, 0x32CC, 0x0125, 0x7411, 0x0926, 0x0106, 0x00E6, 0x1989, 0x09C9, 0x0147, 0x00C5, 0x00A5,
    0x96BF, 0x969F, 0x8E5D, 0x969F, 0x969F, 0x969F, 0x8E1C, 0x21EA, 0x1A0F, 0x19CC, 0x08E5, 0x19CB, 0x226F, 0x220D, 0x1149, 0x10E7,
    0x08A4, 0x1948, 0x29EC, 0x29CA, 0x1927, 0x10E6, 0x2187, 0x62E9, 0x62E8, 0x1926, 0x2946, 0x7B08, 0x20E4, 0x1064, 0x5A27, 0xDDAC,
    0xEE4D, 0x8BCA, 0x6AA7, 0xDD6C, 0x9368, 0x9B68, 0x6A67, 0x8D9A, 0x8E9F, 0x7E3F, 0x9E9F, 0xBF3F, 0xB71F, 0xAEFF, 0x969F, 0xBF3F,
    0xDFBF, 0xDFBF, 0xDF9F, 0xBF1F, 0xCF5F, 0xDF9F, 0xDFBF, 0xD79F, 0xD79F, 0xDF9F, 0xD79F, 0xAEDF, 0x8E5F, 0x965F, 0xA6BF, 0xE7BF,
    0xEFDF, 0xE7BF, 0xBF3F, 0x9EBF, 0xDF9F, 0xD77F, 0xAEFF, 0xC73F, 0xCF7F, 0x9E9F, 0x043F, 0x0C5F, 0x6DFF, 0x8E7F, 0xBF1F, 0xDFBF,
    0xC73F, 0x2CDF, 0x24BF, 0x0C5F, 0x0C5F, 0x0C5F, 0x0C5F, 0x0C5F, 0x0C5F, 0x0C5F, 0x0C5F, 0x0C5F, 0x0C5F, 0x0C5F, 0x0C5F, 0x0C5F,
    0x0C5F, 0x0C5F, 0x0C5F, 0x0C5F, 0x0C3F, 0x0C3F, 0x0C5F, 0x0C5F, 0x0C5F, 0x0C5F, 0x0C5F, 0x0C5F, 0x0C3F, 0x0C3F, 0x0C3F, 0x0C3F,
    0x0C3F, 0x0C3F, 0x0C3F, 0x0C3F, 0x0C3F, 0x0C3F, 0x0C3F, 0x0C3F, 0x0C3F, 0x0C3F, 0x0C3F, 0x0C3F, 0x0C3F, 0x0C3F, 0x0C3F, 0x0C3F,
    0x0C5F, 0x0C3F, 0x0C3F, 0x0C3F, 0x0C3F, 0x0C3F, 0x0C3F, 0x0C3F, 0x0C3F, 0x0C3F, 0x0C3F, 0x0C5F, 0x0C3F, 0x0C3F, 0x0C3F, 0x0C3F,
    0x0C3F, 0x0C3F, 0x0C3F, 0x0C3F, 0x0C5F, 0x0C3F, 0x0C3F, 0x0C3F, 0x0C3F, 0x0C3F, 0x0C3F, 0x0C3F, 0x0C3F, 0x0C3F, 0x0C3F, 0x0C3F,
    0x0C3F, 0x0C3F, 0x0C3F, 0x0C3F, 0x0C3F, 0x0C3F, 0x0C3F, 0x0C3F, 0x0C3F, 0x0C3F, 0x0C3F, 0x0C3F, 0x0C5F, 0x0C3F, 0x0C3F, 0x0C3F,
    0x0C3F, 0x0C3F, 0x0C3F, 0x0C3F, 0x0C3F, 0x0C3F, 0x0C3F, 0x0C3F, 0x0C3F, 0x0C3F, 0x0C3F, 0x0C3F, 0x0C3F, 0x0C3F, 0x0C3F, 0x0C3F,
    0x0C3F, 0x0C3F, 0x0C3F, 0x0C3F, 0x0C3F, 0x0C3F, 0x0C3F, 0x0C3F, 0x0C3F, 0x0C3F, 0x0C3F, 0x0C3F, 0x0C3F, 0x0C3F, 0x0C3F, 0x0C3F,
    0x0C3F, 0x0C5F, 0x0C5F, 0x0C5F, 0x0C5F, 0x0C3F, 0x043F, 0x043F, 0x043F, 0x0C5F, 0x147F, 0x147F, 0x147F, 0x0C5F, 0x4D5F, 0x75FF,
    0x75FF, 0x5D9F, 0x0C3F, 0x34FF, 0x75FF, 0x4D1F, 0x0ADA, 0x025A, 0x0217, 0x0256, 0x0ADA, 0x12FB, 0x0257, 0x01D3, 0x0237, 0x0257,
    0x01F6, 0x0298, 0x0238, 0x0AF5, 0x12B6, 0x0258, 0x53F8, 0x4357, 0x01B5, 0x1A98, 0x4379, 0x1A76, 0x1A34, 0x6C9A, 0x24DF, 0x0C5F,
    0x0C5F, 0x145F, 0x0C5F, 0x0C5F, 0x147F, 0x147F, 0x147F, 0x0C5F, 0x0C5F, 0x147F, 0x03DF, 0x959E, 0x969F, 0x041F, 0x147F, 0x0C7F,
    0x0C5F, 0x147F, 0x0C7F, 0x0C7F, 0x147F, 0x147F, 0x0C7F, 0x043F, 0x0C5F, 0x7E3F, 0x967F, 0x8E5F, 0x967F, 0x9E9F, 0xCF5F, 0xD77F,
    0xAEDF, 0xB71F, 0xDFBF, 0xBF3F, 0xC75F, 0xDFBF, 0xE7BF, 0x9E9F, 0x7E1F, 0x6DBF, 0x7E1F, 0x7DFF, 0x8E5F, 0xCF7F, 0xAEDF, 0xAEFF,
    0x8E5F, 0x9EDF, 0x95B9, 0x0926, 0x8D77, 0x53D0, 0x0082, 0x21E9, 0x21C9, 0x00E5, 0x0002, 0x73F3, 0x6C53, 0x00E4, 0x0ACB, 0x00E6,
    0x861B, 0x4C52, 0x33AF, 0xA71F, 0x96BF, 0x9F1F, 0x324B, 0x0929, 0x1A0E, 0x1127, 0x1106, 0x1A2E, 0x226F, 0x198A, 0x08E7, 0x08A5,
    0x1949, 0x29EB, 0x29EB, 0x1947, 0x10C6, 0x3187, 0x62A9, 0x4A09, 0x39A7, 0x4A48, 0x8BA9, 0xC4C9, 0x2924, 0x20C4, 0xC52B, 0xDD8B,
    0x72C8, 0x93AA, 0x9BCA, 0xE5EE, 0x5A26, 0x7A64, 0x74B5, 0x7E3F, 0x75FF, 0x8E5F, 0xAEFF, 0xAEFF, 0xD77F, 0xD79F, 0xB71F, 0xB71F,
    0xD79F, 0xCF7F, 0xD79F, 0xC75F, 0xAEDF, 0xCF5F, 0xDFBF, 0xE7BF, 0xDF9F, 0xE7DF, 0xBF3F, 0x863F, 0x863F, 0x7E1F, 0x9E9F, 0xE7BF,
    0xE7DF, 0xCF7F, 0xA6BF, 0xAEFF, 0xCF7F, 0xE7BF, 0xE7BF, 0xE7DF, 0xEFFF, 0xCF3F, 0x147F, 0x761F, 0x9E9F, 0x969F, 0xCF7F, 0xE7DF,
    0xDFBF, 0xEFDF, 0x9E9F, 0x041F, 0x147F, 0x0C5F, 0x0C5F, 0x0C5F, 0x0C5F, 0x0C5F, 0x0C5F, 0x0C5F, 0x0C5F, 0x0C5F, 0x0C5F, 0x0C5F,
    0x0C5F, 0x0C5F, 0x0C5F, 0x0C5F, 0x0C5F, 0x0C5F, 0x0C5F, 0x0C5F, 0x0C5F, 0x0C5F, 0x0C5F, 0x0C5F, 0x0C5F, 0x0C5F, 0x0C5F, 0x0C5F,
    0x0C5F, 0x0C5F, 0x0C5F, 0x0C3F, 0x0C3F, 0x0C3F, 0x0C3F, 0x0C3F, 0x0C3F, 0x0C3F, 0x0C3F, 0x0C3F, 0x0C3F, 0x0C3F, 0x0C3F, 0x0C3F,
    0x0C5F, 0x0C3F, 0x0C5F, 0x0C3F, 0x0C3F, 0x0C3F, 0x0C3F, 0x0C3F, 0x0C3F, 0x0C5F, 0x0C5F, 0x0C5F, 0x0C5F, 0x0C5F, 0x0C3F, 0x0C3F,
    0x0C3F, 0x0C5F, 0x0C5F, 0x0C5F, 0x0C5F, 0x0C5F, 0x0C5F, 0x0C5F, 0x0C5F, 0x0C5F, 0x0C5F, 0x0C5F, 0x0C5F, 0x0C5F, 0x0C5F, 0x0C5F,
    0x0C3F, 0x0C3F, 0x0C5F, 0x0C3F, 0x0C5F, 0x0C3F, 0x0C3F, 0x0C5F, 0x0C5F, 0x0C5F, 0x0C5F, 0x0C5F, 0x0C5F, 0x0C5F, 0x0C5F, 0x0C5F,
    0x0C3F, 0x0C3F, 0x0C5F, 0x0C3F, 0x0C3F, 0x0C5F, 0x0C5F, 0x0C3F, 0x0C3F, 0x0C3F, 0x0C5F, 0x0C3F, 0x0C3F, 0x0C3F, 0x0C3F, 0x0C3F,
    0x0C3F, 0x0C3F, 0x0C5F, 0x0C3F, 0x0C3F, 0x0C3F, 0x0C3F, 0x0C5F, 0x0C5F, 0x0C3F, 0x0C3F, 0x0C3F, 0x0C3F, 0x0C3F, 0x0C5F, 0x0C5F,
    0x0C5F, 0x0C5F, 0x0C5F, 0x0C5F, 0x0C5F, 0x0C5F, 0x0C5F, 0x0C5F, 0x0C5F, 0x0C5F, 0x0C5F, 0x0C5F, 0x0C5F, 0x0C5F, 0x147F, 0x149F,
    0x1C9F, 0x0C5F, 0x0C7F, 0x147F, 0x149F, 0x1CBF, 0x1CBF, 0x02BB, 0x025A, 0x01D5, 0x0217, 0x0AFC, 0x0258, 0x0237, 0x0279, 0x0278,
    0x0216, 0x0215, 0x01D4, 0x0A95, 0x4418, 0x0AB9, 0x9539, 0x5BB7, 0x09F4, 0x32F7, 0x5BB8, 0x09F5, 0x7CFA, 0x455F, 0x045F, 0x149F,
    0x147F, 0x0C7F, 0x147F, 0x147F, 0x147F, 0x147F, 0x147F, 0x147F, 0x0C7F, 0x149F, 0x039F, 0x8D5E, 0x8E7F, 0x041F, 0x1C9F, 0x147F,
    0x147F, 0x147F, 0x147F, 0x0C7F, 0x043F, 0x045F, 0x1C9F, 0x2CDF, 0x24BF, 0x34DF, 0x969F, 0xA6BF, 0x9EBF, 0xD77F, 0xA69F, 0x861F,
    0xB71F, 0xBF5F, 0xD79F, 0xB6FF, 0x9E9F, 0xD79F, 0xA6BF, 0x7E1F, 0x75DF, 0x7E1F, 0x9E9F, 0x8E5F, 0xC75F, 0x967F, 0x967F, 0xBF3F,
    0xBF5F, 0xB71F, 0xAEDF, 0xA6BF, 0xBF5F, 0x4B70, 0x7473, 0xDFDF, 0x9556, 0x0906, 0x39EA, 0x5B50, 0x4B70, 0x0187, 0x0147, 0x0106,
    0x01C6, 0x01A4, 0x33CF, 0x96BD, 0x8E3C, 0x8E1B, 0x21EB, 0x19CD, 0x198A, 0x08E5, 0x19AB, 0x224F, 0x19AA, 0x1149, 0x08A5, 0x1949,
    0x218A, 0x320A, 0x2188, 0x08C6, 0x2126, 0x5A68, 0x41E8, 0x4A08, 0x8B69, 0x5269, 0xCD6B, 0xBD09, 0x2105, 0x6ACA, 0xD5CE, 0x41A4,
    0xC4EC, 0xA42B, 0x9389, 0xEE0F, 0x7AC6, 0x9367, 0x4C98, 0x6DFF, 0x75FF, 0x75FF, 0x7E1F, 0xA6BF, 0xAEDF, 0xAEFF, 0xC77F, 0xBF5F,
    0xCF7F, 0xC75F, 0xBF1F, 0xE7BF, 0xDF9F, 0xD79F, 0xD79F, 0xCF7F, 0xD79F, 0xC75F, 0xB6FF, 0x7E1F, 0x863F, 0x863F, 0x7E1F, 0xB71F,
    0xC75F, 0x9EBF, 0x9E9F, 0xC75F, 0xE7BF, 0xDFBF, 0xE7BF, 0xDFBF, 0xE7BF, 0xD79F, 0x969F, 0x8E9F, 0x969F, 0xB71F, 0xD79F, 0xDFBF,
    0xDFBF, 0xE7DF, 0xB6FF, 0x24BF, 0x0C7F, 0x0C7F, 0x0C5F, 0x0C7F, 0x147F, 0x0C7F, 0x0C5F, 0x0C5F, 0x0C5F, 0x0C5F, 0x145F, 0x0C5F,
    0x0C5F, 0x0C5F, 0x0C5F, 0x0C5F, 0x0C5F, 0x0C5F, 0x0C5F, 0x0C5F, 0x0C5F, 0x0C5F, 0x0C5F, 0x0C5F, 0x0C5F, 0x0C5F, 0x0C5F, 0x0C5F,
    0x0C5F, 0x0C5F, 0x0C5F, 0x0C5F, 0x0C5F, 0x0C5F, 0x0C5F, 0x0C3F, 0x0C5F, 0x0C5F, 0x0C5F, 0x0C5F, 0x0C5F, 0x0C5F, 0x0C5F, 0x0C5F,
    0x0C5F, 0x0C5F, 0x0C5F, 0x0C5F, 0x0C5F, 0x0C3F, 0x0C3F, 0x0C5F, 0x0C5F, 0x0C5F, 0x0C5F, 0x0C5F, 0x0C5F, 0x0C5F, 0x0C5F, 0x0C5F,
    0x0C5F, 0x0C5F, 0x0C5F, 0x0C5F, 0x0C5F, 0x0C5F, 0x0C5F, 0x0C5F, 0x0C5F, 0x0C5F, 0x0C5F, 0x0C5F, 0x0C5F, 0x0C5F, 0x0C5F, 0x0C5F,
    0x0C5F, 0x0C5F, 0x145F, 0x0C5F, 0x0C5F, 0x0C5F, 0x0C5F, 0x0C5F, 0x0C5F, 0x0C5F, 0x0C5F, 0x0C5F, 0x0C5F, 0x0C5F, 0x0C5F, 0x0C5F,
    0x0C5F, 0x0C5F, 0x0C5F, 0x0C5F, 0x0C5F, 0x0C5F, 0x0C5F, 0x0C5F, 0x0C5F, 0x0C5F, 0x0C5F, 0x0C5F, 0x0C5F, 0x0C5F, 0x0C5F, 0x0C5F,
    0x0C5F, 0x0C5F, 0x0C5F, 0x0C5F, 0x0C5F, 0x0C5F, 0x0C5F, 0x0C5F, 0x0C5F, 0x0C5F, 0x0C5F, 0x0C3F, 0x0C5F, 0x0C5F, 0x0C5F, 0x0C5F,
    0x0C5F, 0x0C5F, 0x0C5F, 0x0C5F, 0x0C5F, 0x0C5F, 0x0C5F, 0x0C5F, 0x0C5F, 0x0C5F, 0x0C5F, 0x147F, 0x147F, 0x147F, 0x147F, 0x147F,
    0x147F, 0x147F, 0x149F, 0x149F, 0x149F, 0x149F, 0x1CDF, 0x0B5C, 0x025A, 0x0ADB, 0x0237, 0x0239, 0x0B1D, 0x0238, 0x0259, 0x0279,
    0x0278, 0x0215, 0x01F5, 0x12D9, 0x0A17, 0x22D8, 0x8CD9, 0x4B77, 0x3317, 0x63D6, 0xA57A, 0x5B96, 0x7DBD, 0x045F, 0x149F, 0x147F,
    0x147F, 0x147F, 0x147F, 0x147F, 0x147F, 0x147F, 0x147F, 0x147F, 0x147F, 0x149F, 0x031E, 0x8D9E, 0xB6FF, 0x149F, 0x149F, 0x149F,
    0x043F, 0x043F, 0x043F, 0x149F, 0x4D5F, 0x5D9F, 0x6DFF, 0xDF9F, 0xDF9F, 0x969F, 0xAEFF, 0xC75F, 0xB6FF, 0xB6FF, 0x965F, 0x861F,
    0xA6BF, 0xA6DF, 0xCF7F, 0xA6BF, 0x9E9F, 0xBF3F, 0x861F, 0x861F, 0x75DF, 0x861F, 0x863F, 0x861F, 0x967F, 0x8E5F, 0x969F, 0x969F,
    0xBF3F, 0xC75F, 0x8599, 0x963C, 0xA6DF, 0xB6FF, 0xC71F, 0x8516, 0x00A3, 0x19C7, 0xC63A, 0x532E, 0x0064, 0x0127, 0x00E6, 0x0106,
    0x2BB1, 0x1ACB, 0x5C73, 0x1A28, 0x64F4, 0x5392, 0x096B, 0x21EC, 0x08C4, 0x0907, 0x222F, 0x19CB, 0x1149, 0x1149, 0x08A5, 0x198A,
    0x29EB, 0x31E8, 0x2167, 0x1906, 0x5227, 0x5248, 0x2127, 0x7328, 0x5AA8, 0x31C9, 0xCDAB, 0x5AE6, 0x0863, 0x6289, 0x6288, 0x8327,
    0xF64E, 0x8B07, 0xCD0B, 0xE5CE, 0xABA7, 0xAC8E, 0x96BF, 0x7E1F, 0x761F, 0x6DFF, 0x7E1F, 0x9EBF, 0xA6BF, 0xAEFF, 0xAEFF, 0x9EBF,
    0xB73F, 0xB73F, 0xBF1F, 0xDFBF, 0xE7BF, 0xE7BF, 0xBF1F, 0x7E1F, 0x9E9F, 0x75FF, 0x7DFF, 0x967F, 0x967F, 0x863F, 0x863F, 0x8E5F,
    0xAEFF, 0x9E9F, 0xBF3F, 0xE7BF, 0xDFBF, 0xE7BF, 0xE7BF, 0xE7BF, 0xDFBF, 0xAEFF, 0xB71F, 0xAEFF, 0x9EBF, 0xB6FF, 0xCF5F, 0xDFBF,
    0xDFBF, 0xD79F, 0xEFFF, 0x861F, 0x041F, 0x149F, 0x0C7F, 0x147F, 0x147F, 0x147F, 0x147F, 0x147F, 0x147F, 0x145F, 0x147F, 0x145F,
    0x147F, 0x0C7F, 0x0C5F, 0x0C5F, 0x0C5F, 0x0C5F, 0x0C5F, 0x0C5F, 0x0C5F, 0x0C5F, 0x0C5F, 0x0C5F, 0x0C5F, 0x0C5F, 0x0C5F, 0x0C5F,
    0x145F, 0x0C5F, 0x0C5F, 0x0C5F, 0x0C5F, 0x0C5F, 0x0C5F, 0x0C5F, 0x0C5F, 0x0C5F, 0x0C5F, 0x0C5F, 0x0C5F, 0x0C5F, 0x0C5F, 0x0C5F,
    0x0C5F, 0x0C5F, 0x0C5F, 0x0C5F, 0x0C5F, 0x0C5F, 0x0C5F, 0x0C5F, 0x0C5F, 0x0C5F, 0x0C5F, 0x0C5F, 0x0C5F, 0x0C5F, 0x145F, 0x145F,
    0x0C5F, 0x0C5F, 0x0C5F, 0x0C5F, 0x145F, 0x145F, 0x145F, 0x145F, 0x145F, 0x145F, 0x145F, 0x0C5F, 0x0C5F, 0x145F, 0x145F, 0x145F,
    0x145F, 0x145F, 0x145F, 0x145F, 0x145F, 0x145F, 0x145F, 0x145F, 0x0C5F, 0x145F, 0x145F, 0x145F, 0x145F, 0x145F, 0x145F, 0x0C5F,
    0x0C5F, 0x0C5F, 0x0C5F, 0x0C5F, 0x0C5F, 0x0C5F, 0x0C5F, 0x0C5F, 0x0C5F, 0x0C5F, 0x0C5F, 0x0C5F, 0x0C5F, 0x0C5F, 0x0C5F, 0x0C5F,
    0x0C5F, 0x0C5F, 0x0C5F, 0x0C5F, 0x0C5F, 0x0C5F, 0x0C5F, 0x0C5F, 0x0C5F, 0x0C5F, 0x0C5F, 0x0C5F, 0x145F, 0x145F, 0x145F, 0x145F,
    0x145F, 0x145F, 0x145F, 0x0C5F, 0x0C5F, 0x0C5F, 0x0C5F, 0x145F, 0x147F, 0x145F, 0x147F, 0x147F, 0x147F, 0x147F, 0x147F, 0x149F,
    0x149F, 0x149F, 0x149F, 0x149F, 0x149F, 0x149F, 0x1CBF, 0x147F, 0x029C, 0x0BFE, 0x031B, 0x139C, 0x13FE, 0x029B, 0x027A, 0x0279,
    0x0278, 0x0236, 0x0257, 0x0A57, 0x01B6, 0x7458, 0xFFBE, 0x7438, 0x2B9B, 0x84FA, 0x541B, 0x4379, 0x65DF, 0x045F, 0x149F, 0x149F,
    0x149F, 0x147F, 0x147F, 0x147F, 0x147F, 0x147F, 0x149F, 0x147F, 0x149F, 0x147F, 0x1B9E, 0xA69F, 0xFFFF, 0x8E5F, 0x24DF, 0x14BF,
    0x4D5F, 0x455F, 0x3D3F, 0x761F, 0xCF9F, 0xD77F, 0x8E5F, 0xC73F, 0xB71F, 0xAEDF, 0xA6BF, 0x75DF, 0x9E9F, 0x967F, 0x75DF, 0x75DF,
    0x7E1F, 0x9E7F, 0xA69F, 0x7DDF, 0x8E5F, 0x7E1F, 0x861F, 0x7DFF, 0x7DFF, 0x861F, 0x8E3F, 0x6D7F, 0x6D9F, 0x8E7F, 0x8E5F, 0x8E3F,
    0x969F, 0x85B9, 0x0182, 0x2AAA, 0x965D, 0xCF9F, 0x95B9, 0x326C, 0x09A5, 0x01C4, 0x00A5, 0x00C5, 0x00C5, 0x0085, 0x00C6, 0x0107,
    0x4495, 0x33B1, 0x42EF, 0x32CD, 0x7CF5, 0x3B11, 0x1A0E, 0x1969, 0x08E5, 0x118A, 0x224F, 0x19AB, 0x196A, 0x08A5, 0x08E6, 0x29EC,
    0x31EA, 0x2167, 0x08C6, 0x39C7, 0x5247, 0x2946, 0x39C7, 0x7B68, 0x4A07, 0x39A9, 0x9469, 0x1902, 0x3965, 0x6A89, 0x9389, 0xF68D,
    0xA3E9, 0x7A66, 0xF64F, 0xC4EC, 0xA3A8, 0xA555, 0xA6FF, 0xAEFF, 0x969F, 0x863F, 0x863F, 0x761F, 0x8E7F, 0xA6DF, 0xA6DF, 0xA6BF,
    0x9EBF, 0xAF1F, 0xB71F, 0xCF7F, 0xCF5F, 0xDF9F, 0xA6BF, 0x75FF, 0x75FF, 0x7DFF, 0x8E5F, 0xC73F, 0xB71F, 0x865F, 0x7E3F, 0x863F,
    0xAEDF, 0xD77F, 0xE7BF, 0xDF9F, 0xDF9F, 0xDF9F, 0xE7BF, 0xE7BF, 0xDFBF, 0xCF5F, 0xDF9F, 0xD79F, 0xAEFF, 0xD77F, 0xE7DF, 0xDFBF,
    0xDFBF, 0xDF9F, 0xEFDF, 0x8E3F, 0x041F, 0x0C7F, 0x149F, 0x147F, 0x147F, 0x147F, 0x147F, 0x147F, 0x147F, 0x147F, 0x147F, 0x147F,
    0x147F, 0x147F, 0x145F, 0x147F, 0x147F, 0x145F, 0x0C5F, 0x0C5F, 0x0C5F, 0x0C5F, 0x0C5F, 0x0C5F, 0x0C5F, 0x0C5F, 0x0C5F, 0x145F,
    0x145F, 0x145F, 0x0C5F, 0x0C5F, 0x145F, 0x0C5F, 0x0C5F, 0x0C5F, 0x0C5F, 0x0C5F, 0x0C5F, 0x0C5F, 0x145F, 0x145F, 0x0C5F, 0x0C5F,
    0x0C5F, 0x0C5F, 0x0C5F, 0x0C5F, 0x0C5F, 0x145F, 0x145F, 0x145F, 0x145F, 0x145F, 0x145F, 0x145F, 0x147F, 0x147F, 0x147F, 0x147F,
    0x145F, 0x147F, 0x0C5F, 0x147F, 0x147F, 0x147F, 0x147F, 0x147F, 0x147F, 0x145F, 0x145F, 0x145F, 0x145F, 0x145F, 0x145F, 0x145F,
    0x147F, 0x145F, 0x145F, 0x145F, 0x145F, 0x145F, 0x145F, 0x145F, 0x145F, 0x147F, 0x147F, 0x147F, 0x147F, 0x145F, 0x145F, 0x145F,
    0x0C5F, 0x0C5F, 0x0C5F, 0x0C5F, 0x0C5F, 0x0C5F, 0x0C5F, 0x145F, 0x0C5F, 0x0C5F, 0x0C5F, 0x0C5F, 0x0C5F, 0x0C5F, 0x145F, 0x145F,
    0x145F, 0x145F, 0x0C5F, 0x0C5F, 0x0C5F, 0x145F, 0x145F, 0x145F, 0x145F, 0x0C5F, 0x145F, 0x145F, 0x147F, 0x147F, 0x145F, 0x147F,
    0x145F, 0x145F, 0x147F, 0x147F, 0x147F, 0x147F, 0x147F, 0x147F, 0x147F, 0x147F, 0x147F, 0x147F, 0x147F, 0x147F, 0x149F, 0x149F,
    0x149F, 0x149F, 0x149F, 0x149F, 0x1CBF, 0x1CBF, 0x1CBF, 0x1C9F, 0x1C1E, 0x1C3E, 0x01DA, 0x1CBF, 0x1C1E, 0x0A9C, 0x0ADC, 0x0ADA,
    0x02B7, 0x0AD9, 0x0AB9, 0x1298, 0x0A78, 0x73D6, 0xFF9E, 0xDF1D, 0x241E, 0x23BE, 0x859D, 0x3C1B, 0x149F, 0x1CBF, 0x14BF, 0x149F,
    0x149F, 0x149F, 0x149F, 0x149F, 0x149F, 0x149F, 0x149F, 0x1CBF, 0x14BF, 0x1CDF, 0x2C9F, 0xAE9F, 0xFFFF, 0x967F, 0x351F, 0x14BF,
    0x865F, 0x96BF, 0x6E1F, 0x6DFF, 0x65BF, 0x861F, 0x75FF, 0x75DF, 0x8E5F, 0x861F, 0x861F, 0x7E1F, 0x75FF, 0x75DF, 0x7DFF, 0x75FF,
    0x75FF, 0x861F, 0x965F, 0x7E1F, 0x6DBF, 0x7DFF, 0x8E5F, 0x7DFF, 0x7DFF, 0x7DFF, 0x75DF, 0x7E3F, 0x54F8, 0x33AD, 0x861C, 0x8E7F,
    0x969F, 0x6D38, 0x0284, 0x0224, 0x2B0D, 0x64B6, 0xAE7B, 0x95DA, 0x0A07, 0x01A6, 0x0106, 0x0147, 0x0146, 0x01A6, 0x0268, 0x01A8,
    0x02EC, 0x02CB, 0x01C9, 0x4452, 0x326B, 0x098C, 0x220D, 0x1148, 0x1149, 0x19ED, 0x118A, 0x19AC, 0x196B, 0x0084, 0x1168, 0x29EC,
    0x29CA, 0x1128, 0x2188, 0x5268, 0x31C7, 0x2167, 0x62C8, 0x5267, 0x2927, 0x7309, 0x5246, 0x1083, 0x6A89, 0x938A, 0xE5ED, 0xA4AC,
    0x7267, 0xC4AB, 0xE60E, 0xAC08, 0xA44D, 0xAF1F, 0xA6DF, 0x969F, 0xA6BF, 0x9EBF, 0x865F, 0x763F, 0x761F, 0x969F, 0xA6DF, 0xA6DF,
    0xA6DF, 0xA6DF, 0xC77F, 0xB71F, 0x967F, 0xBF3F, 0x8E7F, 0x863F, 0x7E1F, 0x75DF, 0x863F, 0xBF3F, 0xBF3F, 0xB71F, 0xAEDF, 0xB71F,
    0xB6FF, 0xD77F, 0xE7DF, 0xDFBF, 0xD79F, 0xD79F, 0xCF7F, 0xCF7F, 0xDFBF, 0xE7BF, 0xE7BF, 0xDF9F, 0xDF9F, 0xDFBF, 0xC75F, 0xCF7F,
    0xDF9F, 0xDFBF, 0xE7BF, 0xCF7F, 0x9EBF, 0x34FF, 0x0C7F, 0x149F, 0x149F, 0x147F, 0x147F, 0x147F, 0x149F, 0x149F, 0x147F, 0x147F,
    0x147F, 0x147F, 0x147F, 0x147F, 0x147F, 0x147F, 0x147F, 0x0C5F, 0x0C7F, 0x147F, 0x0C7F, 0x147F, 0x147F, 0x147F, 0x147F, 0x147F,
    0x147F, 0x147F, 0x147F, 0x147F, 0x147F, 0x147F, 0x147F, 0x147F, 0x147F, 0x147F, 0x147F, 0x147F, 0x147F, 0x147F, 0x145F, 0x0C5F,
    0x0C5F, 0x0C7F, 0x147F, 0x147F, 0x147F, 0x147F, 0x147F, 0x147F, 0x147F, 0x147F, 0x147F, 0x147F, 0x147F, 0x147F, 0x147F, 0x147F,
    0x147F, 0x147F, 0x147F, 0x147F, 0x147F, 0x147F, 0x147F, 0x147F, 0x147F, 0x147F, 0x147F, 0x147F, 0x147F, 0x147F, 0x147F, 0x147F,
    0x147F, 0x147F, 0x147F, 0x147F, 0x147F, 0x147F, 0x147F, 0x147F, 0x147F, 0x147F, 0x147F, 0x147F, 0x147F, 0x147F, 0x147F, 0x147F,
    0x0C7F, 0x0C5F, 0x147F, 0x0C7F, 0x0C5F, 0x0C5F, 0x147F, 0x147F, 0x147F, 0x147F, 0x147F, 0x147F, 0x147F, 0x147F, 0x147F, 0x147F,
    0x147F, 0x147F, 0x145F, 0x0C7F, 0x0C7F, 0x147F, 0x147F, 0x147F, 0x147F, 0x147F, 0x147F, 0x147F, 0x147F, 0x147F, 0x147F, 0x147F,
    0x147F, 0x147F, 0x147F, 0x147F, 0x147F, 0x147F, 0x147F, 0x147F, 0x147F, 0x147F, 0x147F, 0x147F, 0x147F, 0x147F, 0x149F, 0x149F,
    0x149F, 0x149F, 0x1CBF, 0x1CBF, 0x1CBF, 0x1CBF, 0x1CDF, 0x1CDF, 0x1C5F, 0x24BF, 0x0ADD, 0x1C3E, 0x1CBF, 0x0ADB, 0x0ABC, 0x0ADC,
    0x02B8, 0x02BA, 0x0A79, 0x12DA, 0x53F8, 0xBDD9, 0xFFDE, 0xC6FE, 0x145F, 0x349E, 0x8DFF, 0x1C9F, 0x1CBF, 0x1CBF, 0x1CBF, 0x149F,
    0x14BF, 0x149F, 0x149F, 0x149F, 0x149F, 0x149F, 0x149F, 0x1CBF, 0x14BF, 0x143E, 0x2C5F, 0x965F, 0xF7DF, 0x555F, 0x041F, 0x14BF,
    0x0C9F, 0x1CFF, 0x14BF, 0x047F, 0x24BF, 0x3D1F, 0x557F, 0x351F, 0x557F, 0x8E5F, 0x7E1F, 0x7E1F, 0x7E1F, 0x7E1F, 0x7DFF, 0x75FF,
    0x75FF, 0x75FF, 0x861F, 0x75DF, 0x6DDF, 0x659F, 0x75FF, 0x75FF, 0x7E1F, 0x7E1F, 0x865F, 0x6557, 0x1B07, 0x0200, 0x440C, 0x8E39,
    0x85FB, 0x442D, 0x0B45, 0x02C6, 0x01E6, 0x00A4, 0x326B, 0x1A4B, 0x0208, 0x01E8, 0x0128, 0x2B27, 0x3C45, 0x1BA6, 0x0307, 0x0AA8,
    0x02EE, 0x02CC, 0x034C, 0x0184, 0x0929, 0x2250, 0x118A, 0x118B, 0x0928, 0x122D, 0x11AB, 0x198A, 0x1128, 0x08A5, 0x1948, 0x21CB,
    0x2169, 0x1928, 0x3A08, 0x4A48, 0x1947, 0x4A49, 0x7309, 0x3167, 0x3167, 0x8348, 0x10A4, 0x2106, 0x93AA, 0xE5CD, 0xBD0C, 0x3986,
    0x82C7, 0xE5AD, 0x9BEA, 0xA3A7, 0xB4CF, 0xA6DF, 0xAEFF, 0x8E7F, 0x9EBF, 0xA6DF, 0x865F, 0x969F, 0x7E3F, 0x761F, 0x8E9F, 0xA6DF,
    0xA6DF, 0xB71F, 0xCF5F, 0x863F, 0x7E1F, 0x8E5F, 0x9E9F, 0x861F, 0x75FF, 0x6DDF, 0x75FF, 0x969F, 0xC75F, 0xC75F, 0xCF7F, 0xC73F,
    0xDF9F, 0xCF7F, 0xB71F, 0xC77F, 0xCF7F, 0xC75F, 0xBF3F, 0xB71F, 0xCF5F, 0xE7BF, 0xE7BF, 0xE7BF, 0xE7DF, 0xD79F, 0xB71F, 0xD77F,
    0xD79F, 0xAEFF, 0xC75F, 0xDFBF, 0xF7FF, 0x65BF, 0x0C7F, 0x1CBF, 0x149F, 0x149F, 0x149F, 0x149F, 0x149F, 0x149F, 0x147F, 0x147F,
    0x147F, 0x147F, 0x147F, 0x147F, 0x147F, 0x147F, 0x147F, 0x0C7F, 0x147F, 0x147F, 0x147F, 0x147F, 0x147F, 0x147F, 0x147F, 0x147F,
    0x147F, 0x147F, 0x147F, 0x147F, 0x147F, 0x147F, 0x147F, 0x147F, 0x147F, 0x147F, 0x147F, 0x147F, 0x147F, 0x147F, 0x147F, 0x147F,
    0x147F, 0x147F, 0x147F, 0x147F, 0x147F, 0x147F, 0x147F, 0x147F, 0x147F, 0x147F, 0x147F, 0x147F, 0x147F, 0x147F, 0x147F, 0x147F,
    0x147F, 0x147F, 0x147F, 0x147F, 0x147F, 0x147F, 0x147F, 0x147F, 0x147F, 0x147F, 0x147F, 0x147F, 0x147F, 0x147F, 0x147F, 0x147F,
    0x147F, 0x147F, 0x147F, 0x147F, 0x147F, 0x147F, 0x147F, 0x147F, 0x147F, 0x147F, 0x147F, 0x147F, 0x147F, 0x147F, 0x147F, 0x147F,
    0x147F, 0x147F, 0x147F, 0x147F, 0x147F, 0x147F, 0x147F, 0x147F, 0x147F, 0x147F, 0x147F, 0x147F, 0x147F, 0x147F, 0x147F, 0x147F,
    0x147F, 0x147F, 0x147F, 0x147F, 0x147F, 0x147F, 0x147F, 0x147F, 0x147F, 0x147F, 0x147F, 0x147F, 0x147F, 0x147F, 0x147F, 0x147F,
    0x147F, 0x147F, 0x147F, 0x147F, 0x147F, 0x147F, 0x147F, 0x147F, 0x147F, 0x147F, 0x147F, 0x149F, 0x149F, 0x149F, 0x149F, 0x149F,
    0x1CBF, 0x1CBF, 0x1CBF, 0x1CBF, 0x1CBF, 0x1CDF, 0x1CDF, 0x1CDF, 0x1C5F, 0x1C9F, 0x0B5D, 0x251F, 0x251F, 0x1C7E, 0x0AFC, 0x0ABB,
    0x0ADA, 0x02BA, 0x029A, 0x027A, 0x84D8, 0xF79D, 0xEF1B, 0x44DD, 0x045F, 0x44BE, 0x653E, 0x0CBF, 0x1CBF, 0x1CBF, 0x1CBF, 0x14BF,
    0x14BF, 0x14BF, 0x149F, 0x149F, 0x149F, 0x149F, 0x14BF, 0x14BF, 0x14FF, 0x02BB, 0x3BFE, 0x865F, 0xDF7F, 0x65DF, 0x045F, 0x1CBF,
    0x1CBF, 0x1CBF, 0x1CBF, 0x1CBF, 0x149F, 0x047F, 0x24DF, 0x149F, 0x0C7F, 0x4D7F, 0x8E5F, 0x863F, 0x861F, 0x6DDF, 0x75DF, 0x863F,
    0x6DBF, 0x659F, 0x863F, 0x75DF, 0x6DDF, 0x75DF, 0x6DBF, 0x75FF, 0x863F, 0x8E5F, 0x6D9A, 0x0A04, 0x0202, 0x0AC5, 0x0243, 0x2AE8,
    0x7576, 0x0281, 0x0A84, 0x0206, 0x0246, 0x0205, 0x0165, 0x0186, 0x23C5, 0x1346, 0x1B67, 0x2326, 0x2AC5, 0x0AC7, 0x0328, 0x0B87,
    0x02AD, 0x02CE, 0x0269, 0x1188, 0x2270, 0x19AA, 0x19AB, 0x118A, 0x08C6, 0x120D, 0x19EC, 0x1969, 0x08A4, 0x08C6, 0x21CA, 0x21AA,
    0x1127, 0x2987, 0x4A48, 0x1947, 0x2987, 0x62C9, 0x5247, 0x1906, 0x41E8, 0x41A5, 0x0023, 0x41C7, 0x5A26, 0x9C0A, 0x62A8, 0x4186,
    0xCCCA, 0xCCEA, 0x8306, 0xC48A, 0xB67B, 0x9EDF, 0xA6FF, 0xAF1F, 0x969F, 0x8E5F, 0x967F, 0x865F, 0x863F, 0x6DFF, 0x8E7F, 0xA6FF,
    0xAF1F, 0xB73F, 0x9E9F, 0x7E1F, 0x861F, 0x7E1F, 0x863F, 0x75FF, 0x6DDF, 0x6DDF, 0x75DF, 0x75FF, 0xAEDF, 0xBF1F, 0xA69F, 0xD77F,
    0xE7DF, 0xB71F, 0x969F, 0xAEFF, 0xB73F, 0xBF1F, 0xA6DF, 0xBF1F, 0xBF3F, 0xCF7F, 0xCF7F, 0xE7BF, 0xE7DF, 0xC73F, 0xAEFF, 0xBF3F,
    0xDF9F, 0xC73F, 0xBF1F, 0xDF9F, 0xE7BF, 0x559F, 0x0C7F, 0x1CBF, 0x149F, 0x149F, 0x149F, 0x149F, 0x149F, 0x149F, 0x149F, 0x149F,
    0x149F, 0x147F, 0x147F, 0x147F, 0x147F, 0x147F, 0x147F, 0x147F, 0x147F, 0x147F, 0x147F, 0x147F, 0x147F, 0x147F, 0x147F, 0x147F,
    0x147F, 0x147F, 0x147F, 0x149F, 0x149F, 0x149F, 0x147F, 0x147F, 0x147F, 0x147F, 0x147F, 0x147F, 0x147F, 0x147F, 0x147F, 0x147F,
    0x147F, 0x147F, 0x147F, 0x147F, 0x147F, 0x147F, 0x147F, 0x147F, 0x147F, 0x147F, 0x147F, 0x147F, 0x147F, 0x147F, 0x147F, 0x147F,
    0x147F, 0x147F, 0x147F, 0x147F, 0x147F, 0x147F, 0x147F, 0x147F, 0x147F, 0x147F, 0x147F, 0x147F, 0x147F, 0x147F, 0x147F, 0x147F,
    0x147F, 0x147F, 0x147F, 0x147F, 0x147F, 0x147F, 0x147F, 0x147F, 0x147F, 0x147F, 0x147F, 0x147F, 0x147F, 0x147F, 0x147F, 0x147F,
    0x147F, 0x147F, 0x147F, 0x147F, 0x147F, 0x147F, 0x147F, 0x147F, 0x147F, 0x147F, 0x147F, 0x147F, 0x147F, 0x147F, 0x147F, 0x147F,
    0x147F, 0x147F, 0x147F, 0x147F, 0x147F, 0x147F, 0x147F, 0x147F, 0x147F, 0x147F, 0x147F, 0x147F, 0x147F, 0x147F, 0x147F, 0x149F,
    0x149F, 0x147F, 0x147F, 0x147F, 0x147F, 0x147F, 0x147F, 0x147F, 0x147F, 0x149F, 0x149F, 0x149F, 0x149F, 0x149F, 0x149F, 0x1C9F,
    0x1CBF, 0x1CBF, 0x1CBF, 0x1CBF, 0x1CBF, 0x1CDF, 0x1CDF, 0x1CDF, 0x251F, 0x145E, 0x0ADC, 0x251F, 0x1CFF, 0x253F, 0x137D, 0x12FC,
    0x12FB, 0x0A99, 0x029A, 0x4BFA, 0x5BB7, 0xE71D, 0x7DBD, 0x147F, 0x149F, 0x249E, 0x249F, 0x1CDF, 0x1CBF, 0x1CBF, 0x1CBF, 0x1CBF,
    0x1CBF, 0x1CBF, 0x14BF, 0x1C9F, 0x1CBF, 0x1CBF, 0x1CBF, 0x1CBF, 0x151F, 0x027B, 0x339D, 0x8E9F, 0xDF7F, 0x65DF, 0x047F, 0x1CBF,
    0x1CBF, 0x1CBF, 0x14BF, 0x14BF, 0x14BF, 0x14BF, 0x0C9F, 0x149F, 0x14BF, 0x14BF, 0x453F, 0x351F, 0x557F, 0x6DDF, 0x6DDF, 0x557F,
    0x4D3F, 0x6DBF, 0x75DF, 0x75FF, 0x6DDF, 0x75DF, 0x7E1F, 0x7E1F, 0x863F, 0x8E7F, 0x6DBC, 0x7537, 0x3B4C, 0x01A1, 0x0203, 0x1A88,
    0x85D8, 0x1322, 0x1B23, 0x1B03, 0x0AC5, 0x0287, 0x02C7, 0x1B24, 0x3CA3, 0x4CE4, 0x5504, 0x22E4, 0x0085, 0x0106, 0x0247, 0x02C7,
    0x026D, 0x02EF, 0x01A9, 0x1129, 0x2292, 0x19AB, 0x19CC, 0x1149, 0x0907, 0x1A0D, 0x1169, 0x1127, 0x0863, 0x1127, 0x21CA, 0x2168,
    0x08C5, 0x39C7, 0x4207, 0x10C7, 0x41C7, 0x62A8, 0x41E7, 0x1907, 0x49E7, 0x2923, 0x2106, 0x49E7, 0xB48B, 0xAC4B, 0x41A6, 0x5A46,
    0xF5EC, 0xAC4A, 0x8B05, 0xD56E, 0xA6FF, 0x9EFF, 0x9EFF, 0xAF1F, 0xA71F, 0x969F, 0x8E5F, 0x967F, 0x969F, 0x969F, 0x96BF, 0x9EDE,
    0x4453, 0x4453, 0x967E, 0x967E, 0x8E7F, 0x863F, 0x7E1F, 0x6DDF, 0x6DDF, 0x6DDF, 0x7DFF, 0x75DF, 0x75FF, 0x863F, 0x8E5F, 0xCF5F,
    0xDFDF, 0xB71F, 0x967F, 0x8E5F, 0xB71F, 0x9E9F, 0x969F, 0xB71F, 0xB71F, 0xC75F, 0xCF7F, 0xD79F, 0xCF7F, 0xB6FF, 0xAEDF, 0xB71F,
    0xB6FF, 0xDF9F, 0xCF5F, 0xCF7F, 0x7DDF, 0x145F, 0x14BF, 0x1CBF, 0x149F, 0x149F, 0x149F, 0x149F, 0x149F, 0x149F, 0x149F, 0x149F,
    0x149F, 0x149F, 0x149F, 0x149F, 0x149F, 0x149F, 0x149F, 0x147F, 0x147F, 0x149F, 0x149F, 0x149F, 0x149F, 0x149F, 0x149F, 0x149F,
    0x149F, 0x149F, 0x149F, 0x149F, 0x149F, 0x149F, 0x149F, 0x149F, 0x149F, 0x149F, 0x149F, 0x149F, 0x149F, 0x149F, 0x149F, 0x149F,
    0x147F, 0x147F, 0x147F, 0x149F, 0x149F, 0x149F, 0x147F, 0x149F, 0x147F, 0x149F, 0x149F, 0x149F, 0x147F, 0x149F, 0x147F, 0x147F,
    0x147F, 0x147F, 0x147F, 0x147F, 0x147F, 0x147F, 0x147F, 0x149F, 0x149F, 0x147F, 0x149F, 0x149F, 0x149F, 0x149F, 0x149F, 0x149F,
    0x147F, 0x147F, 0x147F, 0x147F, 0x147F, 0x147F, 0x147F, 0x147F, 0x147F, 0x147F, 0x147F, 0x149F, 0x147F, 0x147F, 0x149F, 0x147F,
    0x147F, 0x149F, 0x147F, 0x147F, 0x147F, 0x147F, 0x147F, 0x147F, 0x147F, 0x147F, 0x147F, 0x147F, 0x147F, 0x147F, 0x147F, 0x147F,
    0x149F, 0x149F, 0x147F, 0x149F, 0x149F, 0x147F, 0x149F, 0x149F, 0x149F, 0x149F, 0x149F, 0x147F, 0x149F, 0x149F, 0x149F, 0x149F,
    0x149F, 0x149F, 0x149F, 0x149F, 0x149F, 0x149F, 0x149F, 0x149F, 0x149F, 0x149F, 0x149F, 0x149F, 0x149F, 0x149F, 0x1C9F, 0x1CBF,
    0x1CBF, 0x1CBF, 0x1CBF, 0x1CBF, 0x1CDF, 0x1CDF, 0x1CDF, 0x1CDF, 0x1CDF, 0x1CBF, 0x1C7E, 0x24FF, 0x24FF, 0x251F, 0x139D, 0x131D,
    0x131B, 0x0ADA, 0x0258, 0x5BF9, 0x2296, 0xCE7C, 0x3D5F, 0x0C9F, 0x1CBF, 0x14DF, 0x1CDF, 0x1CBF, 0x1CBF, 0x1CBF, 0x1CBF, 0x1CBF,
    0x14BF, 0x14BF, 0x1CBF, 0x1CBF, 0x1CBF, 0x1CDF, 0x1CDF, 0x14DF, 0x151F, 0x029B, 0x339D, 0x969F, 0xE79F, 0x65FF, 0x049F, 0x1CDF,
    0x1CBF, 0x1CBF, 0x14BF, 0x1CBF, 0x1CBF, 0x14BF, 0x14BF, 0x149F, 0x14BF, 0x1CBF, 0x149F, 0x0C9F, 0x149F, 0x24DF, 0x351F, 0x559F,
    0x65DF, 0x7E1F, 0x7E1F, 0x75FF, 0x863F, 0x7E1F, 0x659F, 0x967F, 0x969F, 0x8E7F, 0x96DF, 0x7D79, 0x19E7, 0x1226, 0x01E4, 0x0AA6,
    0x1B49, 0x0B04, 0x3423, 0x23C4, 0x02C6, 0x0268, 0x02A8, 0x1304, 0x1B24, 0x54E4, 0x5D04, 0x4CC3, 0x1204, 0x00A5, 0x01A8, 0x01C8,
    0x024D, 0x01CA, 0x0907, 0x2271, 0x1A0D, 0x1169, 0x1969, 0x1128, 0x1169, 0x1A2E, 0x118A, 0x08E6, 0x0884, 0x1969, 0x21A9, 0x10E5,
    0x2946, 0x5248, 0x2147, 0x10E6, 0x5A88, 0x5269, 0x2968, 0x3187, 0x6287, 0x2104, 0x3188, 0x49E8, 0xCCEB, 0xEE2F, 0x4A26, 0xC4EB,
    0xFE8F, 0x7328, 0x9326, 0xC6DB, 0x9EFF, 0x9EFF, 0xA6FF, 0xAF1F, 0xAF1F, 0xA71F, 0x9EDF, 0xA6DF, 0x9E7E, 0x967E, 0x861C, 0x1AD2,
    0x022D, 0x0B0D, 0x3CAE, 0x6D93, 0x8E5F, 0x865F, 0x7E3F, 0x7E3F, 0x6DDF, 0x6DDF, 0x75FF, 0x6DDF, 0x6DDF, 0x6DFF, 0x7E3F, 0x9EBF,
    0xCF7F, 0xCF9F, 0xAEDF, 0x7E1F, 0xAEDF, 0x8E5F, 0x8E7F, 0xB71F, 0xBF5F, 0xCF7F, 0xCF7F, 0xDFBF, 0xD79F, 0xB6FF, 0xAEDF, 0xAEFF,
    0xAEDF, 0xBF1F, 0xE7BF, 0xCF7F, 0xAEFF, 0x4D5F, 0x457F, 0x5DDF, 0x24DF, 0x1CBF, 0x149F, 0x149F, 0x149F, 0x149F, 0x149F, 0x149F,
    0x149F, 0x149F, 0x149F, 0x149F, 0x149F, 0x149F, 0x149F, 0x149F, 0x149F, 0x149F, 0x149F, 0x149F, 0x149F, 0x149F, 0x149F, 0x149F,
    0x149F, 0x149F, 0x149F, 0x149F, 0x149F, 0x149F, 0x149F, 0x149F, 0x149F, 0x149F, 0x149F, 0x149F, 0x149F, 0x149F, 0x149F, 0x149F,
    0x149F, 0x149F, 0x149F, 0x149F, 0x149F, 0x149F, 0x149F, 0x149F, 0x149F, 0x149F, 0x149F, 0x149F, 0x149F, 0x149F, 0x149F, 0x149F,
    0x149F, 0x149F, 0x149F, 0x149F, 0x149F, 0x149F, 0x149F, 0x149F, 0x149F, 0x149F, 0x149F, 0x149F, 0x149F, 0x149F, 0x149F, 0x149F,
    0x149F, 0x149F, 0x147F, 0x147F, 0x147F, 0x147F, 0x147F, 0x147F, 0x147F, 0x147F, 0x147F, 0x149F, 0x149F, 0x149F, 0x149F, 0x149F,
    0x149F, 0x149F, 0x149F, 0x149F, 0x149F, 0x149F, 0x147F, 0x149F, 0x149F, 0x149F, 0x147F, 0x147F, 0x147F, 0x149F, 0x149F, 0x149F,
    0x149F, 0x149F, 0x149F, 0x149F, 0x149F, 0x149F, 0x149F, 0x149F, 0x149F, 0x149F, 0x149F, 0x149F, 0x149F, 0x149F, 0x149F, 0x149F,
    0x149F, 0x149F, 0x149F, 0x149F, 0x149F, 0x149F, 0x149F, 0x149F, 0x149F, 0x149F, 0x1C9F, 0x1C9F, 0x1C9F, 0x1CBF, 0x1CBF, 0x1CBF,
    0x1CBF, 0x1CBF, 0x1CBF, 0x1CBF, 0x1CDF, 0x1CDF, 0x1CDF, 0x1CDF, 0x1CDF, 0x1CFF, 0x24FF, 0x24FF, 0x24FF, 0x1D1F, 0x24FF, 0x1B9D,
    0x133D, 0x0B1C, 0x22F8, 0x6C38, 0x8CB8, 0x5D1D, 0x1CDF, 0x1CDF, 0x1CDF, 0x1CDF, 0x1CDF, 0x1CDF, 0x1CBF, 0x1CBF, 0x1CBF, 0x1CBF,
    0x1CBF, 0x1CBF, 0x1CBF, 0x1CBF, 0x1CDF, 0x1CDF, 0x1CDF, 0x1CDF, 0x1D3F, 0x029B, 0x3BDE, 0x865F, 0xD73F, 0x6DFF, 0x049F, 0x1CFF,
    0x1CDF, 0x1CBF, 0x1CBF, 0x1CBF, 0x1CBF, 0x14BF, 0x1CBF, 0x14BF, 0x0C9F, 0x0C9F, 0x0CBF, 0x0CBF, 0x14BF, 0x1CDF, 0x559F, 0x761F,
    0x761F, 0x863F, 0x7E1F, 0x9E9F, 0xD77F, 0x9EBF, 0x6DDF, 0x8E5F, 0x9EDF, 0x96BF, 0x969E, 0x969E, 0x85FA, 0x8DFA, 0x22AA, 0x02A3,
    0x0B24, 0x0B06, 0x0AA7, 0x0B27, 0x0206, 0x00E5, 0x0985, 0x09C5, 0x0982, 0x12A4, 0x54A4, 0x3CC5, 0x13C7, 0x3425, 0x1287, 0x2BA6,
    0x026E, 0x01AA, 0x1128, 0x1A0F, 0x11AB, 0x1148, 0x1948, 0x08C5, 0x1128, 0x19EC, 0x1169, 0x08C5, 0x10E6, 0x21AA, 0x1948, 0x1926,
    0x5268, 0x41E8, 0x08C7, 0x39E7, 0x62C8, 0x39C8, 0x2168, 0x5A47, 0x3963, 0x2106, 0x3188, 0x6AA8, 0xE56C, 0xEE0E, 0xCCEA, 0xFEAF,
    0xDDAE, 0x59A4, 0xB42A, 0xB6FD, 0x9EFF, 0xA6FF, 0x9EFF, 0xA6FF, 0xA73F, 0x9F1F, 0x9EDF, 0x8E3C, 0x2B53, 0x0292, 0x0AF4, 0x0253,
    0x0AF1, 0x2C2F, 0x344C, 0x1B6C, 0x4C76, 0x7E5C, 0x867F, 0x867F, 0x75FF, 0x6DDF, 0x6DDF, 0x6DDF, 0x6DDF, 0x6DDF, 0x7E1F, 0x865F,
    0x8E7F, 0x9EDF, 0x969F, 0x8E5F, 0x9EBF, 0x969F, 0x969F, 0x9EBF, 0xD79F, 0xD79F, 0xB71F, 0xD79F, 0xC75F, 0xAEFF, 0xA6DF, 0xAEFF,
    0xAEDF, 0xA6DF, 0xD79F, 0xCF7F, 0x865F, 0x65DF, 0x6DFF, 0x6DFF, 0x65FF, 0x4D9F, 0x351F, 0x353F, 0x2D1F, 0x24FF, 0x24FF, 0x24FF,
    0x24FF, 0x24DF, 0x149F, 0x149F, 0x149F, 0x149F, 0x149F, 0x149F, 0x149F, 0x149F, 0x149F, 0x149F, 0x149F, 0x149F, 0x149F, 0x149F,
    0x149F, 0x149F, 0x149F, 0x149F, 0x149F, 0x149F, 0x149F, 0x149F, 0x149F, 0x149F, 0x149F, 0x149F, 0x149F, 0x149F, 0x149F, 0x149F,
    0x149F, 0x149F, 0x149F, 0x149F, 0x149F, 0x149F, 0x149F, 0x149F, 0x149F, 0x149F, 0x149F, 0x149F, 0x149F, 0x149F, 0x149F, 0x149F,
    0x149F, 0x149F, 0x149F, 0x149F, 0x149F, 0x149F, 0x149F, 0x149F, 0x149F, 0x149F, 0x149F, 0x149F, 0x149F, 0x149F, 0x149F, 0x149F,
    0x149F, 0x149F, 0x149F, 0x149F, 0x149F, 0x147F, 0x149F, 0x149F, 0x149F, 0x149F, 0x149F, 0x149F, 0x149F, 0x149F, 0x149F, 0x149F,
    0x149F, 0x149F, 0x149F, 0x149F, 0x149F, 0x149F, 0x149F, 0x149F, 0x149F, 0x149F, 0x149F, 0x149F, 0x149F, 0x149F, 0x149F, 0x149F,
    0x149F, 0x149F, 0x149F, 0x149F, 0x149F, 0x149F, 0x149F, 0x149F, 0x149F, 0x149F, 0x149F, 0x149F, 0x149F, 0x149F, 0x149F, 0x1C9F,
    0x1C9F, 0x1C9F, 0x1C9F, 0x1C9F, 0x1C9F, 0x1C9F, 0x149F, 0x149F, 0x149F, 0x1CBF, 0x1CBF, 0x1CBF, 0x1CBF, 0x1CBF, 0x1CBF, 0x1CBF,
    0x1CBF, 0x1CBF, 0x1CBF, 0x1CDF, 0x1CDF, 0x1CDF, 0x1CDF, 0x1CDF, 0x1CDF, 0x1CDF, 0x24FF, 0x24FF, 0x24FF, 0x251F, 0x253F, 0x1BDE,
    0x131D, 0x131C, 0x2B19, 0x3B38, 0xDEFC, 0x4D7F, 0x14BF, 0x1CDF, 0x1CDF, 0x1CDF, 0x1CDF, 0x1CDF, 0x1CDF, 0x1CDF, 0x1CDF, 0x1CDF,
    0x1CDF, 0x1CBF, 0x1CDF, 0x1CDF, 0x1CDF, 0x1CDF, 0x1CFF, 0x1CFF, 0x1D3F, 0x029C, 0x43FE, 0x865F, 0xCF1F, 0x6E1F, 0x0C9F, 0x1CFF,
    0x1CDF, 0x1CDF, 0x1CDF, 0x1CDF, 0x1CBF, 0x1CDF, 0x14BF, 0x14BF, 0x353F, 0x353F, 0x4D7F, 0x457F, 0x24DF, 0x3D3F, 0x6DBF, 0x7E1F,
    0x8E3F, 0x863F, 0x969F, 0xCF5F, 0xCF5F, 0xDFBF, 0xB71F, 0x9E9F, 0x7DBA, 0x5CF2, 0x340E, 0xA75F, 0x4C32, 0x09C4, 0x0AA6, 0x0285,
    0x0A85, 0x0AA6, 0x0228, 0x01E7, 0x00E5, 0x0944, 0x5CA5, 0x7604, 0x3C24, 0x09E4, 0x09C6, 0x13C9, 0x2466, 0x44A3, 0x3425, 0x2C45,
    0x022D, 0x0907, 0x220E, 0x222F, 0x1127, 0x1106, 0x19CB, 0x08A5, 0x19AB, 0x19EC, 0x19AA, 0x0884, 0x1928, 0x1969, 0x1927, 0x39E8,
    0x4A27, 0x2967, 0x1907, 0x4A47, 0x39E7, 0x2127, 0x3166, 0x59E5, 0x18E3, 0x2926, 0x3187, 0xABE9, 0xF66F, 0xDDAD, 0xCC89, 0xFE8F,
    0xAC8B, 0x6A04, 0xCDB2, 0xA71F, 0x9EDF, 0x9EDF, 0xA71F, 0xB77F, 0x967E, 0x6539, 0x7559, 0x0A4F, 0x0271, 0x0293, 0x0B14, 0x0B33,
    0x0292, 0x12F0, 0x2BCE, 0x346D, 0x450B, 0x346C, 0x5D98, 0x8E9F, 0x865F, 0x865F, 0x761F, 0x6DDF, 0x6DDF, 0x65BF, 0x6DFF, 0x7E3F,
    0x863F, 0x865F, 0xA6BF, 0xC77F, 0xCF7F, 0xCF7F, 0xC75F, 0xAEFF, 0xB71F, 0xD79F, 0xC75F, 0xA6DF, 0xCF7F, 0xDFBF, 0xBF3F, 0xC73F,
    0xBF1F, 0xA6FF, 0x8E9F, 0x5DBF, 0x3D3F, 0x457F, 0x455F, 0x455F, 0x457F, 0x455F, 0x455F, 0x3D5F, 0x3D5F, 0x3D3F, 0x353F, 0x3D5F,
    0x3D7F, 0x353F, 0x24DF, 0x24DF, 0x24FF, 0x24FF, 0x24FF, 0x24DF, 0x14BF, 0x14BF, 0x149F, 0x149F, 0x149F, 0x149F, 0x149F, 0x149F,
    0x149F, 0x14BF, 0x149F, 0x14BF, 0x149F, 0x149F, 0x14BF, 0x149F, 0x14BF, 0x149F, 0x149F, 0x149F, 0x14BF, 0x149F, 0x14BF, 0x149F,
    0x149F, 0x149F, 0x149F, 0x149F, 0x149F, 0x149F, 0x149F, 0x149F, 0x149F, 0x149F, 0x149F, 0x149F, 0x149F, 0x149F, 0x149F, 0x149F,
    0x149F, 0x149F, 0x149F, 0x1C9F, 0x149F, 0x1C9F, 0x1C9F, 0x1C9F, 0x149F, 0x1C9F, 0x149F, 0x149F, 0x149F, 0x149F, 0x149F, 0x149F,
    0x149F, 0x149F, 0x149F, 0x149F, 0x149F, 0x149F, 0x149F, 0x149F, 0x149F, 0x149F, 0x149F, 0x149F, 0x149F, 0x149F, 0x149F, 0x149F,
    0x149F, 0x149F, 0x149F, 0x1C9F, 0x1C9F, 0x1C9F, 0x1C9F, 0x149F, 0x149F, 0x149F, 0x149F, 0x149F, 0x149F, 0x149F, 0x149F, 0x149F,
    0x149F, 0x149F, 0x149F, 0x149F, 0x149F, 0x1CBF, 0x1C9F, 0x1C9F, 0x149F, 0x149F, 0x149F, 0x149F, 0x149F, 0x1CBF, 0x1CBF, 0x1CBF,
    0x1CBF, 0x1CBF, 0x1CBF, 0x1CBF, 0x1CBF, 0x1CBF, 0x1CBF, 0x1CBF, 0x14BF, 0x1CBF, 0x1CBF, 0x1CBF, 0x1CBF, 0x1CBF, 0x1CBF, 0x1CBF,
    0x1CDF, 0x1CDF, 0x1CDF, 0x1CDF, 0x1CDF, 0x1CDF, 0x1CDF, 0x1CDF, 0x1CDF, 0x1CFF, 0x24FF, 0x24FF, 0x24FF, 0x251F, 0x253F, 0x251F,
    0x139D, 0x131C, 0x0A7A, 0x4379, 0x5D5D, 0x1CFF, 0x1CDF, 0x1CDF, 0x1CDF, 0x1CDF, 0x1CDF, 0x1CDF, 0x1CDF, 0x1CDF, 0x1CDF, 0x1CDF,
    0x1CDF, 0x1CDF, 0x1CDF, 0x1CDF, 0x1CFF, 0x1CFF, 0x1CFF, 0x1CFF, 0x1D5F, 0x029C, 0x43FE, 0x865F, 0xCF1F, 0x6E1F, 0x0CBF, 0x1CFF,
    0x1CDF, 0x1CDF, 0x1CDF, 0x1CDF, 0x1CDF, 0x14BF, 0x24FF, 0x455F, 0xB71F, 0xC77F, 0xE7DF, 0xF7FF, 0x969F, 0x6DDF, 0x6DDF, 0x75DF,
    0x863F, 0x861F, 0x863F, 0xAEDF, 0xCF7F, 0xDFBF, 0xD79F, 0xEFFF, 0x7430, 0x0203, 0x0245, 0x861B, 0x5C92, 0x01C3, 0x0225, 0x0104,
    0x0144, 0x01A6, 0x0287, 0x0126, 0x08C4, 0x6523, 0x7E44, 0x54A4, 0x1AE4, 0x2406, 0x0207, 0x0206, 0x23A5, 0x2B84, 0x02A8, 0x0328,
    0x020D, 0x1989, 0x220E, 0x19CC, 0x1106, 0x1A0D, 0x19EC, 0x08C6, 0x21CC, 0x220C, 0x1969, 0x10E6, 0x1128, 0x10E6, 0x39C7, 0x41E7,
    0x2166, 0x08C5, 0x2147, 0x4208, 0x2947, 0x1926, 0x5A46, 0x5A44, 0x10C6, 0x39A8, 0x39A8, 0xB42A, 0xE5CE, 0xC4AA, 0xCCA9, 0xABE9,
    0x9BC9, 0x9B47, 0xC656, 0x6DFF, 0x96BF, 0xA73F, 0x9EDF, 0x75DD, 0x4434, 0x020E, 0x0272, 0x0A94, 0x12B6, 0x0AB5, 0x02B3, 0x0334,
    0x0335, 0x0AB3, 0x1BD2, 0x23F0, 0x2C4C, 0x346D, 0x2C4E, 0x96B8, 0xA6FF, 0xA6DF, 0x8E7F, 0x7E3F, 0x75FF, 0x6DDF, 0x6DDF, 0x761F,
    0x7E1F, 0x75FF, 0x9EBF, 0xCF7F, 0xBF3F, 0xB71F, 0xCF7F, 0xBF3F, 0xB71F, 0xCF7F, 0xCF7F, 0xBF3F, 0xE7BF, 0xE7DF, 0xDFBF, 0xD77F,
    0xD79F, 0xCF7F, 0x65DF, 0x24DF, 0x24FF, 0x1CDF, 0x1CDF, 0x1CDF, 0x1CDF, 0x14BF, 0x1CBF, 0x1CBF, 0x1CBF, 0x1CBF, 0x24DF, 0x24FF,
    0x2D1F, 0x353F, 0x4D7F, 0x4D7F, 0x4D9F, 0x55BF, 0x4D9F, 0x457F, 0x3D5F, 0x353F, 0x2D1F, 0x2D1F, 0x2D1F, 0x353F, 0x353F, 0x353F,
    0x1CDF, 0x1CBF, 0x14BF, 0x149F, 0x149F, 0x149F, 0x149F, 0x149F, 0x149F, 0x1CBF, 0x1CBF, 0x1CBF, 0x1CBF, 0x1CBF, 0x1CBF, 0x1CBF,
    0x1CBF, 0x1CBF, 0x14BF, 0x1CBF, 0x1CBF, 0x14BF, 0x14BF, 0x1CBF, 0x1CBF, 0x1C9F, 0x14BF, 0x14BF, 0x14BF, 0x1CBF, 0x1CBF, 0x1CBF,
    0x1CBF, 0x1CBF, 0x1CBF, 0x14BF, 0x1CBF, 0x1CBF, 0x1CBF, 0x1CBF, 0x1C9F, 0x1C9F, 0x1C9F, 0x1C9F, 0x1CBF, 0x1CBF, 0x1CBF, 0x1CBF,
    0x1CBF, 0x1C9F, 0x1CBF, 0x1C9F, 0x1C9F, 0x149F, 0x149F, 0x149F, 0x149F, 0x1C9F, 0x149F, 0x149F, 0x149F, 0x149F, 0x149F, 0x149F,
    0x149F, 0x149F, 0x149F, 0x1CBF, 0x1CBF, 0x1CBF, 0x149F, 0x14BF, 0x14BF, 0x14BF, 0x14BF, 0x1CBF, 0x14BF, 0x1CBF, 0x14BF, 0x14BF,
    0x149F, 0x1CBF, 0x1CBF, 0x1CBF, 0x1CBF, 0x1CBF, 0x1CBF, 0x1CBF, 0x1CBF, 0x1C9F, 0x1C9F, 0x1CBF, 0x1CBF, 0x1CBF, 0x1CBF, 0x1CBF,
    0x1CBF, 0x1CBF, 0x1CBF, 0x1CBF, 0x1CBF, 0x1CBF, 0x1CBF, 0x1CBF, 0x1CBF, 0x1CBF, 0x1CBF, 0x1CBF, 0x1CBF, 0x1CBF, 0x1CBF, 0x1CBF,
    0x1CDF, 0x1CDF, 0x1CDF, 0x1CDF, 0x1CDF, 0x1CDF, 0x1CDF, 0x1CFF, 0x1CFF, 0x1CFF, 0x24FF, 0x24FF, 0x24FF, 0x251F, 0x251F, 0x255F,
    0x1CFF, 0x0ADC, 0x22F9, 0xDE7A, 0x559F, 0x14DF, 0x24FF, 0x1CFF, 0x1CFF, 0x1CFF, 0x1CFF, 0x1CDF, 0x1CFF, 0x1CDF, 0x1CFF, 0x1CFF,
    0x1CFF, 0x1CFF, 0x1CFF, 0x1CFF, 0x1CFF, 0x1D1F, 0x1D1F, 0x1D1F, 0x257F, 0x02BC, 0x441E, 0x8E7F, 0xD73F, 0x6E1F, 0x0CBF, 0x251F,
    0x1CFF, 0x1CFF, 0x1CDF, 0x1CDF, 0x14DF, 0x2D1F, 0x761F, 0x967F, 0xB71F, 0xB73F, 0xD79F, 0xE7BF, 0xE7BF, 0xEFDF, 0xAEBF, 0x75FF,
    0x861F, 0x861F, 0x863F, 0x969F, 0xAEFF, 0xC75F, 0xD7DF, 0xB659, 0x9533, 0x1287, 0x0224, 0x43AD, 0x4BEF, 0x01C5, 0x0225, 0x1284,
    0x1304, 0x12C5, 0x12A5, 0x0125, 0x0984, 0x4BC2, 0x6564, 0x1B25, 0x5484, 0x1B46, 0x3426, 0x3BC5, 0x1226, 0x0127, 0x0207, 0x0288,
    0x0907, 0x21CB, 0x224E, 0x1968, 0x10C5, 0x1A0D, 0x11CB, 0x1107, 0x21EC, 0x21EC, 0x1148, 0x1107, 0x10E7, 0x2966, 0x4207, 0x1926,
    0x08C6, 0x2126, 0x4209, 0x72EA, 0x6289, 0x2947, 0x9BC7, 0x8365, 0x10A5, 0x39A8, 0x3187, 0xBC8A, 0xD52B, 0xB429, 0x8307, 0x9B68,
    0xBC8B, 0x8328, 0x5459, 0x1BDC, 0x54FC, 0x5D3C, 0x445C, 0x0278, 0x0AB5, 0x1319, 0x12F9, 0x1AD9, 0x1AD9, 0x0AD3, 0x0A95, 0x12B8,
    0x0A97, 0x0AF3, 0x4CAE, 0x6C93, 0x6415, 0x338F, 0x23AD, 0x33CC, 0xA6BD, 0x9EDF, 0x96BF, 0x96DF, 0x865F, 0x6DDF, 0x75FF, 0x6DFF,
    0x6DFF, 0x863F, 0xAEFF, 0xC75F, 0x967F, 0xAEFF, 0xD79F, 0xAEDF, 0xB71F, 0xC75F, 0xAF1F, 0xBF5F, 0xDF9F, 0xCF7F, 0xDFBF, 0xDFBF,
    0xDF9F, 0xE7BF, 0x7E3F, 0x045F, 0x1CBF, 0x14BF, 0x14BF, 0x1CBF, 0x1CDF, 0x1CDF, 0x1CDF, 0x24FF, 0x24FF, 0x251F, 0x2D1F, 0x2D1F,
    0x353F, 0x351F, 0x2CFF, 0x24FF, 0x2D1F, 0x353F, 0x353F, 0x351F, 0x351F, 0x2CFF, 0x2D1F, 0x351F, 0x353F, 0x353F, 0x353F, 0x353F,
    0x1CBF, 0x0C9F, 0x24DF, 0x455F, 0x3D5F, 0x3D5F, 0x3D5F, 0x353F, 0x2D3F, 0x14BF, 0x14BF, 0x14BF, 0x14BF, 0x149F, 0x149F, 0x14BF,
    0x14BF, 0x149F, 0x14BF, 0x14BF, 0x14BF, 0x1CBF, 0x1CBF, 0x1CBF, 0x1CBF, 0x1CBF, 0x1CBF, 0x1CBF, 0x1CBF, 0x1CBF, 0x1CBF, 0x1CBF,
    0x1CBF, 0x1CBF, 0x1CBF, 0x1CBF, 0x1CBF, 0x1CBF, 0x1CBF, 0x1CBF, 0x1CBF, 0x1CBF, 0x1CBF, 0x1CBF, 0x1CBF, 0x1CBF, 0x1CBF, 0x1CBF,
    0x1CBF, 0x1CBF, 0x1CBF, 0x1CBF, 0x1CBF, 0x1CBF, 0x1CBF, 0x1CBF, 0x1CBF, 0x1CBF, 0x1CBF, 0x1C9F, 0x1CBF, 0x1CBF, 0x1C9F, 0x1CBF,
    0x1CBF, 0x1CBF, 0x1CBF, 0x1CBF, 0x1CBF, 0x1CBF, 0x1CBF, 0x1CBF, 0x1CBF, 0x1CBF, 0x1CBF, 0x1CBF, 0x1CBF, 0x1CBF, 0x1CBF, 0x1CBF,
    0x1CBF, 0x1CBF, 0x1CBF, 0x1CBF, 0x1CBF, 0x1CBF, 0x1CBF, 0x1CBF, 0x1CBF, 0x1CBF, 0x1CBF, 0x1CBF, 0x1CBF, 0x1CBF, 0x1CBF, 0x1CBF,
    0x1CBF, 0x1CBF, 0x1CBF, 0x1CBF, 0x1CBF, 0x1CBF, 0x1CBF, 0x1CBF, 0x1CBF, 0x1CBF, 0x1CBF, 0x1CBF, 0x1CBF, 0x1CDF, 0x1CDF, 0x1CDF,
    0x1CDF, 0x1CDF, 0x1CDF, 0x1CDF, 0x1CDF, 0x1CDF, 0x1CFF, 0x1CDF, 0x24FF, 0x24FF, 0x24FF, 0x24FF, 0x251F, 0x251F, 0x251F, 0x253F,
    0x255F, 0x0B7D, 0x747A, 0x9E5D, 0x2D3F, 0x1CFF, 0x251F, 0x24FF, 0x24FF, 0x1CFF, 0x1CFF, 0x1CFF, 0x1CFF, 0x1CFF, 0x1CFF, 0x1CFF,
    0x1CFF, 0x24FF, 0x251F, 0x24FF, 0x251F, 0x251F, 0x251F, 0x253F, 0x1D5F, 0x023A, 0x3C1D, 0x8E7F, 0xD73F, 0x761F, 0x0CDF, 0x1CFF,
    0x0CDF, 0x14DF, 0x1CFF, 0x1CDF, 0x0CBF, 0x5DBF, 0x967F, 0x863F, 0xA6DF, 0xBF5F, 0xC75F, 0xDF9F, 0xE7BF, 0xDF9F, 0xE7DF, 0xB6FF,
    0x863F, 0x863F, 0x8E5F, 0xA6BF, 0xA6DF, 0xAEFF, 0xB6BB, 0x1A05, 0x00E0, 0x0183, 0x01E5, 0x01C4, 0x0247, 0x0167, 0x0227, 0x0AC7,
    0x0AA6, 0x1B44, 0x0AA5, 0x0206, 0x0125, 0x0186, 0x1AE6, 0x1A65, 0x5CC4, 0x1B26, 0x44C5, 0x3CA6, 0x1287, 0x00C6, 0x00C5, 0x0106,
    0x1107, 0x220D, 0x2270, 0x1106, 0x10E7, 0x1A0E, 0x118A, 0x10E6, 0x21EC, 0x198A, 0x1107, 0x08C6, 0x1926, 0x41E7, 0x2147, 0x08C7,
    0x2147, 0x6289, 0x5229, 0x9BCA, 0x8329, 0x41A6, 0x8B66, 0x2943, 0x2946, 0x2126, 0x4185, 0xE58B, 0xEE0E, 0xAC0A, 0x51E5, 0xC4AB,
    0xDD6C, 0x6B6F, 0x13BC, 0x1B98, 0x1378, 0x0B37, 0x1319, 0x2339, 0x1B1A, 0x1AF9, 0x1AF9, 0x1AF9, 0x12F9, 0x0AF6, 0x1ADA, 0x1AD8,
    0x0A96, 0x2AF7, 0x63B6, 0x3AB3, 0xA538, 0x5433, 0x4412, 0x6C15, 0xA6BE, 0x9EDF, 0x8E9F, 0x867F, 0x8E9F, 0x865F, 0x6DDF, 0x6DFF,
    0x6DDF, 0x75FF, 0x75FF, 0x967F, 0x8E5F, 0xA6DF, 0xB71F, 0x9EDF, 0xAEFF, 0xA6DF, 0xAEFF, 0xCF7F, 0xCF7F, 0xAEFF, 0xD79F, 0xE7BF,
    0xCF7F, 0xDFBF, 0xD79F, 0x457F, 0x049F, 0x1CDF, 0x1CDF, 0x1CDF, 0x1CDF, 0x1CBF, 0x1CBF, 0x1CBF, 0x1CDF, 0x14BF, 0x14BF, 0x14BF,
    0x14BF, 0x1CBF, 0x1CBF, 0x1CDF, 0x1CDF, 0x1CDF, 0x1CBF, 0x149F, 0x351F, 0x3D3F, 0x3D5F, 0x3D5F, 0x3D5F, 0x3D7F, 0x3D5F, 0x3D5F,
    0x3D5F, 0x3D5F, 0x4D9F, 0x65FF, 0x5DFF, 0x5DDF, 0x65FF, 0x5DFF, 0x5DDF, 0x459F, 0x457F, 0x459F, 0x457F, 0x457F, 0x457F, 0x24FF,
    0x3D5F, 0x3D5F, 0x251F, 0x24FF, 0x2CFF, 0x1CBF, 0x1CBF, 0x1CBF, 0x1CBF, 0x1CBF, 0x1CBF, 0x1CBF, 0x1CBF, 0x1CBF, 0x1CBF, 0x1CBF,
    0x1CBF, 0x1CBF, 0x1CBF, 0x1CBF, 0x1CBF, 0x1CBF, 0x1CBF, 0x1CBF, 0x1CBF, 0x1CBF, 0x1CBF, 0x1CBF, 0x1CBF, 0x1CBF, 0x1CBF, 0x1CBF,
    0x1CBF, 0x1CBF, 0x1CBF, 0x1CBF, 0x1CBF, 0x1CBF, 0x1CBF, 0x1CBF, 0x1CBF, 0x1CBF, 0x1CBF, 0x1CBF, 0x1CBF, 0x1CBF, 0x1CBF, 0x1CBF,
    0x1CBF, 0x1CBF, 0x1CBF, 0x1CBF, 0x1CBF, 0x1CBF, 0x1CBF, 0x1CBF, 0x1CBF, 0x1CBF, 0x1CBF, 0x1CBF, 0x1CBF, 0x1CBF, 0x1CBF, 0x1CBF,
    0x1CBF, 0x1CBF, 0x1CBF, 0x1CBF, 0x1CBF, 0x1CBF, 0x1CBF, 0x1CBF, 0x1CBF, 0x1CBF, 0x1CBF, 0x1CBF, 0x1CBF, 0x1CBF, 0x1CBF, 0x1CBF,
    0x1CBF, 0x1CBF, 0x1CBF, 0x1CBF, 0x1CBF, 0x1CBF, 0x1CDF, 0x1CDF, 0x1CBF, 0x1CBF, 0x1CBF, 0x1CBF, 0x1CDF, 0x1CDF, 0x1CDF, 0x1CDF,
    0x1CDF, 0x1CDF, 0x1CDF, 0x24DF, 0x1CDF, 0x24FF, 0x24FF, 0x24FF, 0x24FF, 0x24FF, 0x251F, 0x251F, 0x251F, 0x251F, 0x253F, 0x253F,
    0x2D9F, 0x0BFE, 0x8CDB, 0x661F, 0x0CBF, 0x251F, 0x24FF, 0x24FF, 0x24FF, 0x24FF, 0x24FF, 0x24FF, 0x24FF, 0x24FF, 0x251F, 0x251F,
    0x251F, 0x251F, 0x251F, 0x251F, 0x251F, 0x253F, 0x253F, 0x257F, 0x13BC, 0x0178, 0x3AB7, 0xAE7D, 0xD71F, 0x6DFF, 0x0CBF, 0x7E3F,
    0x8E9F, 0x5DDF, 0x0CBF, 0x1CFF, 0x0CBF, 0x4D9F, 0x8E7F, 0x861F, 0x863F, 0x9E9F, 0xAEDF, 0xBF3F, 0xCF7F, 0xDFBF, 0xC75F, 0xB71F,
    0x7E1F, 0x7E1F, 0x7DFF, 0x863F, 0xA6DF, 0xC77F, 0x7D35, 0x0141, 0x11E6, 0x4B0C, 0x21A7, 0x4B6E, 0x0166, 0x01E8, 0x01C9, 0x01A9,
    0x0247, 0x1324, 0x01C7, 0x01C7, 0x0227, 0x0207, 0x00C5, 0x1205, 0x4CC5, 0x00E4, 0x0A85, 0x0B06, 0x01C8, 0x0126, 0x0106, 0x01C8,
    0x224F, 0x220D, 0x19EC, 0x1106, 0x19AC, 0x1A4F, 0x08E6, 0x1989, 0x21EC, 0x1108, 0x08A5, 0x1905, 0x4A27, 0x2145, 0x10E6, 0x1907,
    0x41E8, 0x6269, 0x836A, 0xDDAC, 0x5A47, 0x7AE7, 0x7B06, 0x0044, 0x39C8, 0x2126, 0x72C7, 0xFE6E, 0xEE0E, 0x6A46, 0x9BC9, 0xDD8D,
    0xBC49, 0x9CF4, 0x2BFC, 0x2BD9, 0x23D9, 0x2BFA, 0x235A, 0x233A, 0x1B1A, 0x1B19, 0x1B3A, 0x1B3A, 0x1337, 0x1B19, 0x1ADA, 0x1AF8,
    0x12D7, 0x4399, 0x8CB8, 0x0232, 0x6455, 0xA595, 0x9556, 0xCDD7, 0x9E9D, 0x96DF, 0x96BF, 0x96DF, 0x96BF, 0x7E3F, 0x75FF, 0x6DFF,
    0x6DDF, 0x761F, 0x9E9F, 0x969F, 0x8E9F, 0x969F, 0xA6DF, 0xA6FF, 0xA6DF, 0x9EDF, 0xA6FF, 0xB73F, 0xBF5F, 0xCF7F, 0xBF3F, 0xD79F,
    0xDFBF, 0xCF9F, 0xC77F, 0xB73F, 0x3D5F, 0x0CBF, 0x24FF, 0x1CDF, 0x14BF, 0x1CDF, 0x1CBF, 0x1CDF, 0x1CDF, 0x1CDF, 0x1CDF, 0x1CDF,
    0x1CDF, 0x1CBF, 0x14BF, 0x1CBF, 0x1CDF, 0x1CDF, 0x149F, 0x149F, 0x2CFF, 0x351F, 0x3D3F, 0x457F, 0x3D5F, 0x3D5F, 0x3D5F, 0x3D5F,
    0x3D5F, 0x3D3F, 0x351F, 0x3D5F, 0x55BF, 0x559F, 0x4D7F, 0x4D7F, 0x4D9F, 0x455F, 0x3D3F, 0x457F, 0x3D5F, 0x353F, 0x353F, 0x24FF,
    0x353F, 0x353F, 0x24FF, 0x1CFF, 0x24FF, 0x1CBF, 0x1CDF, 0x1CDF, 0x1CDF, 0x1CBF, 0x1CDF, 0x1CDF, 0x1CBF, 0x1CBF, 0x1CBF, 0x1CBF,
    0x1CBF, 0x1CDF, 0x1CDF, 0x1CDF, 0x1CBF, 0x1CBF, 0x1CBF, 0x1CBF, 0x1CBF, 0x1CBF, 0x1CDF, 0x1CBF, 0x1CBF, 0x1CBF, 0x1CBF, 0x1CBF,
    0x1CDF, 0x1CBF, 0x1CDF, 0x1CBF, 0x1CBF, 0x1CBF, 0x1CBF, 0x1CBF, 0x1CBF, 0x1CBF, 0x1CBF, 0x1CBF, 0x1CBF, 0x1CBF, 0x1CBF, 0x1CBF,
    0x1CBF, 0x1CBF, 0x1CBF, 0x1CBF, 0x1CBF, 0x1CBF, 0x1CBF, 0x1CBF, 0x1CBF, 0x1CBF, 0x1CBF, 0x1CBF, 0x1CBF, 0x1CBF, 0x1CBF, 0x1CBF,
    0x1CBF, 0x1CBF, 0x1CBF, 0x1CBF, 0x1CBF, 0x1CBF, 0x1CBF, 0x1CBF, 0x1CBF, 0x1CBF, 0x1CBF, 0x1CBF, 0x1CBF, 0x1CBF, 0x1CBF, 0x1CDF,
    0x1CDF, 0x1CDF, 0x1CDF, 0x1CDF, 0x1CDF, 0x1CDF, 0x1CDF, 0x1CDF, 0x1CDF, 0x1CDF, 0x1CDF, 0x1CDF, 0x1CDF, 0x1CDF, 0x1CDF, 0x1CFF,
    0x1CFF, 0x1CFF, 0x24FF, 0x24FF, 0x24FF, 0x24FF, 0x24FF, 0x24FF, 0x251F, 0x251F, 0x251F, 0x251F, 0x251F, 0x253F, 0x253F, 0x2D3F,
    0x2D7F, 0x143E, 0x6C7C, 0x55BF, 0x1CFF, 0x251F, 0x251F, 0x251F, 0x251F, 0x251F, 0x251F, 0x251F, 0x251F, 0x251F, 0x251F, 0x251F,
    0x2D3F, 0x45BF, 0x45BF, 0x45BF, 0x45BF, 0x45BF, 0x45FF, 0x24BD, 0x01F9, 0x01DA, 0x3277, 0x8498, 0xCE9E, 0x75FF, 0x6E1F, 0xD77F,
    0xEFDF, 0xD79F, 0x6DFF, 0x0C9F, 0x2D3F, 0x763F, 0x967F, 0x8E5F, 0x863F, 0x7DFF, 0x8E5F, 0xA6FF, 0xC75F, 0xDFBF, 0xC73F, 0xBF3F,
    0x9EBF, 0x967F, 0x967F, 0x6DDF, 0x8E5F, 0xB71F, 0x8DD9, 0x0122, 0x7CD4, 0xCF3D, 0x7CB3, 0x2A6A, 0x0165, 0x0146, 0x0187, 0x01E8,
    0x0207, 0x0206, 0x01A7, 0x0105, 0x0104, 0x00A4, 0x01A6, 0x0AA7, 0x0965, 0x00C5, 0x0146, 0x09E7, 0x0167, 0x0106, 0x0167, 0x0248,
    0x224E, 0x220D, 0x1169, 0x1989, 0x1A2E, 0x1169, 0x08C5, 0x21EC, 0x1989, 0x10C6, 0x08C6, 0x41C7, 0x39E7, 0x10E6, 0x1927, 0x39C8,
    0x7B08, 0x9BE9, 0x9BEA, 0xA409, 0x5A06, 0xB469, 0x5A26, 0x18E5, 0x39A8, 0x49E6, 0x8B69, 0xF66F, 0xD54C, 0x59E5, 0xDD6C, 0xAC09,
    0xABE9, 0x9537, 0x2BDC, 0x3C1B, 0x341A, 0x3C5A, 0x2BBB, 0x233B, 0x233A, 0x233B, 0x233B, 0x1B3A, 0x1B19, 0x1AFA, 0x1AD9, 0x1B18,
    0x02F5, 0x3377, 0xA537, 0x43D3, 0x2B72, 0xAD15, 0xAD37, 0xAD15, 0x9E7D, 0x96FF, 0x9EDF, 0x9EDF, 0x9EFF, 0xA6FF, 0x8E7F, 0x75FF,
    0x75FF, 0x7E1F, 0x8E7F, 0x9EDF, 0x96BF, 0x9EBF, 0xA6DF, 0xA6DF, 0xA6DF, 0xA6DF, 0xA6DF, 0xA6FF, 0xAEFF, 0xA6FF, 0xAF1F, 0xCF7F,
    0xBF3F, 0xBF3F, 0xC75F, 0xD7BF, 0x6DBF, 0x861F, 0xCF5F, 0xAEDF, 0x24DF, 0x14DF, 0x1CDF, 0x1CDF, 0x1CDF, 0x1CDF, 0x14DF, 0x14DF,
    0x1CFF, 0x1CDF, 0x3D5F, 0xA6FF, 0xB71F, 0xBF3F, 0x8E5F, 0x1CBF, 0x24DF, 0x14BF, 0x1CDF, 0x24FF, 0x1CFF, 0x1CFF, 0x1CFF, 0x1CDF,
    0x1CDF, 0x1CDF, 0x1CBF, 0x24DF, 0x2D1F, 0x2CFF, 0x24FF, 0x24FF, 0x24FF, 0x1CDF, 0x1CDF, 0x1CDF, 0x1CDF, 0x1CDF, 0x1CDF, 0x1CDF,
    0x14BF, 0x14BF, 0x1CDF, 0x1CDF, 0x1CBF, 0x1CDF, 0x1CDF, 0x1CDF, 0x1CDF, 0x1CDF, 0x1CDF, 0x1CDF, 0x1CDF, 0x1CDF, 0x1CDF, 0x1CDF,
    0x1CDF, 0x1CDF, 0x1CDF, 0x1CDF, 0x1CDF, 0x1CDF, 0x1CDF, 0x1CDF, 0x1CDF, 0x1CDF, 0x1CDF, 0x1CDF, 0x1CDF, 0x1CDF, 0x1CDF, 0x1CDF,
    0x1CDF, 0x1CDF, 0x1CDF, 0x1CDF, 0x1CDF, 0x1CDF, 0x1CDF, 0x1CDF, 0x1CDF, 0x1CDF, 0x1CDF, 0x1CDF, 0x1CBF, 0x1CBF, 0x1CBF, 0x1CBF,
    0x1CBF, 0x1CDF, 0x1CDF, 0x1CDF, 0x1CDF, 0x1CDF, 0x1CDF, 0x1CDF, 0x1CDF, 0x1CDF, 0x1CDF, 0x1CDF, 0x1CDF, 0x1CDF, 0x1CDF, 0x1CDF,
    0x1CDF, 0x1CBF, 0x1CBF, 0x1CBF, 0x1CDF, 0x1CBF, 0x1CBF, 0x1CDF, 0x1CDF, 0x1CDF, 0x1CDF, 0x1CDF, 0x1CDF, 0x1CDF, 0x1CDF, 0x1CDF,
    0x1CDF, 0x1CDF, 0x1CDF, 0x1CDF, 0x1CDF, 0x1CDF, 0x1CDF, 0x1CDF, 0x1CDF, 0x1CDF, 0x1CDF, 0x1CDF, 0x1CFF, 0x1CFF, 0x24FF, 0x24FF,
    0x1CFF, 0x24FF, 0x251F, 0x251F, 0x251F, 0x251F, 0x251F, 0x251F, 0x251F, 0x251F, 0x251F, 0x251F, 0x253F, 0x253F, 0x2D3F, 0x2D3F,
    0x2D5F, 0x2D5F, 0x351F, 0x251F, 0x251F, 0x251F, 0x251F, 0x251F, 0x251F, 0x251F, 0x251F, 0x251F, 0x253F, 0x2D3F, 0x2D5F, 0x2D5F,
    0x55DF, 0x55FF, 0x45DF, 0x55FF, 0x55FF, 0x55FF, 0x5E1F, 0x12BA, 0x01D9, 0x0198, 0x3AF9, 0xBDB9, 0xD67B, 0xBF3F, 0xA6DF, 0xBF3F,
    0xD77F, 0xE7DF, 0xCF3F, 0x351F, 0x65DF, 0x9E9F, 0xA6BF, 0xD77F, 0x9E9F, 0x7E1F, 0x863F, 0x9EBF, 0xD79F, 0xD79F, 0xD77F, 0xDF9F,
    0xB71F, 0xB71F, 0xC77F, 0xAEFF, 0x75BF, 0xA69F, 0xA69E, 0x7D7A, 0xB6DE, 0xCFBF, 0x9619, 0x0164, 0x0165, 0x7474, 0x228C, 0x0186,
    0x01C7, 0x0127, 0x0127, 0x00A5, 0x0084, 0x01A6, 0x0288, 0x0105, 0x0085, 0x0207, 0x0126, 0x0107, 0x0106, 0x01E9, 0x026A, 0x0249,
    0x1988, 0x19EB, 0x19EC, 0x1127, 0x1168, 0x08C5, 0x198A, 0x21EC, 0x10E6, 0x10E6, 0x2146, 0x5248, 0x2147, 0x1107, 0x31A8, 0x5249,
    0x9BC9, 0xD54A, 0xBCAA, 0x72A7, 0xA3C9, 0xAC6A, 0x18C5, 0x2947, 0x39A8, 0x49E6, 0x8B68, 0xFEAF, 0x7AE7, 0x9B68, 0xD50B, 0xABC7,
    0xBD75, 0x3C1D, 0x3C1B, 0x3C1B, 0x3C3A, 0x3C5A, 0x3C3A, 0x2B9B, 0x233A, 0x1338, 0x5530, 0x54D2, 0x1ADA, 0x22F9, 0x22F9, 0x12D7,
    0x0294, 0x2B38, 0x94F8, 0x53F5, 0x22F4, 0x94D7, 0x94B7, 0x94B6, 0x63D5, 0x96BE, 0x9EFF, 0x9EDF, 0x9EDF, 0xA71F, 0xA71F, 0x865F,
    0x6DFF, 0x7E1F, 0x7E1F, 0x75FF, 0x865F, 0x9EBF, 0x9EDF, 0xAF3F, 0xAF3F, 0xAF3F, 0xAF1F, 0x9EBF, 0x969F, 0x8E9F, 0x9EDF, 0xB71F,
    0xBF3F, 0xDF9F, 0xE7BF, 0xBF3F, 0xAEFF, 0xDFBF, 0xE7BF, 0xDFBF, 0xAEFF, 0x1CFF, 0x1CFF, 0x1CDF, 0x1CDF, 0x1CFF, 0x2D3F, 0x251F,
    0x355F, 0x96BF, 0xA6DF, 0xC75F, 0xDFBF, 0xDFBF, 0xD79F, 0xCF7F, 0x865F, 0x2CFF, 0x14BF, 0x1CDF, 0x1CFF, 0x1CFF, 0x1CFF, 0x1CFF,
    0x1CDF, 0x1CDF, 0x1CDF, 0x1CDF, 0x1CDF, 0x1CDF, 0x1CDF, 0x1CDF, 0x1CDF, 0x1CDF, 0x1CDF, 0x1CDF, 0x1CDF, 0x1CDF, 0x1CDF, 0x1CDF,
    0x1CDF, 0x1CDF, 0x1CDF, 0x1CDF, 0x1CDF, 0x1CDF, 0x1CDF, 0x1CDF, 0x1CDF, 0x1CDF, 0x1CDF, 0x1CDF, 0x1CDF, 0x1CDF, 0x1CDF, 0x1CDF,
    0x1CDF, 0x1CDF, 0x1CDF, 0x1CDF, 0x1CDF, 0x1CDF, 0x1CDF, 0x1CDF, 0x1CDF, 0x1CDF, 0x1CDF, 0x1CDF, 0x1CDF, 0x1CDF, 0x1CDF, 0x1CDF,
    0x1CDF, 0x1CDF, 0x1CDF, 0x1CDF, 0x1CDF, 0x1CDF, 0x1CDF, 0x1CDF, 0x1CDF, 0x1CDF, 0x1CDF, 0x1CDF, 0x1CDF, 0x1CDF, 0x1CDF, 0x1CBF,
    0x1CDF, 0x1CDF, 0x1CDF, 0x1CDF, 0x1CDF, 0x1CDF, 0x1CDF, 0x1CDF, 0x1CDF, 0x1CDF, 0x1CDF, 0x1CDF, 0x1CDF, 0x1CDF, 0x1CDF, 0x1CDF,
    0x1CDF, 0x1CDF, 0x1CDF, 0x1CDF, 0x1CDF, 0x1CDF, 0x1CDF, 0x1CDF, 0x1CDF, 0x1CDF, 0x1CDF, 0x1CDF, 0x1CDF, 0x1CDF, 0x1CDF, 0x1CDF,
    0x1CDF, 0x1CDF, 0x1CDF, 0x1CDF, 0x1CDF, 0x1CDF, 0x1CFF, 0x24FF, 0x24FF, 0x24FF, 0x24FF, 0x24FF, 0x1CFF, 0x24FF, 0x24FF, 0x24FF,
    0x24FF, 0x24FF, 0x24FF, 0x251F, 0x251F, 0x251F, 0x251F, 0x253F, 0x253F, 0x2D3F, 0x2D3F, 0x2D3F, 0x2D3F, 0x2D3F, 0x2D5F, 0x2D5F,
    0x2D5F, 0x2D5F, 0x2D5F, 0x355F, 0x251F, 0x2D3F, 0x2D3F, 0x251F, 0x2D3F, 0x2D3F, 0x2D5F, 0x355F, 0x2D3F, 0x3D9F, 0x4DDF, 0x4DDF,
    0x55DF, 0x55BF, 0x55DF, 0x661F, 0x661F, 0x6E1F, 0x6E3F, 0x1279, 0x01B8, 0x021A, 0x3AD8, 0xCE1A, 0xC61A, 0xBF1F, 0xA6FF, 0xAEFF,
    0xB71F, 0xD79F, 0xEFDF, 0xB71F, 0xAEDF, 0xBF5F, 0xAEDF, 0xBF1F, 0xCF5F, 0x8E5F, 0x863F, 0x8E5F, 0x9EDF, 0xC77F, 0xD79F, 0xCF5F,
    0xB71F, 0xBF5F, 0xBF1F, 0xA6BF, 0x6D9F, 0x75DF, 0x9EBF, 0xA6DF, 0x9EBF, 0xA6BF, 0xB6FF, 0x6473, 0x5C73, 0xDF9F, 0x32EC, 0x01C6,
    0x01E8, 0x0106, 0x0106, 0x00C5, 0x0187, 0x0228, 0x0126, 0x0065, 0x00A5, 0x0166, 0x0106, 0x0106, 0x0106, 0x0127, 0x020A, 0x0128,
    0x222E, 0x1A0D, 0x1127, 0x19AA, 0x1127, 0x1127, 0x21EC, 0x1948, 0x08A5, 0x2168, 0x39E8, 0x39C9, 0x08C6, 0x2146, 0x5A68, 0x5228,
    0x8369, 0xF64C, 0x8369, 0x6246, 0xE5ED, 0xB4AB, 0x2926, 0x2947, 0x39A8, 0x3166, 0xB44A, 0xEDCC, 0x8307, 0xABC9, 0xABE8, 0xABE9,
    0x94D4, 0x2BFB, 0x445C, 0x443D, 0x3C3B, 0x441B, 0x447C, 0x33FA, 0x0291, 0x01EF, 0x4D2A, 0x7E2A, 0x22F8, 0x1AF9, 0x231A, 0x12D9,
    0x12B8, 0x2297, 0x5378, 0x9CF8, 0x4B96, 0x8C97, 0x4C35, 0x7CB5, 0x73D5, 0x969E, 0x9F1F, 0x9EDF, 0x9EFF, 0x9EFF, 0x9EFF, 0xA6FF,
    0x867F, 0x6DFF, 0x6DDF, 0x75FF, 0x7E1F, 0x96BF, 0xA71F, 0x8DFC, 0x8DFB, 0x965A, 0x967C, 0x9EFF, 0x8E9F, 0x9EBF, 0xA6DF, 0xA6BF,
    0xDF9F, 0xE7BF, 0xBF3F, 0xA6DF, 0xB73F, 0xD79F, 0xD79F, 0xD79F, 0xDFBF, 0xAEFF, 0x1CFF, 0x1CFF, 0x24FF, 0x1CFF, 0x96DF, 0xAEFF,
    0x865F, 0x969F, 0x9EBF, 0xB71F, 0xDF9F, 0xD79F, 0xD79F, 0xDFBF, 0xE7BF, 0xB71F, 0x251F, 0x1CFF, 0x24FF, 0x1CFF, 0x1CFF, 0x1CFF,
    0x1CFF, 0x1CFF, 0x1CFF, 0x1CFF, 0x24FF, 0x24FF, 0x1CFF, 0x1CFF, 0x1CFF, 0x1CFF, 0x1CFF, 0x1CFF, 0x1CFF, 0x1CDF, 0x1CDF, 0x1CDF,
    0x1CDF, 0x1CDF, 0x1CDF, 0x1CDF, 0x1CDF, 0x1CDF, 0x1CDF, 0x1CDF, 0x1CDF, 0x1CDF, 0x1CDF, 0x24DF, 0x1CDF, 0x1CDF, 0x24DF, 0x24DF,
    0x1CDF, 0x1CDF, 0x24DF, 0x1CDF, 0x1CDF, 0x24DF, 0x1CDF, 0x1CDF, 0x24DF, 0x24DF, 0x24DF, 0x24DF, 0x1CDF, 0x1CDF, 0x1CDF, 0x1CDF,
    0x1CDF, 0x1CDF, 0x1CDF, 0x1CDF, 0x1CDF, 0x1CDF, 0x1CDF, 0x1CDF, 0x24DF, 0x24DF, 0x24FF, 0x24DF, 0x24DF, 0x1CDF, 0x1CDF, 0x1CDF,
    0x1CDF, 0x1CDF, 0x1CDF, 0x1CDF, 0x1CDF, 0x1CDF, 0x1CDF, 0x1CDF, 0x1CDF, 0x1CDF, 0x1CDF, 0x1CDF, 0x1CDF, 0x1CDF, 0x24DF, 0x1CDF,
    0x1CDF, 0x1CDF, 0x1CDF, 0x1CDF, 0x1CDF, 0x1CDF, 0x1CDF, 0x24DF, 0x24DF, 0x1CDF, 0x1CDF, 0x1CBF, 0x1CDF, 0x1CDF, 0x1CDF, 0x1CDF,
    0x1CDF, 0x1CFF, 0x24FF, 0x251F, 0x251F, 0x2D3F, 0x2D3F, 0x2D3F, 0x2D1F, 0x251F, 0x251F, 0x251F, 0x251F, 0x251F, 0x251F, 0x251F,
    0x251F, 0x251F, 0x2D3F, 0x251F, 0x1D1F, 0x1CFF, 0x1CFF, 0x1CFF, 0x357F, 0x3D7F, 0x357F, 0x357F, 0x357F, 0x357F, 0x3D7F, 0x357F,
    0x3D7F, 0x3D7F, 0x2D5F, 0x5E1F, 0x3D9F, 0x3D7F, 0x3D7F, 0x2D3F, 0x3D7F, 0x45BF, 0x459F, 0x253F, 0x2D3F, 0x2D5F, 0x357F, 0x357F,
    0x2D3F, 0x353F, 0x353F, 0x3D7F, 0x459F, 0x45BF, 0x561F, 0x129A, 0x01DA, 0x025B, 0x09B6, 0x8CD9, 0xA538, 0xC69D, 0xC75F, 0xA6DF,
    0xA6DF, 0xCF9F, 0xAEFF, 0xAEDF, 0xC75F, 0xD79F, 0xDFBF, 0xD79F, 0xE7BF, 0xC73F, 0x967F, 0x7DFF, 0x8E5F, 0x9EDF, 0xB6FF, 0xA6BF,
    0xC73F, 0xCF7F, 0xAEDF, 0xA6DF, 0x8E5F, 0x967F, 0x9EBF, 0x9E9F, 0x9E9F, 0x9E9F, 0x9EBF, 0xA6BF, 0xAE9D, 0x434F, 0x0207, 0x0268,
    0x0227, 0x01E7, 0x0105, 0x0085, 0x0147, 0x0127, 0x00A5, 0x00E6, 0x00E6, 0x00A5, 0x0106, 0x0126, 0x0106, 0x0127, 0x00C6, 0x00A5,
    0x224F, 0x19AA, 0x19AA, 0x19CB, 0x10E6, 0x19AA, 0x21EC, 0x10E6, 0x08C6, 0x21A8, 0x31C7, 0x29A9, 0x10E6, 0x2126, 0x5A87, 0x8B88,
    0xA429, 0xCD6B, 0x3145, 0x9368, 0xFF31, 0xB4AB, 0x2105, 0x2967, 0x39A7, 0x3986, 0xBCAB, 0x6A66, 0xABE9, 0x6A66, 0xB3C8, 0xACCD,
    0x024F, 0x0B13, 0x2BD7, 0x5499, 0x4C3C, 0x4C7E, 0x341A, 0x0AD2, 0x0270, 0x0A6E, 0x23AC, 0x6E07, 0x5CAF, 0x22F9, 0x1ADB, 0x12DB,
    0x22FA, 0x2AF8, 0x7438, 0xA538, 0x4BF7, 0x53D6, 0x2BB1, 0x6493, 0xB558, 0xA6FF, 0xA6FF, 0x9EFF, 0xA71F, 0x96DF, 0x9EDF, 0xB75F,
    0xB73F, 0x9EBF, 0x7E3F, 0x8EBF, 0xB75F, 0x965D, 0x5CFA, 0x0A70, 0x024E, 0x0B0C, 0x340D, 0x8E1B, 0xAF1F, 0xA6DF, 0x9EBF, 0xB71F,
    0xB71F, 0xC75F, 0xBF3F, 0xCF9F, 0xD79F, 0xDF9F, 0xDF9F, 0xD79F, 0xE7DF, 0xC73F, 0x251F, 0x24FF, 0x14BF, 0x3D5F, 0x9EBF, 0x9EBF,
    0x8E5F, 0x8E5F, 0xA6DF, 0xC75F, 0xCF7F, 0xDFBF, 0xD79F, 0xDF9F, 0xD79F, 0xE7DF, 0xB6FF, 0x14BF, 0x251F, 0x1CFF, 0x1CFF, 0x1CFF,
    0x24FF, 0x24FF, 0x24FF, 0x24FF, 0x24FF, 0x24FF, 0x1CFF, 0x1CFF, 0x1CFF, 0x24FF, 0x24FF, 0x24FF, 0x1CFF, 0x1CFF, 0x1CFF, 0x24FF,
    0x24FF, 0x24FF, 0x24FF, 0x24FF, 0x1CFF, 0x1CFF, 0x1CFF, 0x24FF, 0x24FF, 0x24FF, 0x24FF, 0x24FF, 0x24FF, 0x24FF, 0x24FF, 0x24FF,
    0x24FF, 0x24FF, 0x24FF, 0x24FF, 0x24FF, 0x24FF, 0x24FF, 0x24FF, 0x24FF, 0x24FF, 0x24FF, 0x24FF, 0x24FF, 0x24FF, 0x24FF, 0x24FF,
    0x24FF, 0x1CFF, 0x1CFF, 0x24FF, 0x24FF, 0x24FF, 0x24FF, 0x24FF, 0x24FF, 0x24FF, 0x24FF, 0x24FF, 0x24FF, 0x24FF, 0x1CFF, 0x1CDF,
    0x1CDF, 0x24DF, 0x1CDF, 0x24FF, 0x24FF, 0x1CFF, 0x1CFF, 0x1CDF, 0x1CDF, 0x1CDF, 0x24FF, 0x1CDF, 0x1CDF, 0x1CFF, 0x1CDF, 0x1CDF,
    0x1CFF, 0x1CDF, 0x1CDF, 0x1CDF, 0x1CDF, 0x14DF, 0x14DF, 0x1CDF, 0x1CDF, 0x1CDF, 0x24FF, 0x353F, 0x3D5F, 0x4DBF, 0x5DFF, 0x5DFF,
    0x4DBF, 0x3D5F, 0x2D3F, 0x2D3F, 0x355F, 0x355F, 0x2D3F, 0x2D1F, 0x1CFF, 0x24FF, 0x1CFF, 0x1CFF, 0x24FF, 0x251F, 0x1D1F, 0x251F,
    0x251F, 0x251F, 0x1CFF, 0x1D1F, 0x459F, 0x5DDF, 0x5DDF, 0x5DDF, 0x251F, 0x253F, 0x2D3F, 0x2D5F, 0x357F, 0x357F, 0x359F, 0x357F,
    0x2D7F, 0x2D5F, 0x255F, 0x5E1F, 0x45BF, 0x3D9F, 0x3D9F, 0x3D9F, 0x3D9F, 0x45BF, 0x45DF, 0x45DF, 0x561F, 0x663F, 0x665F, 0x5E3F,
    0x55FF, 0x765F, 0x7E9F, 0x869F, 0x8EBF, 0x8EBF, 0x4419, 0x0A3A, 0x01FB, 0x09B8, 0x1A78, 0x6BFA, 0xA518, 0xDEDD, 0xCF9F, 0x9EBF,
    0xB71F, 0xBF5F, 0x863F, 0xC75F, 0xDFBF, 0xD79F, 0xC71F, 0xDF9F, 0xDF9F, 0xBF3F, 0xD79F, 0xBF1F, 0x7DFF, 0x75DF, 0x965F, 0xBF3F,
    0x9E9F, 0x967F, 0xAEDF, 0xAEFF, 0x75DF, 0x863F, 0xA6DF, 0xA6BF, 0xA6DF, 0x9EBF, 0x8E7E, 0xA75F, 0x53F1, 0x0144, 0x02A9, 0x0207,
    0x0186, 0x0186, 0x0126, 0x0167, 0x00C6, 0x00C6, 0x0126, 0x0166, 0x0167, 0x00E6, 0x0165, 0x0125, 0x0147, 0x0188, 0x0106, 0x00A5,
    0x220D, 0x19EC, 0x1A0D, 0x1148, 0x1107, 0x21EB, 0x19AA, 0x08C6, 0x1128, 0x21A7, 0x39E7, 0x10E6, 0x18C5, 0x5227, 0x4A07, 0xB488,
    0xDD8B, 0x942A, 0x4145, 0xE58D, 0xFF11, 0xA44A, 0x0863, 0x2946, 0x5206, 0x6266, 0x8348, 0xA40A, 0x9BA9, 0x9368, 0xD4CB, 0x538E,
    0x0271, 0x02D2, 0x02D1, 0x3CAE, 0x5CD5, 0x3379, 0x0A32, 0x022F, 0x0230, 0x3C6B, 0x240C, 0x450B, 0x5CEE, 0x1AF9, 0x4453, 0x54D1,
    0x231A, 0x1AB9, 0x4B99, 0xB5B9, 0x7CB8, 0x2B16, 0x22F3, 0x53D4, 0xAD38, 0xB73F, 0xB77F, 0xAF3F, 0x9EFF, 0x9EDF, 0x9EFF, 0xB73F,
    0xB73F, 0xC77F, 0xA69D, 0x5477, 0x7D79, 0x2313, 0x01F0, 0x0B10, 0x0AEE, 0x3C4C, 0x44AA, 0x33AE, 0x8656, 0x96BC, 0x9EDF, 0xAF1F,
    0x9EFF, 0xB73F, 0xD79F, 0xDF9F, 0xDFBF, 0xCF7F, 0xCF9F, 0xDFBF, 0xD79F, 0x6E1F, 0x14DF, 0x14DF, 0x3D7F, 0x969F, 0x969F, 0xB71F,
    0xAEFF, 0x8E7F, 0xAEDF, 0xC75F, 0xBF3F, 0xCF7F, 0xDF9F, 0xD79F, 0xDF9F, 0xDFBF, 0xDF7F, 0x6DDF, 0x1CFF, 0x24FF, 0x24FF, 0x24FF,
    0x251F, 0x24FF, 0x24FF, 0x24FF, 0x24FF, 0x24FF, 0x24FF, 0x24FF, 0x24FF, 0x24FF, 0x24FF, 0x24FF, 0x24FF, 0x24FF, 0x24FF, 0x24FF,
    0x24FF, 0x24FF, 0x24FF, 0x24FF, 0x24FF, 0x24FF, 0x251F, 0x1CFF, 0x14DF, 0x14BF, 0x1CDF, 0x2D1F, 0x251F, 0x24FF, 0x24FF, 0x24FF,
    0x24FF, 0x24FF, 0x24FF, 0x24FF, 0x24FF, 0x24FF, 0x24FF, 0x24FF, 0x24FF, 0x24FF, 0x24FF, 0x24FF, 0x24FF, 0x24FF, 0x24FF, 0x24FF,
    0x24FF, 0x24FF, 0x24FF, 0x24FF, 0x24FF, 0x24FF, 0x24FF, 0x24FF, 0x24FF, 0x24FF, 0x24FF, 0x24FF, 0x24FF, 0x24FF, 0x24FF, 0x24FF,
    0x24FF, 0x24FF, 0x24FF, 0x24FF, 0x24FF, 0x24FF, 0x24FF, 0x24FF, 0x24FF, 0x24FF, 0x24FF, 0x24FF, 0x1CFF, 0x1CFF, 0x355F, 0x2D1F,
    0x24FF, 0x3D7F, 0x3D7F, 0x355F, 0x355F, 0x459F, 0x459F, 0x459F, 0x4DBF, 0x4DBF, 0x5DFF, 0x869F, 0x7E7F, 0x869F, 0x96DF, 0x9EDF,
    0x9EBF, 0x761F, 0x459F, 0x459F, 0x4DDF, 0x4DBF, 0x459F, 0x459F, 0x3D7F, 0x251F, 0x3D7F, 0x3D9F, 0x355F, 0x357F, 0x3D7F, 0x253F,
    0x251F, 0x2D3F, 0x5DFF, 0x5DDF, 0xBF3F, 0xEFFF, 0xE7DF, 0xE7DF, 0x7E3F, 0x1D1F, 0x1D1F, 0x2D5F, 0x45BF, 0x45BF, 0x45DF, 0x45BF,
    0x45BF, 0x3D9F, 0x359F, 0x663F, 0x3DBF, 0x45DF, 0x4DDF, 0x45DF, 0x4DDF, 0x4DDF, 0x4DDF, 0x4DDF, 0x4DDF, 0x4DDF, 0x4DDF, 0x3D7F,
    0x661F, 0x7E7F, 0x8E7F, 0x8E7F, 0x867F, 0x7E3F, 0x09D8, 0x01B9, 0x021A, 0x1C3B, 0x3D1D, 0x5B59, 0xB5B9, 0x84DB, 0xA6BF, 0xAEFF,
    0xBF1F, 0xBF3F, 0xB71F, 0xC75F, 0xD77F, 0xD79F, 0x85BF, 0xAEBF, 0xD7BF, 0xBF5F, 0xAF1F, 0xCF7F, 0xB6FF, 0x7DDF, 0x9E9F, 0xBF3F,
    0xA6BF, 0xA6BF, 0x9E9F, 0x967F, 0x7E1F, 0x9E9F, 0x9EBF, 0xA6DF, 0x967F, 0x9EDF, 0x6558, 0x43AD, 0x32ED, 0x0146, 0x01E8, 0x0228,
    0x0166, 0x0187, 0x01E8, 0x0187, 0x0107, 0x0127, 0x0146, 0x0125, 0x00E6, 0x00C5, 0x0165, 0x0105, 0x0168, 0x0127, 0x0107, 0x00A5,
    0x222F, 0x220D, 0x1989, 0x1149, 0x19AB, 0x220C, 0x1148, 0x08C5, 0x1107, 0x2987, 0x39C7, 0x0043, 0x3145, 0x8B4A, 0x5A68, 0xBCCB,
    0xC50B, 0x62C9, 0x6227, 0xEE0E, 0xF66F, 0x9BE9, 0x0863, 0x2126, 0x5206, 0x41A5, 0x8348, 0xDDCE, 0x8B69, 0xCCCC, 0xE56D, 0x22EE,
    0x02EF, 0x0250, 0x02B0, 0x0B2E, 0x2CAF, 0x1371, 0x02AF, 0x028F, 0x01EE, 0x0A6D, 0x23ED, 0x3D2C, 0x2412, 0x3CB3, 0x764C, 0x8EE8,
    0x5491, 0x1A78, 0x3317, 0x84B8, 0xBDD9, 0x4B77, 0x7418, 0x8499, 0x8456, 0x6D39, 0x5518, 0x861B, 0xAF3F, 0x9EDF, 0xA6FF, 0xB73F,
    0xBF5F, 0xCFDF, 0x95DB, 0x018C, 0x0231, 0x0A92, 0x0271, 0x0230, 0x0270, 0x234F, 0x3C8D, 0x5DCB, 0x244A, 0x7618, 0xA71F, 0x9EDF,
    0xAF1F, 0xD79F, 0xC75F, 0xD77F, 0xCF7F, 0xBF5F, 0xDF9F, 0xD79F, 0xBF5F, 0x8EBF, 0x4D9F, 0x2D1F, 0xAEFF, 0xAEFF, 0x969F, 0xCF7F,
    0xD79F, 0xB71F, 0x969F, 0x8E7F, 0x8E7F, 0xC75F, 0xDF9F, 0xD79F, 0xD79F, 0xDFBF, 0xD79F, 0x6E1F, 0x14DF, 0x2D3F, 0x251F, 0x251F,
    0x251F, 0x251F, 0x251F, 0x251F, 0x251F, 0x251F, 0x24FF, 0x24FF, 0x24FF, 0x24FF, 0x251F, 0x251F, 0x251F, 0x251F, 0x251F, 0x251F,
    0x251F, 0x251F, 0x251F, 0x251F, 0x24FF, 0x1CDF, 0x14DF, 0x355F, 0x6E1F, 0x8E7F, 0x65FF, 0x14DF, 0x1CFF, 0x251F, 0x251F, 0x251F,
    0x251F, 0x251F, 0x251F, 0x251F, 0x24FF, 0x24FF, 0x251F, 0x24FF, 0x24FF, 0x251F, 0x24FF, 0x24FF, 0x24FF, 0x24FF, 0x24FF, 0x24FF,
    0x24FF, 0x24FF, 0x24FF, 0x24FF, 0x24FF, 0x24FF, 0x24FF, 0x24FF, 0x24FF, 0x24FF, 0x24FF, 0x24FF, 0x24FF, 0x24FF, 0x24FF, 0x24FF,
    0x24FF, 0x24FF, 0x24FF, 0x24FF, 0x24FF, 0x24FF, 0x24FF, 0x24FF, 0x24FF, 0x24FF, 0x24FF, 0x24FF, 0x24FF, 0x24FF, 0x3D5F, 0x2D3F,
    0x251F, 0x459F, 0x457F, 0x355F, 0x3D7F, 0x4D9F, 0x4D9F, 0x4DBF, 0x4DBF, 0x4DBF, 0x4D9F, 0x459F, 0x5DDF, 0x65FF, 0x5DDF, 0x55BF,
    0x457F, 0x55BF, 0x65FF, 0x4DBF, 0x459F, 0x459F, 0x459F, 0x4DBF, 0x459F, 0x2D3F, 0x3D9F, 0x3D9F, 0x355F, 0x357F, 0x3D7F, 0x1CFF,
    0x251F, 0x8E9F, 0xA6FF, 0x9EDF, 0xAEFF, 0xD79F, 0xDF9F, 0xDFBF, 0xDFBF, 0x761F, 0x9EBF, 0x6E1F, 0x1D3F, 0x2D5F, 0x2D5F, 0x355F,
    0x3D7F, 0x459F, 0x359F, 0x665F, 0x255F, 0x253F, 0x2D3F, 0x2D5F, 0x253F, 0x253F, 0x251F, 0x251F, 0x253F, 0x253F, 0x251F, 0x253F,
    0x355F, 0x457F, 0x459F, 0x4D9F, 0x457F, 0x3D3F, 0x0A39, 0x01DA, 0x021A, 0x141C, 0x1D1E, 0x4B19, 0xFFDC, 0x4B7A, 0x95BC, 0xA71F,
    0x9E9F, 0x9EBF, 0xBF1F, 0xC75F, 0xAF1F, 0x9EBF, 0x653F, 0xB6BF, 0xAEFF, 0x8E7F, 0x7E1F, 0x9EBF, 0xAEDF, 0x75BF, 0x863F, 0x967F,
    0x75DF, 0x8E3F, 0x75DF, 0x6DBF, 0x7DFF, 0x7E1F, 0x861F, 0x8E3F, 0x7DFF, 0x75DD, 0x228B, 0x00C2, 0x0104, 0x0126, 0x00E5, 0x0127,
    0x00E7, 0x01C9, 0x0188, 0x0023, 0x00A5, 0x0127, 0x0126, 0x0166, 0x0126, 0x00A6, 0x08A5, 0x1146, 0x0127, 0x0106, 0x00E5, 0x0083,
    0x222E, 0x19CC, 0x1127, 0x198A, 0x21EB, 0x1989, 0x1128, 0x1107, 0x0884, 0x2966, 0x1906, 0x0885, 0x5249, 0x5249, 0x9C0B, 0xE5CD,
    0x93CA, 0x18C5, 0x9BCA, 0xE5CE, 0xDD8C, 0x9388, 0x0022, 0x18E5, 0x6287, 0x41C5, 0xC50C, 0x8348, 0x7B07, 0xB42A, 0x73AC, 0x12EF,
    0x1BCD, 0x448E, 0x1B50, 0x022F, 0x02CF, 0x0CD0, 0x0C2F, 0x024E, 0x01EE, 0x020E, 0x024F, 0x3CED, 0x6E6A, 0x660A, 0x662A, 0x766A,
    0x6DEB, 0x43F4, 0x1297, 0x5BF8, 0xB579, 0x4B98, 0x94F9, 0xA559, 0xA538, 0x4BD4, 0x032F, 0x4454, 0xB75F, 0xAF3F, 0xAF3F, 0xB75F,
    0x5C54, 0x4C15, 0x3354, 0x0291, 0x0B15, 0x1333, 0x0AB2, 0x02D2, 0x0AF3, 0x12B5, 0x0AB3, 0x234E, 0x23CD, 0x3CCD, 0xAEFC, 0xB71F,
    0xBF5F, 0xCF7F, 0xBF3F, 0xB73F, 0xAEFF, 0xBF3F, 0xDF9F, 0xD79F, 0xCF7F, 0xDFDF, 0xB71F, 0x7E3F, 0xB6FF, 0xA6DF, 0x969F, 0xAEFF,
    0xDF9F, 0xB6FF, 0x969F, 0x9EDF, 0x96BF, 0xC75F, 0xE7BF, 0xDF9F, 0xD79F, 0xC75F, 0x761F, 0x4D9F, 0x761F, 0x251F, 0x2D3F, 0x251F,
    0x251F, 0x251F, 0x251F, 0x251F, 0x251F, 0x251F, 0x251F, 0x251F, 0x251F, 0x251F, 0x251F, 0x251F, 0x251F, 0x1CFF, 0x251F, 0x251F,
    0x1D1F, 0x1CFF, 0x251F, 0x1CFF, 0x251F, 0x763F, 0x867F, 0x7E5F, 0xB71F, 0xF7FF, 0xD77F, 0x96BF, 0x6E1F, 0x1CFF, 0x1CFF, 0x1CFF,
    0x1CFF, 0x1CDF, 0x1CFF, 0x1CFF, 0x251F, 0x1CFF, 0x24FF, 0x251F, 0x24FF, 0x24FF, 0x251F, 0x251F, 0x24FF, 0x24FF, 0x24FF, 0x24FF,
    0x24FF, 0x24FF, 0x24FF, 0x251F, 0x24FF, 0x251F, 0x251F, 0x251F, 0x251F, 0x251F, 0x24FF, 0x251F, 0x24FF, 0x251F, 0x251F, 0x251F,
    0x251F, 0x251F, 0x251F, 0x251F, 0x251F, 0x251F, 0x24FF, 0x24FF, 0x251F, 0x251F, 0x251F, 0x251F, 0x251F, 0x251F, 0x1CFF, 0x251F,
    0x251F, 0x1CFF, 0x1CFF, 0x24FF, 0x1CFF, 0x1CFF, 0x1CFF, 0x1CFF, 0x1CFF, 0x1CFF, 0x1CFF, 0x1CDF, 0x2D1F, 0x3D5F, 0x3D5F, 0x2D3F,
    0x1CFF, 0x251F, 0x2D3F, 0x1CFF, 0x1CFF, 0x1CDF, 0x1CFF, 0x1CFF, 0x1D1F, 0x253F, 0x1D1F, 0x1D1F, 0x1D1F, 0x1D1F, 0x1CFF, 0x1CDF,
    0x8E9F, 0xC77F, 0x8E9F, 0x96BF, 0xA6FF, 0xD79F, 0xDF9F, 0xDF9F, 0xD79F, 0xDF9F, 0xF7FF, 0xDF9F, 0x55BF, 0x151F, 0x2D3F, 0x2D5F,
    0x2D5F, 0x2D7F, 0x2D7F, 0x5E3F, 0x2D5F, 0x2D3F, 0x2D5F, 0x2D5F, 0x2D5F, 0x2D5F, 0x2D3F, 0x2D3F, 0x2D5F, 0x255F, 0x2D5F, 0x2D5F,
    0x253F, 0x253F, 0x253F, 0x251F, 0x2D3F, 0x2D1F, 0x023A, 0x021B, 0x01B9, 0x023A, 0x039D, 0x1A39, 0xCE7B, 0x6419, 0xBE1B, 0xC73F,
    0x969F, 0x8E7F, 0x8E5F, 0xCF7F, 0x8E7F, 0x7E3F, 0x445F, 0x9DFF, 0x865F, 0x75DF, 0x6DDF, 0x863F, 0x967F, 0x7DFF, 0x7E1F, 0x75FF,
    0x7DFF, 0x75DF, 0x75DF, 0x75DF, 0x75DF, 0x75FF, 0x75FF, 0x75DF, 0x7E3F, 0x6519, 0x0104, 0x0186, 0x0186, 0x00C4, 0x00E7, 0x0128,
    0x01A8, 0x0167, 0x0967, 0x5C15, 0x1A2C, 0x00C4, 0x0105, 0x01E7, 0x01C9, 0x0108, 0x094A, 0x11C8, 0x0167, 0x0126, 0x00E5, 0x00C5,
    0x19CC, 0x19CB, 0x19AB, 0x19CB, 0x21CA, 0x1969, 0x116A, 0x08A5, 0x2104, 0x4A28, 0x10E5, 0x2147, 0x5A8A, 0x6ACA, 0xD56D, 0xEE0E,
    0x93EA, 0x3125, 0xCD2D, 0xD54C, 0xEE0E, 0xA42A, 0x0003, 0x41E7, 0x7B09, 0x9BC9, 0xD56B, 0x72E6, 0x7AE6, 0xC52E, 0x0AF1, 0x0371,
    0x1410, 0x55CF, 0x3CF0, 0x01EF, 0x01EF, 0x028F, 0x020E, 0x01AE, 0x01EE, 0x024E, 0x022F, 0x0250, 0x344D, 0x2BAB, 0x2C0A, 0x450C,
    0x12D2, 0x3CD1, 0x3CB1, 0x4397, 0x94F9, 0x4B77, 0x7C58, 0x84B8, 0x94F9, 0x6476, 0x13D2, 0x6537, 0xC79F, 0x7598, 0x6536, 0xB73F,
    0x12D5, 0x0214, 0x0A98, 0x0AF6, 0x12F8, 0x0AF4, 0x12F5, 0x1AD6, 0x12D6, 0x84F5, 0x6474, 0x2B15, 0x4B74, 0x43EF, 0x8DF9, 0xC77F,
    0xAEFF, 0xBF5F, 0xAEFF, 0xAEFF, 0xA6FF, 0xA6DF, 0xC75F, 0xD79F, 0xD79F, 0xD79F, 0xB71F, 0x9EBF, 0x9EBF, 0x969F, 0x865F, 0x8E7F,
    0xAEDF, 0xBF1F, 0x9E9F, 0xAEFF, 0xCF7F, 0xBF3F, 0xBF3F, 0xD79F, 0xCF7F, 0xB6FF, 0xBF1F, 0xDF9F, 0xD77F, 0x251F, 0x251F, 0x253F,
    0x253F, 0x253F, 0x251F, 0x251F, 0x251F, 0x251F, 0x251F, 0x251F, 0x251F, 0x253F, 0x459F, 0x355F, 0x2D5F, 0x55DF, 0x55DF, 0x357F,
    0x55DF, 0x763F, 0x9EDF, 0x7E7F, 0x867F, 0xA6FF, 0xAEFF, 0x96BF, 0x9EBF, 0xA6BF, 0xAEFF, 0xE7BF, 0xCF7F, 0x969F, 0x9EDF, 0x8E9F,
    0x867F, 0x8E9F, 0x4DBF, 0x5DFF, 0x3D9F, 0x4DBF, 0x4DBF, 0x2D3F, 0x55BF, 0x457F, 0x24FF, 0x251F, 0x251F, 0x251F, 0x251F, 0x251F,
    0x251F, 0x251F, 0x251F, 0x251F, 0x251F, 0x251F, 0x251F, 0x251F, 0x251F, 0x251F, 0x251F, 0x251F, 0x251F, 0x251F, 0x251F, 0x251F,
    0x251F, 0x251F, 0x251F, 0x251F, 0x251F, 0x251F, 0x251F, 0x251F, 0x251F, 0x251F, 0x251F, 0x251F, 0x251F, 0x251F, 0x251F, 0x251F,
    0x251F, 0x251F, 0x251F, 0x251F, 0x251F, 0x251F, 0x251F, 0x2D1F, 0x251F, 0x251F, 0x251F, 0x251F, 0x24FF, 0x1CFF, 0x1CFF, 0x251F,
    0x251F, 0x251F, 0x24FF, 0x251F, 0x251F, 0x251F, 0x251F, 0x251F, 0x253F, 0x253F, 0x253F, 0x253F, 0x251F, 0x1D1F, 0x1D1F, 0x65DF,
    0xA6FF, 0xC77F, 0xB71F, 0x969F, 0xA6DF, 0xA6DF, 0xCF7F, 0xDFBF, 0xDFBF, 0xDF9F, 0xD79F, 0xCF9F, 0xAF1F, 0x459F, 0x253F, 0x2D7F,
    0x2D5F, 0x2D5F, 0x253F, 0x9E7F, 0x45BF, 0x2D5F, 0x2D5F, 0x253F, 0x2D5F, 0x2D3F, 0x2D5F, 0x2D5F, 0x2D5F, 0x2D5F, 0x2D5F, 0x253F,
    0x765F, 0x663F, 0x3D9F, 0x5DFF, 0x661F, 0x761E, 0x0A5A, 0x023B, 0x01B9, 0x023A, 0x031C, 0x01B9, 0xADBB, 0x6C5A, 0xBDDB, 0xD77F,
    0x867F, 0x863F, 0x969F, 0xB71F, 0x863F, 0x763F, 0x3C1F, 0x95BF, 0x75FF, 0x75DF, 0x7E1F, 0x75FF, 0x8E7F, 0x861F, 0x6DBF, 0x75FF,
    0x75FF, 0x75FF, 0x75DF, 0x75FF, 0x7DFF, 0x7DFF, 0x7DFF, 0x7DFF, 0x75FF, 0x75FE, 0x3BD3, 0x0165, 0x0166, 0x4330, 0x7D5A, 0x19CA,
    0x0145, 0x0126, 0x32EE, 0x7EDF, 0x124C, 0x0062, 0x7C72, 0x5370, 0x0127, 0x018A, 0x5C58, 0x32AD, 0x0106, 0x08A4, 0x0064, 0x0108,
    0x19CB, 0x1969, 0x1148, 0x222E, 0x21CB, 0x1127, 0x1949, 0x0885, 0x2147, 0x31A8, 0x2146, 0x39C7, 0x4A29, 0xBCEC, 0xDD8C, 0xDDEE,
    0x4A07, 0x7B09, 0xEDEE, 0xD52C, 0xE58C, 0xA40A, 0x0863, 0x5A48, 0x6288, 0x9388, 0xE5ED, 0x93A8, 0x8307, 0xCD6F, 0x1B11, 0x02F2,
    0x0353, 0x0BF1, 0x0C71, 0x0250, 0x01EF, 0x018F, 0x02AE, 0x0C0F, 0x01CF, 0x5CCD, 0x44AC, 0x1B4C, 0x65AA, 0x126C, 0x01AC, 0x236D,
    0x3CCE, 0x244F, 0x34AB, 0x3C12, 0x8CF9, 0x6BF8, 0x3B17, 0x7458, 0x7C99, 0x7CF8, 0x2C73, 0x3C94, 0x653B, 0x1273, 0x0A32, 0x2338,
    0x02D7, 0x1318, 0x1B19, 0x12D7, 0x1AFA, 0x1AFA, 0x1AD8, 0x1298, 0x1276, 0x8496, 0x2AD3, 0x4375, 0xB598, 0x5377, 0x853B, 0xB75F,
    0x8E7F, 0x9EDF, 0xB71F, 0xAEFF, 0xAEFF, 0xA6DF, 0xAEDF, 0xB71F, 0xCF9F, 0xAEFF, 0xAEFF, 0x8E7F, 0x865F, 0x96BF, 0x969F, 0x969F,
    0xB71F, 0xE7DF, 0xCF7F, 0xD77F, 0xDFBF, 0xB71F, 0x9EBF, 0x9EBF, 0xC75F, 0xDF9F, 0xE7BF, 0xDF9F, 0xDFBF, 0x96BF, 0x1D1F, 0x2D3F,
    0x253F, 0x253F, 0x253F, 0x253F, 0x253F, 0x253F, 0x253F, 0x253F, 0x253F, 0x253F, 0x355F, 0x2D3F, 0x2D3F, 0x3D7F, 0x355F, 0x2D3F,
    0x3D7F, 0x459F, 0x4D9F, 0x459F, 0x457F, 0x65DF, 0x7E1F, 0x55BF, 0x761F, 0x863F, 0x75FF, 0x557F, 0x455F, 0x863F, 0x761F, 0x4D9F,
    0x4DBF, 0x55BF, 0x3D5F, 0x3D7F, 0x355F, 0x3D7F, 0x3D5F, 0x251F, 0x3D5F, 0x355F, 0x251F, 0x251F, 0x251F, 0x251F, 0x251F, 0x251F,
    0x251F, 0x251F, 0x251F, 0x251F, 0x251F, 0x251F, 0x251F, 0x251F, 0x251F, 0x251F, 0x251F, 0x251F, 0x251F, 0x251F, 0x251F, 0x251F,
    0x251F, 0x251F, 0x251F, 0x251F, 0x251F, 0x251F, 0x251F, 0x251F, 0x251F, 0x251F, 0x251F, 0x251F, 0x251F, 0x251F, 0x251F, 0x251F,
    0x251F, 0x251F, 0x251F, 0x251F, 0x251F, 0x251F, 0x251F, 0x251F, 0x251F, 0x251F, 0x251F, 0x251F, 0x251F, 0x251F, 0x251F, 0x251F,
    0x251F, 0x251F, 0x251F, 0x251F, 0x253F, 0x253F, 0x253F, 0x253F, 0x253F, 0x253F, 0x253F, 0x253F, 0x253F, 0x1D1F, 0x6E3F, 0x969F,
    0x865F, 0x96BF, 0xAEFF, 0x9EBF, 0x9EBF, 0xB71F, 0xBF1F, 0xD79F, 0xDFBF, 0xD79F, 0xCF7F, 0xC75F, 0xD79F, 0xD79F, 0x55DF, 0x2D7F,
    0x2D7F, 0x255F, 0x14FF, 0xBEDF, 0x45BF, 0x45DF, 0xAF1F, 0xB71F, 0x2D5F, 0x253F, 0x2D5F, 0x357F, 0x3D9F, 0x357F, 0x2D5F, 0x6E3F,
    0xAF1F, 0x8EBF, 0x6E3F, 0xBF5F, 0xBF5F, 0x4378, 0x0197, 0x01B9, 0x0199, 0x023A, 0x02FD, 0x019A, 0xADBC, 0x6C5A, 0xAD7A, 0xCF5F,
    0x7E3F, 0x7E1F, 0x8E5F, 0x8E5F, 0x7E1F, 0x7E3F, 0x445F, 0xB67F, 0x75FF, 0x75FF, 0x75FF, 0x75FF, 0x7E1F, 0x75FF, 0x75DF, 0x75DF,
    0x75FF, 0x7E1F, 0x657F, 0x4C9E, 0x865F, 0x7DFF, 0x7DFF, 0x7E1F, 0x75DF, 0x7E3F, 0x5CB8, 0x00E2, 0x3B50, 0x865F, 0x3AEE, 0x08C4,
    0x1166, 0x3AED, 0x0906, 0x120B, 0x0106, 0x00E4, 0x3B50, 0x224E, 0x00C7, 0x00E6, 0x6B91, 0x6B91, 0x0043, 0x0843, 0x5C33, 0x19AB,
    0x222E, 0x19EC, 0x198A, 0x1969, 0x1948, 0x10C6, 0x1928, 0x0885, 0x2168, 0x2189, 0x3187, 0x5248, 0x39C7, 0xC50B, 0xF6AE, 0xC56D,
    0x20E5, 0xA40B, 0xDDCE, 0xCD2C, 0xEE4F, 0xAC8B, 0x1083, 0x5227, 0x2945, 0x8B28, 0xF650, 0x5226, 0x9347, 0xEE10, 0x12F1, 0x0251,
    0x0251, 0x0292, 0x0371, 0x0311, 0x020F, 0x0250, 0x02B0, 0x02D0, 0x0290, 0x134E, 0x1B6C, 0x5D8A, 0x86C9, 0x5D0B, 0x01AE, 0x0A2D,
    0x12ED, 0x022E, 0x12CF, 0x2BB1, 0x7CB9, 0xB55A, 0x4338, 0x7438, 0x8CB9, 0x94F9, 0x4473, 0x3490, 0x3433, 0x12D5, 0x0A99, 0x0AB9,
    0x131A, 0x0B37, 0x0B36, 0x1AF9, 0x1ADA, 0x1AFA, 0x1337, 0x02D5, 0x1297, 0x8478, 0x3316, 0x3336, 0xC5F9, 0x8436, 0xA5DB, 0x9F1F,
    0x867F, 0x8E9F, 0x969F, 0x96BF, 0xA6DF, 0xC75F, 0xD77F, 0xC75F, 0x8E5F, 0x8E7F, 0xA6FF, 0x6DFF, 0x6DDF, 0x7E1F, 0x9EBF, 0x969F,
    0x967F, 0xA6DF, 0xD79F, 0xCF7F, 0xCF9F, 0xCF7F, 0xCF7F, 0xAEFF, 0xAEFF, 0xDFBF, 0xD79F, 0xD79F, 0xDFBF, 0xC73F, 0x2D3F, 0x2D5F,
    0x2D5F, 0x253F, 0x2D3F, 0x2D3F, 0x2D3F, 0x253F, 0x253F, 0x253F, 0x253F, 0x253F, 0x253F, 0x253F, 0x253F, 0x251F, 0x1D1F, 0x251F,
    0x1D1F, 0x251F, 0x1CFF, 0x1CFF, 0x1CFF, 0x2D1F, 0x353F, 0x251F, 0x2D3F, 0x3D5F, 0x353F, 0x24FF, 0x1CFF, 0x2D1F, 0x24FF, 0x1CFF,
    0x1CFF, 0x1CFF, 0x251F, 0x251F, 0x251F, 0x251F, 0x251F, 0x251F, 0x251F, 0x251F, 0x251F, 0x251F, 0x251F, 0x251F, 0x251F, 0x251F,
    0x2D1F, 0x251F, 0x251F, 0x251F, 0x251F, 0x2D1F, 0x2D1F, 0x2D3F, 0x2D1F, 0x2D1F, 0x251F, 0x2D1F, 0x2D1F, 0x251F, 0x251F, 0x251F,
    0x2D1F, 0x251F, 0x2D1F, 0x251F, 0x251F, 0x251F, 0x251F, 0x251F, 0x251F, 0x251F, 0x251F, 0x251F, 0x251F, 0x251F, 0x253F, 0x253F,
    0x253F, 0x253F, 0x253F, 0x253F, 0x253F, 0x2D3F, 0x2D3F, 0x2D3F, 0x2D3F, 0x251F, 0x251F, 0x251F, 0x251F, 0x251F, 0x251F, 0x253F,
    0x253F, 0x253F, 0x2D3F, 0x253F, 0x253F, 0x2D3F, 0x2D3F, 0x2D3F, 0x2D3F, 0x2D3F, 0x2D3F, 0x2D3F, 0x1D1F, 0x55DF, 0x969F, 0x8E9F,
    0x8E9F, 0x8E7F, 0x867F, 0x867F, 0xBF3F, 0xEFDF, 0xE7BF, 0xAEDF, 0xCF7F, 0xC77F, 0xBF3F, 0xE7BF, 0xD79F, 0xC75F, 0x4DDF, 0x2D7F,
    0x2D7F, 0x5E3F, 0x5DDF, 0xA69F, 0x6E3F, 0x96BF, 0xCF7F, 0xE7DF, 0xBF3F, 0x45BF, 0x255F, 0x359F, 0x359F, 0x357F, 0x6E3F, 0x96BF,
    0x9EDF, 0x96DF, 0x96BF, 0xBF9F, 0x74BB, 0x01D9, 0x01B8, 0x0157, 0x12DA, 0x44DC, 0x229A, 0x233B, 0x8D1A, 0x63FA, 0xAD7A, 0xD77F,
    0x7E3F, 0x863F, 0x7E3F, 0x7E3F, 0x7E3F, 0x7E3F, 0x33FF, 0xAE5F, 0x7E1F, 0x75FF, 0x75FF, 0x75FF, 0x75FF, 0x75FF, 0x75FF, 0x75FF,
    0x75FF, 0x7E3F, 0x5D5F, 0x341E, 0x863F, 0x75FF, 0x7DFF, 0x7DFF, 0x7E1F, 0x7E1F, 0x75DE, 0x651A, 0x7E1E, 0x5CD8, 0x00C3, 0x0186,
    0x00C4, 0x3A6B, 0x7D7A, 0x8DDA, 0x4B70, 0x0126, 0x0167, 0x64D6, 0x8578, 0x08E5, 0x1906, 0x1106, 0x0001, 0x53D2, 0x967D, 0x1107,
    0x1A0D, 0x21EC, 0x21A9, 0x1947, 0x10E6, 0x10E7, 0x1948, 0x10C6, 0x31CA, 0x31E9, 0x4208, 0x3166, 0x8349, 0x93A9, 0xF68E, 0x9C2B,
    0x3145, 0xD56D, 0xD5EE, 0xD5CE, 0xEE4F, 0x93C9, 0x18A4, 0x2925, 0x5207, 0xB3E9, 0xD52C, 0x5A25, 0xCD0C, 0x5C11, 0x0271, 0x0271,
    0x0231, 0x0251, 0x03D3, 0x0270, 0x0230, 0x03B2, 0x0292, 0x0251, 0x02B0, 0x0B2F, 0x0A4D, 0x0A8C, 0x2BCC, 0x0A4D, 0x01CF, 0x01EF,
    0x1ACE, 0x1ACF, 0x7476, 0x6376, 0x63D5, 0xC5BA, 0x7C7A, 0x747A, 0x84BA, 0x849A, 0x2315, 0x3451, 0x44F2, 0x3473, 0x1B39, 0x1AFB,
    0x1AFB, 0x1B1B, 0x1B1B, 0x1AFA, 0x1AD9, 0x12D9, 0x12F8, 0x0AD8, 0x12F8, 0x9D19, 0x7478, 0x3B36, 0xAD58, 0xA4F6, 0xBE5B, 0x9F1F,
    0x8EBF, 0x8E9F, 0x8E9F, 0x96BF, 0xBF5F, 0xDFBF, 0xDFBF, 0xBF3F, 0x861F, 0x8E7F, 0xB71F, 0x8E7F, 0x6DDF, 0x7E3F, 0x8E7F, 0x7E3F,
    0x863F, 0x865F, 0xA6DF, 0xB71F, 0x967F, 0xD79F, 0xDFBF, 0xDFBF, 0xBF3F, 0xCF7F, 0xC75F, 0xCF7F, 0xD79F, 0x969F, 0x2D7F, 0x2D5F,
    0x2D5F, 0x2D5F, 0x2D5F, 0x2D5F, 0x2D5F, 0x2D3F, 0x253F, 0x253F, 0x253F, 0x2D3F, 0x2D5F, 0x2D3F, 0x2D3F, 0x253F, 0x253F, 0x253F,
    0x253F, 0x253F, 0x253F, 0x253F, 0x253F, 0x251F, 0x251F, 0x253F, 0x253F, 0x251F, 0x251F, 0x2D3F, 0x2D3F, 0x251F, 0x251F, 0x2D3F,
    0x251F, 0x251F, 0x251F, 0x251F, 0x253F, 0x253F, 0x253F, 0x253F, 0x251F, 0x251F, 0x251F, 0x251F, 0x251F, 0x2D1F, 0x2D3F, 0x2D3F,
    0x2D3F, 0x2D3F, 0x2D3F, 0x2D3F, 0x2D3F, 0x2D3F, 0x2D3F, 0x2D3F, 0x2D3F, 0x2D3F, 0x2D3F, 0x2D3F, 0x2D3F, 0x2D3F, 0x2D3F, 0x2D3F,
    0x2D3F, 0x2D3F, 0x2D3F, 0x253F, 0x253F, 0x2D3F, 0x253F, 0x2D1F, 0x251F, 0x253F, 0x2D3F, 0x253F, 0x2D3F, 0x2D3F, 0x2D3F, 0x2D3F,
    0x2D3F, 0x2D3F, 0x2D3F, 0x253F, 0x253F, 0x2D3F, 0x2D3F, 0x2D3F, 0x253F, 0x253F, 0x253F, 0x253F, 0x253F, 0x253F, 0x253F, 0x2D3F,
    0x2D3F, 0x2D3F, 0x2D5F, 0x2D5F, 0x2D3F, 0x2D5F, 0x2D5F, 0x2D5F, 0x2D5F, 0x2D5F, 0x2D5F, 0x2D5F, 0x253F, 0x6E1F, 0x8E7F, 0x8E7F,
    0x8E7F, 0x969F, 0x8E9F, 0x96BF, 0xBF3F, 0xDF9F, 0xAEDF, 0xBF1F, 0xCF7F, 0xBF3F, 0xDF9F, 0xDFBF, 0xB71F, 0x8E9F, 0x4DDF, 0x257F,
    0x663F, 0xD7BF, 0x7DFF, 0xAE9F, 0xAEFF, 0x96BF, 0x9EDF, 0xCF7F, 0xE7DF, 0xCF7F, 0x459F, 0x255F, 0x2D5F, 0x661F, 0x96BF, 0xAEFF,
    0x9EDF, 0x9EDF, 0x9EDF, 0xCFDF, 0x53DA, 0x0199, 0x025B, 0x029C, 0x157E, 0x0A79, 0x53BB, 0xA5FD, 0x11D7, 0x3AF7, 0xBDFB, 0xD75F,
    0x8E7F, 0x8E7F, 0x865F, 0x865F, 0x867F, 0x3C5E, 0x1B5F, 0xAE5F, 0x23FF, 0x44DF, 0x763F, 0x7E3F, 0x761F, 0x761F, 0x7E1F, 0x7E1F,
    0x7E1F, 0x659F, 0x139E, 0x135E, 0x2B9C, 0x651E, 0x865F, 0x7E1F, 0x863F, 0x863F, 0x863F, 0x7E3F, 0x7E1F, 0x7E1E, 0x1A6A, 0x0165,
    0x53F3, 0x430E, 0x9EDF, 0x9EBF, 0x967E, 0x85BA, 0x9DD9, 0xD7BF, 0xBE9C, 0x0107, 0x10C6, 0x1169, 0x00C5, 0x43F3, 0x322C, 0x2167,
    0x222D, 0x220C, 0x21AA, 0x21CC, 0x1928, 0x10E7, 0x08A5, 0x10E6, 0x3A09, 0x39E8, 0x2988, 0x49C7, 0xCD2C, 0xB48B, 0xC52C, 0x2925,
    0x49E6, 0xCD4C, 0xD64E, 0xDDEE, 0xEE2F, 0x5268, 0x10A4, 0x2925, 0x6267, 0xB3E9, 0xE5EE, 0x8B47, 0xA4F0, 0x0253, 0x0272, 0x0271,
    0x0230, 0x01D0, 0x0210, 0x0210, 0x0210, 0x0291, 0x02B1, 0x0B31, 0x03F0, 0x45F0, 0x862F, 0x126C, 0x0A4C, 0x0B0E, 0x0A6F, 0x2B8E,
    0x6DEC, 0x5D8C, 0x7DB0, 0x9D50, 0x7CCE, 0xADB5, 0xA5D3, 0x4CB2, 0x43D7, 0x84BA, 0x2B17, 0x1B95, 0x44F3, 0x3CB3, 0x3474, 0x2397,
    0x2358, 0x12DB, 0x1AFB, 0x1B1A, 0x1AFA, 0x1B1A, 0x1AFA, 0x0AB9, 0x1AF9, 0x8CD9, 0x7C78, 0x4376, 0x7437, 0x73F6, 0xC67A, 0xA6FF,
    0x8E9F, 0x8EBF, 0x96BF, 0xB73F, 0xBF3F, 0xC77F, 0xB73F, 0x8E7F, 0xB6FF, 0x9EBF, 0xAEFF, 0xAEFF, 0x9EDF, 0x8E7F, 0x761F, 0x761F,
    0x7E3F, 0x7E3F, 0x96BF, 0xA6DF, 0x7E3F, 0xAEFF, 0xD79F, 0xDFBF, 0xDFBF, 0xD79F, 0xA6DF, 0x9EBF, 0x8E9F, 0x45BF, 0x2D5F, 0x2D7F,
    0x2D7F, 0x2D5F, 0x2D5F, 0x2D5F, 0x2D5F, 0x2D5F, 0x2D5F, 0x2D5F, 0x2D5F, 0x253F, 0x1D1F, 0x1D1F, 0x253F, 0x2D5F, 0x2D3F, 0x253F,
    0x253F, 0x253F, 0x253F, 0x253F, 0x253F, 0x253F, 0x253F, 0x253F, 0x2D3F, 0x2D3F, 0x2D3F, 0x253F, 0x253F, 0x253F, 0x253F, 0x253F,
    0x251F, 0x253F, 0x251F, 0x253F, 0x253F, 0x253F, 0x253F, 0x253F, 0x253F, 0x253F, 0x253F, 0x253F, 0x2D3F, 0x2D3F, 0x2D3F, 0x2D3F,
    0x2D3F, 0x2D3F, 0x2D3F, 0x2D3F, 0x2D3F, 0x2D3F, 0x2D3F, 0x2D3F, 0x2D3F, 0x2D3F, 0x2D3F, 0x2D3F, 0x2D3F, 0x2D3F, 0x2D3F, 0x2D3F,
    0x2D3F, 0x2D3F, 0x2D3F, 0x2D3F, 0x2D3F, 0x2D3F, 0x2D3F, 0x2D3F, 0x2D3F, 0x2D3F, 0x2D3F, 0x2D3F, 0x2D3F, 0x2D3F, 0x2D3F, 0x2D3F,
    0x2D3F, 0x2D3F, 0x2D3F, 0x2D3F, 0x2D3F, 0x2D3F, 0x2D3F, 0x2D3F, 0x2D3F, 0x2D3F, 0x2D3F, 0x2D3F, 0x2D3F, 0x2D5F, 0x2D5F, 0x2D5F,
    0x2D5F, 0x2D5F, 0x2D5F, 0x2D5F, 0x2D5F, 0x2D5F, 0x2D5F, 0x2D5F, 0x2D5F, 0x2D5F, 0x2D5F, 0x2D5F, 0x255F, 0x6E1F, 0x8E7F, 0x8E7F,
    0x865F, 0x8E7F, 0xAEFF, 0x8E7F, 0x969F, 0x969F, 0x6DFF, 0x9E9F, 0xD77F, 0xDFBF, 0xCF7F, 0xB71F, 0xA6DF, 0xBF3F, 0xD79F, 0x869F,
    0xB75F, 0xCF9F, 0x555F, 0xA69F, 0xCF7F, 0xA6FF, 0x9EDF, 0xA6FF, 0xD79F, 0xDFBF, 0xAEFF, 0x45BF, 0x661F, 0x867F, 0x96BF, 0xAF1F,
    0x96DF, 0xA71F, 0x9EFF, 0xBFBF, 0x5C1B, 0x023B, 0x02BD, 0x01FA, 0x02FB, 0x0158, 0x4BDB, 0xA5FE, 0x00D7, 0xADFC, 0xA55A, 0xA59B,
    0x9EFF, 0x865F, 0x8E9F, 0x7E5F, 0x2C5F, 0x0B7F, 0x2C3F, 0xAE9F, 0x245F, 0x1C1F, 0x34BF, 0x65BF, 0x75FF, 0x7E1F, 0x75FF, 0x865F,
    0x4CFF, 0x0B3E, 0x033E, 0x237D, 0x5C5B, 0x545B, 0x755D, 0x863F, 0x865F, 0x863F, 0x863F, 0x861F, 0x7E1F, 0x7E5F, 0x32EE, 0x1167,
    0x64D8, 0x865F, 0x7E1F, 0x861F, 0x9EFF, 0x5412, 0x1126, 0x9E3B, 0x430F, 0x0148, 0x0968, 0x1969, 0x0148, 0x18C7, 0x41AA, 0x1A2B,
    0x222E, 0x222D, 0x21CB, 0x1969, 0x10C6, 0x1107, 0x0884, 0x2126, 0x4229, 0x4208, 0x2988, 0x41A7, 0xCD4D, 0x9BEA, 0x7B29, 0x18A4,
    0x6AC7, 0xDE2C, 0xD5EC, 0xC50C, 0xF6B1, 0x5248, 0x1083, 0x39A6, 0x49E6, 0xCD6D, 0xDDEF, 0xA3A8, 0xC572, 0x0273, 0x0252, 0x0211,
    0x01F0, 0x01D0, 0x01F1, 0x0271, 0x0251, 0x01D0, 0x1391, 0x2D8F, 0x2410, 0x02B0, 0x654E, 0x3BAD, 0x3C0D, 0x5DCD, 0x556F, 0x3C0D,
    0x450B, 0x558B, 0x4D6B, 0x556A, 0x3CCA, 0x3CCB, 0x2449, 0x2C4C, 0x5C56, 0x8CFB, 0x749A, 0x0B36, 0x3CB3, 0x2BD4, 0x0AD3, 0x2C4F,
    0x4D2F, 0x2BF5, 0x2378, 0x12DC, 0x1B1B, 0x1359, 0x133A, 0x1AFA, 0x12B9, 0x3B59, 0x84B8, 0x53B7, 0x7C78, 0x7C58, 0xBD96, 0x967E,
    0x8EBF, 0x8E9F, 0x969F, 0x9EBF, 0x75FF, 0xA6DF, 0x8E9F, 0x865F, 0xAEFF, 0x9EBF, 0x7E1F, 0x863F, 0x969F, 0x9E9F, 0x865F, 0x865F,
    0x7E3F, 0x865F, 0x7E3F, 0x7E3F, 0x9EDF, 0xA6FF, 0x8E7F, 0xCF7F, 0xDFBF, 0xE7BF, 0xD79F, 0xC73F, 0x661F, 0x1D1F, 0x2D7F, 0x255F,
    0x1D3F, 0x2D7F, 0x2D7F, 0x2D7F, 0x2D7F, 0x2D7F, 0x2D7F, 0x255F, 0x255F, 0x45BF, 0x5DFF, 0x661F, 0x45BF, 0x1D1F, 0x2D5F, 0x2D5F,
    0x253F, 0x253F, 0x253F, 0x253F, 0x253F, 0x253F, 0x2D3F, 0x2D3F, 0x2D3F, 0x2D3F, 0x2D3F, 0x2D3F, 0x2D3F, 0x2D3F, 0x2D3F, 0x2D3F,
    0x253F, 0x2D3F, 0x2D3F, 0x2D3F, 0x2D3F, 0x2D3F, 0x2D3F, 0x253F, 0x2D3F, 0x253F, 0x2D3F, 0x2D3F, 0x2D3F, 0x2D3F, 0x2D3F, 0x2D3F,
    0x2D3F, 0x2D3F, 0x2D3F, 0x2D3F, 0x2D3F, 0x2D3F, 0x2D3F, 0x2D3F, 0x2D3F, 0x2D3F, 0x2D3F, 0x2D3F, 0x2D3F, 0x2D3F, 0x2D3F, 0x2D5F,
    0x2D3F, 0x2D3F, 0x2D3F, 0x2D3F, 0x2D3F, 0x2D3F, 0x2D3F, 0x2D3F, 0x2D3F, 0x2D3F, 0x2D3F, 0x2D3F, 0x2D3F, 0x2D3F, 0x2D3F, 0x2D3F,
    0x2D5F, 0x2D5F, 0x2D3F, 0x2D5F, 0x2D5F, 0x2D3F, 0x2D5F, 0x2D5F, 0x2D5F, 0x2D5F, 0x2D5F, 0x2D5F, 0x2D5F, 0x2D5F, 0x2D5F, 0x2D5F,
    0x2D5F, 0x2D5F, 0x2D5F, 0x2D5F, 0x2D7F, 0x2D5F, 0x2D5F, 0x2D5F, 0x2D5F, 0x2D5F, 0x2D5F, 0x2D5F, 0x255F, 0x4DBF, 0x8E9F, 0x867F,
    0x865F, 0x865F, 0x7E3F, 0x865F, 0x9EBF, 0xA6DF, 0x9EBF, 0x9EBF, 0x969F, 0xD79F, 0xDFBF, 0xD79F, 0xBF3F, 0xBF3F, 0xDFBF, 0xDFBF,
    0xDFBF, 0xAEFF, 0x0BFF, 0xB6DF, 0xE7BF, 0xC75F, 0xA6FF, 0x9EDF, 0xB71F, 0xC75F, 0xCF7F, 0xD7BF, 0xBF3F, 0x8E9F, 0x9EDF, 0x6DDF,
    0x3CDF, 0x7DFE, 0x9EBF, 0xCFDF, 0x5C1B, 0x023C, 0x02DE, 0x021B, 0x01D8, 0x0178, 0x4BDB, 0x9DBE, 0x00F8, 0xB63D, 0xB5BB, 0xB5FC,
    0x96BF, 0x8EBF, 0x8E9F, 0x349F, 0x033F, 0x1BDF, 0x2C5F, 0xAE9F, 0x2C7F, 0x247F, 0x243F, 0x13DF, 0x245F, 0x5D5F, 0x865F, 0x553F,
    0x0B5E, 0x135E, 0x0B5E, 0x239D, 0x4C3B, 0x4C5C, 0x4C3B, 0x5CBE, 0x863F, 0x7E3F, 0x863F, 0x863F, 0x863F, 0x7E3F, 0x7E1F, 0x7E1F,
    0x7E1F, 0x7E1F, 0x7E1F, 0x865F, 0x7DBB, 0x122A, 0x0126, 0x224B, 0x0947, 0x0168, 0x0168, 0x0947, 0x0106, 0x08E6, 0x420C, 0x21AA,
    0x220D, 0x21EC, 0x1968, 0x1127, 0x08A5, 0x1107, 0x08A5, 0x2127, 0x3A09, 0x39C8, 0x31A8, 0x7309, 0xCD6D, 0xA46B, 0x5A68, 0x2925,
    0xB50B, 0xE6AC, 0xC54B, 0xDD6D, 0xF670, 0x5248, 0x18C5, 0x41E7, 0x6AA8, 0xDE30, 0xB48B, 0xC3C7, 0xACD0, 0x0293, 0x02F3, 0x02B2,
    0x0252, 0x0231, 0x0231, 0x0231, 0x0271, 0x0290, 0x0330, 0x02D0, 0x2BF0, 0x0B91, 0x2470, 0x01AE, 0x54ED, 0x6DCD, 0x2C0F, 0x132F,
    0x0ACE, 0x2CCD, 0x34ED, 0x23AD, 0x2BEC, 0x0A6D, 0x32F0, 0x7C75, 0xA559, 0x4BBA, 0x7499, 0x2336, 0x1354, 0x1B74, 0x0294, 0x1B91,
    0x3CB0, 0x4D10, 0x5D30, 0x3BB9, 0x0A9C, 0x12F9, 0x1B1A, 0x1ADA, 0x4B98, 0x4358, 0x84B9, 0x5BB8, 0x8499, 0x8498, 0xB557, 0x8E5E,
    0x86BF, 0x8EBF, 0x869F, 0x763F, 0x761F, 0x7E3F, 0x7E5F, 0xAEDF, 0xA6BF, 0x7E3F, 0x75FF, 0x6DFF, 0x75FF, 0x8E5F, 0x8E7F, 0x969F,
    0x96BF, 0x9EBF, 0x865F, 0x865F, 0x9EBF, 0x865F, 0x7E3F, 0xB71F, 0xD79F, 0xD79F, 0xD79F, 0xE7DF, 0xAF1F, 0x355F, 0x255F, 0x663F,
    0x6E5F, 0x2D5F, 0x2D7F, 0x2D7F, 0x2D7F, 0x2D7F, 0x2D5F, 0x4DDF, 0x55FF, 0xA6FF, 0xDFBF, 0xE7DF, 0xB73F, 0x765F, 0x3D9F, 0x253F,
    0x2D5F, 0x253F, 0x255F, 0x2D5F, 0x2D5F, 0x2D5F, 0x2D5F, 0x2D5F, 0x2D3F, 0x2D3F, 0x2D3F, 0x2D3F, 0x2D3F, 0x2D3F, 0x2D3F, 0x2D3F,
    0x2D3F, 0x2D3F, 0x2D3F, 0x2D3F, 0x2D3F, 0x2D3F, 0x2D3F, 0x2D3F, 0x2D5F, 0x2D3F, 0x2D5F, 0x2D5F, 0x2D3F, 0x2D5F, 0x2D5F, 0x2D5F,
    0x2D5F, 0x2D5F, 0x2D5F, 0x2D5F, 0x2D5F, 0x2D5F, 0x2D5F, 0x2D5F, 0x2D5F, 0x2D5F, 0x2D5F, 0x2D5F, 0x2D5F, 0x2D5F, 0x2D5F, 0x2D5F,
    0x2D5F, 0x2D5F, 0x2D5F, 0x2D5F, 0x2D5F, 0x2D5F, 0x2D5F, 0x2D5F, 0x2D5F, 0x2D5F, 0x2D5F, 0x2D5F, 0x2D5F, 0x2D5F, 0x2D5F, 0x2D5F,
    0x2D5F, 0x2D5F, 0x2D5F, 0x2D5F, 0x2D5F, 0x2D5F, 0x2D5F, 0x2D5F, 0x2D5F, 0x2D5F, 0x2D5F, 0x2D5F, 0x2D5F, 0x2D7F, 0x2D5F, 0x2D7F,
    0x2D7F, 0x2D7F, 0x2D7F, 0x2D7F, 0x2D7F, 0x357F, 0x2D7F, 0x2D7F, 0x2D7F, 0x2D7F, 0x2D7F, 0x2D5F, 0x255F, 0x2D7F, 0x5DDF, 0x8E7F,
    0x7E3F, 0x865F, 0x8E7F, 0x865F, 0xBF3F, 0xDFBF, 0xDF9F, 0xA6FF, 0x8E7F, 0x969F, 0xB71F, 0xD79F, 0xD79F, 0xBF3F, 0xBF3F, 0xCF7F,
    0xCF7F, 0xD7BF, 0x453F, 0x965F, 0xC75F, 0xA6FF, 0xBF5F, 0xB73F, 0xC75F, 0xD79F, 0xDFBF, 0xCF9F, 0xC77F, 0xAF3F, 0xAF3F, 0x23FF,
    0x0B7F, 0x1BDE, 0x345E, 0xAF3F, 0x5C5B, 0x021B, 0x02FE, 0x021B, 0x01D8, 0x01BA, 0x53FC, 0x9DBD, 0x00F8, 0xA5DC, 0xC5FB, 0xE75E,
    0xA6FF, 0x6DFF, 0x349F, 0x0B9F, 0x1BFF, 0x241F, 0x347F, 0xAE7F, 0x247F, 0x2C9F, 0x247F, 0x1C5F, 0x141F, 0x1C3F, 0x44FF, 0x139F,
    0x0B5E, 0x137E, 0x137F, 0x33FD, 0x547C, 0x4C5C, 0x5CBB, 0x335C, 0x6D1D, 0x96BF, 0x867F, 0x865F, 0x865F, 0x863F, 0x7E3F, 0x7E3F,
    0x7E3F, 0x7E3F, 0x75FF, 0x7E9F, 0x2ACE, 0x0105, 0x01C8, 0x0147, 0x01A9, 0x01A9, 0x01A9, 0x01C8, 0x0905, 0x0906, 0x00C5, 0x08C6,
    0x21CC, 0x21AB, 0x1126, 0x1128, 0x1107, 0x1949, 0x10C5, 0x2987, 0x31C9, 0x2967, 0x31C8, 0xA46A, 0xBD0A, 0xC56C, 0x29A6, 0x6AC9,
    0xBCCB, 0xA469, 0xE62D, 0xDD8C, 0xDD4C, 0x49E6, 0x18E5, 0x41E8, 0x8369, 0xCD4C, 0xABE8, 0xBC6C, 0x22B1, 0x02B3, 0x02F3, 0x02F3,
    0x02B4, 0x02F3, 0x0353, 0x02F3, 0x0252, 0x02F1, 0x0270, 0x02B1, 0x0332, 0x0C51, 0x13F0, 0x0210, 0x2BEE, 0x4D0E, 0x02D1, 0x0A90,
    0x01F0, 0x032F, 0x0A8F, 0x4335, 0x4356, 0x0193, 0x9CF8, 0x8C97, 0xAD59, 0x53DA, 0x6C59, 0x7477, 0x1B16, 0x02F4, 0x0352, 0x13D2,
    0x02F4, 0x1395, 0x44CE, 0x5D50, 0x5497, 0x2B7A, 0x1ADA, 0x22FA, 0x8478, 0x8CB8, 0x8498, 0x5398, 0x7C78, 0x5397, 0xA4F7, 0x969E,
    0x8EBF, 0x869F, 0x867F, 0x867F, 0x761F, 0x761F, 0x6E1F, 0x8E5F, 0x969F, 0x761F, 0x6DFF, 0x75FF, 0x75FF, 0x75FF, 0x761F, 0x865F,
    0x7E5F, 0x969F, 0xA6DF, 0x969F, 0x8E7F, 0x9EBF, 0xC73F, 0xC75F, 0xD77F, 0xDFBF, 0xCF7F, 0xB71F, 0xD7BF, 0x9E9F, 0x763F, 0xC75F,
    0xE7DF, 0x96BF, 0x2D7F, 0x359F, 0x359F, 0x255F, 0x4DDF, 0x96BF, 0x9EDF, 0xA6DF, 0xDFBF, 0xD79F, 0xD79F, 0xE7DF, 0x45BF, 0x1D3F,
    0x2D7F, 0x2D5F, 0x2D5F, 0x2D5F, 0x2D5F, 0x2D5F, 0x2D5F, 0x2D5F, 0x2D5F, 0x2D5F, 0x2D5F, 0x2D5F, 0x2D5F, 0x2D5F, 0x2D5F, 0x2D5F,
    0x2D5F, 0x2D5F, 0x2D5F, 0x2D5F, 0x2D5F, 0x2D5F, 0x2D5F, 0x2D5F, 0x2D5F, 0x2D5F, 0x2D5F, 0x2D5F, 0x2D5F, 0x2D5F, 0x2D5F, 0x2D7F,
    0x2D5F, 0x2D5F, 0x2D5F, 0x2D5F, 0x2D5F, 0x2D5F, 0x2D5F, 0x2D5F, 0x2D5F, 0x2D5F, 0x2D5F, 0x2D5F, 0x2D5F, 0x2D5F, 0x2D5F, 0x2D5F,
    0x2D5F, 0x2D5F, 0x2D5F, 0x2D5F, 0x2D5F, 0x2D5F, 0x2D5F, 0x2D5F, 0x2D5F, 0x2D5F, 0x2D5F, 0x2D5F, 0x2D5F, 0x2D5F, 0x2D5F, 0x2D5F,
    0x2D5F, 0x2D5F, 0x2D5F, 0x2D7F, 0x2D7F, 0x2D7F, 0x2D7F, 0x2D7F, 0x2D7F, 0x2D7F, 0x2D7F, 0x2D7F, 0x2D7F, 0x2D7F, 0x2D7F, 0x2D7F,
    0x2D7F, 0x2D7F, 0x2D9F, 0x2D7F, 0x257F, 0x255F, 0x2D7F, 0x359F, 0x2D9F, 0x2D7F, 0x257F, 0x4DDF, 0x6E3F, 0x3D9F, 0x867F, 0xBF3F,
    0x9EDF, 0xB73F, 0xAF1F, 0x7E3F, 0x969F, 0xD77F, 0xC75F, 0x865F, 0x865F, 0x865F, 0xBF1F, 0xE7DF, 0xD79F, 0xB71F, 0xA6FF, 0xB71F,
    0xD79F, 0xBF3F, 0x1C9F, 0xA69F, 0xEFDF, 0xB73F, 0xC77F, 0xBF5F, 0xB73F, 0xBF3F, 0xC77F, 0xBF5F, 0xBF5F, 0xCFDF, 0x7DFF, 0x137F,
    0x1BDF, 0x343E, 0x241F, 0x4D3F, 0x43BB, 0x021B, 0x02FE, 0x01FA, 0x023A, 0x019A, 0x543C, 0xA5FE, 0x00F8, 0xA5BC, 0xC5FB, 0xE73E,
    0x6D9F, 0x139F, 0x13BF, 0x1BDF, 0x1C1F, 0x2C7F, 0x349F, 0xAE9F, 0x34DF, 0x3CFF, 0x247F, 0x249F, 0x2C9F, 0x1C1F, 0x0B7F, 0x137F,
    0x137F, 0x139F, 0x13BF, 0x445E, 0x74FD, 0x5CBC, 0x6CFB, 0x4C3C, 0x43BB, 0xA65D, 0xB73F, 0x9EBF, 0x8E7F, 0x969F, 0x967F, 0x967F,
    0x865F, 0x863F, 0x8E9F, 0x43F4, 0x0987, 0x0187, 0x01C8, 0x01C8, 0x0148, 0x01E9, 0x022A, 0x0249, 0x0987, 0x10C4, 0x01A7, 0x028B,
    0x19AA, 0x1928, 0x1127, 0x1107, 0x1149, 0x1948, 0x10C5, 0x2167, 0x4A48, 0x4A49, 0x2169, 0x83AA, 0xC4EB, 0xC50C, 0x41E7, 0xABCA,
    0xB46B, 0xB50C, 0xE62E, 0xCD0B, 0xDD4C, 0x5A47, 0x2105, 0x5208, 0xC4CB, 0xA409, 0xBC08, 0x94B1, 0x01B2, 0x0293, 0x0294, 0x0273,
    0x0294, 0x02B4, 0x02F4, 0x0293, 0x0212, 0x0272, 0x02F2, 0x02D2, 0x02B2, 0x0210, 0x016F, 0x01EF, 0x02B1, 0x14B0, 0x0AAF, 0x01B0,
    0x0210, 0x0250, 0x0170, 0x7CB7, 0x8CF9, 0x3B36, 0xB599, 0x6BF5, 0xC619, 0x84BA, 0x5BF9, 0x84B8, 0x3B77, 0x02B5, 0x0AD4, 0x0293,
    0x0292, 0x0272, 0x4BB4, 0x6C75, 0x6D71, 0x4437, 0x12BB, 0x231A, 0x6C59, 0x7459, 0x7479, 0x4BB8, 0x7458, 0x1A97, 0x8CB8, 0xA6BE,
    0x96DF, 0x96DF, 0x8EBF, 0x8E9F, 0x7E3F, 0x761F, 0x6DFF, 0x6DFF, 0x75FF, 0x7E1F, 0x75FF, 0x6DFF, 0x6DFF, 0x75FF, 0x761F, 0x761F,
    0x761F, 0x761F, 0x7E3F, 0x969F, 0x9EBF, 0x9EBF, 0xA6DF, 0x865F, 0xBF3F, 0xCF7F, 0xBF3F, 0xA6DF, 0xC75F, 0xCF5F, 0xBF1F, 0xBF3F,
    0xDF9F, 0xEFDF, 0x869F, 0x1D5F, 0x2D7F, 0x4DFF, 0x8E9F, 0xA6DF, 0x8E9F, 0x969F, 0xC73F, 0xE7DF, 0xD79F, 0xCF9F, 0xA6FF, 0x4DDF,
    0x2D7F, 0x2D7F, 0x2D7F, 0x2D7F, 0x2D5F, 0x2D5F, 0x2D5F, 0x2D5F, 0x2D5F, 0x2D5F, 0x2D5F, 0x2D5F, 0x2D5F, 0x2D5F, 0x2D5F, 0x2D5F,
    0x2D5F, 0x2D5F, 0x2D5F, 0x2D5F, 0x2D5F, 0x2D5F, 0x2D5F, 0x2D5F, 0x2D5F, 0x2D5F, 0x2D5F, 0x2D5F, 0x2D5F, 0x2D5F, 0x2D5F, 0x2D7F,
    0x2D7F, 0x2D5F, 0x2D5F, 0x2D5F, 0x2D5F, 0x2D7F, 0x2D7F, 0x2D7F, 0x2D7F, 0x2D7F, 0x2D7F, 0x2D5F, 0x2D7F, 0x2D5F, 0x2D5F, 0x2D5F,
    0x2D5F, 0x2D5F, 0x2D7F, 0x2D5F, 0x2D7F, 0x2D5F, 0x2D5F, 0x2D5F, 0x2D5F, 0x2D7F, 0x2D5F, 0x2D5F, 0x2D5F, 0x2D7F, 0x2D5F, 0x2D7F,
    0x2D7F, 0x2D7F, 0x2D7F, 0x2D7F, 0x2D7F, 0x2D7F, 0x2D7F, 0x357F, 0x357F, 0x2D7F, 0x2D7F, 0x2D7F, 0x357F, 0x2D7F, 0x2D7F, 0x2D7F,
    0x357F, 0x357F, 0x2D7F, 0x3DBF, 0x869F, 0x9EFF, 0x45DF, 0x1D5F, 0x2D7F, 0x2D7F, 0x4DDF, 0x867F, 0x9EDF, 0x9EDF, 0xBF3F, 0xC75F,
    0x96BF, 0x8E9F, 0x8E7F, 0x8E7F, 0x967F, 0xA6DF, 0xBF1F, 0x8E7F, 0xA6DF, 0x969F, 0xAEFF, 0xBF3F, 0xB73F, 0xAEFF, 0xAEFF, 0xA6FF,
    0xBF5F, 0x861F, 0x14FF, 0xC79F, 0xFFFF, 0xB71F, 0xAF1F, 0x9EDF, 0xA6FF, 0xA6FF, 0xB71F, 0xB75F, 0x8E5F, 0x551F, 0x1BFF, 0x139F,
    0x1BBF, 0x1299, 0x54DE, 0x3CFF, 0x12DB, 0x01FA, 0x02DD, 0x01F9, 0x01FA, 0x017B, 0x5C3D, 0xAE3E, 0x013A, 0xA5BC, 0xC5FB, 0xD6FE,
    0x2C5F, 0x23FF, 0x23FF, 0x13DF, 0x243F, 0x2C7F, 0x349F, 0xB6DF, 0x3CFF, 0x3CFF, 0x3CFF, 0x2C9F, 0x1BDF, 0x137F, 0x1B9F, 0x139F,
    0x13BF, 0x1BBF, 0x139F, 0x341E, 0x649D, 0x443E, 0x7D1C, 0x5C9D, 0x6CBC, 0x955C, 0xAE9F, 0xCFBF, 0xB73F, 0xB73F, 0xB73F, 0xB73F,
    0x96BF, 0x96BF, 0x5C95, 0x0165, 0x0166, 0x0125, 0x0166, 0x0168, 0x8D16, 0x1A4B, 0x01A8, 0x0249, 0x0209, 0x0187, 0x0188, 0x01A8,
    0x1969, 0x10E5, 0x1149, 0x1128, 0x1107, 0x1128, 0x08A5, 0x31A8, 0x62A8, 0x39E8, 0x1948, 0x6AEB, 0xAC4C, 0xAC4B, 0x39C5, 0xBC8A,
    0xC4CB, 0xEE4E, 0xE64E, 0xC50A, 0xCD0B, 0x3986, 0x2946, 0x7B29, 0xDDCE, 0x8B48, 0xD50A, 0xAD31, 0x0254, 0x0AB5, 0x0254, 0x0274,
    0x0274, 0x0294, 0x0273, 0x0232, 0x0273, 0x02D3, 0x0332, 0x0293, 0x0212, 0x1310, 0x1350, 0x01F0, 0x0271, 0x02AF, 0x024F, 0x0A53,
    0x1295, 0x1234, 0x2AD3, 0xBDD8, 0x63F5, 0x7416, 0xC5D9, 0xB578, 0xD659, 0x9D5A, 0x3339, 0x5BF9, 0x4379, 0x0A77, 0x12B7, 0x0AB6,
    0x0AF4, 0x1AF5, 0x5BD8, 0x94BA, 0x5C91, 0x9DD5, 0x335B, 0x12DA, 0x2B19, 0x6C38, 0x84D9, 0x3338, 0x2B18, 0x6418, 0x94B8, 0x967E,
    0x9EFF, 0x9EFF, 0x9F1F, 0x96DF, 0x7E5F, 0x765F, 0x6E1F, 0x6E1F, 0x6E1F, 0x761F, 0x761F, 0x761F, 0x761F, 0x761F, 0x761F, 0x761F,
    0x761F, 0x761F, 0x761F, 0x7E3F, 0x865F, 0xA6DF, 0xB6FF, 0x969F, 0x8E7F, 0x9EBF, 0xC75F, 0xD79F, 0xD79F, 0xCF7F, 0xB71F, 0xBF3F,
    0xD79F, 0xD79F, 0xDFBF, 0x663F, 0x4DDF, 0x96DF, 0x8E9F, 0x8E9F, 0x96BF, 0x8E9F, 0x967F, 0x9E9F, 0xB73F, 0xCF7F, 0xE7DF, 0x765F,
    0x255F, 0x359F, 0x2D7F, 0x2D7F, 0x2D7F, 0x2D7F, 0x2D7F, 0x2D7F, 0x2D7F, 0x2D7F, 0x2D7F, 0x2D7F, 0x2D7F, 0x2D7F, 0x2D5F, 0x2D5F,
    0x2D5F, 0x2D5F, 0x2D5F, 0x2D5F, 0x2D5F, 0x2D5F, 0x2D5F, 0x2D5F, 0x2D7F, 0x2D5F, 0x2D7F, 0x2D5F, 0x2D5F, 0x2D7F, 0x2D5F, 0x2D7F,
    0x2D7F, 0x2D7F, 0x2D7F, 0x2D7F, 0x2D7F, 0x357F, 0x2D7F, 0x2D7F, 0x2D7F, 0x2D7F, 0x2D7F, 0x2D7F, 0x2D7F, 0x2D7F, 0x2D7F, 0x2D7F,
    0x2D7F, 0x2D7F, 0x2D7F, 0x2D7F, 0x2D7F, 0x2D7F, 0x2D7F, 0x2D7F, 0x2D7F, 0x2D7F, 0x2D7F, 0x2D7F, 0x2D7F, 0x2D7F, 0x2D7F, 0x2D7F,
    0x357F, 0x357F, 0x2D7F, 0x2D7F, 0x2D7F, 0x357F, 0x357F, 0x357F, 0x359F, 0x357F, 0x2D7F, 0x357F, 0x357F, 0x359F, 0x359F, 0x359F,
    0x2D7F, 0x3DBF, 0x6E3F, 0x96BF, 0xE7DF, 0xE7DF, 0xB73F, 0x86BF, 0x2D7F, 0x45BF, 0x8E9F, 0x8E9F, 0x8E7F, 0xA6FF, 0x969F, 0x9EBF,
    0xAEFF, 0x75FF, 0x7E3F, 0xAEFF, 0x9EBF, 0xA6DF, 0xA6DF, 0x865F, 0xA6DF, 0x9EBF, 0x865F, 0x969F, 0xAF1F, 0xB71F, 0xA6FF, 0x9EFF,
    0xA71F, 0x865F, 0x2DDF, 0xC7DF, 0xFFDF, 0xA6FF, 0x9EDF, 0x8E9F, 0x8E9F, 0x8E9F, 0xA71F, 0x8E7F, 0x23FF, 0x037F, 0x13DF, 0x1BFF,
    0x34BF, 0x09F6, 0x22D7, 0x34BF, 0x09F7, 0x021A, 0x02BE, 0x01FA, 0x031C, 0x017A, 0x5C3C, 0xB65F, 0x015B, 0x9D9C, 0xBDDB, 0xD6FE,
    0x349F, 0x243F, 0x2C5F, 0x245F, 0x2C7F, 0x247F, 0x2C9F, 0xB6DF, 0x3CFF, 0x3CDF, 0x34BF, 0x1BBF, 0x137F, 0x1B9F, 0x139F, 0x1BBF,
    0x1BBF, 0x1B9F, 0x23DE, 0x2BFE, 0x3BFE, 0x3BFE, 0x7D3C, 0x649C, 0x6CBD, 0x851C, 0x6CDD, 0x547F, 0x963F, 0xC79F, 0xB73F, 0xB75F,
    0xB73F, 0xCF9F, 0x3B4D, 0x01C6, 0x01C8, 0x6D17, 0x2A8C, 0x3BD3, 0x9E7D, 0xA598, 0x0148, 0x01E9, 0x0126, 0x01C9, 0x00E6, 0x0085,
    0x1128, 0x1127, 0x1149, 0x10E7, 0x10E7, 0x0907, 0x0885, 0x4A48, 0x7327, 0x4207, 0x2127, 0x39C7, 0x72EA, 0x2945, 0x62A7, 0xCD4C,
    0x942A, 0xB4CB, 0xEE0C, 0xC468, 0xCD2C, 0x2945, 0x20C4, 0xB4CD, 0xC50C, 0xB44A, 0xC52E, 0x4351, 0x02F6, 0x0316, 0x02F5, 0x02F5,
    0x02B5, 0x02B4, 0x0273, 0x02F5, 0x0294, 0x0273, 0x0252, 0x0273, 0x0213, 0x0BB1, 0x14F2, 0x0B92, 0x0251, 0x0230, 0x12B3, 0x1274,
    0x1273, 0x1AB7, 0x5396, 0xE69A, 0x5394, 0x6BF6, 0xAD38, 0xA517, 0xD639, 0x951A, 0x1AD9, 0x3B7A, 0x3B7A, 0x12D8, 0x0AD7, 0x12D7,
    0x3358, 0x43D9, 0x12F4, 0x3BB6, 0x44B1, 0x95F4, 0x3B7A, 0x1299, 0x1AD9, 0x94D8, 0x9519, 0x1277, 0x4B77, 0xB598, 0x9CF8, 0xA67D,
    0xA75F, 0x96DF, 0x96BE, 0x867E, 0x765F, 0x7E7F, 0x765F, 0x763F, 0x763F, 0x763F, 0x761F, 0x761F, 0x761F, 0x761F, 0x6E1F, 0x761F,
    0x763F, 0x761F, 0x7E3F, 0x7E3F, 0x6DFF, 0x969F, 0x8E9F, 0x9EDF, 0xAF1F, 0x865F, 0xB6FF, 0xDFBF, 0xD79F, 0xDFBF, 0xC77F, 0xAF1F,
    0xB73F, 0xAEFF, 0xEFDF, 0xBF3F, 0x867F, 0x8E9F, 0x8E9F, 0x865F, 0x9EBF, 0xC75F, 0xAF1F, 0xAF1F, 0xAEFF, 0x9EBF, 0x763F, 0x45BF,
    0x2D9F, 0x2D7F, 0x359F, 0x357F, 0x2D7F, 0x2D7F, 0x2D7F, 0x2D7F, 0x2D7F, 0x2D7F, 0x2D7F, 0x2D7F, 0x2D7F, 0x2D7F, 0x2D7F, 0x2D7F,
    0x2D7F, 0x2D7F, 0x2D7F, 0x2D7F, 0x2D7F, 0x2D7F, 0x2D7F, 0x2D7F, 0x2D7F, 0x357F, 0x2D7F, 0x2D7F, 0x2D7F, 0x2D7F, 0x2D7F, 0x2D7F,
    0x357F, 0x357F, 0x357F, 0x357F, 0x357F, 0x357F, 0x357F, 0x357F, 0x357F, 0x357F, 0x357F, 0x357F, 0x357F, 0x357F, 0x357F, 0x357F,
    0x357F, 0x2D7F, 0x2D7F, 0x357F, 0x357F, 0x2D7F, 0x2D7F, 0x2D7F, 0x2D7F, 0x359F, 0x359F, 0x2D7F, 0x2D7F, 0x359F, 0x357F, 0x357F,
    0x359F, 0x357F, 0x2D7F, 0x357F, 0x359F, 0x357F, 0x359F, 0x359F, 0x359F, 0x359F, 0x359F, 0x359F, 0x359F, 0x35BF, 0x35BF, 0x3DBF,
    0x663F, 0x869F, 0x867F, 0x8E9F, 0xB73F, 0xCF9F, 0xDFBF, 0xDFBF, 0x4DDF, 0x663F, 0x96BF, 0x8E9F, 0x8E9F, 0x8E7F, 0x9EBF, 0x9EDF,
    0x969F, 0x865F, 0x865F, 0xBF3F, 0xCF7F, 0xA6DF, 0x75FF, 0x7E1F, 0x7E3F, 0x8E5F, 0x96BF, 0x657F, 0x23BE, 0x239E, 0x6D9F, 0xA71F,
    0xB73F, 0x8E7F, 0x2DDF, 0xBFDF, 0xF7DF, 0x8EBF, 0x96DF, 0x96DF, 0x96DF, 0x9F1F, 0x8E7F, 0x241F, 0x0BBF, 0x1BFF, 0x1BFF, 0x1BDF,
    0x34BF, 0x09D5, 0x0A16, 0x2C9E, 0x0196, 0x027C, 0x02FE, 0x02BD, 0x041E, 0x023C, 0x4BDC, 0x8DDE, 0x015B, 0xA5BC, 0xBE1C, 0xA4D9,
    0x3C3D, 0x247F, 0x2C9F, 0x34BF, 0x34BF, 0x2C9F, 0x249F, 0x9E9F, 0x249F, 0x245F, 0x1BFF, 0x139F, 0x1BBF, 0x1BBF, 0x1BBF, 0x2BFF,
    0x1BBF, 0x23DF, 0x2BFF, 0x23DF, 0x43DE, 0x543E, 0x4C5D, 0x74FC, 0x4C3D, 0x74DC, 0x64BC, 0x33BF, 0x549F, 0x549F, 0x965F, 0xAEFF,
    0xAEFF, 0xC77F, 0x85B9, 0x0104, 0x2B72, 0x86FF, 0x1A6C, 0x1ACE, 0x01CA, 0x32EE, 0x0168, 0x0084, 0x00C5, 0x01C9, 0x0106, 0x00C6,
    0x1128, 0x1949, 0x114A, 0x08A5, 0x08A5, 0x08C6, 0x10E6, 0x4A49, 0x62A8, 0x39E8, 0x2147, 0x72E8, 0x9BEA, 0x1905, 0x8349, 0xCD6D,
    0x83EA, 0xBD0C, 0xDD6C, 0xBC08, 0xDDAD, 0x3185, 0x5A26, 0xE60F, 0x8B68, 0xC46A, 0xB551, 0x0274, 0x0336, 0x0316, 0x0336, 0x0315,
    0x0B15, 0x0B15, 0x0AD5, 0x02F6, 0x02D5, 0x02B5, 0x02D5, 0x0376, 0x0294, 0x0212, 0x02F0, 0x1432, 0x1354, 0x1295, 0x2296, 0x1A95,
    0x0A31, 0x1A97, 0x4B97, 0xDE7A, 0x5BD5, 0x6BF6, 0x8498, 0x9CD8, 0xAD58, 0x951A, 0x1AF9, 0x335A, 0x3B7A, 0x1B59, 0x0B17, 0x1AF8,
    0x437A, 0x4BB9, 0x1AF6, 0x2354, 0x43F4, 0xADB9, 0x43BA, 0x0A99, 0x2B3A, 0x84D9, 0x9D5A, 0x4B98, 0x5BD8, 0xBD98, 0x94D7, 0x33B5,
    0x8E7D, 0x2BD5, 0x0AB0, 0x0AD0, 0x4D17, 0x86DF, 0x869F, 0x7E7F, 0x7E7F, 0x765F, 0x763F, 0x763F, 0x763F, 0x7E5F, 0x7E5F, 0x763F,
    0x763F, 0x763F, 0x763F, 0x763F, 0x763F, 0x7E5F, 0x761F, 0x761F, 0xAF1F, 0x96BF, 0xA6DF, 0xCF7F, 0xD79F, 0xCF7F, 0xAEFF, 0xA6DF,
    0xBF3F, 0xA6DF, 0xC75F, 0xD79F, 0xCF7F, 0xAF1F, 0x969F, 0x969F, 0x8E7F, 0xAEFF, 0xD79F, 0xDFBF, 0xCF7F, 0xCF7F, 0xBF3F, 0x45BF,
    0x2D9F, 0x2D9F, 0x2D7F, 0x2D7F, 0x359F, 0x359F, 0x359F, 0x359F, 0x357F, 0x357F, 0x357F, 0x357F, 0x359F, 0x359F, 0x359F, 0x2D7F,
    0x2D7F, 0x2D7F, 0x2D7F, 0x2D7F, 0x2D7F, 0x2D7F, 0x359F, 0x359F, 0x357F, 0x357F, 0x357F, 0x357F, 0x2D9F, 0x359F, 0x357F, 0x357F,
    0x357F, 0x357F, 0x357F, 0x359F, 0x359F, 0x359F, 0x359F, 0x359F, 0x359F, 0x359F, 0x359F, 0x359F, 0x359F, 0x359F, 0x359F, 0x359F,
    0x359F, 0x359F, 0x359F, 0x359F, 0x2D9F, 0x35BF, 0x3DBF, 0x765F, 0xBF5F, 0xBF5F, 0xC77F, 0x7E7F, 0x2D7F, 0x359F, 0x359F, 0x359F,
    0x359F, 0x359F, 0x359F, 0x359F, 0x359F, 0x359F, 0x359F, 0x359F, 0x359F, 0x35BF, 0x35BF, 0x35BF, 0x35BF, 0x35BF, 0x35BF, 0x7E9F,
    0x9EDF, 0x8EBF, 0x7E5F, 0x7E7F, 0x763F, 0xB71F, 0xD79F, 0xD79F, 0xBF5F, 0x8EBF, 0x96DF, 0xB73F, 0xAF1F, 0xA6FF, 0xB73F, 0xB73F,
    0x863F, 0x863F, 0x7E1F, 0x7E1F, 0xA6DF, 0x969F, 0x6DDF, 0x75FF, 0x75FF, 0x865F, 0x659F, 0x0B5F, 0x031F, 0x0B7E, 0x23DF, 0x341F,
    0xA69F, 0x7E3F, 0x261F, 0xBFDF, 0xFFFF, 0xA73F, 0x9F1F, 0x9EFF, 0x9F1F, 0x96DF, 0x3CBF, 0x13DF, 0x1C1F, 0x1BFF, 0x1BDF, 0x2C9F,
    0x2C1D, 0x0156, 0x12FB, 0x1B5A, 0x0136, 0x02DD, 0x03DF, 0x031E, 0x45BF, 0x029D, 0x43BD, 0x7D7E, 0x013A, 0x9DBC, 0x7CBC, 0x8C5B,
    0xAE3D, 0x3CBF, 0x2C9F, 0x2C9F, 0x2CBF, 0x2CBF, 0x0B1E, 0x351F, 0x0C3F, 0x2C7E, 0x3CDC, 0x2C5D, 0x1BBF, 0x23DF, 0x2BFF, 0x2BFF,
    0x23DF, 0x2BFF, 0x2C1F, 0x23DF, 0x4C1E, 0x7D1E, 0x6CDD, 0x547D, 0x64DD, 0x74FC, 0x751C, 0x549E, 0x443F, 0x4C5F, 0x54DF, 0x1A4B,
    0x1A4B, 0x4CDD, 0x555F, 0x22D1, 0x3CBA, 0x128D, 0x0126, 0x0147, 0x0167, 0x0148, 0x0147, 0x0064, 0x00E5, 0x01A8, 0x0188, 0x00C6,
    0x1149, 0x1949, 0x1108, 0x0063, 0x08A5, 0x08C5, 0x31C9, 0x4A2A, 0x5ACA, 0x6B0B, 0x2968, 0x7B4A, 0x5A67, 0x08A5, 0x72E9, 0x8BAB,
    0xA44B, 0xE5CE, 0xD56C, 0xE60E, 0xE62F, 0x41C6, 0xA3C9, 0xF6D1, 0x8B67, 0xCCAA, 0xB592, 0x0316, 0x0336, 0x0337, 0x0336, 0x0334,
    0x132C, 0x0B14, 0x1B55, 0x2BD4, 0x3C77, 0x0295, 0x0AB6, 0x0A95, 0x11F4, 0x09F3, 0x2374, 0x0A32, 0x12B6, 0x1A75, 0x22B7, 0x2296,
    0x0A72, 0x1A96, 0x4356, 0xD67A, 0x6417, 0x6C17, 0x94B8, 0xAD18, 0x9CD8, 0xCE3A, 0x53D9, 0x2B3A, 0x3B7A, 0x2339, 0x1B19, 0x1AF9,
    0x439A, 0x4BBA, 0x22F8, 0x6C58, 0x6C17, 0x9D39, 0x541A, 0x0A9A, 0x2B3A, 0x43BA, 0x643A, 0x6C5A, 0x4379, 0xAD99, 0xA538, 0x3354,
    0x0A71, 0x0291, 0x02F3, 0x1B70, 0x346A, 0x65D7, 0x86DF, 0x869F, 0x7E9F, 0x7E7F, 0x7E7F, 0x7E9F, 0x7E7F, 0x6DFF, 0x6E1F, 0x7E7F,
    0x7E5F, 0x7E5F, 0x7E5F, 0x765F, 0x763F, 0x763F, 0x763F, 0x7E3F, 0x8E5F, 0x9EBF, 0x9EBF, 0xA6DF, 0xBF5F, 0xCF7F, 0xAF1F, 0xBF5F,
    0xD79F, 0xBF5F, 0x9EDF, 0xB73F, 0xDFBF, 0xDFBF, 0xB71F, 0xC77F, 0x969F, 0x867F, 0xBF3F, 0xCF7F, 0xE7DF, 0xDFBF, 0xDF9F, 0x3DDF,
    0x257F, 0x45DF, 0x45DF, 0x45DF, 0x2D9F, 0x359F, 0x359F, 0x359F, 0x359F, 0x359F, 0x359F, 0x359F, 0x359F, 0x359F, 0x359F, 0x359F,
    0x357F, 0x357F, 0x357F, 0x359F, 0x359F, 0x359F, 0x359F, 0x359F, 0x359F, 0x359F, 0x359F, 0x359F, 0x359F, 0x359F, 0x359F, 0x359F,
    0x359F, 0x357F, 0x359F, 0x359F, 0x359F, 0x359F, 0x359F, 0x359F, 0x359F, 0x359F, 0x359F, 0x359F, 0x359F, 0x359F, 0x359F, 0x359F,
    0x359F, 0x359F, 0x359F, 0x359F, 0x359F, 0x767F, 0x9EDF, 0x9EBF, 0xD79F, 0xDFBF, 0xD79F, 0xDFBF, 0x96DF, 0x359F, 0x2D9F, 0x359F,
    0x359F, 0x359F, 0x359F, 0x359F, 0x359F, 0x359F, 0x359F, 0x35BF, 0x35BF, 0x2D9F, 0x2D9F, 0x359F, 0x35BF, 0x35BF, 0x3DBF, 0x767F,
    0x8EBF, 0x8E9F, 0x7E7F, 0x7E5F, 0x7E7F, 0xAF1F, 0xC77F, 0xC77F, 0xCF9F, 0xAF1F, 0x8EBF, 0xA6FF, 0xB75F, 0x9EBF, 0xB71F, 0x969F,
    0x969F, 0x7E1F, 0x7E1F, 0x761F, 0x75FF, 0x761F, 0x75FF, 0x761F, 0x7E5F, 0x553F, 0x033E, 0x035F, 0x0B9F, 0x243F, 0x3C9E, 0x23FE,
    0x23BE, 0x143F, 0x5E9F, 0x9F9F, 0xE7BF, 0x9EBF, 0x9EFF, 0xAF3F, 0x8E9F, 0x245F, 0x13DF, 0x1C1F, 0x1C1F, 0x1BFF, 0x2C7F, 0x3CFF,
    0x345E, 0x01BA, 0x0A9C, 0x01D7, 0x0177, 0x029C, 0x03BE, 0x02BE, 0x1C3F, 0x139E, 0x43BD, 0x755E, 0x0139, 0x8D1C, 0xBE1D, 0x73FB,
    0x5399, 0xA61D, 0x2C9F, 0x2C9F, 0x34DF, 0x137E, 0x0AFE, 0xB6DF, 0x2C5F, 0x1BDE, 0x44FB, 0x451B, 0x345E, 0x23FF, 0x2BFF, 0x23DF,
    0x341F, 0x341F, 0x2BFF, 0x3C3F, 0x5C9F, 0x5C9F, 0x64FE, 0x6D1E, 0x5CBE, 0x547E, 0x4C5E, 0x6CDC, 0x547D, 0x547F, 0x43F7, 0x01C5,
    0x01A4, 0x09EB, 0x2BFA, 0x4D5F, 0x1A6E, 0x0082, 0x0987, 0x09A8, 0x0188, 0x0189, 0x0189, 0x0107, 0x00A5, 0x0168, 0x020A, 0x00C6,
    0x1149, 0x196A, 0x08C6, 0x0884, 0x0884, 0x08A5, 0x31A8, 0x4A29, 0xA48A, 0x944B, 0x2148, 0x39E8, 0x18E5, 0x2126, 0x2967, 0x41E7,
    0xB46A, 0xDD6D, 0xCD4C, 0xFF12, 0xCDAF, 0x3924, 0xCD0C, 0xEE90, 0x8306, 0xD50C, 0xC5F3, 0x02F6, 0x0B57, 0x0B33, 0x0336, 0x0335,
    0x1BE5, 0x02F2, 0x54F1, 0xBF68, 0x9648, 0x0A94, 0x0A76, 0x1234, 0x1A34, 0x1234, 0x23D6, 0x1AF5, 0x12F5, 0x1A95, 0x2AB8, 0x22B7,
    0x02B1, 0x0AB2, 0x1AD4, 0x9518, 0x6C17, 0x6C17, 0xAD79, 0x8CB8, 0x9D18, 0xCE1A, 0x84BA, 0x1ADA, 0x333A, 0x2319, 0x22F8, 0x22F8,
    0x22F9, 0x437A, 0x2AD8, 0x5BF8, 0xA559, 0xBE1A, 0x43DA, 0x0ABA, 0x231A, 0x3339, 0x4399, 0x84BA, 0x6C39, 0x8CD9, 0x9CF9, 0x94D8,
    0x0A93, 0x02B2, 0x0313, 0x02B2, 0x23EC, 0x242A, 0x5DF9, 0x96FF, 0x8EBF, 0x86BF, 0x8EDF, 0x8EDF, 0x4D5F, 0x13DF, 0x1BFF, 0x65BF,
    0x86BF, 0x7E5F, 0x7E5F, 0x7E5F, 0x7E7F, 0x7E7F, 0x867F, 0x7E5F, 0x7E1F, 0x865F, 0x96BF, 0x865F, 0x8E7F, 0xC75F, 0xC77F, 0xC75F,
    0xAF1F, 0xB73F, 0xAF1F, 0xCF7F, 0xD79F, 0xB71F, 0xC77F, 0xE7BF, 0xDFBF, 0xAEFF, 0x969F, 0xAEFF, 0xD79F, 0xCF9F, 0xC77F, 0x6E7F,
    0x45FF, 0xB75F, 0xD7BF, 0xD79F, 0x5E1F, 0x2D9F, 0x359F, 0x359F, 0x359F, 0x359F, 0x359F, 0x359F, 0x359F, 0x359F, 0x359F, 0x359F,
    0x359F, 0x359F, 0x359F, 0x359F, 0x359F, 0x359F, 0x359F, 0x359F, 0x359F, 0x359F, 0x359F, 0x359F, 0x359F, 0x359F, 0x359F, 0x359F,
    0x359F, 0x359F, 0x359F, 0x359F, 0x359F, 0x359F, 0x359F, 0x359F, 0x359F, 0x359F, 0x359F, 0x35BF, 0x35BF, 0x35BF, 0x35BF, 0x35BF,
    0x35BF, 0x35BF, 0x35BF, 0x2D9F, 0x6E5F, 0x9EDF, 0x9EDF, 0xB73F, 0xAEFF, 0xC75F, 0xD79F, 0xD79F, 0xE7DF, 0xAF1F, 0x3DBF, 0x3DBF,
    0x3DBF, 0x3DBF, 0x45DF, 0x3DBF, 0x3DBF, 0x3DBF, 0x3DBF, 0x35BF, 0x35BF, 0x5E3F, 0x5E3F, 0x3DDF, 0x35BF, 0x3DDF, 0x35BF, 0x561F,
    0x869F, 0x8EBF, 0x96DF, 0xA73F, 0x8E7F, 0x861F, 0x863F, 0x8E3F, 0xB73F, 0xAF3F, 0xA6DF, 0xA6FF, 0xBF3F, 0xCF7F, 0xA6DF, 0x865F,
    0x8E9F, 0x867F, 0x7E5F, 0x865F, 0x7E1F, 0x761F, 0x7E3F, 0x867F, 0x5D7F, 0x035F, 0x035F, 0x037F, 0x037F, 0x13BF, 0x3C7E, 0x44BE,
    0x2C1E, 0x245F, 0x2E5F, 0x5EFF, 0xDFBF, 0x44DF, 0x34BF, 0x863F, 0x243F, 0x1BFF, 0x241F, 0x1C1F, 0x241F, 0x243F, 0x2C9F, 0x34DF,
    0x3CBF, 0x023B, 0x027C, 0x0176, 0x0197, 0x01FA, 0x033E, 0x02DE, 0x0ABD, 0x23FE, 0x43BC, 0x7D7E, 0x01DC, 0xA5BE, 0xFFDF, 0x5BFB,
    0x09F7, 0x7C96, 0x4D1F, 0x2C7F, 0x34DF, 0x1B9E, 0x351F, 0xEFFF, 0xBE9F, 0x1B9F, 0x23FE, 0x3CDB, 0x4D3B, 0x341F, 0x23DF, 0x3C3F,
    0x54DF, 0x3C5F, 0x23FF, 0x341F, 0x4C7E, 0x3C1E, 0x3C1F, 0x445F, 0x64DE, 0x5CDE, 0x23DF, 0x4C5D, 0x751B, 0x54DB, 0x09A7, 0x0121,
    0x01A3, 0x0184, 0x1B0F, 0x3437, 0x00E3, 0x09E9, 0x4C97, 0x1A4C, 0x0167, 0x01C9, 0x01CA, 0x0107, 0x00C6, 0x00C6, 0x0188, 0x00A5,
    0x196A, 0x1128, 0x0063, 0x0864, 0x10C6, 0x1928, 0x31C8, 0x4208, 0x7347, 0x9429, 0x6B09, 0x2107, 0x1083, 0x2126, 0x5268, 0xBD0B,
    0x93CA, 0x9C4C, 0xF6B0, 0xE5CD, 0xD54C, 0x6266, 0xDDAE, 0xE670, 0xB489, 0xDD6E, 0x7C72, 0x02F6, 0x026F, 0x12C3, 0x0BCF, 0x0B56,
    0x1B88, 0x2C0A, 0x6D8A, 0xAF26, 0x754A, 0x0A95, 0x1296, 0x1296, 0x1A96, 0x1275, 0x2316, 0x33F6, 0x0B75, 0x1AD5, 0x2AB8, 0x1A76,
    0x0292, 0x3375, 0x7417, 0x9D17, 0x8CB8, 0x63F7, 0x8CD9, 0x5BF8, 0x8CD8, 0xA559, 0x9D57, 0x4396, 0x2319, 0x2319, 0x12B9, 0x3339,
    0x5BF9, 0x4B9A, 0x3B59, 0x5C1A, 0x84FA, 0xA57A, 0x3B79, 0x0A9A, 0x2B1A, 0x84BA, 0x437A, 0x6C3A, 0x7C79, 0x6418, 0x94F9, 0x9D19,
    0x12F8, 0x02F7, 0x02F6, 0x2B74, 0x23B4, 0x3BB1, 0x8E7B, 0x9F3F, 0x971F, 0xA75F, 0x8EBF, 0x553F, 0x13DF, 0x1C3F, 0x1C1F, 0x1C1F,
    0x65BF, 0x96FF, 0x96FF, 0x8EBF, 0x8EBF, 0x8EBF, 0x869F, 0x765F, 0x763F, 0x763F, 0x763F, 0x7E5F, 0x7E3F, 0x8E9F, 0x96DF, 0x8E9F,
    0x96BF, 0xB73F, 0xBF5F, 0xC75F, 0xA6FF, 0x9EDF, 0xBF3F, 0xB73F, 0xD7BF, 0xBF5F, 0x9EDF, 0x9EDF, 0xB73F, 0xD7BF, 0xDFBF, 0xD79F,
    0xA6FF, 0x9EFF, 0xCF9F, 0xDFDF, 0xBF5F, 0x4DFF, 0x35BF, 0x359F, 0x35BF, 0x35BF, 0x35BF, 0x35BF, 0x35BF, 0x35BF, 0x35BF, 0x35BF,
    0x35BF, 0x35BF, 0x35BF, 0x35BF, 0x35BF, 0x359F, 0x35BF, 0x35BF, 0x35BF, 0x35BF, 0x35BF, 0x35BF, 0x35BF, 0x35BF, 0x35BF, 0x35BF,
    0x35BF, 0x35BF, 0x35BF, 0x35BF, 0x35BF, 0x35BF, 0x35BF, 0x35BF, 0x35BF, 0x3DBF, 0x3DBF, 0x3DDF, 0x3DDF, 0x3DDF, 0x3DDF, 0x3DDF,
    0x3DBF, 0x3DDF, 0x35DF, 0x35BF, 0x7E7F, 0x96BF, 0x9EBF, 0x9EBF, 0xA6FF, 0xAF1F, 0xCF7F, 0xDFBF, 0xD79F, 0xCF7F, 0x663F, 0x35BF,
    0x3DDF, 0x4DFF, 0x4E1F, 0x3DDF, 0x3DDF, 0x3DDF, 0x3DDF, 0x3DDF, 0x6E7F, 0xBF7F, 0xCF9F, 0x8EDF, 0x3DDF, 0x2D9F, 0x563F, 0x96FF,
    0x96DF, 0x9EFF, 0x9EDF, 0x7E1F, 0x345E, 0x02DE, 0x0B3D, 0x0B1D, 0x5D5F, 0x863F, 0xBF7F, 0xCFBF, 0xC77F, 0xBF3F, 0x9EDF, 0x9EFF,
    0xB75F, 0xB75F, 0x96BF, 0x865F, 0x867F, 0x96BF, 0x6DDF, 0x553F, 0x0B9F, 0x0B7F, 0x0B9F, 0x037F, 0x035F, 0x1BDF, 0x347E, 0x3C9E,
    0x3C7F, 0x34BF, 0x671F, 0xDFBF, 0xFFDF, 0x3CDF, 0x245F, 0x2C7F, 0x34BF, 0x2C7F, 0x243F, 0x241F, 0x243F, 0x349F, 0x34BF, 0x3CDF,
    0x239C, 0x021A, 0x023A, 0x01D8, 0x01F9, 0x021C, 0x243F, 0x0ABD, 0x023B, 0x1BFE, 0x439B, 0x8DDF, 0x021E, 0xB63E, 0xDEFF, 0x4BDD,
    0x01DB, 0x4398, 0x553E, 0x2C7E, 0x2C9E, 0x3CBF, 0x559F, 0xD7DF, 0xE77F, 0x2BFF, 0x23FF, 0x23FD, 0x34BB, 0x451B, 0x3C9C, 0x44FD,
    0x555D, 0x3C5F, 0x341F, 0x23FF, 0x44DD, 0x6DDC, 0x447E, 0x2BFF, 0x3C5F, 0x3C3F, 0x341F, 0x2C1E, 0x449F, 0x1BB3, 0x01A5, 0x124C,
    0x1AAF, 0x0166, 0x12CD, 0x12AF, 0x22CC, 0x5DFD, 0x1AD0, 0x0167, 0x01C9, 0x01C9, 0x01EA, 0x01E9, 0x0127, 0x0128, 0x0107, 0x00A5,
    0x196A, 0x08E7, 0x0062, 0x08A5, 0x1907, 0x2169, 0x39E9, 0x4A49, 0x4A49, 0x7BA9, 0x83C9, 0x10A5, 0x0883, 0x2126, 0x62CA, 0xCD8E,
    0x6AE9, 0x9C2C, 0xF6B0, 0xDD6D, 0xDDAD, 0xAC29, 0xCD2C, 0xE64F, 0xD58B, 0xCDB0, 0x0B16, 0x02D2, 0x01A4, 0x0A84, 0x3484, 0x3489,
    0x23E8, 0x6523, 0xAF45, 0x9EC5, 0x6D49, 0x2312, 0x1276, 0x1276, 0x2B37, 0x22D7, 0x2B17, 0x4C39, 0x13D6, 0x0B14, 0x2296, 0x1254,
    0x1A73, 0x5BB8, 0x6BD7, 0x8497, 0xC63A, 0x4B98, 0x7C98, 0x63F8, 0x63D7, 0x8C98, 0x8D55, 0x4C75, 0x1339, 0x1BF6, 0x4CB8, 0x337A,
    0x7499, 0x4BB9, 0x2AF9, 0x3B9A, 0x84FA, 0xA57A, 0x2B39, 0x0A9A, 0x231B, 0x84BA, 0x745A, 0x63FA, 0x4BB9, 0x5BF9, 0x745A, 0x951A,
    0x1AF9, 0x0ABA, 0x0258, 0x5BB9, 0x53F9, 0x7419, 0xBF1E, 0xB79F, 0x96FF, 0x65FF, 0x349F, 0x13DF, 0x243F, 0x1C1F, 0x1C1F, 0x241F,
    0x1BDF, 0x5D5F, 0x867F, 0xB77F, 0xA73F, 0xA71F, 0x96FF, 0x86BF, 0x7E7F, 0x763F, 0x765F, 0x7E5F, 0x7E5F, 0x7E3F, 0x867F, 0x8E9F,
    0x96BF, 0x96BF, 0x9EFF, 0xA71F, 0xA71F, 0xAF5F, 0xA6FF, 0x9EDF, 0xC75F, 0xAF1F, 0xAF1F, 0xBF3F, 0x9EDF, 0xA6FF, 0xC75F, 0xD79F,
    0xD79F, 0xAF3F, 0xB75F, 0xD79F, 0xE7DF, 0x86BF, 0x665F, 0x9EFF, 0x4E1F, 0x4E1F, 0x4E1F, 0x4E1F, 0x4E1F, 0x4E1F, 0x4DFF, 0x45DF,
    0x3DDF, 0x3DDF, 0x3DBF, 0x3DBF, 0x3DBF, 0x35BF, 0x35BF, 0x3DBF, 0x3DBF, 0x3DBF, 0x35BF, 0x3DBF, 0x3DBF, 0x3DBF, 0x3DBF, 0x3DBF,
    0x35BF, 0x35BF, 0x3DBF, 0x3DDF, 0x3DBF, 0x3DBF, 0x3DDF, 0x3DDF, 0x3DDF, 0x3DDF, 0x3DDF, 0x3DDF, 0x3DDF, 0x3DDF, 0x3DDF, 0x3DDF,
    0x35BF, 0x2DBF, 0x5E3F, 0x5E1F, 0x55FF, 0x96BF, 0x9EDF, 0xA6FF, 0xB73F, 0xAF3F, 0xB71F, 0xE7DF, 0xD7BF, 0x6E5F, 0x35BF, 0x6E5F,
    0x561F, 0x35BF, 0x45FF, 0x461F, 0x2DBF, 0x35BF, 0x35BF, 0x8EBF, 0xC77F, 0xB73F, 0xA6FF, 0xD7BF, 0xB75F, 0x5E1F, 0x9EFF, 0xA71F,
    0xA73F, 0x9EFF, 0x3C9F, 0x02FF, 0x035F, 0x037F, 0x13BE, 0x347D, 0x1BFE, 0x1BDE, 0x75BF, 0x6D9F, 0x9EBF, 0xC7BF, 0xB77F, 0xBF7F,
    0xBF5F, 0xBF5F, 0xAF1F, 0x96BF, 0xA73F, 0x7E3F, 0x1BDF, 0x035F, 0x0B9F, 0x0B9F, 0x0BBF, 0x0B9F, 0x13BF, 0x1BFF, 0x241F, 0x345F,
    0x343F, 0x2C3F, 0x3E9F, 0xBF7F, 0xFFDF, 0x44FF, 0x247F, 0x2C7F, 0x2C9F, 0x34BF, 0x349F, 0x349F, 0x3CBF, 0x3CDF, 0x3CFF, 0x349F,
    0x01DA, 0x025C, 0x01D9, 0x029B, 0x02DD, 0x01BB, 0x4D1F, 0x23BE, 0x019A, 0x0ABC, 0x4BFC, 0x9DFF, 0x333E, 0xDEFE, 0xC65F, 0x43DD,
    0x01DB, 0x645A, 0x5D1E, 0x243E, 0x2C1D, 0x33BD, 0x559F, 0xD7DF, 0xE75F, 0x241E, 0x2C3C, 0x2C3D, 0x23BD, 0x349B, 0x44DB, 0x347C,
    0x559A, 0x343F, 0x343F, 0x341F, 0x3C5E, 0x65FC, 0x75FC, 0x447F, 0x3C5F, 0x343F, 0x343F, 0x343E, 0x3C7F, 0x0A8D, 0x0162, 0x2C5D,
    0x1B36, 0x0187, 0x01E8, 0x0187, 0x3372, 0x2BB3, 0x0187, 0x01E9, 0x01C9, 0x01E9, 0x01E9, 0x01A8, 0x0148, 0x00C6, 0x0107, 0x0148,
    0x196A, 0x08A5, 0x0884, 0x08A5, 0x1106, 0x218A, 0x4229, 0x4A49, 0x31C9, 0x7B6A, 0xC50B, 0x41C6, 0x0022, 0x2988, 0x39E9, 0x62CB,
    0x8BAB, 0xEDEE, 0xCCEB, 0xE56C, 0xC4CB, 0x6A86, 0xD52C, 0xD56D, 0xDD8D, 0xC591, 0x0BB8, 0x0311, 0x01E4, 0x0226, 0x2C24, 0x44C3,
    0x12C4, 0x2342, 0x8E64, 0xAF43, 0x8606, 0x2330, 0x1297, 0x0A57, 0x4396, 0x4377, 0x2AF9, 0x4359, 0x12D5, 0x0313, 0x12D4, 0x1232,
    0x22B4, 0x4337, 0x63B6, 0xB5B8, 0xBDFA, 0x4378, 0xA559, 0x8498, 0x4B57, 0x63F9, 0x74D9, 0x4439, 0x2379, 0x1C36, 0x8E3A, 0x43DB,
    0x3B79, 0x5BF9, 0x22D9, 0x3339, 0x3359, 0x9D5B, 0x84DA, 0x2B3B, 0x1ADB, 0x439A, 0x7C7A, 0x6C3A, 0x6C5A, 0x3B7A, 0x6C3A, 0x7C5A,
    0x0A78, 0x12DA, 0x02BA, 0x5C1A, 0x5419, 0x7438, 0x85DD, 0x6E1F, 0x557F, 0x1C5F, 0x245F, 0x245F, 0x243F, 0x245F, 0x245F, 0x243F,
    0x243F, 0x1BFF, 0x34BF, 0x65BF, 0x8E7F, 0xA73F, 0x9EFF, 0x9F1F, 0x9EFF, 0x96BF, 0x8EBF, 0x8E9F, 0x8E9F, 0x8E9F, 0x8E9F, 0x96BF,
    0x9EDF, 0x9F1F, 0x7E5F, 0x44FF, 0x553F, 0x4CDF, 0x9EDF, 0xC79F, 0xBF3F, 0xBF5F, 0xAEFF, 0x96BF, 0x96BF, 0x96BF, 0x96DF, 0xAF1F,
    0xD79F, 0xD79F, 0xAF1F, 0xC79F, 0xB75F, 0x665F, 0x86DF, 0xE7FF, 0xA71F, 0x45FF, 0x4E1F, 0x461F, 0x4E1F, 0x563F, 0x4E1F, 0x4E1F,
    0x4E1F, 0x45FF, 0x3DDF, 0x3DDF, 0x45DF, 0x3DDF, 0x3DDF, 0x3DDF, 0x3DDF, 0x3DDF, 0x3DDF, 0x35BF, 0x2DBF, 0x2DBF, 0x3DBF, 0x3DBF,
    0x35BF, 0x3DBF, 0x3DDF, 0x3DDF, 0x35BF, 0x35BF, 0x35BF, 0x3DDF, 0x35BF, 0x2DBF, 0x35DF, 0x3DDF, 0x35DF, 0x35BF, 0x35DF, 0x3DDF,
    0x767F, 0x6E7F, 0x769F, 0xB73F, 0x869F, 0xBF5F, 0xBF3F, 0xC79F, 0xA71F, 0xBF5F, 0xD79F, 0xDF9F, 0xCF9F, 0xB75F, 0x96DF, 0xCF9F,
    0x6E7F, 0x45FF, 0xAF3F, 0x971F, 0x5E5F, 0x86DF, 0x8EBF, 0x96BF, 0xBF5F, 0x9EBF, 0x7E3F, 0xB73F, 0xB73F, 0xA6DF, 0x9EDF, 0x96DF,
    0x867F, 0x345F, 0x031F, 0x037E, 0x035E, 0x035E, 0x035E, 0x241E, 0x44FD, 0x3CBE, 0x2C3E, 0x13BE, 0x3C9F, 0x5D5F, 0x5D3E, 0xBF5F,
    0xC79F, 0xAF1F, 0xA71F, 0xBF9F, 0x8E5F, 0x13BF, 0x0B7F, 0x13DF, 0x13BF, 0x139F, 0x1BFF, 0x1BFF, 0x1BDF, 0x241F, 0x345F, 0x2C3F,
    0x1BDF, 0x1B9F, 0x3EBF, 0xBF7F, 0xFFDF, 0x451F, 0x2CBF, 0x34BF, 0x3CDF, 0x2C7F, 0x3CDF, 0x4D3F, 0x557F, 0x4D3F, 0x343D, 0x2C5E,
    0x023A, 0x029D, 0x021A, 0x029B, 0x02DD, 0x019B, 0x345F, 0x1C1F, 0x0A3B, 0x2B5D, 0x3B7D, 0x6C9E, 0x4B9E, 0xF77F, 0xC63F, 0x439C,
    0x01DA, 0x4359, 0x8D7D, 0x2C3F, 0x2BDE, 0x227B, 0x4D7F, 0xCFBF, 0xE77F, 0x2C3D, 0x2BFB, 0x2C1C, 0x2BFC, 0x23BC, 0x1B9C, 0x135B,
    0x2C58, 0x44BD, 0x4C9E, 0x445F, 0x447F, 0x551D, 0x75DC, 0x6D5E, 0x341F, 0x343F, 0x343F, 0x343F, 0x3C7F, 0x23B7, 0x2375, 0x243E,
    0x0148, 0x0186, 0x01C7, 0x01E8, 0x0168, 0x0189, 0x022A, 0x01E9, 0x01C9, 0x0167, 0x0126, 0x00C4, 0x016A, 0x3AEE, 0x1927, 0x00A6,
    0x10E7, 0x0042, 0x08C6, 0x10E7, 0x1928, 0x2189, 0x31C9, 0x4208, 0x39E8, 0x62E8, 0xA449, 0x5A46, 0x10C5, 0x3A09, 0x5AA9, 0x5AA9,
    0xA44C, 0xEE0E, 0xD50B, 0xEDAD, 0x8B27, 0x3944, 0xCD0D, 0xB42A, 0xE5CE, 0xDE13, 0x1419, 0x0312, 0x01A4, 0x01C5, 0x0225, 0x0A04,
    0x12C3, 0x02A3, 0x6D83, 0x7587, 0x0A73, 0x0276, 0x0A77, 0x33B3, 0x962A, 0x9609, 0x3B76, 0x2AD8, 0x0A32, 0x02F3, 0x1317, 0x1A95,
    0x22D4, 0x2AD5, 0x4B76, 0xB5B9, 0xB5DA, 0x53D8, 0x84B8, 0x8CF8, 0x4337, 0x743A, 0x7479, 0x4BF9, 0x2399, 0x4496, 0x8598, 0x3B7A,
    0x335A, 0x4BBA, 0x22FA, 0x749B, 0x643A, 0x84DA, 0xD67C, 0x43BB, 0x12BA, 0x439A, 0x7C7A, 0x6C5B, 0x749B, 0x12DA, 0x4BBA, 0x63FA,
    0x0A99, 0x12DA, 0x0ADB, 0x6C9C, 0x5C1A, 0x84B8, 0x851A, 0x247F, 0x2CDF, 0x34FF, 0x2CDF, 0x2CBF, 0x2C9F, 0x2CBF, 0x2CBF, 0x2C9F,
    0x245F, 0x2C7F, 0x2C5F, 0x1C1F, 0x347F, 0x9EBF, 0xCFBF, 0xB75F, 0xB73F, 0xAF3F, 0xAF5F, 0x9F1F, 0x9F1F, 0x9F1F, 0xA71F, 0xA73F,
    0x8E9F, 0x451F, 0x2C7F, 0x037F, 0x13DF, 0x13DF, 0x3C7F, 0x5D5F, 0xBF5F, 0xC77F, 0xB73F, 0xA6FF, 0xA6DF, 0xA6FF, 0x96DF, 0xA6FF,
    0xC75F, 0xCF7F, 0xCF7F, 0xBF5F, 0xB73F, 0xA71F, 0x9F1F, 0xC79F, 0xD7BF, 0x8EDF, 0x4E1F, 0x9F1F, 0x5E5F, 0x35DF, 0x461F, 0x461F,
    0x4E1F, 0x4E1F, 0x461F, 0x3DFF, 0x45FF, 0x461F, 0x4E1F, 0x461F, 0x3DFF, 0x35DF, 0x563F, 0x9EFF, 0xA71F, 0xA71F, 0x45FF, 0x2DBF,
    0x45FF, 0x45FF, 0x45FF, 0x45FF, 0x5E3F, 0x665F, 0x665F, 0x4E1F, 0x7EBF, 0x96DF, 0x86BF, 0x86DF, 0x9F1F, 0x96FF, 0x7EBF, 0x8EDF,
    0xD79F, 0xC75F, 0xAF3F, 0xC77F, 0xC77F, 0xAF1F, 0xA6FF, 0xA71F, 0x7E5F, 0xBF3F, 0xD79F, 0xBF5F, 0xAF1F, 0xC77F, 0xDFDF, 0xC77F,
    0xAF3F, 0xA71F, 0xBF3F, 0xA71F, 0x8EDF, 0x8EBF, 0x8E9F, 0x761F, 0x865F, 0x761F, 0x761F, 0x761F, 0x6E1F, 0x7E5F, 0x867F, 0x8EBF,
    0x2C3F, 0x031F, 0x0B9F, 0x037E, 0x035E, 0x035E, 0x2C3E, 0x137F, 0x1BDE, 0x3CDE, 0x3CDE, 0x3CDE, 0x243E, 0x0B9F, 0x139F, 0x449F,
    0x54FF, 0xBF7F, 0x8E7F, 0x3C9F, 0x347F, 0x3CBF, 0x347F, 0x243F, 0x1BFF, 0x3CBE, 0x3CBE, 0x1BFF, 0x1BDF, 0x23FF, 0x3C7F, 0x349F,
    0x23FF, 0x1B9F, 0x6F1F, 0x879F, 0xD7BF, 0x3CFF, 0x34BF, 0x557F, 0x5D9F, 0x4D3F, 0x453F, 0x453F, 0x4D5D, 0x557C, 0x2319, 0x23FD,
    0x025B, 0x027B, 0x021A, 0x02BC, 0x02DC, 0x019B, 0x3C9F, 0x1C1F, 0x127C, 0x6D3F, 0x22FE, 0x3B5E, 0x4B9D, 0xEF7F, 0xBE3F, 0x43BD,
    0x021A, 0x1ABA, 0x7D3B, 0x1378, 0x23BB, 0x2AFC, 0x559F, 0xCFBF, 0xE75F, 0x23DC, 0x23FB, 0x23DB, 0x23DB, 0x1B9C, 0x1B5C, 0x1B5C,
    0x1B78, 0x4515, 0x5D3B, 0x445F, 0x3C3F, 0x445F, 0x4C7E, 0x653E, 0x54FE, 0x447F, 0x3C5F, 0x3C7F, 0x3C7F, 0x449F, 0x44FF, 0x12D0,
    0x0187, 0x0187, 0x01A8, 0x0187, 0x020A, 0x020B, 0x01CA, 0x01A8, 0x0168, 0x2417, 0x12D1, 0x00A5, 0x0149, 0x2330, 0x122B, 0x00E6,
    0x0042, 0x0884, 0x1129, 0x1108, 0x2169, 0x2169, 0x1968, 0x3A08, 0x5AA8, 0x4247, 0x4A47, 0x18C4, 0x2147, 0x3A09, 0x732A, 0xAC4C,
    0x838A, 0xCD6D, 0xCD2C, 0xD50B, 0xBC89, 0x5A46, 0xBC8B, 0xA3C9, 0xDD8C, 0x5AC7, 0x0396, 0x03D7, 0x0227, 0x01C3, 0x0184, 0x11C3,
    0x75A3, 0x5D43, 0x8663, 0x7DE6, 0x0A51, 0x0296, 0x12F2, 0x7E28, 0xAF44, 0x8627, 0x4C12, 0x22B8, 0x3337, 0x0B13, 0x1AF6, 0x22B8,
    0x2315, 0x3B95, 0x3B37, 0x8497, 0xC63B, 0x53B7, 0x6C58, 0xA5DA, 0x5BB8, 0x6C1A, 0x8CFA, 0x6C7A, 0x2398, 0x2C55, 0x6D56, 0x43BA,
    0x335A, 0x2B3A, 0x22FA, 0x7CBB, 0x84DB, 0x7C9B, 0xAD9B, 0x43BB, 0x1B1B, 0x2B5B, 0x335A, 0x53DA, 0x9D3B, 0x439A, 0x2B3B, 0x747B,
    0x4B9A, 0x12FA, 0x12B9, 0x2B18, 0x3338, 0x7458, 0x9D19, 0x557E, 0x3D5F, 0x351F, 0x2CFF, 0x34FF, 0x34FF, 0x34FF, 0x34DF, 0x2C9F,
    0x2C9F, 0x2CBF, 0x2C7F, 0x349F, 0x245F, 0x44FF, 0x657F, 0xA6DF, 0xBF7F, 0xB77F, 0xAD97, 0xAF1E, 0xAF5F, 0xAF7F, 0x659F, 0x2C7F,
    0x2C9F, 0x13DF, 0x13FF, 0x1C1F, 0x2C7F, 0x34FF, 0x1BFF, 0x0BBF, 0x4D1F, 0xC77F, 0xCF7F, 0xCF9F, 0xC77F, 0xB73F, 0x9EFF, 0xAF1F,
    0xA71F, 0xAF1F, 0xCF9F, 0xBF3F, 0xAF1F, 0xAF1F, 0xA6FF, 0xA71F, 0xAF1F, 0x9EFF, 0x6E7F, 0xA71F, 0x96FF, 0x86DF, 0x8EDF, 0xAF3F,
    0x769F, 0x6E9F, 0x7EDF, 0x86DF, 0x7EBF, 0x563F, 0x4E1F, 0x461F, 0x563F, 0x8EDF, 0x96DF, 0xCF7F, 0xDFBF, 0xD7BF, 0xB73F, 0xA71F,
    0x5E3F, 0x45FF, 0x45FF, 0x461F, 0x4E1F, 0x561F, 0x563F, 0x4E1F, 0x665F, 0x767F, 0x665F, 0x6E7F, 0x86BF, 0x86BF, 0x96DF, 0x9EDF,
    0x9EDF, 0x9EDF, 0x9EDF, 0x8EBF, 0x8EBF, 0x867F, 0x7E5F, 0x867F, 0x8E7F, 0x969F, 0x9EDF, 0x8E9F, 0x8E9F, 0xA6FF, 0xB71F, 0x96BF,
    0x96DF, 0xA6FF, 0x869F, 0x7E7F, 0x6E3F, 0x55FF, 0x5DDF, 0x761F, 0x6DFF, 0x7E3F, 0x869F, 0x7E7F, 0x7E9F, 0x86BF, 0x44FF, 0x23FF,
    0x0B9F, 0x0BBF, 0x0B9F, 0x037F, 0x0B7F, 0x0BBF, 0x241F, 0x3C7F, 0x0B7F, 0x1BFF, 0x44FE, 0x247E, 0x243E, 0x241F, 0x1BFF, 0x1BDF,
    0x1BFF, 0x44DF, 0x349F, 0x2C3F, 0x3CBF, 0x65DF, 0x6DFF, 0x349F, 0x3CBF, 0x451D, 0x3CDE, 0x3CBE, 0x345E, 0x23DF, 0x2C3F, 0x3C9F,
    0x2C1F, 0x139F, 0x5EBF, 0x7F7F, 0xEFFF, 0x961F, 0x34BF, 0x4D3E, 0x347D, 0x4D7F, 0x453F, 0x4D5F, 0x241C, 0x2C3C, 0x12BA, 0x0A39,
    0x023B, 0x027C, 0x021A, 0x02DC, 0x02FD, 0x019B, 0x3C7F, 0x1C1F, 0x12DD, 0x4C3E, 0x32FC, 0x5C5F, 0x53FD, 0xBE3E, 0x84DF, 0x53FD,
    0x025B, 0x0ADB, 0x1B38, 0x0A31, 0x2379, 0x335D, 0x65BF, 0xD7BF, 0xDF5F, 0x1BBC, 0x23DB, 0x23BB, 0x0B3B, 0x6CBD, 0x3BFD, 0x1B5C,
    0x1B3C, 0x3C77, 0x6DB6, 0x651B, 0x3C5F, 0x3C3F, 0x3C1F, 0x3C1F, 0x54DE, 0x4CDE, 0x3C9F, 0x44BF, 0x447F, 0x44BF, 0x124F, 0x0144,
    0x0186, 0x0167, 0x0188, 0x0187, 0x01A7, 0x0166, 0x2439, 0x12D0, 0x74C5, 0x65F7, 0x0AF6, 0x0106, 0x0148, 0x01C8, 0x0167, 0x0168,
    0x0042, 0x10E6, 0x1108, 0x1108, 0x218A, 0x2169, 0x2168, 0x4249, 0x6AC9, 0x7B4A, 0x4208, 0x18C5, 0x2146, 0x31C9, 0x5269, 0x9C0C,
    0x7B6B, 0xB46B, 0x9308, 0xD52B, 0xDDAC, 0x49E6, 0x7B08, 0x4A87, 0x5405, 0x22E2, 0x0269, 0x03B1, 0x1286, 0x6DC3, 0x5503, 0x1A84,
    0x8665, 0xA746, 0x8E65, 0x8664, 0x75E7, 0x3C8A, 0x96C5, 0x9EE4, 0x9EC6, 0x54ED, 0x43D3, 0x3336, 0x3B78, 0x0AD3, 0x12D4, 0x1A76,
    0x3B78, 0x4BD9, 0x4B98, 0xA55A, 0xA57B, 0x5BF8, 0x5C18, 0x957A, 0x8D1A, 0x6C5A, 0x643A, 0x6C7A, 0x0A77, 0x2357, 0x5C7A, 0x331A,
    0x43BB, 0x4BFA, 0x2B1A, 0x643A, 0x6C3B, 0x747B, 0x8D1B, 0xB5FB, 0x43DB, 0x1B1B, 0x231B, 0x22DA, 0x643A, 0x84BB, 0x335B, 0x6C5B,
    0x7C9B, 0x12DA, 0x0A9A, 0x53B8, 0x4B99, 0x6419, 0x9D19, 0x5D9E, 0x457F, 0x455F, 0x3D5F, 0x3D3F, 0x351F, 0x351F, 0x34FF, 0x34DF,
    0x34FF, 0x34FF, 0x2C9F, 0x34BF, 0x34BF, 0x247F, 0x247F, 0x34BF, 0x3CFF, 0x767F, 0x8454, 0xAF1D, 0x7E7F, 0x34BF, 0x245F, 0x13DF,
    0x13DF, 0x1C1F, 0x1C3F, 0x1BFF, 0x245F, 0x34BF, 0x34BF, 0x245F, 0x241F, 0x345F, 0x655F, 0xC75F, 0xBF5F, 0xC79F, 0xAF3F, 0xA71F,
    0x9EFF, 0x9EFF, 0x9F1F, 0xB73F, 0xCF7F, 0xA6FF, 0x9EFF, 0x7E9F, 0x4E1F, 0x4E1F, 0x461F, 0x45FF, 0x4E3F, 0x5E5F, 0x5E5F, 0x5E5F,
    0x563F, 0x563F, 0x563F, 0x563F, 0x563F, 0x4E1F, 0x461F, 0x461F, 0x8EBF, 0xAF1F, 0xAF1F, 0xA6FF, 0xBF3F, 0xD79F, 0xDF9F, 0xDFBF,
    0xCF9F, 0xA71F, 0x3DFF, 0x45FF, 0x45FF, 0x45FF, 0x461F, 0x461F, 0x45FF, 0x45FF, 0x461F, 0x461F, 0x45FF, 0x461F, 0x563F, 0x4E1F,
    0x461F, 0x4E1F, 0x665F, 0x869F, 0x6E3F, 0x7E5F, 0x7E5F, 0x7E5F, 0x869F, 0x7E5F, 0x7E5F, 0x765F, 0x763F, 0x8EBF, 0x869F, 0x7E9F,
    0x769F, 0x769F, 0x86BF, 0x767F, 0x5E3F, 0x7EDF, 0x86BF, 0x763F, 0x7E7F, 0x8EDF, 0x86DF, 0x96FF, 0x9F1F, 0x4D1F, 0x035F, 0x037F,
    0x0BBF, 0x13BF, 0x0BBF, 0x0B9F, 0x13DF, 0x0BBF, 0x23FF, 0x5D1F, 0x1BDF, 0x037F, 0x2C7E, 0x249E, 0x039F, 0x0B9F, 0x0B9F, 0x13DF,
    0x2C5F, 0x44FF, 0x44FF, 0x553F, 0x4D1F, 0x2C5F, 0x2C3F, 0x23FF, 0x2C1F, 0x345F, 0x2C3F, 0x23FE, 0x44FE, 0x44FE, 0x3CBE, 0x349F,
    0x241F, 0x245F, 0x567F, 0xA73F, 0xFFFF, 0xB67F, 0x3C7F, 0x343E, 0x1B9E, 0x2C1D, 0x23FB, 0x349F, 0x0B1E, 0x1B7E, 0x0A7B, 0x01DA,
    0x01FA, 0x02BD, 0x025B, 0x02BC, 0x02DD, 0x019B, 0x347F, 0x141F, 0x0A7D, 0x1B1E, 0x32FC, 0x647F, 0x5C1E, 0xB5FF, 0x643F, 0x437C,
    0x01F7, 0x0217, 0x433D, 0x42FC, 0x01DA, 0x3BFE, 0x659F, 0xD79F, 0xFFDF, 0x445B, 0x137A, 0x23BB, 0x0AFA, 0x6C1C, 0x33BD, 0x1B5C,
    0x237C, 0x33DB, 0x3C39, 0x7596, 0x5D39, 0x3C5E, 0x447F, 0x3C3F, 0x3C1F, 0x551E, 0x5D3D, 0x4CDE, 0x44BF, 0x44BF, 0x3416, 0x0945,
    0x19E5, 0x7D66, 0x09C7, 0x0167, 0x0106, 0x4BC4, 0x4D71, 0x342F, 0xAF24, 0x7526, 0x00E8, 0x0147, 0x0127, 0x0127, 0x0107, 0x00A6,
    0x08C5, 0x194B, 0x1929, 0x1988, 0x2189, 0x2168, 0x1948, 0x4A49, 0x8B4B, 0xA3AC, 0x5A69, 0x0064, 0x2967, 0x39E9, 0xAC4B, 0xAC6C,
    0x838B, 0xCD0E, 0x9349, 0xDDCE, 0x93CC, 0x2105, 0x6288, 0x1965, 0x0184, 0x01E5, 0x0B24, 0x0BC5, 0x1305, 0x6DE4, 0x22A4, 0x0104,
    0x33A5, 0x7E65, 0x8EA5, 0x8EA5, 0x8EA4, 0x96E3, 0xA724, 0x9EE5, 0x9EC5, 0x9EA7, 0x9E86, 0x9E48, 0x3B97, 0x1B15, 0x12D4, 0x22D7,
    0x22F7, 0x2B19, 0x3B57, 0x84BA, 0xA57B, 0x7459, 0x4BD8, 0x8D3A, 0x8D1A, 0x747A, 0x745A, 0x84BA, 0x22D8, 0x1AB9, 0x4BBB, 0x437B,
    0x335A, 0x4BDB, 0x2B3A, 0x4BBA, 0x437A, 0x747B, 0x74DB, 0xBE1C, 0x4BFB, 0x233B, 0x2B5B, 0x12FB, 0x4BDB, 0x7CBA, 0x335A, 0x2B3A,
    0x749B, 0x12BA, 0x1AFB, 0x7CBA, 0x5C1B, 0x53D9, 0xA519, 0x559F, 0x459F, 0x459F, 0x459F, 0x457F, 0x457F, 0x3D5F, 0x457F, 0x455F,
    0x455F, 0x3D3F, 0x34DF, 0x34DF, 0x34DF, 0x34DF, 0x2CBF, 0x2CBF, 0x249F, 0x24FF, 0x3B56, 0x345D, 0x1C7F, 0x1C3F, 0x245F, 0x245F,
    0x1C3F, 0x1C1F, 0x1C3F, 0x1C3F, 0x243F, 0x2C9F, 0x34BF, 0x2CBF, 0x245F, 0x1C1F, 0x1C1F, 0x1BFF, 0x6D9F, 0xAF1F, 0x96BF, 0xAF3F,
    0xAF5F, 0xAF3F, 0xA71F, 0xA71F, 0xB73F, 0x9EFF, 0x8EDF, 0x8EFF, 0x7EDF, 0x461F, 0x461F, 0x461F, 0x4E1F, 0x4E3F, 0x4E1F, 0x461F,
    0x4E1F, 0x4E3F, 0x461F, 0x3DFF, 0x461F, 0x4E3F, 0x3E1F, 0x7E9F, 0x9EDF, 0x96DF, 0xB75F, 0xB73F, 0x8EBF, 0xBF5F, 0xDF9F, 0xD79F,
    0xE7DF, 0xB75F, 0x45FF, 0x461F, 0x3DFF, 0x461F, 0x4E1F, 0x4E1F, 0x4E1F, 0x4E1F, 0x4E1F, 0x4E3F, 0x4E3F, 0x4E1F, 0x4E1F, 0x4E1F,
    0x4E3F, 0x4E3F, 0x4E1F, 0x4E1F, 0x663F, 0x867F, 0x867F, 0x867F, 0x7E7F, 0x7E9F, 0x7E7F, 0x869F, 0x86BF, 0x7E9F, 0x8EDF, 0x765F,
    0x6E3F, 0x765F, 0x7E7F, 0x86BF, 0x8EFF, 0x973F, 0x971F, 0x8EDF, 0x96FF, 0x971F, 0x971F, 0x86BF, 0x451F, 0x0B9F, 0x0BBF, 0x13BF,
    0x0BBF, 0x13FF, 0x13DF, 0x13DF, 0x13DF, 0x13BF, 0x1BDF, 0x553F, 0x44BF, 0x0B7F, 0x1C3F, 0x247E, 0x039F, 0x0BBF, 0x0B9F, 0x0B9F,
    0x13BF, 0x2C5F, 0x241D, 0x1C1F, 0x2C3F, 0x1BDF, 0x23FF, 0x347E, 0x3C9E, 0x2C3F, 0x347F, 0x3C9E, 0x345E, 0x3CBE, 0x3CBE, 0x139C,
    0x0B7E, 0x44FF, 0x8EFF, 0xA73F, 0xFFFF, 0xAE3F, 0x2C1F, 0x23BF, 0x23BE, 0x0B7B, 0x135A, 0x135C, 0x1B5D, 0x2BDD, 0x0A9C, 0x023B,
    0x021A, 0x01FA, 0x0A5A, 0x0AFC, 0x0A9C, 0x0A1C, 0x3C7F, 0x247F, 0x029D, 0x12DE, 0x32DC, 0x645F, 0x53DE, 0xE73F, 0x8D1F, 0x1A7C,
    0x01F8, 0x0177, 0x3B3C, 0x4BFC, 0x021A, 0x549F, 0xB6FF, 0xAF1F, 0xFFFF, 0x43F9, 0x137A, 0x23BA, 0x0258, 0x8D1C, 0x343C, 0x133B,
    0x237C, 0x131B, 0x3439, 0x6D96, 0x3C96, 0x4D39, 0x4CBE, 0x3C3F, 0x33FF, 0x2BDE, 0x54FE, 0x54FF, 0x4CFC, 0x449D, 0x75ED, 0x7DE5,
    0x75A6, 0x9EE4, 0x6D07, 0x09A9, 0x00E8, 0x6CC5, 0x96A3, 0x8643, 0x7DC5, 0x09A9, 0x0128, 0x00C8, 0x00E7, 0x0128, 0x016A, 0x00A5,
    0x118B, 0x09CA, 0x0AC7, 0x2C66, 0x2267, 0x1907, 0x2188, 0x7B0B, 0x8B6A, 0x94A8, 0x52C7, 0x0004, 0x2967, 0x4A29, 0xA40B, 0xB48C,
    0x7B0A, 0xEE0F, 0xBD4C, 0xC58D, 0x8BCB, 0x2125, 0x5267, 0x11A4, 0x0185, 0x01A7, 0x0B25, 0x0B85, 0x0286, 0x0A65, 0x01C4, 0x0983,
    0x1263, 0x2BA2, 0x7E84, 0x4CE5, 0x2B84, 0x96C4, 0x6DC4, 0x96A5, 0xAF44, 0x4CAD, 0x2B92, 0x3BD1, 0x2316, 0x2BB5, 0x2B58, 0x2318,
    0x12F6, 0x3338, 0x4BB7, 0x6419, 0x953B, 0x953B, 0x4B98, 0x6C59, 0x7CBA, 0x747A, 0x747A, 0x951B, 0x5BFA, 0x2B1B, 0x7CFE, 0x7D1D,
    0x2B3A, 0x3B9B, 0x2B1A, 0x5C5B, 0x6C5B, 0x6C5B, 0x7CDB, 0xA5BB, 0x339B, 0x131C, 0x235C, 0x1B1C, 0x43FA, 0x33D9, 0x43D8, 0x43F8,
    0x647B, 0x12DB, 0x1B1B, 0x74BB, 0x7CDA, 0x3319, 0x8478, 0x759C, 0x5E3F, 0x5E1F, 0x55FF, 0x4DBF, 0x459F, 0x4D9F, 0x457F, 0x459F,
    0x457F, 0x457F, 0x455F, 0x3D1F, 0x351F, 0x3D3F, 0x34FF, 0x34FF, 0x34FF, 0x2CFF, 0x5B12, 0x2C1D, 0x1C7F, 0x247F, 0x247F, 0x247F,
    0x245F, 0x245F, 0x1C3F, 0x34FF, 0x3CFF, 0x245F, 0x34BF, 0x2C9F, 0x2C9F, 0x245F, 0x243F, 0x1C1F, 0x1C3F, 0x243F, 0x243F, 0x8E7F,
    0xA6FF, 0xA71F, 0xC79F, 0xBF9F, 0xBF7F, 0xB75F, 0xB75F, 0xA71F, 0x9F1F, 0x9F1F, 0x8EFF, 0x6E9F, 0x667F, 0x565F, 0x5E7F, 0x5E5F,
    0x565F, 0x4E3F, 0x5E7F, 0x769F, 0x565F, 0x463F, 0x667F, 0x96DF, 0x9EDF, 0x9EDF, 0xAF3F, 0xC77F, 0xC77F, 0xB73F, 0xCF7F, 0xDFBF,
    0xC77F, 0x6E7F, 0x461F, 0x565F, 0x769F, 0x563F, 0x4E1F, 0x563F, 0x563F, 0x563F, 0x4E3F, 0x563F, 0x565F, 0x4E3F, 0x4E3F, 0x563F,
    0x565F, 0x4E3F, 0x3DFF, 0x769F, 0x8EBF, 0x6E5F, 0x96FF, 0x96FF, 0x96FF, 0x971F, 0x971F, 0x96FF, 0x971F, 0x9F5F, 0x7E5F, 0x13BE,
    0x035F, 0x1BDF, 0x0B7F, 0x5D5F, 0x96DF, 0x869F, 0x96FF, 0xAF9F, 0xB79F, 0xAF5F, 0x865F, 0x1BFF, 0x0B9F, 0x0BBF, 0x13DF, 0x0BBF,
    0x13DF, 0x13DF, 0x1C1F, 0x1C1F, 0x1BFF, 0x13BF, 0x44BF, 0x4CFF, 0x1BFF, 0x13FF, 0x1C1F, 0x1C3E, 0x13DF, 0x1BFF, 0x13DF, 0x13DF,
    0x13FF, 0x0B3A, 0x0315, 0x1BDE, 0x1BDF, 0x1BFF, 0x23FF, 0x23FF, 0x2C1E, 0x1BDE, 0x347E, 0x555E, 0x2C7F, 0x2C7E, 0x1B9C, 0x1B9B,
    0x02BC, 0x445E, 0xA79F, 0x8F1F, 0xF7FF, 0xAE5F, 0x139E, 0x1B9D, 0x1BBC, 0x139B, 0x1B9C, 0x1B9C, 0x2C1D, 0x1B3B, 0x01D9, 0x0A9A,
    0x01F9, 0x0199, 0x33DD, 0x3C1E, 0x34FF, 0x341E, 0x131E, 0x13FE, 0x23DE, 0x2BBE, 0x1A7C, 0x3B5F, 0x53BE, 0xEF5F, 0xA59F, 0x331E,
    0x22DD, 0x123A, 0x12FC, 0x1359, 0x0A79, 0x5CDF, 0xBF1F, 0xB73F, 0xFFDF, 0x33D8, 0x0B37, 0x12D8, 0x0177, 0x74DC, 0x2C3B, 0x2419,
    0x2BFC, 0x2C3A, 0x44D7, 0x5517, 0x44B7, 0x3477, 0x5D7A, 0x5D5C, 0x447D, 0x2C3F, 0x23DA, 0x2BF9, 0x54D4, 0x54D1, 0x658C, 0x8E4E,
    0x8EA6, 0x8663, 0x9F25, 0x4BAA, 0x0029, 0x43C5, 0x8EA4, 0x7E42, 0x3344, 0x0068, 0x0127, 0x2A85, 0x11A6, 0x00E8, 0x018B, 0x016A,
    0x1149, 0x0A67, 0x03C6, 0x0466, 0x12C6, 0x1947, 0x3188, 0x734A, 0x8587, 0x97A5, 0x54C4, 0x1183, 0x2126, 0x7B2A, 0x72E9, 0xA44C,
    0xBCCD, 0xE5AD, 0xBCEC, 0xD58C, 0x93CC, 0x10C5, 0x0103, 0x01E4, 0x01E6, 0x01A7, 0x01E8, 0x0267, 0x0285, 0x09A4, 0x2D05, 0x1B64,
    0x5CA4, 0x6DC3, 0x4563, 0x0224, 0x1B05, 0xA764, 0x6D83, 0x2321, 0x6546, 0x0B55, 0x1B16, 0x2316, 0x1B15, 0x1391, 0x3378, 0x2B38,
    0x2316, 0x3338, 0x53D7, 0x5C17, 0x7CBB, 0x74BB, 0x3B38, 0x6439, 0x5BD9, 0x7C9B, 0x84DC, 0x951C, 0x6C5D, 0x33D8, 0x64F8, 0x7D3C,
    0x335A, 0x43BB, 0x43BA, 0x5C3B, 0x747B, 0x4BBB, 0x6C7B, 0x9D7C, 0x645C, 0x12FB, 0x1B1B, 0x233B, 0x2B7A, 0x2B9A, 0x43FA, 0x7516,
    0x64D8, 0x337B, 0x12DB, 0x53FA, 0x84D9, 0x435A, 0x7C79, 0x7C99, 0x5DFF, 0x669F, 0x5E3F, 0x5E1F, 0x55FF, 0x5E1F, 0x4DBF, 0x4D9F,
    0x4D9F, 0x4D9F, 0x457F, 0x457F, 0x457F, 0x4D9F, 0x4D9F, 0x453F, 0x2CFF, 0x1C3C, 0x720B, 0x655E, 0x1CBF, 0x249F, 0x247F, 0x247F,
    0x247F, 0x247F, 0x245F, 0x3D3F, 0x4D7F, 0x2C9F, 0x2CBF, 0x2C9F, 0x2CBF, 0x2C9F, 0x245F, 0x247F, 0x1C5F, 0x1C5F, 0x1C5F, 0x245F,
    0x1C3F, 0x3CDF, 0x8E7F, 0x865F, 0xB75F, 0xB77F, 0xAF7F, 0xBF9F, 0xB77F, 0xAF5F, 0xA73F, 0xA73F, 0x8EFF, 0x667F, 0x5E7F, 0x567F,
    0x565F, 0x769F, 0x96FF, 0xD7BF, 0x96FF, 0x565F, 0x9EFF, 0xBF3F, 0xAF1F, 0x9EDF, 0x96DF, 0xA71F, 0xC77F, 0xD79F, 0xCF9F, 0xBF5F,
    0xD79F, 0x9EFF, 0x4E3F, 0xA73F, 0xE7DF, 0x9EFF, 0x4E1F, 0x4E3F, 0x565F, 0x563F, 0x563F, 0x667F, 0x5E7F, 0x76BF, 0x7EBF, 0x5E7F,
    0x5E5F, 0x667F, 0x6E7F, 0x9F1F, 0xAF1F, 0x96FF, 0x9F1F, 0x9EFF, 0x9EFF, 0x971F, 0x96FF, 0xA75F, 0x96DF, 0x6E1F, 0x1BFF, 0x033F,
    0x037F, 0x1BFF, 0x2C5F, 0x1BFF, 0x23FE, 0x0B7F, 0x349F, 0x763F, 0x763F, 0x555F, 0x0B9F, 0x13DF, 0x13DF, 0x13DF, 0x0BDF, 0x13DF,
    0x13DF, 0x1BFF, 0x1BFF, 0x1BFF, 0x241F, 0x1BDF, 0x347F, 0x243F, 0x1BFF, 0x1C1F, 0x1C1F, 0x243F, 0x1BFF, 0x1BFF, 0x1BFF, 0x1BFF,
    0x137B, 0x0252, 0x02B4, 0x1377, 0x23D9, 0x241F, 0x241F, 0x241D, 0x241F, 0x241F, 0x139E, 0x137D, 0x1C1E, 0x1BBC, 0x137C, 0x1BDC,
    0x0B1D, 0x447F, 0x871F, 0x86DF, 0xF7FF, 0xB65F, 0x1BBE, 0x137A, 0x137A, 0x1B9D, 0x1B9D, 0x2BFD, 0x345C, 0x1297, 0x0197, 0x3D3E,
    0x0A7A, 0x01BA, 0x343F, 0x441F, 0x143F, 0x1BDF, 0x021D, 0x025B, 0x45BF, 0x44BE, 0x22DE, 0x3B5F, 0x63FE, 0xEF5F, 0x955F, 0x2AFE,
    0x1A9D, 0x53BE, 0x0ADD, 0x029A, 0x0A59, 0x54BF, 0x9E7F, 0xAEDF, 0xF7DF, 0x3C19, 0x1356, 0x12D8, 0x6CDD, 0x757E, 0x13BA, 0x2C98,
    0x23FA, 0x137A, 0x131A, 0x1B5A, 0x33FA, 0x2C19, 0x6599, 0x5D79, 0x5D5A, 0x3435, 0x0A87, 0x0A61, 0x2B49, 0x3C35, 0x44A9, 0x54CC,
    0x7E28, 0x8EA3, 0x8E83, 0x64C6, 0x0926, 0x4404, 0x8EC4, 0x7583, 0x0083, 0x00E6, 0x5405, 0xA722, 0x5D43, 0x1AC6, 0x01C9, 0x016A,
    0x10A6, 0x0865, 0x11C5, 0x4525, 0x4525, 0x2206, 0x2907, 0x7D07, 0x86E5, 0x6DA5, 0x54C4, 0x22A4, 0x2106, 0x7B0A, 0x9C0C, 0xA48D,
    0xEE70, 0xBCAC, 0xE5CD, 0xC4CE, 0x524A, 0x10E5, 0x18E5, 0x10E5, 0x0146, 0x01A7, 0x0248, 0x02C7, 0x02E5, 0x0AA6, 0x3C45, 0x0163,
    0x1943, 0x5D03, 0x2CE4, 0x0944, 0x0104, 0x54A4, 0x4483, 0x1AA3, 0x1B4D, 0x0AF5, 0x1B15, 0x12D6, 0x2356, 0x1BD3, 0x2B36, 0x2315,
    0x3337, 0x3B38, 0x6478, 0x4BF7, 0x53F9, 0x749B, 0x4378, 0x5BF9, 0x643A, 0x6C7A, 0x4394, 0x6CD6, 0x7592, 0x454A, 0x762A, 0x6D38,
    0x339B, 0x43BB, 0x4C19, 0x543A, 0x749C, 0x4BDB, 0x3B9A, 0x7CFC, 0x9D7D, 0x233B, 0x12FB, 0x2B5B, 0x2B7A, 0x237A, 0x441B, 0x3C18,
    0x64B7, 0x7CFB, 0x1ADB, 0x335B, 0x6C7A, 0x53DA, 0x7C9A, 0x7CBA, 0x23DD, 0x3CDE, 0x5E5F, 0x667F, 0x5E1F, 0x663F, 0x6E5F, 0x5E1F,
    0x5E3F, 0x5E3F, 0x559E, 0x4DDF, 0x4DBF, 0x3D1F, 0x34BF, 0x2CBF, 0x351F, 0x2336, 0x7A47, 0xBE95, 0x24FF, 0x34FF, 0x2CDF, 0x249F,
    0x249F, 0x249F, 0x2CBF, 0x2CDF, 0x4D9F, 0x3D1F, 0x2CBF, 0x2CDF, 0x2C9F, 0x34BF, 0x2C9F, 0x2C7F, 0x247F, 0x1C3F, 0x247F, 0x249F,
    0x245F, 0x1C3F, 0x13FF, 0x13FF, 0x557F, 0x5DBF, 0x557F, 0x5D9F, 0x75FF, 0xA6FF, 0xBFBF, 0xAF7F, 0xB79F, 0x8EFF, 0x565F, 0x5E7F,
    0x86DF, 0xB75F, 0xAF3F, 0xBF7F, 0xD7BF, 0xBF7F, 0xA6FF, 0xB75F, 0xBF5F, 0x9EDF, 0xAF1F, 0xB73F, 0xAF3F, 0xAF3F, 0xC77F, 0xB73F,
    0xBF5F, 0xC77F, 0xA71F, 0xCF9F, 0xCF9F, 0xD79F, 0x9F1F, 0x667F, 0x4E3F, 0x4E3F, 0x7EDF, 0x86FF, 0x5E7F, 0xB75F, 0xCF9F, 0x669F,
    0x5E5F, 0x9F1F, 0xB77F, 0xAF5F, 0xA71F, 0xBF5F, 0xA73F, 0x96FF, 0x9F1F, 0x96FF, 0x9F5F, 0x96DF, 0x3CBF, 0x037F, 0x0BBF, 0x0B9F,
    0x0BBF, 0x1BFF, 0x2C3E, 0x3C9E, 0x345F, 0x241F, 0x13DF, 0x0B9F, 0x035F, 0x0B7F, 0x13DF, 0x1BFF, 0x13FF, 0x13DF, 0x13DF, 0x13DF,
    0x13FF, 0x1C1F, 0x13BF, 0x1BFF, 0x13BF, 0x241F, 0x241F, 0x241F, 0x243F, 0x243F, 0x241F, 0x1C1F, 0x243F, 0x241F, 0x241F, 0x243F,
    0x02F5, 0x02B4, 0x131C, 0x1BBA, 0x2C34, 0x1BBA, 0x1BBC, 0x1BF8, 0x1BFC, 0x1BBE, 0x135D, 0x8D5D, 0x33DD, 0x135C, 0x1BBC, 0x1BBC,
    0x0B1D, 0x449F, 0x7EFF, 0x7EBF, 0xF7FF, 0xAE1E, 0x137D, 0x1BBC, 0x1B9C, 0x135D, 0x43BC, 0x23BD, 0x12D9, 0x01B6, 0x01D8, 0x2BDC,
    0x0A3A, 0x01DA, 0x33FF, 0x3BFE, 0x3CDE, 0x343E, 0x01BC, 0x01DB, 0x449E, 0x239F, 0x333E, 0x6C7F, 0x4B7E, 0xE71F, 0x9D7F, 0x22BE,
    0x4BBE, 0x439E, 0x0A9D, 0x12DC, 0x021A, 0x549F, 0x7DDF, 0x965F, 0xF7DF, 0x4419, 0x0B56, 0x3BDC, 0xCEDF, 0xFFFF, 0x3C5B, 0x0B7A,
    0x0B3B, 0x0AFA, 0x131B, 0x1AFB, 0x12FB, 0x1B5B, 0x3C5B, 0x5CFA, 0x54FB, 0x33D5, 0x0A25, 0x0A61, 0x12C1, 0x12CB, 0x028F, 0x028A,
    0x3D03, 0x8663, 0x8624, 0x8E83, 0x64E3, 0x75A3, 0x9EE4, 0x6CE5, 0x11A4, 0x54A5, 0x9F24, 0x7E24, 0x44E3, 0x33E3, 0x0945, 0x0108,
    0x0906, 0x08A5, 0x2125, 0x64E5, 0x7E45, 0x2A86, 0x3127, 0x6CC7, 0x7E64, 0x52E4, 0x1005, 0x1045, 0x2967, 0x72EA, 0x9BEC, 0xCD4E,
    0xDDCE, 0xBCED, 0xB46C, 0x7B2B, 0x2988, 0x1925, 0x1926, 0x08C5, 0x0145, 0x0248, 0x0207, 0x0206, 0x0B25, 0x0144, 0x0083, 0x33C5,
    0x4404, 0x43A3, 0x1284, 0x09E5, 0x2223, 0x0042, 0x0244, 0x2C45, 0x7E29, 0x54CC, 0x0AB4, 0x3BD4, 0x1AF7, 0x1B96, 0x1314, 0x02D1,
    0x1B36, 0x3B39, 0x4BD9, 0x3338, 0x53D9, 0x7CBB, 0x641A, 0x643A, 0x7CBC, 0x32F3, 0x01AC, 0x236B, 0x3D69, 0x6627, 0xA708, 0x6575,
    0x339C, 0x3B9A, 0x3BD8, 0x43F9, 0x84FC, 0x43DB, 0x337A, 0x541C, 0x84FD, 0x1B3C, 0x12FB, 0x3BBB, 0x3BFB, 0x1379, 0x1B9A, 0x2379,
    0x3BDA, 0x647C, 0x541C, 0x22FB, 0x6C7B, 0x6C3B, 0x4B9A, 0x84FA, 0x231A, 0x0ADC, 0x347D, 0x55BF, 0x7EDF, 0x769F, 0x55FF, 0x5E1F,
    0x6E7F, 0x6E3E, 0x2311, 0x3CFD, 0x3D3F, 0x1C1F, 0x1C1F, 0x2C5F, 0x353F, 0x3AB2, 0x7A87, 0xD66C, 0x2D5F, 0x353F, 0x353F, 0x34FF,
    0x34FF, 0x2CDF, 0x2CDF, 0x2CDF, 0x4D9F, 0x455F, 0x34BF, 0x34FF, 0x34DF, 0x34DF, 0x34BF, 0x2C9F, 0x2CBF, 0x247F, 0x2CBF, 0x34DF,
    0x249F, 0x247F, 0x247F, 0x245F, 0x1C3F, 0x141F, 0x1C3F, 0x141F, 0x141F, 0x553F, 0x7E1F, 0x6DBF, 0x5D7F, 0x8EDF, 0x9F7F, 0x971F,
    0xAF5F, 0xA71F, 0xA73F, 0xAF3F, 0xB75F, 0xCF9F, 0xB73F, 0x9EFF, 0x9F1F, 0x9EFF, 0xB73F, 0xA71F, 0xB75F, 0xAF1F, 0xB73F, 0xBF5F,
    0x9EFF, 0xC77F, 0xD79F, 0xAF3F, 0xC77F, 0xC77F, 0xD7BF, 0x6E9F, 0x769F, 0x96FF, 0x7EDF, 0x7EDF, 0x86DF, 0x96FF, 0xBF7F, 0x8EDF,
    0x769F, 0x9F3F, 0x9F1F, 0xAF3F, 0xBF5F, 0xAF3F, 0xA71F, 0xAF5F, 0xAF5F, 0xB79F, 0x8E9F, 0x241F, 0x037F, 0x13FF, 0x13DF, 0x0BBF,
    0x0B9F, 0x243F, 0x23FF, 0x345F, 0x2C5F, 0x241F, 0x1C1F, 0x243F, 0x1C1F, 0x13DF, 0x13DF, 0x1BFF, 0x13FF, 0x13FF, 0x13DF, 0x1C1F,
    0x1C1F, 0x13DF, 0x349F, 0x349F, 0x1BFF, 0x2C5F, 0x241F, 0x243F, 0x44DF, 0x241F, 0x1BFF, 0x2C5F, 0x2C7F, 0x347F, 0x347F, 0x139C,
    0x02F6, 0x0B58, 0x13BB, 0x13B9, 0x2434, 0x1376, 0x0297, 0x1397, 0x13D6, 0x0B78, 0x239E, 0xFFFF, 0x7D3E, 0x0B3C, 0x23BC, 0x1BBC,
    0x02DB, 0x447E, 0x86FF, 0x8EDF, 0xFFFF, 0x9D7D, 0x02FB, 0x23DC, 0x1B9C, 0x133D, 0x8D1D, 0x0A9B, 0x0239, 0x0A5A, 0x025C, 0x01FB,
    0x025B, 0x01D9, 0x2BBE, 0x3BFF, 0x347E, 0x2BFF, 0x019C, 0x1ADC, 0x96DF, 0x341E, 0x2AFE, 0x543F, 0x2A9E, 0xAD9F, 0x9D7F, 0x3B3E,
    0xA5BF, 0x3B1D, 0x023B, 0x0ABC, 0x023A, 0x54BF, 0x861F, 0x9E7F, 0xF7DF, 0x4419, 0x13B6, 0x3BFC, 0xB67F, 0xEFBF, 0x3C3B, 0x0B3A,
    0x1B3B, 0x2B9C, 0x235C, 0x1B1B, 0x1B1B, 0x1B3C, 0x1B5C, 0x23BC, 0x2BFC, 0x1B70, 0x0204, 0x01C2, 0x0205, 0x01C9, 0x340A, 0x4424,
    0x44A2, 0x7E63, 0xA745, 0x6583, 0x6DE3, 0x8EA3, 0x96C4, 0x64C4, 0x5463, 0x8EA4, 0x8663, 0x9704, 0x3345, 0x0025, 0x0024, 0x00E7,
    0x09E8, 0x0945, 0x01A6, 0x2BE7, 0x7EA5, 0x3347, 0x1086, 0x6525, 0x7604, 0x3184, 0x1864, 0x18A5, 0x2927, 0x6AAA, 0xAC2C, 0xCD4E,
    0xB46C, 0xDDCE, 0xA3EB, 0x72C9, 0x39C8, 0x1125, 0x0104, 0x0105, 0x0247, 0x0268, 0x00C4, 0x00A3, 0x0144, 0x0064, 0x5405, 0x9725,
    0x9744, 0x7E44, 0x0963, 0x3363, 0x8EA4, 0x2302, 0x23A3, 0x4D23, 0x8E85, 0x96C5, 0x75A9, 0x9EC7, 0x444F, 0x0A97, 0x0AD4, 0x0334,
    0x3D14, 0x64D3, 0x2AF8, 0x3318, 0x2B34, 0x4CF1, 0x7538, 0x7CBB, 0x6459, 0x09CE, 0x01CD, 0x01EE, 0x032D, 0x55A9, 0x5D29, 0x2C75,
    0x1B7A, 0x2338, 0x3398, 0x3BB9, 0x8CFC, 0x5C1B, 0x2B3A, 0x4BDB, 0x7CDD, 0x541C, 0x1B1B, 0x43DC, 0x74DB, 0x2BF9, 0x1B59, 0x43F9,
    0x64BB, 0x3BBB, 0x6C9B, 0x2B3B, 0x3B9A, 0x6C5B, 0x437B, 0x7C9A, 0x4399, 0x339B, 0x1B3C, 0x2BDD, 0x44DE, 0x4D5E, 0x137C, 0x5DFE,
    0x76DF, 0x44B8, 0x5494, 0x44DE, 0x1BFF, 0x243F, 0x245F, 0x243F, 0x2AF6, 0x2A12, 0x624E, 0xEBAA, 0x8CF7, 0x45DF, 0x4DBF, 0x3D5F,
    0x351F, 0x351F, 0x3D3F, 0x3D5F, 0x55DF, 0x4D9F, 0x34DF, 0x3D1F, 0x34FF, 0x34FF, 0x3CFF, 0x34FF, 0x2CBF, 0x2CBF, 0x2CDF, 0x34DF,
    0x34DF, 0x249F, 0x247F, 0x247F, 0x2C9F, 0x34DF, 0x34DF, 0x34FF, 0x34DF, 0x245F, 0x245F, 0x2C7F, 0x1C1F, 0x451F, 0x5DBF, 0xA71F,
    0xB77F, 0xA73F, 0xB75F, 0xAF3F, 0x9F1F, 0xAF3F, 0xAF3F, 0x9EFF, 0x96DF, 0x86BF, 0x86BF, 0xA71F, 0xAF3F, 0xA71F, 0xA71F, 0xA6FF,
    0xA71F, 0xAF3F, 0xBF5F, 0xAF3F, 0xAF3F, 0xAF3F, 0xA73F, 0xA71F, 0xC79F, 0xD7DF, 0xB75F, 0xD7BF, 0xC77F, 0x8EDF, 0x9EFF, 0xA71F,
    0xA73F, 0xA73F, 0xA73F, 0xAF3F, 0xBF7F, 0xAF3F, 0xB73F, 0xCFBF, 0xB73F, 0x4D3F, 0x2C5F, 0x037F, 0x13DF, 0x13DF, 0x13DF, 0x0BBF,
    0x1BFF, 0x1BFF, 0x3C9F, 0x1BDF, 0x349F, 0x241F, 0x1BFF, 0x243F, 0x245F, 0x243F, 0x1BFF, 0x1BFF, 0x1C1F, 0x1C3F, 0x1C1F, 0x1C1F,
    0x241F, 0x241F, 0x2C5F, 0x2C5F, 0x349F, 0x3CDF, 0x34BF, 0x2C5F, 0x243F, 0x241F, 0x2C3F, 0x2C3F, 0x347F, 0x349F, 0x243F, 0x0319,
    0x0317, 0x0B39, 0x1399, 0x13D5, 0x2435, 0x1B98, 0x02F9, 0x0B18, 0x13D6, 0x0317, 0x3BFD, 0xFFFF, 0x7D3F, 0x0B5C, 0x1BBB, 0x1B9B,
    0x0299, 0x3C5D, 0x975F, 0xA6FF, 0xFFFF, 0x9D7D, 0x02F9, 0x13D9, 0x0B1A, 0x12BB, 0xAE1E, 0x0A9B, 0x0239, 0x1AFD, 0x231F, 0x025C,
    0x023B, 0x0A5B, 0x129D, 0x1AFF, 0x13BF, 0x135E, 0x0A7D, 0x23DF, 0x8EBF, 0x2BDE, 0x333E, 0x5C7F, 0x1A7E, 0x743E, 0x53FD, 0x3B9E,
    0xB61F, 0x3B1F, 0x129D, 0x0A9C, 0x023A, 0x5CDF, 0x963F, 0x9E7F, 0xF7BF, 0x441A, 0x0B94, 0x3BFB, 0xBE9F, 0xEFDF, 0x3C1B, 0x133B,
    0x2B7C, 0x33DD, 0x33BD, 0x2B7C, 0x131B, 0x0B1C, 0x133C, 0x133B, 0x1B9C, 0x1354, 0x13B6, 0x02B0, 0x12A5, 0x4CE5, 0x7E02, 0x8622,
    0x7E03, 0x7DE3, 0x4C84, 0x1B44, 0x1B83, 0x8EC3, 0x7603, 0x5D03, 0x8E63, 0x8EA4, 0x7584, 0x3AC3, 0x1123, 0x0167, 0x0228, 0x0247,
    0x01A7, 0x00C4, 0x01E7, 0x0B28, 0x5DA6, 0x3386, 0x2285, 0x6586, 0x31E5, 0x2065, 0x22A4, 0x2224, 0x5BE6, 0x9E08, 0x9C0B, 0xA40B,
    0xAC2B, 0xCD2D, 0xBCAC, 0x8B8A, 0x2988, 0x1126, 0x1126, 0x0126, 0x0146, 0x0125, 0x0145, 0x01A5, 0x0104, 0x0106, 0x2AC5, 0x8684,
    0x8EC4, 0x4C04, 0x1963, 0x85E4, 0x3C04, 0x1284, 0x4484, 0x96C4, 0x96C5, 0xA746, 0xAF45, 0x9EE4, 0x8646, 0x6DC9, 0x236E, 0x0354,
    0x1CF0, 0x5DCE, 0x5D32, 0x4BF6, 0x1274, 0x1C6D, 0x3D0E, 0x6CF5, 0x22D2, 0x02CF, 0x04B1, 0x024F, 0x12ED, 0x4DCA, 0x55A9, 0x352E,
    0x558C, 0x3C71, 0x2B9A, 0x3BB9, 0x6C7C, 0x5C1C, 0x2B3A, 0x53FC, 0x647C, 0x7CDC, 0x339B, 0x1AFA, 0x645A, 0x74F9, 0x237A, 0x441B,
    0x5C7B, 0x3BBC, 0x4BDB, 0x231B, 0x2B1B, 0x643B, 0x4B9B, 0x645A, 0x53FA, 0x5C3B, 0x1B9C, 0x1B5C, 0x131C, 0x133B, 0x027B, 0x2BDC,
    0x75DB, 0x0292, 0x448E, 0x3C95, 0x245F, 0x2C5F, 0x247F, 0x2293, 0x2129, 0x31CD, 0x8BD4, 0xF639, 0x9E3C, 0x4DFF, 0x5E1F, 0x4DDF,
    0x4DDF, 0x45BF, 0x3D7F, 0x457F, 0x55DF, 0x5DFF, 0x455F, 0x4D7F, 0x3D3F, 0x3D1F, 0x3D1F, 0x3D3F, 0x34FF, 0x34DF, 0x34DF, 0x34DF,
    0x34DF, 0x3CFF, 0x34DF, 0x34DF, 0x34DF, 0x34FF, 0x2CBF, 0x2CBF, 0x2CBF, 0x34BF, 0x34DF, 0x34DF, 0x34DF, 0x2C9F, 0x245F, 0x44DF,
    0x5D9F, 0xAF7F, 0xAF5F, 0xAF5F, 0xAF3F, 0xA71F, 0x9EFF, 0x9EFF, 0x9F1F, 0x9EFF, 0x9EFF, 0x9EFF, 0x9EFF, 0x9EFF, 0x9EFF, 0x9EFF,
    0x9F1F, 0xA71F, 0x9EFF, 0xA71F, 0xA71F, 0x9EFF, 0x9EFF, 0xA71F, 0x9EFF, 0xA71F, 0xB73F, 0xAF3F, 0xA73F, 0x96FF, 0x86BF, 0x8EDF,
    0x96FF, 0x9EFF, 0xA73F, 0xA73F, 0x9F1F, 0x9F1F, 0xAF1F, 0x553F, 0x3C9F, 0x0BBF, 0x13DF, 0x1BFF, 0x13DF, 0x13FF, 0x13FF, 0x245F,
    0x13DF, 0x1BFF, 0x44DF, 0x23FF, 0x1BDF, 0x2C3F, 0x1C1F, 0x243F, 0x243F, 0x243F, 0x243F, 0x241F, 0x243F, 0x243F, 0x243F, 0x241F,
    0x243F, 0x243F, 0x2C5F, 0x349F, 0x3CBF, 0x3CDF, 0x44FF, 0x347F, 0x241F, 0x243F, 0x2C3F, 0x2C3F, 0x349F, 0x3CBF, 0x139D, 0x0B39,
    0x0B18, 0x02B8, 0x0AD7, 0x1357, 0x1358, 0x0B1A, 0x031A, 0x02FA, 0x0B1A, 0x02B8, 0x127C, 0xBE9F, 0x855F, 0x0AFC, 0x1BBB, 0x137A,
    0x1B5B, 0x657F, 0x9F3F, 0x96DF, 0xFFFF, 0x955C, 0x02D9, 0x039A, 0x031B, 0x129B, 0xBE7E, 0x1AFC, 0x025A, 0x1ADC, 0x3B5F, 0x12DD,
    0x5CFE, 0x0A5D, 0x12FE, 0x7DFF, 0x5D7F, 0x02FD, 0x1B1E, 0x133E, 0x867F, 0x2BBF, 0x335F, 0x6CDF, 0x227E, 0x439D, 0x0B16, 0x02B5,
    0x3BD9, 0x84FF, 0x7C1F, 0x229C, 0x01F9, 0x54BF, 0x8E3F, 0xD75F, 0xFFFF, 0x541D, 0x235C, 0x43DD, 0xBE7F, 0xEFDF, 0xB65E, 0x2B7C,
    0x2B9D, 0x33BD, 0x33DD, 0x2B7D, 0x33F3, 0x8628, 0x5D11, 0x0B3A, 0x137B, 0x1C3F, 0x139A, 0x01AB, 0x3BE2, 0x6DC0, 0x2AE5, 0x2AC4,
    0x7583, 0x22A3, 0x0143, 0x3BE4, 0x7E62, 0x3BA3, 0x54C3, 0x9F24, 0x4444, 0x33C4, 0x4CA4, 0x1AC4, 0x1284, 0x0AE6, 0x02C8, 0x0327,
    0x0927, 0x1127, 0x0946, 0x0208, 0x4446, 0x2B86, 0x4486, 0x19E5, 0x1065, 0x2A25, 0x7646, 0x8E86, 0x86A4, 0x8F04, 0x9687, 0x9DC8,
    0xAC2B, 0xCD0C, 0x7B2B, 0x526A, 0x2968, 0x1906, 0x0905, 0x0185, 0x0186, 0x00A4, 0x01E6, 0x0287, 0x0166, 0x0166, 0x02A6, 0x55A4,
    0x54A4, 0x0083, 0x08E2, 0x8644, 0x54E4, 0x0023, 0x3B04, 0xB786, 0x9F05, 0x3BC5, 0x3387, 0x9EC5, 0x96E4, 0x9EE4, 0x1A8D, 0x0251,
    0x0350, 0x146F, 0x6E50, 0x5495, 0x12F5, 0x24B0, 0x1BCD, 0x0A6E, 0x024F, 0x03D2, 0x0391, 0x020D, 0x01CC, 0x1BCA, 0x3D0A, 0x5D69,
    0x86A6, 0x2C0F, 0x12F8, 0x33D9, 0x441A, 0x4C7A, 0x5C99, 0x4BFB, 0x43DB, 0x74DC, 0x2B5B, 0x0A78, 0x2B59, 0x74F9, 0x647A, 0x9599,
    0x6CDB, 0x339C, 0x541C, 0x231B, 0x2B3B, 0x6C5C, 0x4BBB, 0x2B3A, 0x3B9B, 0x74BB, 0x2BBB, 0x1B7C, 0x1B7C, 0x131B, 0x131C, 0x0B1C,
    0x1293, 0x0211, 0x132A, 0x13CE, 0x2C5E, 0x34DF, 0x2C1C, 0x214A, 0x32B5, 0x4359, 0xD71E, 0xE73D, 0xA6DE, 0x4E3F, 0x5E1F, 0x563F,
    0x5E3F, 0x5E3F, 0x4DDF, 0x3D5F, 0x55DF, 0x5DFF, 0x55BF, 0x4D9F, 0x4D7F, 0x457F, 0x4D9F, 0x3D3F, 0x3D1F, 0x34FF, 0x455F, 0x455F,
    0x3D5F, 0x457F, 0x3D5F, 0x3D3F, 0x3D5F, 0x34FF, 0x2CBF, 0x2CBF, 0x2C9F, 0x34BF, 0x3CDF, 0x2C9F, 0x3CFF, 0x453F, 0x34DF, 0x2C9F,
    0x2C9F, 0x3CDF, 0x557F, 0xAF5F, 0xAF5F, 0xAF5F, 0x9F1F, 0x9F1F, 0x9F1F, 0x9F1F, 0x9F1F, 0x9F1F, 0x9F1F, 0x9F3F, 0x9F3F, 0xA73F,
    0xA73F, 0xA71F, 0xA71F, 0xA71F, 0xA71F, 0xA73F, 0xA73F, 0x8EDF, 0x7EBF, 0x86DF, 0x86BF, 0x7E9F, 0x7E9F, 0x7EBF, 0x86BF, 0x86BF,
    0x86DF, 0x8EDF, 0x8EDF, 0x8EFF, 0x86FF, 0x3CFF, 0x241F, 0x13FF, 0x13DF, 0x1C1F, 0x1C1F, 0x1C1F, 0x1C1F, 0x13FF, 0x245F, 0x241F,
    0x1BDF, 0x3CBF, 0x44DF, 0x347F, 0x1BFF, 0x241F, 0x241F, 0x243F, 0x243F, 0x243F, 0x243F, 0x2C3F, 0x243F, 0x243F, 0x243F, 0x2C5F,
    0x2C5F, 0x34BF, 0x3CDF, 0x3CBF, 0x3CBF, 0x3CDF, 0x3CBF, 0x2C5F, 0x2C3F, 0x2C5F, 0x349F, 0x23FD, 0x23FC, 0x23DD, 0x0B3A, 0x139B,
    0x135B, 0x0275, 0x0274, 0x1339, 0x1339, 0x23B8, 0x2BF7, 0x2398, 0x1B1B, 0x43DE, 0x5C1F, 0xE77F, 0x84FE, 0x0ABB, 0x13FB, 0x0B7A,
    0x1B1B, 0x761F, 0x971F, 0x869F, 0xEFFF, 0xADFE, 0x1B3D, 0x341D, 0x2BDD, 0x12DB, 0xBE7E, 0x1AFC, 0x0239, 0x333C, 0x1AFD, 0x0AFC,
    0x863F, 0x025D, 0x0B5E, 0x353F, 0x1B7E, 0x023C, 0x233E, 0x1ABD, 0x2B7D, 0x2B5F, 0x333E, 0x649F, 0x2ABE, 0x1ADC, 0x1B19, 0x333C,
    0x12FA, 0x43FB, 0x6C5F, 0x5C1E, 0x4B7C, 0x4C7F, 0x9E5F, 0xF7BF, 0xFFFF, 0x53B9, 0x4AF7, 0x4B5D, 0xA63F, 0xDFBF, 0xDF3F, 0x22F9,
    0x1AFC, 0x33BD, 0x7D9B, 0x2BBD, 0x4452, 0xAF02, 0xA6E5, 0x3C55, 0x0B7D, 0x1C1F, 0x0AB2, 0x0144, 0x0A46, 0x0A26, 0x0148, 0x0107,
    0x09C4, 0x0A62, 0x3364, 0x8E64, 0x9EE2, 0x11E3, 0x5463, 0x9F43, 0x0A03, 0x00E3, 0x1B04, 0x4D24, 0x3444, 0x2BE4, 0x0AC6, 0x02E7,
    0x0865, 0x10E6, 0x0926, 0x01A6, 0x0AA6, 0x1326, 0x0165, 0x2306, 0x7646, 0x5DA5, 0x65A5, 0x9725, 0x8EA5, 0x8685, 0x8EC5, 0xA628,
    0xA42C, 0xBCAC, 0x940C, 0x3A0A, 0x39C9, 0x2106, 0x0884, 0x0083, 0x0083, 0x0083, 0x0207, 0x02A8, 0x01C7, 0x0187, 0x0B68, 0x0BA7,
    0x01C5, 0x0043, 0x3BA4, 0x7643, 0x4D43, 0x0964, 0x2AC4, 0x8605, 0x7DC5, 0x0188, 0x01EF, 0x1311, 0x2BCD, 0x8E66, 0x1A8C, 0x0210,
    0x02F0, 0x0430, 0x2551, 0x2D53, 0x1C72, 0x02CF, 0x022E, 0x02F0, 0x0331, 0x0250, 0x020E, 0x020D, 0x12CC, 0x130C, 0x0A4D, 0x0A8E,
    0x244C, 0x0C4F, 0x0271, 0x0A70, 0x4D2E, 0x75EB, 0x8E11, 0x549A, 0x339B, 0x543C, 0x4C1C, 0x2B5B, 0x3B9B, 0x5C7A, 0x64D9, 0x7D77,
    0x549A, 0x443B, 0x649C, 0x2B9A, 0x1B98, 0x43FC, 0x2B5A, 0x233A, 0x337A, 0x749A, 0x543A, 0x3419, 0x33DC, 0x239C, 0x1B3B, 0x0B3A,
    0x0231, 0x0211, 0x130C, 0x0BB0, 0x1C1E, 0x34DF, 0x2AD4, 0x6C38, 0x4BFD, 0x4B7A, 0xCE18, 0xFF19, 0xF73A, 0x961C, 0x561F, 0x65DE,
    0x663F, 0x5E5F, 0x5E3F, 0x5E1F, 0x55FF, 0x5DFF, 0x55DF, 0x4D9F, 0x4DBF, 0x55DF, 0x55DF, 0x4DBF, 0x4D9F, 0x55DF, 0x663F, 0x665F,
    0x55DF, 0x4D9F, 0x4D9F, 0x4D9F, 0x3D5F, 0x3D5F, 0x34FF, 0x34DF, 0x451F, 0x3CFF, 0x2C9F, 0x34BF, 0x34DF, 0x3D1F, 0x3D1F, 0x34DF,
    0x34DF, 0x2CBF, 0x2CBF, 0x34DF, 0x763F, 0xA73F, 0xAF5F, 0xAF7F, 0xA75F, 0xA75F, 0xAF7F, 0xAF5F, 0x9F3F, 0x9F1F, 0x65FF, 0x559F,
    0xA73F, 0xAF7F, 0xA75F, 0xA73F, 0xA73F, 0x9F1F, 0x8EDF, 0x86DF, 0x86DF, 0x86DF, 0x86DF, 0x86DF, 0x86DF, 0x8EFF, 0x8EFF, 0x8EFF,
    0x8F1F, 0x9F3F, 0x8EFF, 0x86FF, 0x44FF, 0x0B9F, 0x1BFF, 0x243F, 0x243F, 0x1C1F, 0x241F, 0x243F, 0x1C1F, 0x243F, 0x243F, 0x241F,
    0x3CDF, 0x44DF, 0x2C5F, 0x245F, 0x243F, 0x245F, 0x2C5F, 0x2C5F, 0x2C5F, 0x2C7F, 0x2C7F, 0x2C7F, 0x2C9F, 0x34BF, 0x34BF, 0x349F,
    0x349F, 0x3CFF, 0x44FF, 0x3CBF, 0x3CBF, 0x3C9F, 0x347F, 0x2C3F, 0x2C5F, 0x349F, 0x2C5F, 0x139C, 0x135A, 0x1B5A, 0x1358, 0x1B9B,
    0x131B, 0x0295, 0x0AD4, 0x1338, 0x137A, 0x1B79, 0x2C16, 0x3415, 0x2378, 0x4BFF, 0x7CFF, 0xFFFF, 0xF7BF, 0x647C, 0x0B7A, 0x1359,
    0x12BA, 0x761F, 0x9F1F, 0x8EBF, 0xEFFF, 0xB63F, 0x237D, 0x4C9B, 0x3BFB, 0x0A9B, 0xA61E, 0x0ADB, 0x027A, 0x12BA, 0x029A, 0x2B7C,
    0xCEDF, 0x127D, 0x4C3F, 0x54FE, 0x023D, 0x1ABD, 0x537E, 0xD69E, 0x641E, 0x22FF, 0x22BE, 0x4BBF, 0x1A5E, 0x22DE, 0x4BBF, 0x5BBF,
    0x539F, 0x335E, 0x22BD, 0x7B1F, 0x52DF, 0x5CFF, 0xA67F, 0xE79F, 0xFFDF, 0x4C18, 0x138D, 0x33B5, 0xB67F, 0xE7BF, 0xBE9D, 0x1298,
    0x9DDD, 0xB6D1, 0x6D4B, 0x0217, 0x2393, 0x9EA2, 0xBF61, 0x4CB1, 0x0B7B, 0x6592, 0x648A, 0x0167, 0x0168, 0x0108, 0x1207, 0x1A46,
    0x09C4, 0x23A2, 0x5D44, 0xA704, 0x54A4, 0x00E3, 0x2B03, 0x4523, 0x4463, 0x22E3, 0x23A4, 0x2365, 0x0A05, 0x0A05, 0x01E7, 0x0208,
    0x00C5, 0x0004, 0x0043, 0x0186, 0x01E6, 0x0104, 0x11C5, 0x4D06, 0x5D64, 0x6DA5, 0x8685, 0x8685, 0x2A65, 0x64C5, 0x8666, 0x7C28,
    0xC4CC, 0xAC4C, 0xC50E, 0x7B8C, 0x31AA, 0x2126, 0x08A4, 0x0063, 0x00E4, 0x01C6, 0x0246, 0x02A8, 0x0106, 0x00E6, 0x0268, 0x0248,
    0x0064, 0x0226, 0x0BE5, 0x4D83, 0x3C43, 0x1A06, 0x96A5, 0x9704, 0x75E3, 0x6DE5, 0x2BCD, 0x0212, 0x0210, 0x126D, 0x020F, 0x02B1,
    0x0332, 0x02B0, 0x1CD2, 0x4E52, 0x136F, 0x012C, 0x02D1, 0x0332, 0x02D1, 0x02F1, 0x026F, 0x01AD, 0x342C, 0x4DCE, 0x1531, 0x028F,
    0x02CE, 0x24EE, 0x020E, 0x0AED, 0x138D, 0x4CCA, 0x8E28, 0x6D6C, 0x2396, 0x2BDB, 0x549C, 0x2BBA, 0x3BFA, 0x3BFB, 0x33B7, 0x5D15,
    0x7D98, 0x3C57, 0x2C56, 0x23B5, 0x0371, 0x1BF8, 0x2379, 0x2B7A, 0x339B, 0x541C, 0x643C, 0x4C59, 0x547A, 0x2BBC, 0x33BC, 0x0233,
    0x0210, 0x0210, 0x01EE, 0x2313, 0x2CFF, 0x12D4, 0x4A8C, 0xADDD, 0x5B97, 0x4A50, 0xA36F, 0xB36F, 0xDC0F, 0xB496, 0x355F, 0x7B95,
    0x757C, 0x5E5F, 0x6E7F, 0x6E9F, 0x6E7F, 0x6E7F, 0x6E9F, 0x6E7F, 0x663F, 0x5DFF, 0x5DFF, 0x5DFF, 0x663F, 0x661F, 0x3CDF, 0x5DBF,
    0x6E3F, 0x665F, 0x5E1F, 0x4DBF, 0x459F, 0x3D5F, 0x3D5F, 0x3D3F, 0x3D1F, 0x3D1F, 0x451F, 0x34DF, 0x453F, 0x3D1F, 0x453F, 0x455F,
    0x3CFF, 0x3CFF, 0x3D1F, 0x3CFF, 0x3D1F, 0x34DF, 0x865F, 0x9F1F, 0xAF7F, 0xA75F, 0x8EDF, 0x971F, 0x4D9F, 0x34FF, 0x453F, 0x453F,
    0x4D7F, 0x8EDF, 0x9F1F, 0xAF7F, 0x9F3F, 0x8EFF, 0x8EFF, 0x8EFF, 0x8EFF, 0x86FF, 0x86FF, 0x8EFF, 0x8EFF, 0x8EFF, 0x8EFF, 0x8F1F,
    0x8F1F, 0x86DF, 0x5D9F, 0x1C1F, 0x243F, 0x243F, 0x245F, 0x245F, 0x245F, 0x243F, 0x245F, 0x245F, 0x2C7F, 0x2C7F, 0x2C5F, 0x44FF,
    0x3CDF, 0x245F, 0x245F, 0x2C5F, 0x2C7F, 0x2C7F, 0x349F, 0x3CBF, 0x34BF, 0x3CDF, 0x3CDF, 0x3CFF, 0x3CDF, 0x451F, 0x451F, 0x44FF,
    0x451F, 0x349D, 0x2C9A, 0x3CDF, 0x3CDF, 0x349F, 0x243F, 0x2C7F, 0x2C7E, 0x139C, 0x135B, 0x137C, 0x1B79, 0x23B7, 0x1BD6, 0x1BBA,
    0x1B9C, 0x0296, 0x4C19, 0x4BDA, 0x02D9, 0x137B, 0x1379, 0x1398, 0x135A, 0x43DF, 0x7CDF, 0xF7DF, 0xFFFF, 0x747E, 0x2ABD, 0x32BB,
    0x1ABA, 0x867F, 0x9EFF, 0xA6DF, 0xFFFF, 0xBE5F, 0x3B9E, 0x43FD, 0x337D, 0x129C, 0xA61D, 0x337C, 0x029C, 0x0ABD, 0x127B, 0x74DE,
    0xC69F, 0x4ADE, 0x53DF, 0x441E, 0x0A5E, 0x63BF, 0x7BFF, 0xD69F, 0xEF7F, 0x42FE, 0x22BE, 0x3B5F, 0x0A3E, 0x3B7E, 0x441D, 0x441C,
    0x53DE, 0x437F, 0x2B5B, 0x4BF6, 0x1AFA, 0x6D3E, 0x963F, 0xDFBF, 0xFFFF, 0x8D7A, 0x0390, 0x03AF, 0x6DD7, 0xEFBF, 0x53D8, 0x0A59,
    0x7CF8, 0xAF23, 0x8664, 0x2B50, 0x09CE, 0x7DA5, 0x96A2, 0x7DE6, 0x8E66, 0x8DA2, 0x0107, 0x0108, 0x00E7, 0x1984, 0x95E3, 0xA722,
    0x8643, 0x01A4, 0x1264, 0x7E04, 0x6DC4, 0x0903, 0x1243, 0x0B23, 0x1B64, 0x6CE4, 0x34C4, 0x3D05, 0x23A5, 0x02E6, 0x0267, 0x01C7,
    0x1345, 0x2B86, 0x2984, 0x0864, 0x0105, 0x22A5, 0x65E4, 0x09C5, 0x0166, 0x3BE5, 0x8EE6, 0x6D86, 0x00A4, 0x3224, 0x7525, 0x7E05,
    0x9588, 0x93CB, 0x730B, 0x6B0B, 0x31CA, 0x10E5, 0x00C3, 0x0185, 0x0165, 0x00E4, 0x0144, 0x02A7, 0x00A4, 0x0064, 0x00E5, 0x0145,
    0x0126, 0x0226, 0x1444, 0x23E4, 0x0105, 0x00E5, 0x2A84, 0x4404, 0x0225, 0x5D23, 0xA722, 0x3BCA, 0x0230, 0x0210, 0x0210, 0x0210,
    0x0210, 0x02F1, 0x03F1, 0x0CB1, 0x0D51, 0x02AF, 0x01CF, 0x0291, 0x020E, 0x026F, 0x01CE, 0x01EE, 0x03F1, 0x0471, 0x0450, 0x0390,
    0x02AF, 0x0250, 0x030F, 0x248D, 0x4CCB, 0x0A4C, 0x3C8B, 0x0AAB, 0x1A30, 0x6C99, 0x23D8, 0x1C13, 0x34B4, 0x2BB8, 0x0230, 0x1B51,
    0x4C97, 0x0254, 0x02D2, 0x0312, 0x02D1, 0x0312, 0x1BD8, 0x3BDA, 0x339B, 0x4BFC, 0x641C, 0x1B77, 0x649B, 0x645C, 0x43DC, 0x12D7,
    0x0211, 0x4BB5, 0x5375, 0x8CB8, 0x653A, 0x0169, 0x324A, 0x7BF3, 0x42D4, 0x3B17, 0xAE1D, 0x84FB, 0xB65D, 0xBEBE, 0x351F, 0x5B53,
    0x449D, 0x2CFF, 0x55BF, 0x55DF, 0x55BF, 0x55BF, 0x55BF, 0x55BF, 0x663F, 0x769F, 0x6E7F, 0x6E5F, 0x663F, 0x349F, 0x2C5F, 0x347F,
    0x3CDF, 0x5DDF, 0x769F, 0x769F, 0x6E5F, 0x5DFF, 0x5E1F, 0x661F, 0x5DFF, 0x55DF, 0x4D7F, 0x4D7F, 0x4D7F, 0x4D7F, 0x455F, 0x455F,
    0x4D7F, 0x453F, 0x453F, 0x455F, 0x453F, 0x3CFF, 0x2C9F, 0x34BF, 0x8EBF, 0x765F, 0x2CFF, 0x351F, 0x34FF, 0x34FF, 0x3D1F, 0x559F,
    0x453F, 0x34DF, 0x559F, 0x86BF, 0x8EDF, 0x973F, 0x973F, 0x973F, 0x8F1F, 0x8F1F, 0x8F1F, 0x8F1F, 0x971F, 0x8F1F, 0x973F, 0x975F,
    0x5DDF, 0x13DF, 0x243F, 0x243F, 0x245F, 0x245F, 0x243F, 0x245F, 0x2C7F, 0x2C7F, 0x245F, 0x349F, 0x34BF, 0x349F, 0x4D3F, 0x4D5F,
    0x349F, 0x2C9F, 0x2C9F, 0x34BF, 0x3CFF, 0x3CDF, 0x44FF, 0x451F, 0x23FB, 0x2C7B, 0x451F, 0x451F, 0x451F, 0x349F, 0x44FF, 0x4D5F,
    0x2C5D, 0x0335, 0x1C33, 0x3CDE, 0x3CFF, 0x347F, 0x44DB, 0x347D, 0x135B, 0x135B, 0x133A, 0x1357, 0x1BBA, 0x135A, 0x1B99, 0x13B7,
    0x0B57, 0x0234, 0x4BB9, 0x43BA, 0x02B5, 0x1B99, 0x1B7A, 0x12FB, 0x021C, 0x3B7F, 0x749F, 0xF7BF, 0xFFFF, 0x643E, 0x3ABF, 0x327D,
    0x12DA, 0x869F, 0x9EDF, 0xAEFF, 0xF7FF, 0xBE5F, 0x331F, 0x3B5F, 0x129D, 0x541D, 0xFFDF, 0xBE7E, 0x22FD, 0x2AFE, 0x533F, 0x749F,
    0x443C, 0x0219, 0x0A9D, 0x339F, 0x3B3F, 0x433E, 0x42FE, 0x3ABD, 0xCDBF, 0x83BF, 0x32FF, 0x3B3F, 0x1ADC, 0x2BBA, 0x23FD, 0x449D,
    0x8D9F, 0x74FF, 0x0A96, 0x03CE, 0x0C2F, 0x6D3E, 0x9E5F, 0x9E1A, 0xADF9, 0x1252, 0x01F1, 0x0AF0, 0x0450, 0x7E18, 0x3336, 0x33B2,
    0x4455, 0x7DEC, 0xA722, 0x8E86, 0x4C8B, 0x22CC, 0x75E4, 0x7DE3, 0xAF23, 0x7DA6, 0x1ACA, 0x2AE8, 0x1104, 0x8D83, 0x5CA3, 0x2B43,
    0x6484, 0x0185, 0x0104, 0x3344, 0x3B63, 0x0043, 0x0144, 0x0204, 0x0264, 0x00C3, 0x2BA4, 0x3D45, 0x0AA5, 0x01C6, 0x0247, 0x01E7,
    0x2CE5, 0x5D46, 0x6CA5, 0x1943, 0x0085, 0x3B66, 0x2345, 0x0147, 0x1226, 0x44C4, 0x3485, 0x65C5, 0x2A46, 0x1864, 0x5A06, 0x7466,
    0x8546, 0x7B89, 0x31A9, 0x4209, 0x4229, 0x10E5, 0x1146, 0x0966, 0x00C4, 0x0044, 0x0126, 0x0205, 0x01A5, 0x0083, 0x0042, 0x0104,
    0x01C7, 0x0126, 0x12C5, 0x01E6, 0x0146, 0x0124, 0x1224, 0x09C5, 0x01E7, 0x0168, 0x5464, 0xA703, 0x0B0F, 0x0271, 0x0230, 0x01F0,
    0x01CF, 0x01CE, 0x01EE, 0x0350, 0x04D1, 0x0473, 0x0311, 0x02F1, 0x022E, 0x018D, 0x016C, 0x024F, 0x0392, 0x0250, 0x02F1, 0x04B1,
    0x0B6F, 0x02CF, 0x0C30, 0x038F, 0x2CAD, 0x3CAD, 0x0330, 0x234D, 0xCDF1, 0xFF7D, 0x22D3, 0x02D3, 0x2D34, 0x1332, 0x024F, 0x0311,
    0x0B97, 0x02F6, 0x0332, 0x0B92, 0x0A92, 0x01F1, 0x1356, 0x33FB, 0x33BA, 0x2BBB, 0x3397, 0x028F, 0x4C58, 0x951C, 0x3C3A, 0x1316,
    0x0210, 0x6C98, 0x5BB5, 0x8D19, 0x9556, 0x016D, 0x3B56, 0x2275, 0x2254, 0x643A, 0xEF9E, 0xDF3D, 0xE73C, 0xC6DE, 0x2C5E, 0x8C73,
    0x75DF, 0x249F, 0x34BF, 0x2C9F, 0x2C9F, 0x2C7F, 0x245F, 0x245F, 0x2C9F, 0x559F, 0x5DFF, 0x7EDF, 0x4D7F, 0x23FF, 0x3CDF, 0x451F,
    0x349F, 0x349F, 0x5DDF, 0x65DF, 0x661F, 0x7EDF, 0x7EBF, 0x769F, 0x7EBF, 0x6E9F, 0x5DFF, 0x5E1F, 0x55DF, 0x55BF, 0x4D9F, 0x4D7F,
    0x4D9F, 0x4D9F, 0x4D7F, 0x4D5F, 0x4D7F, 0x455F, 0x455F, 0x3D3F, 0x2CDF, 0x2CDF, 0x3D1F, 0x3D3F, 0x3D3F, 0x3D3F, 0x3D1F, 0x4DBF,
    0x55DF, 0x4D9F, 0x455F, 0x3D1F, 0x5DDF, 0x7E9F, 0x6E7F, 0x7E9F, 0x973F, 0x975F, 0x975F, 0x973F, 0x971F, 0xA77F, 0x767F, 0x55BF,
    0x1C1F, 0x241F, 0x245F, 0x2C7F, 0x2C7F, 0x245F, 0x245F, 0x2C9F, 0x2C7F, 0x2C9F, 0x34BF, 0x3CFF, 0x3CFF, 0x4D3F, 0x559F, 0x453F,
    0x4D9F, 0x3CFF, 0x34DF, 0x559F, 0x453F, 0x453F, 0x4D5F, 0x2C7D, 0x02D4, 0x13AF, 0x34DA, 0x4D5F, 0x2C9E, 0x0B1C, 0x3CFF, 0x557F,
    0x0318, 0x0316, 0x0B94, 0x2C38, 0x3CDF, 0x2C5F, 0x85D9, 0x449C, 0x137C, 0x1B9C, 0x0338, 0x5493, 0x449B, 0x0339, 0x1358, 0x02D5,
    0x02F4, 0x0216, 0x53DB, 0x645A, 0x02B4, 0x1BF8, 0x1B3C, 0x023D, 0x4A9D, 0x9D3F, 0x957F, 0xEFBF, 0xFFFF, 0x953E, 0x3A9E, 0x3A9E,
    0x337C, 0x869F, 0x8E9F, 0xA6FF, 0xD7BF, 0xCEDF, 0x3B5E, 0x1ABE, 0x22DC, 0x855F, 0xC6DF, 0xFFFF, 0x8CFF, 0x3ABF, 0x6BDF, 0x649F,
    0x02D9, 0x235B, 0x43FF, 0x6C5F, 0x8C7F, 0x63DE, 0x0A58, 0x0277, 0x433E, 0x1A5D, 0x2B3E, 0x335E, 0x0B16, 0x0311, 0x1B96, 0x961B,
    0xC639, 0x53B4, 0x0212, 0x01B1, 0x030E, 0x4578, 0x6CD9, 0x09CE, 0x026F, 0x0AF0, 0x01F0, 0x026F, 0x13F1, 0x03F3, 0x448D, 0xAEE6,
    0xB744, 0x8E0D, 0x860A, 0xAF22, 0x9EC3, 0x33A4, 0x7DC3, 0xAF24, 0x9EA5, 0x96A5, 0xA765, 0xAEA4, 0x32E3, 0x4384, 0x0164, 0x0125,
    0x00C4, 0x0164, 0x0124, 0x0124, 0x0124, 0x00E4, 0x00A4, 0x1A45, 0x09E5, 0x00E5, 0x1205, 0x23C5, 0x0145, 0x00E5, 0x01A6, 0x0207,
    0x0AA8, 0x0227, 0x6DC4, 0x4363, 0x0003, 0x0185, 0x2285, 0x00C5, 0x0064, 0x0083, 0x2326, 0x2CC5, 0x1A26, 0x2106, 0x4A68, 0x5BE7,
    0x6447, 0x7B6A, 0x41E9, 0x6AE9, 0x6B0A, 0x2127, 0x29AA, 0x1927, 0x0084, 0x0167, 0x0249, 0x1964, 0x1325, 0x0145, 0x0083, 0x0124,
    0x0904, 0x08E4, 0x00E6, 0x0126, 0x0104, 0x1B84, 0x4D64, 0x22E4, 0x0A06, 0x024C, 0x022D, 0x75C7, 0x3CD0, 0x2C73, 0x2C52, 0x23D2,
    0x23B3, 0x1270, 0x018D, 0x018D, 0x03B1, 0x0493, 0x0310, 0x01EE, 0x028F, 0x01CD, 0x024E, 0x01AD, 0x01CE, 0x0230, 0x022F, 0x02EF,
    0x024E, 0x03B1, 0x0350, 0x0370, 0x0370, 0x02CF, 0x032E, 0x450A, 0xAEA8, 0xCF51, 0x5D50, 0x0B73, 0x14B4, 0x0312, 0x0270, 0x02F1,
    0x0BB4, 0x2D53, 0x03B1, 0x0290, 0x0250, 0x02B3, 0x02B4, 0x0378, 0x13B8, 0x1377, 0x0292, 0x0271, 0x1334, 0x6CDA, 0x1B73, 0x020B,
    0x02AF, 0x02B0, 0x02EF, 0x43F5, 0x4B76, 0x2255, 0x7C9A, 0xAD9C, 0x5BD9, 0x6C7A, 0xFFDF, 0xFFFF, 0xF77D, 0xCE5E, 0x2278, 0xCCD0,
    0xBE7C, 0x34BF, 0x34BF, 0x34BF, 0x2C9F, 0x2C7F, 0x2C9F, 0x2CBF, 0x2C9F, 0x243F, 0x34BF, 0x5D9F, 0x347F, 0x3CBF, 0x4D5F, 0x4D5F,
    0x4D5F, 0x2C7F, 0x243F, 0x2C5F, 0x349F, 0x4D5F, 0x6E5F, 0x86FF, 0x65FF, 0x55BF, 0x76BF, 0x769F, 0x6E7F, 0x6E9F, 0x665F, 0x5DFF,
    0x5DFF, 0x5DFF, 0x5DDF, 0x55DF, 0x55DF, 0x4DBF, 0x4D9F, 0x4DBF, 0x4D7F, 0x455F, 0x3D3F, 0x3D3F, 0x455F, 0x455F, 0x455F, 0x5DDF,
    0x5DFF, 0x55DF, 0x55DF, 0x55BF, 0x4D9F, 0x4D7F, 0x457F, 0x4D9F, 0x765F, 0x767F, 0x663F, 0x86FF, 0xAFBF, 0x7E7F, 0x2C9F, 0x1C1F,
    0x2C7F, 0x2C5F, 0x2C7F, 0x2C7F, 0x2C7F, 0x34BF, 0x34BF, 0x34DF, 0x3CDF, 0x451F, 0x3CFF, 0x4D7F, 0x55BF, 0x55BF, 0x4D5F, 0x559F,
    0x3CDF, 0x1BFE, 0x241E, 0x451F, 0x55BF, 0x4D7F, 0x55DF, 0x0B58, 0x02B4, 0x23F2, 0x4511, 0x4D3A, 0x23DE, 0x02DB, 0x241D, 0x44DF,
    0x0B36, 0x13B3, 0x0B17, 0x0B36, 0x1BFA, 0x1BFC, 0xBE7D, 0x3C39, 0x0397, 0x1475, 0x03F4, 0x3CD3, 0x4C77, 0x23F5, 0x0353, 0x0316,
    0x0257, 0x025B, 0x7DFF, 0x7D1D, 0x02F9, 0x139B, 0x023D, 0x023D, 0x7AFE, 0xE6DF, 0xDF7F, 0xE75F, 0xF7FF, 0xFF7F, 0xBD3F, 0x52BE,
    0x5B7F, 0x8E7F, 0x7E1F, 0xA6FF, 0xBF5F, 0xFFFF, 0x5BFE, 0x021D, 0x1A9C, 0x94DF, 0x9CBF, 0xE6DF, 0x8D1F, 0x42DF, 0x8D1F, 0x1B7B,
    0x0B3A, 0x4C3C, 0x447E, 0x5CFF, 0x6CDF, 0x651F, 0x1333, 0x0352, 0x1BF5, 0x0B14, 0x0BF7, 0x0BF6, 0x0393, 0x0372, 0x0290, 0x2BB0,
    0x03AF, 0x02EF, 0x01EF, 0x02AF, 0x0C2E, 0x046E, 0x02D0, 0x02B2, 0x0313, 0x1492, 0x0331, 0x0352, 0x0C13, 0x03D2, 0x7E04, 0x54E4,
    0x5504, 0x3C0C, 0x338C, 0x7584, 0x8E83, 0x6523, 0x3BE3, 0x54C4, 0x9EE3, 0xA744, 0x8E44, 0x4383, 0x0122, 0x1A44, 0x4425, 0x4CA5,
    0x3304, 0x0042, 0x09E4, 0x09C4, 0x0A85, 0x0144, 0x00C5, 0x54C5, 0x1245, 0x01E7, 0x3403, 0x2BC4, 0x0985, 0x0146, 0x0126, 0x0166,
    0x12E6, 0x3C66, 0x7DE4, 0x1AC4, 0x01A5, 0x3465, 0x4D24, 0x1A02, 0x0022, 0x0023, 0x10E5, 0x3D25, 0x1224, 0x10E6, 0x4B08, 0x6427,
    0x52E8, 0xB44C, 0x7B2B, 0x7328, 0x838A, 0x4209, 0x29CA, 0x1927, 0x00A4, 0x0125, 0x00A4, 0x1945, 0x01A6, 0x00E5, 0x00E5, 0x0063,
    0x1105, 0x0A4A, 0x0947, 0x0865, 0x0083, 0x0A65, 0x3404, 0x3C44, 0x2BE6, 0x136B, 0x020C, 0x240B, 0x3513, 0x3D14, 0x3D53, 0x1CD3,
    0x2D35, 0x24B3, 0x12EE, 0x014D, 0x024F, 0x0270, 0x01CF, 0x01EF, 0x018D, 0x018C, 0x026F, 0x02F0, 0x0311, 0x0250, 0x01CF, 0x018E,
    0x01CD, 0x0371, 0x02F1, 0x020F, 0x020E, 0x022E, 0x02AE, 0x02CE, 0x3D2B, 0x2C89, 0x0B8C, 0x0BB0, 0x0310, 0x022F, 0x0250, 0x024F,
    0x13F0, 0x1C10, 0x0B12, 0x02D2, 0x3531, 0x2431, 0x03F1, 0x8E1B, 0x3C7A, 0x1317, 0x0AF2, 0x1C33, 0x0375, 0x1B94, 0x0A10, 0x026F,
    0x032F, 0x132E, 0x0B8E, 0x5475, 0x5336, 0x2A34, 0x5414, 0x9617, 0xADFB, 0x4495, 0x75F4, 0xB6D7, 0xAED6, 0x7D11, 0x5315, 0xB3CF,
    0xBCF5, 0x2C7F, 0x2C7F, 0x2C7F, 0x2C7F, 0x247F, 0x245F, 0x247F, 0x2C7F, 0x349F, 0x34BF, 0x2C5F, 0x1BFF, 0x2C5F, 0x4D3F, 0x4D5F,
    0x34BF, 0x245F, 0x2C7F, 0x2C5F, 0x245F, 0x2C3F, 0x3CDF, 0x4D5F, 0x347F, 0x2C3F, 0x4D1F, 0x4D3F, 0x4D5F, 0x4D5F, 0x6E7F, 0x6E7F,
    0x6E7F, 0x6E5F, 0x663F, 0x663F, 0x665F, 0x55FF, 0x4D9F, 0x55DF, 0x55DF, 0x55FF, 0x4DBF, 0x4D9F, 0x457F, 0x4D9F, 0x4D9F, 0x4D9F,
    0x5DFF, 0x5E1F, 0x55BF, 0x55DF, 0x55FF, 0x55DF, 0x55FF, 0x5DFF, 0x55BF, 0x4D9F, 0x457F, 0x4D7F, 0x5D9F, 0x2CBF, 0x245F, 0x34BF,
    0x34BF, 0x2C7F, 0x349F, 0x34BF, 0x34BF, 0x3D1F, 0x3CFF, 0x453F, 0x5DBF, 0x453F, 0x4D7F, 0x4D7F, 0x3CDF, 0x3CDF, 0x34BF, 0x3C9E,
    0x23BE, 0x1BBD, 0x1B9E, 0x2C3E, 0x3CBF, 0x453F, 0x3C9C, 0x0295, 0x02B4, 0x23F4, 0x4CF0, 0x44F2, 0x4536, 0x13BA, 0x0B3C, 0x1B39,
    0x0AF3, 0x2CD0, 0x2433, 0x0B74, 0x02B4, 0x0B55, 0x54B6, 0x1C12, 0x0333, 0x0BB3, 0x0373, 0x0AB4, 0x959C, 0xD71D, 0x1B77, 0x02D8,
    0x3B9D, 0xAE7E, 0xBFDF, 0x445E, 0x021D, 0x01FD, 0x32BD, 0x6B3E, 0x7AFF, 0xE6DF, 0xC69F, 0xA59F, 0xF7FF, 0xFF7F, 0x83FD, 0x635E,
    0x9D9F, 0x75DF, 0x7E1F, 0xAF1F, 0xB73F, 0xEFDF, 0xB61F, 0x1A3C, 0x5BFD, 0x947F, 0x7B5F, 0xCDFF, 0xA59F, 0x5B7F, 0x4C1D, 0x02B8,
    0x0278, 0x0AB6, 0x02D4, 0x0314, 0x0335, 0x0334, 0x0311, 0x026F, 0x034F, 0x0370, 0x0310, 0x0312, 0x0252, 0x64B7, 0x2AF4, 0x01AF,
    0x0330, 0x14F1, 0x2B90, 0x020F, 0x02CF, 0x02D1, 0x02F3, 0x03F3, 0x0312, 0x0252, 0x0373, 0x0372, 0x0B71, 0x02D0, 0x3407, 0x3403,
    0x1309, 0x026D, 0x1AE8, 0x7DE4, 0x75A3, 0x3B83, 0x1A83, 0x54C1, 0x5483, 0x6C83, 0x95C3, 0x01E3, 0x3303, 0x8644, 0x9704, 0x9F05,
    0x7E04, 0x2223, 0x09C5, 0x2BE5, 0x5D63, 0x4C23, 0x12A5, 0x3464, 0x09C5, 0x0186, 0x22C3, 0x33E4, 0x23A4, 0x0185, 0x01E6, 0x0187,
    0x3464, 0x3445, 0x1AE5, 0x0225, 0x1C07, 0x7665, 0x5D84, 0x6E45, 0x43C4, 0x0024, 0x0866, 0x1164, 0x22A5, 0x0A86, 0x29E7, 0x41C9,
    0x9389, 0xBCAC, 0x31A8, 0x4209, 0x630B, 0x5AAB, 0x422B, 0x1926, 0x0022, 0x0883, 0x0002, 0x08A5, 0x00C6, 0x00A5, 0x0064, 0x2925,
    0x1B09, 0x04D3, 0x02ED, 0x0149, 0x0187, 0x00A4, 0x0B0A, 0x1C29, 0x240B, 0x138A, 0x02EB, 0x034F, 0x0333, 0x0B53, 0x0B32, 0x3CEE,
    0x558E, 0x55CF, 0x65AF, 0x5470, 0x43F1, 0x124F, 0x018E, 0x01AE, 0x0B52, 0x0270, 0x01CD, 0x024F, 0x01ED, 0x026F, 0x03F4, 0x01EF,
    0x014D, 0x016D, 0x018E, 0x016D, 0x012C, 0x016C, 0x020E, 0x0270, 0x0ACE, 0x4C2D, 0x960B, 0x964C, 0x6D6D, 0x0A8D, 0x0210, 0x0250,
    0x0311, 0x0272, 0x02D2, 0x02B2, 0x2430, 0x1B90, 0x0C30, 0x4536, 0x7598, 0x43B6, 0x1371, 0x3490, 0x0252, 0x0231, 0x01D0, 0x01F0,
    0x0290, 0x0BB1, 0x2B0F, 0xCE19, 0xBE1B, 0x7438, 0x4CB1, 0x12AF, 0x7D33, 0x2D8C, 0x2CAC, 0xB617, 0x95D4, 0x0B87, 0x544F, 0xB59A,
    0xACF7, 0x8D1A, 0x245F, 0x2C9F, 0x349E, 0x2C7F, 0x2C7F, 0x247F, 0x2C7F, 0x245F, 0x245F, 0x245F, 0x1C3F, 0x13FF, 0x243F, 0x245F,
    0x141F, 0x1C3F, 0x247E, 0x2C7F, 0x2C7F, 0x349F, 0x347F, 0x2C5F, 0x243F, 0x2C3F, 0x2C3F, 0x2C5F, 0x2C3F, 0x2C3F, 0x3CDF, 0x3CDF,
    0x559F, 0x769F, 0x6E9F, 0x4DDF, 0x4D7F, 0x663F, 0x6E7F, 0x6E7F, 0x663F, 0x661F, 0x5E1F, 0x5DFF, 0x55FF, 0x55FF, 0x55DF, 0x55BF,
    0x55BF, 0x55DF, 0x661F, 0x5DFF, 0x5DFF, 0x5E1F, 0x5E1F, 0x663F, 0x663F, 0x663F, 0x559F, 0x349F, 0x245F, 0x2C9F, 0x349F, 0x349F,
    0x34BF, 0x34BF, 0x3CFF, 0x3CFF, 0x451F, 0x4D5F, 0x3CBF, 0x557F, 0x2C7F, 0x245F, 0x4D5F, 0x243F, 0x1BDF, 0x1BDF, 0x241F, 0x23DE,
    0x23FF, 0x23FF, 0x241E, 0x345F, 0x2C3F, 0x349F, 0x1B7A, 0x0233, 0x0293, 0x0AB2, 0x2C31, 0x34B1, 0x3CF0, 0x2CD5, 0x0318, 0x0276,
    0x02B5, 0x1BF3, 0x3491, 0x0AB3, 0x0253, 0x02B3, 0x0333, 0x0373, 0x02F5, 0x0294, 0x0255, 0x2A9A, 0x6C3E, 0xD71F, 0x43D9, 0x01D5,
    0x43BF, 0xAE1F, 0xFFFF, 0xD73F, 0xBE3F, 0xC65F, 0xD6BF, 0x93DF, 0x8B5F, 0xF75F, 0xCE7F, 0xA4FF, 0xFFFF, 0xB51E, 0x5ABE, 0xB5FF,
    0xB6FF, 0x6DBF, 0x75DF, 0xB71F, 0xB73F, 0xF7FF, 0xC5FF, 0x83FE, 0xF6DF, 0xC59F, 0xC57F, 0xF77F, 0x9D7F, 0x5B9F, 0x129B, 0x439B,
    0xB61E, 0xB61D, 0xB5FC, 0xB61B, 0xADFA, 0x9519, 0x2AB5, 0x0191, 0x1312, 0x4BF4, 0x01D0, 0x1B55, 0x6358, 0xCD9C, 0x4CD6, 0x0231,
    0x01D1, 0x0AF0, 0x1412, 0x13D2, 0x3492, 0x0A70, 0x01F0, 0x03B2, 0x0C72, 0x0331, 0x0212, 0x02D1, 0x0230, 0x01F1, 0x0AAE, 0x2349,
    0x0A8D, 0x1B2A, 0x5502, 0x7621, 0x4483, 0x0125, 0x5482, 0x6DC2, 0x01A3, 0x0062, 0x4B23, 0x75C5, 0x8E84, 0x4C63, 0x2B04, 0x6544,
    0x4C22, 0x1A44, 0x00E6, 0x1264, 0x6DC2, 0x3C43, 0x0A86, 0x1B85, 0x2364, 0x0105, 0x0065, 0x0984, 0x1365, 0x01E6, 0x0187, 0x0147,
    0x0A67, 0x0AC7, 0x0267, 0x2BC6, 0x7E67, 0x86A6, 0x7E85, 0x7EA5, 0x5D65, 0x0884, 0x0844, 0x1044, 0x1926, 0x0A68, 0x1168, 0x3988,
    0x93CA, 0xAC8B, 0x4229, 0x2168, 0x528B, 0x62CB, 0x732B, 0x1905, 0x00E5, 0x0166, 0x130C, 0x2967, 0x1A89, 0x0945, 0x1884, 0x3B2B,
    0x09A6, 0x02EB, 0x04F4, 0x0B91, 0x0184, 0x0248, 0x0330, 0x026B, 0x02CF, 0x02B0, 0x02F1, 0x02F2, 0x02D2, 0x02B2, 0x0272, 0x1B6F,
    0x352E, 0x762D, 0x6DF0, 0x65B2, 0x7632, 0x4D50, 0x3CCF, 0x1BF1, 0x0B11, 0x02B1, 0x0313, 0x02D2, 0x0271, 0x0372, 0x0473, 0x0310,
    0x01EF, 0x0294, 0x0253, 0x0291, 0x0AB1, 0x22D0, 0x1A6F, 0x3370, 0x1A4F, 0x730F, 0xADED, 0xC70C, 0x9E8C, 0x860D, 0x85CE, 0x856D,
    0x126E, 0x020E, 0x020F, 0x0250, 0x01EF, 0x0251, 0x0313, 0x02B0, 0x02AF, 0x0291, 0x0B90, 0x1B4F, 0x01CF, 0x020F, 0x02D1, 0x0250,
    0x0271, 0x01F0, 0x22B1, 0x84B4, 0xADF8, 0x7D15, 0x1CCD, 0x13CF, 0x1230, 0x248F, 0x3CCE, 0x9551, 0xA598, 0x022D, 0x7CD2, 0xC5D9,
    0x9D18, 0xD6BA, 0x2C3C, 0x245D, 0x6476, 0x4CDD, 0x2C9F, 0x2C9F, 0x2C9F, 0x247F, 0x1C5F, 0x1C1F, 0x1C1F, 0x1C1F, 0x1C1F, 0x1C1F,
    0x1C3F, 0x143F, 0x145E, 0x1C3F, 0x1C1F, 0x2C5F, 0x349F, 0x349F, 0x2C7F, 0x347F, 0x349F, 0x349F, 0x2C7F, 0x2C5F, 0x2C3F, 0x241F,
    0x2C7F, 0x34BF, 0x34DF, 0x34DF, 0x4D5F, 0x767F, 0x4D5F, 0x451F, 0x767F, 0x6E5F, 0x661F, 0x663F, 0x665F, 0x663F, 0x663F, 0x663F,
    0x661F, 0x661F, 0x661F, 0x5DFF, 0x663F, 0x663F, 0x665F, 0x6E5F, 0x661F, 0x34BF, 0x2C9F, 0x349F, 0x34DF, 0x34BF, 0x34DF, 0x3CFF,
    0x451F, 0x453F, 0x3CFF, 0x2C7F, 0x453F, 0x3CDF, 0x23FF, 0x243F, 0x1BFF, 0x243F, 0x2C5F, 0x1BFF, 0x23FF, 0x241F, 0x241F, 0x243F,
    0x241F, 0x1C1D, 0x0BD5, 0x1C7A, 0x34FE, 0x24BD, 0x0BB9, 0x02B4, 0x0293, 0x0B92, 0x1C72, 0x1433, 0x0B73, 0x3493, 0x4572, 0x13D2,
    0x02B5, 0x02D4, 0x0AD5, 0x0235, 0x0273, 0x0274, 0x02B4, 0x0274, 0x0254, 0x0253, 0x0277, 0x235C, 0x0A9C, 0x63FE, 0x3B5D, 0x127C,
    0x22FE, 0x2AFD, 0x747D, 0x7C9E, 0x953F, 0x94FF, 0x42BD, 0x5A5E, 0x82FF, 0xE6FF, 0xCE7F, 0x8B3F, 0xD59F, 0x9BFF, 0x8BBF, 0xC63F,
    0x43BD, 0x4B9B, 0xA6BF, 0xAEFF, 0xA6FF, 0xC6BF, 0x6BBF, 0x5B1F, 0x737E, 0x8B5F, 0x82FF, 0xA51F, 0xDEDF, 0xC5DF, 0xB5BE, 0xDEBF,
    0xFFFF, 0xA5FC, 0x3BB5, 0x54F9, 0x6CFE, 0x6CFF, 0x249C, 0x147A, 0xC6BD, 0xCF3F, 0x5459, 0x0B32, 0x3D33, 0x4CD5, 0x1C94, 0x0272,
    0x01F1, 0x03D2, 0x0353, 0x0B12, 0x2554, 0x1CF3, 0x0332, 0x03D2, 0x0372, 0x02B1, 0x0292, 0x02D3, 0x0290, 0x02F0, 0x02F3, 0x02B5,
    0x1B4C, 0x6560, 0x5542, 0x3CC3, 0x2383, 0x0166, 0x22C6, 0x0A05, 0x54A4, 0x7563, 0x6524, 0xA765, 0x5D25, 0x0185, 0x01C5, 0x54E4,
    0x5C63, 0x00C3, 0x00E4, 0x2325, 0x3425, 0x01C7, 0x0187, 0x0A85, 0x44A3, 0x1B25, 0x01C6, 0x0207, 0x0186, 0x00E5, 0x0146, 0x0167,
    0x0208, 0x02E8, 0x0267, 0x4406, 0x9F25, 0x54A5, 0x3C46, 0x7E85, 0x7E25, 0x5526, 0x1225, 0x0843, 0x1906, 0x1988, 0x2168, 0x41C9,
    0x62EA, 0x8C0C, 0xBCEF, 0x2988, 0x4229, 0x93EC, 0xCD0E, 0x39A6, 0x0167, 0x0147, 0x4C2F, 0x6389, 0x44EC, 0x08C3, 0x4B8C, 0x238C,
    0x00A5, 0x00A4, 0x13AE, 0x13F3, 0x09C7, 0x0183, 0x24AD, 0x1C32, 0x0B73, 0x0333, 0x03B4, 0x0BF4, 0x02D2, 0x0292, 0x0252, 0x02D1,
    0x0430, 0x1C51, 0x34B2, 0x5552, 0x55AE, 0x55EE, 0x5E0E, 0x5E31, 0x5570, 0x3492, 0x1BB3, 0x0A92, 0x0A11, 0x02F3, 0x1494, 0x1452,
    0x33F2, 0xA4D6, 0x6C54, 0x0331, 0x02F2, 0x0B32, 0x1352, 0x1250, 0x232F, 0x2B51, 0x23B0, 0x54ED, 0x54EC, 0x54AD, 0x6CCE, 0x5C70,
    0x5CAD, 0x862B, 0x654D, 0x12D0, 0x0250, 0x0252, 0x0273, 0x4CEF, 0x658C, 0x34CE, 0x2CF0, 0x1CB1, 0x2451, 0x0A70, 0x02F2, 0x0392,
    0x0250, 0x0A0E, 0x12AD, 0x026D, 0x2BB0, 0x33B1, 0x0AEF, 0x028F, 0x01D0, 0x0231, 0x236F, 0x2C4A, 0x4D6E, 0x2C0E, 0x444F, 0x95B0,
    0xC676, 0xAD96, 0x3B31, 0x8C56, 0xEE9C, 0x6DBF, 0x1C7D, 0x34DF, 0x2CDF, 0x34FF, 0x2C9F, 0x245F, 0x1C5F, 0x245F, 0x245F, 0x1C3F,
    0x1C5F, 0x1C5F, 0x1C5F, 0x141F, 0x13FF, 0x1C1F, 0x1C1F, 0x1C1F, 0x1C1F, 0x1C3F, 0x1C3F, 0x2C5F, 0x345F, 0x2C5F, 0x347F, 0x2C7F,
    0x349F, 0x2C5F, 0x243F, 0x2C7F, 0x3CFF, 0x3CDF, 0x349F, 0x349F, 0x44FF, 0x44FF, 0x349F, 0x453F, 0x6E3F, 0x663F, 0x663F, 0x663F,
    0x6E7F, 0x6E5F, 0x6E5F, 0x6E5F, 0x663F, 0x661F, 0x6E3F, 0x453F, 0x3CDF, 0x34BF, 0x34DF, 0x3CFF, 0x3D1F, 0x455F, 0x3D1F, 0x451F,
    0x451F, 0x1BFF, 0x2C7F, 0x245F, 0x1BFF, 0x241F, 0x23FF, 0x1BFF, 0x241F, 0x243F, 0x241F, 0x243F, 0x243F, 0x1C1E, 0x241E, 0x2C5F,
    0x2C7F, 0x1399, 0x0334, 0x1477, 0x24F5, 0x2C96, 0x0294, 0x0294, 0x0273, 0x03D3, 0x02F3, 0x0375, 0x0335, 0x1314, 0x3C52, 0x2C31,
    0x44F3, 0x2372, 0x0255, 0x0275, 0x0274, 0x0273, 0x0274, 0x0295, 0x0295, 0x0AB5, 0x029B, 0x855E, 0x74BD, 0x1A7D, 0x22BD, 0x1ADE,
    0x1AFE, 0x1AFD, 0x0ABD, 0x021D, 0x7CFF, 0x843F, 0x195B, 0x625E, 0x8B5F, 0xFFDF, 0xD69F, 0x62DF, 0x4ADF, 0x5ADF, 0x83BF, 0x8C5F,
    0x1B1E, 0x22BD, 0xB5DF, 0xC77F, 0xB71F, 0x641E, 0x7C3F, 0x435F, 0x331F, 0x3B3F, 0x2A9F, 0x9D7F, 0xC57F, 0x7ADF, 0x7B1E, 0xB5DD,
    0xBE5D, 0x0B14, 0x02F0, 0x02F1, 0x12F9, 0x2B7D, 0x02D4, 0x0354, 0x2B96, 0x1315, 0x1294, 0x0230, 0x0331, 0x0352, 0x0292, 0x0212,
    0x0230, 0x02D0, 0x0251, 0x0273, 0x0334, 0x02D3, 0x0273, 0x0272, 0x0252, 0x0292, 0x0373, 0x02AF, 0x01E5, 0x0263, 0x0288, 0x0331,
    0x3C84, 0x2B83, 0x0A66, 0x0A46, 0x01A5, 0x0105, 0x00C6, 0x01C5, 0x44A4, 0x6DA4, 0x7603, 0x3404, 0x2345, 0x0146, 0x2326, 0x6DA4,
    0x5502, 0x1AC3, 0x1AE5, 0x2C26, 0x2C46, 0x09E5, 0x0126, 0x0125, 0x1A63, 0x3C85, 0x02C8, 0x0228, 0x01A8, 0x0187, 0x0147, 0x0167,
    0x0187, 0x0207, 0x0206, 0x2AC5, 0x8685, 0x3405, 0x0146, 0x6DE6, 0x7646, 0x1D87, 0x1387, 0x0043, 0x1927, 0x2188, 0x2167, 0x3188,
    0x4269, 0x634B, 0xD54F, 0x4208, 0x41E8, 0xD54F, 0xC4ED, 0x4A07, 0x0106, 0x0188, 0x0023, 0x7327, 0x64CC, 0x0883, 0x236B, 0x0126,
    0x00E4, 0x22C5, 0x3BA5, 0x21C5, 0x4BCD, 0x2225, 0x3C49, 0x4D11, 0x4CF2, 0x2C92, 0x3CF2, 0x3CB2, 0x2BF2, 0x2BD1, 0x1332, 0x0AF3,
    0x0AF3, 0x0AB2, 0x0292, 0x2C2F, 0x5D8D, 0x552F, 0x6570, 0x5DB0, 0x5DB0, 0x558F, 0x454D, 0x3CAE, 0x2370, 0x1312, 0x2BF2, 0x548F,
    0x5490, 0xADEE, 0x9E6D, 0x662C, 0x658E, 0x5D6F, 0x44B2, 0x0A32, 0x0231, 0x042F, 0x1C2F, 0x5D4D, 0x964E, 0xBECF, 0xD6B2, 0x53F3,
    0x0B72, 0x344F, 0xA6EC, 0x8E8D, 0x3D10, 0x3472, 0x2433, 0x13B3, 0x3C90, 0x85EF, 0x6D10, 0x1B92, 0x1310, 0x01D0, 0x0231, 0x0291,
    0x01B0, 0x3B6F, 0xA66F, 0x7DCF, 0x552F, 0x3BF0, 0x024E, 0x024F, 0x0290, 0x0A72, 0x1210, 0x222F, 0x6D31, 0x454D, 0x4D4C, 0x5D2C,
    0x95F1, 0xC675, 0x6CEF, 0x7470, 0xF6BB, 0x7D18, 0x0B6D, 0x4DDA, 0x457F, 0x459F, 0x4D9F, 0x4D7F, 0x3D5F, 0x3D5F, 0x457F, 0x1C33,
    0x3D1F, 0x3D3F, 0x353F, 0x34FF, 0x34FF, 0x2CBF, 0x2CBF, 0x245F, 0x1C3F, 0x245F, 0x245F, 0x243F, 0x1BFE, 0x1BFE, 0x2C7F, 0x349F,
    0x34BF, 0x3CDF, 0x34BF, 0x2C7F, 0x245F, 0x349F, 0x3CDF, 0x349F, 0x2C7F, 0x349F, 0x34BF, 0x349F, 0x349F, 0x44FF, 0x4D3F, 0x4D3F,
    0x661F, 0x6E7F, 0x6E5F, 0x661F, 0x4D7F, 0x3CFF, 0x453F, 0x451F, 0x3D1F, 0x453F, 0x4D5F, 0x4D5F, 0x3D1F, 0x451F, 0x241F, 0x1BDF,
    0x1C1F, 0x1BDF, 0x1BDF, 0x1BFF, 0x1BFF, 0x243F, 0x243F, 0x245F, 0x243F, 0x243F, 0x2C5F, 0x2C3F, 0x1C1E, 0x0354, 0x1BFC, 0x243E,
    0x1BDC, 0x0296, 0x0296, 0x02B6, 0x1B95, 0x0296, 0x0AB4, 0x0294, 0x12D3, 0x0A93, 0x0254, 0x1313, 0x12F2, 0x4C53, 0x8595, 0x1AF4,
    0x0AF4, 0x02B3, 0x0294, 0x02B4, 0x1373, 0x1394, 0x5418, 0x0A96, 0x02D6, 0x02B6, 0x12FB, 0x9D7F, 0x751E, 0x0ADD, 0x131D, 0x12FC,
    0x12DC, 0x2B9C, 0x237B, 0x757A, 0xE71D, 0xE4BF, 0xDDFF, 0x9B9F, 0x8B7E, 0xD73D, 0xDF5E, 0x955D, 0x2379, 0x3BB9, 0x639F, 0x639F,
    0x12DF, 0x2ADF, 0x931F, 0xC57F, 0xC6BF, 0x6C1F, 0xBE1E, 0x6C5C, 0x3B3E, 0x435F, 0x6C5F, 0xDF1E, 0x7CDC, 0x635F, 0x3ADC, 0x0A36,
    0x1A97, 0x01D4, 0x0273, 0x02D2, 0x02B4, 0x0AF4, 0x0A93, 0x0273, 0x0252, 0x0272, 0x0272, 0x0A72, 0x1AB2, 0x2B92, 0x2C14, 0x1374,
    0x3C72, 0x2BB1, 0x0212, 0x0AB4, 0x02D4, 0x02D3, 0x0B33, 0x1453, 0x03B2, 0x03F2, 0x0392, 0x026A, 0x01A1, 0x0202, 0x0223, 0x01E5,
    0x01C5, 0x0166, 0x01A6, 0x0205, 0x09C4, 0x00E3, 0x4363, 0x3B44, 0x0024, 0x1163, 0x2404, 0x01A4, 0x01A5, 0x09E5, 0x0A65, 0x13E7,
    0x34A5, 0x0B26, 0x0B67, 0x03A8, 0x0AC6, 0x01E6, 0x0248, 0x0105, 0x0124, 0x02E7, 0x0387, 0x0226, 0x0126, 0x0187, 0x0147, 0x0127,
    0x00C4, 0x01A7, 0x0105, 0x0105, 0x4587, 0x3446, 0x0065, 0x1366, 0x4607, 0x2DA7, 0x0C08, 0x00E5, 0x10A5, 0x2188, 0x1146, 0x2947,
    0x4AA9, 0x3AC8, 0x6349, 0x31C7, 0x6289, 0xCD0E, 0xC4EE, 0x62EA, 0x00A6, 0x08E5, 0x0023, 0x8409, 0x2A26, 0x0001, 0x19C5, 0x21E5,
    0x32E5, 0x7E47, 0x9667, 0xBF0A, 0xDF12, 0xE74D, 0x8D6F, 0x7555, 0x6552, 0x4D52, 0x54F3, 0x4CB2, 0x654F, 0x5D8D, 0x44F1, 0x3C53,
    0x2411, 0x240F, 0x1BEF, 0x2C0F, 0x7451, 0xAD92, 0xDEF0, 0xBE8F, 0xCECF, 0xC6CE, 0x866D, 0x7E4E, 0x7E2E, 0x7DB0, 0x4431, 0x444E,
    0x1B6E, 0x346E, 0x558C, 0x8E6D, 0xBEEF, 0xB6CF, 0xDF90, 0x64D2, 0x1B30, 0x0C2E, 0x0BCE, 0x74F1, 0xF734, 0xE6D4, 0xEEF6, 0xE6D7,
    0x43F1, 0x02F0, 0x242F, 0x558A, 0x866B, 0xBF2D, 0xBF0E, 0x54F2, 0x0B72, 0x23D2, 0x8533, 0x7CD2, 0x2AB0, 0x0230, 0x02F2, 0x0271,
    0x1A92, 0x3AF4, 0x63B2, 0xC614, 0xEEF5, 0xE715, 0x6D31, 0x0ACF, 0x02B1, 0x4B15, 0x6355, 0x7396, 0xC598, 0x5C72, 0x7D2F, 0x95AF,
    0x9DB1, 0x7CF1, 0x340F, 0x54CF, 0x64CE, 0x128E, 0x02AD, 0x3CAB, 0x2CFA, 0x2D1E, 0x149F, 0x24FF, 0x45BF, 0x3D7F, 0x351B, 0x23ED,
    0x4DFE, 0x45DF, 0x45DF, 0x4DFF, 0x5E3F, 0x665F, 0x4D9E, 0x4D7F, 0x4D7F, 0x4D7F, 0x4D7F, 0x559F, 0x3D1F, 0x243E, 0x1C3E, 0x347F,
    0x34BF, 0x34BF, 0x3CDF, 0x3CFF, 0x34BF, 0x2C5F, 0x349F, 0x3CDF, 0x349F, 0x2C7F, 0x3CDF, 0x3CFF, 0x451F, 0x3CDF, 0x4D3F, 0x4D3F,
    0x4D5F, 0x559F, 0x4D7F, 0x349F, 0x44FF, 0x451F, 0x451F, 0x451F, 0x451F, 0x3CFF, 0x2C7F, 0x2C5F, 0x1C1F, 0x1C1F, 0x241F, 0x243F,
    0x243F, 0x243F, 0x243F, 0x243F, 0x243F, 0x245F, 0x2C7F, 0x2C7F, 0x245F, 0x245F, 0x245E, 0x2CBF, 0x13D9, 0x02D1, 0x13BB, 0x0295,
    0x0274, 0x0AD5, 0x0AD5, 0x0AF6, 0x0AF6, 0x1357, 0x4C75, 0x23B4, 0x3474, 0x23B6, 0x2373, 0x5572, 0x4CF3, 0x7594, 0x33F6, 0x0275,
    0x0274, 0x02F3, 0x1353, 0x3C73, 0x7612, 0x2434, 0xBE9D, 0x4BF9, 0x13B5, 0x0352, 0x33D8, 0x757A, 0x03D7, 0x1396, 0x1396, 0x4C96,
    0x5497, 0x7D35, 0x8514, 0x64D3, 0x63B8, 0x83BB, 0x5BDA, 0x535C, 0x4399, 0x3494, 0x2C96, 0x3C97, 0x654F, 0x75CF, 0x6D56, 0x233C,
    0x02FA, 0x1B5A, 0x43FB, 0x4C1C, 0x545C, 0x3B9E, 0x6CD8, 0x7592, 0x7D92, 0xAD78, 0xB5FD, 0x8D99, 0x0312, 0x3BB8, 0x1278, 0x0277,
    0x1AD7, 0x1AD5, 0x0B12, 0x1C12, 0x1C74, 0x24F4, 0x2494, 0x2C53, 0x2C53, 0x2C54, 0x2474, 0x2454, 0x4433, 0x5C93, 0x64B3, 0x23B5,
    0x2414, 0x2C13, 0x2C13, 0x2C33, 0x34B3, 0x3515, 0x3D55, 0x2494, 0x0B32, 0x0B35, 0x02EE, 0x01C1, 0x0181, 0x09C4, 0x2BAF, 0x124A,
    0x0188, 0x0148, 0x3C23, 0x7602, 0x3303, 0x32E3, 0xA723, 0x5465, 0x1225, 0x0185, 0x01E5, 0x0246, 0x0165, 0x11A4, 0x08E4, 0x0227,
    0x0328, 0x02C6, 0x0266, 0x02A7, 0x0124, 0x0145, 0x0228, 0x0145, 0x0105, 0x0309, 0x0287, 0x0125, 0x01C7, 0x01A7, 0x00E6, 0x00C5,
    0x01C7, 0x01A7, 0x0085, 0x0187, 0x1C88, 0x11C5, 0x0003, 0x0164, 0x1365, 0x1366, 0x0308, 0x0986, 0x0865, 0x2168, 0x1988, 0x2967,
    0x5269, 0x6B89, 0x8489, 0x4B08, 0x4227, 0x9C2C, 0xE631, 0xA48E, 0x00A5, 0x0926, 0x08E6, 0x3C88, 0x01E6, 0x31C8, 0x7CCA, 0x8D69,
    0xAE0C, 0x7CEC, 0x8D6A, 0xAE89, 0xC6EF, 0xBEE9, 0xDF0F, 0xEF58, 0xBE75, 0x552B, 0x44ED, 0x44AE, 0x44EF, 0x452F, 0x6D13, 0xB595,
    0x7551, 0x5D10, 0x2CEE, 0x2CAF, 0x2B91, 0x4C31, 0x6490, 0x756E, 0xB68E, 0xBE8F, 0xD711, 0xE732, 0xF732, 0xEF33, 0xEF73, 0xDF72,
    0x74F2, 0x3C30, 0x2C2E, 0x3CCD, 0x44ED, 0x44EE, 0x65CD, 0x7E8E, 0x866F, 0x4471, 0x1BEF, 0x6D11, 0xD695, 0xEEF6, 0xDE75, 0xE6B5,
    0xDE74, 0x33F1, 0x1BB2, 0x6473, 0x33D1, 0x7D50, 0xB651, 0xD6B4, 0x9D94, 0x43D3, 0x12D1, 0x1291, 0x0251, 0x1B93, 0x23F2, 0x2373,
    0x4354, 0x5354, 0x7C33, 0x6BB2, 0xCE16, 0xEF18, 0xFF79, 0x4B73, 0x01F0, 0x42F3, 0x4313, 0x1252, 0x2272, 0xDE99, 0x9D16, 0x6BF3,
    0x7433, 0xC5D6, 0xEED9, 0x9534, 0x6470, 0x4351, 0x01F0, 0x026C, 0x130A, 0x95F4, 0x5D5D, 0x349A, 0x037A, 0x2CDF, 0x0AD1, 0x0268,
    0x453A, 0x14FF, 0x0CBF, 0x049F, 0x0CBF, 0x0CDF, 0x0335, 0x03B9, 0x24FE, 0x355F, 0x351F, 0x247F, 0x2CBF, 0x2CBF, 0x03BE, 0x039E,
    0x0B9E, 0x037E, 0x0BBE, 0x13FF, 0x141F, 0x141F, 0x0BBF, 0x1C1F, 0x1C3F, 0x1C1F, 0x13FF, 0x1C1F, 0x2C5F, 0x2C7F, 0x245F, 0x1C3F,
    0x245F, 0x245F, 0x1C3F, 0x13DF, 0x0BBF, 0x13DF, 0x0BBF, 0x039F, 0x037F, 0x039F, 0x0B9F, 0x0BBF, 0x0BBF, 0x0BDF, 0x0BDF, 0x0BDF,
    0x0BDF, 0x0BFF, 0x13FF, 0x0BFF, 0x0BFF, 0x13FF, 0x143F, 0x141F, 0x1C5F, 0x24BF, 0x0C3A, 0x03B5, 0x0377, 0x0AD3, 0x12D5, 0x2316,
    0x3397, 0x4C37, 0x2BB6, 0x2BF7, 0x5477, 0x5497, 0x4C96, 0x3417, 0x2BD9, 0x4438, 0x7D94, 0x5455, 0x2316, 0x1336, 0x3416, 0x4475,
    0x2395, 0x33F4, 0x6514, 0x64F5, 0x23F6, 0x0B96, 0x44B8, 0x2C98, 0x0412, 0x1CB2, 0x4CB4, 0x5512, 0x75D2, 0x6572, 0x4D33, 0x5D33,
    0x4C94, 0x1354, 0x0AF5, 0x2375, 0x2BD6, 0x3D15, 0x2CD3, 0x13B5, 0x1BF6, 0x3CB4, 0x1396, 0x02F7, 0x1334, 0x2C32, 0x1C32, 0x2431,
    0x5551, 0x6DD2, 0x65B3, 0x65B4, 0x75B3, 0x5D33, 0x3C93, 0x3451, 0x656E, 0x4473, 0x0B14, 0x2455, 0x1C34, 0x0B32, 0x2BD3, 0x3D35,
    0x8617, 0x75B7, 0x5532, 0x5552, 0x6D54, 0x7D54, 0x5D53, 0x4D31, 0x4531, 0x4D72, 0x6DF3, 0x3434, 0x0255, 0x0254, 0x1B13, 0x3412,
    0x65D0, 0x6DF0, 0x5DCF, 0x6DF0, 0x6552, 0x2C33, 0x13B4, 0x0211, 0x0231, 0x2C36, 0x0B4B, 0x0263, 0x2289, 0x53B2, 0x5C97, 0x5CB8,
    0x3B96, 0x1A66, 0x86A1, 0x7E23, 0x0945, 0x8DC4, 0x7583, 0x4463, 0x7623, 0x1307, 0x0106, 0x0167, 0x2325, 0x11C3, 0x0105, 0x00E5,
    0x0186, 0x0286, 0x0206, 0x0186, 0x00E5, 0x0187, 0x01E7, 0x0207, 0x0166, 0x02A9, 0x01E8, 0x0106, 0x01A7, 0x0207, 0x00E5, 0x00A5,
    0x0105, 0x00C5, 0x0106, 0x0146, 0x0084, 0x00C4, 0x0083, 0x0124, 0x0002, 0x0884, 0x0B08, 0x1B06, 0x1105, 0x2148, 0x29C9, 0x31A9,
    0x522A, 0x4208, 0x94E9, 0x7C27, 0x2166, 0x62E9, 0xC52E, 0xD5AF, 0x18E3, 0x0146, 0x09A8, 0x12A6, 0x1A2A, 0x52F0, 0x320E, 0x320C,
    0x83EF, 0x83EE, 0xD5F3, 0xF755, 0xCEB1, 0xCEAF, 0xDEEF, 0xE715, 0xEED4, 0xB66E, 0xBED3, 0xA655, 0x54EE, 0x5550, 0x5511, 0x74F3,
    0xA595, 0xD617, 0x9DB4, 0x95D3, 0x6D70, 0x33B0, 0x2311, 0x5CCF, 0x6D2F, 0xBE74, 0xC694, 0x7DAD, 0xADF2, 0xF715, 0xE6D5, 0xE6F6,
    0xF757, 0xBDF6, 0x6C12, 0xB615, 0xAE15, 0x5C92, 0x7CB2, 0xADB4, 0xC636, 0xDE78, 0x74D4, 0x1B91, 0x6C95, 0xEEFA, 0xEEF7, 0xEED6,
    0xFF17, 0xDE77, 0x9D56, 0xFF1A, 0xC638, 0x4393, 0x5BF5, 0x9D15, 0xC5B6, 0xC5D7, 0x63F4, 0x0293, 0x02B3, 0x0AD3, 0x1B13, 0x1AB1,
    0x1A71, 0x1231, 0x5393, 0xA515, 0x3290, 0xCE17, 0xBDB6, 0x6BF4, 0x4331, 0x01AF, 0x0A52, 0x53B5, 0x1232, 0x3292, 0xB576, 0xBDB8,
    0xBDD8, 0xF739, 0xF719, 0xFF5A, 0xDE78, 0x94B4, 0x4B71, 0x2AF1, 0x2AF2, 0x6BF3, 0xCDF8, 0xDEDA, 0x6C55, 0x5C17, 0x5BB2, 0x4B4F,
    0xAD56, 0x7D37, 0x64F8, 0x8E7F, 0x867F, 0x8E5F, 0x7DBA, 0x759B, 0x4DFD, 0x8EDF, 0x8E9F, 0x6DFF, 0x763F, 0x865F, 0x863F, 0x863F,
    0x8E3F, 0x8E3F, 0x861F, 0x7DFE, 0x7E1F, 0x7E1F, 0x761F, 0x75FF, 0x7E1F, 0x861F, 0x7E1F, 0x75FF, 0x75DF, 0x75FF, 0x75FF, 0x75FF,
    0x75FF, 0x7DFF, 0x7E1F, 0x7DFF, 0x75DF, 0x7DFF, 0x85FF, 0x7DFF, 0x7DFF, 0x85FF, 0x861F, 0x861F, 0x861F, 0x863F, 0x863F, 0x8E3F,
    0x8E3F, 0x8E5F, 0x865F, 0x865F, 0x865F, 0x7E3F, 0x7E1F, 0x8E3F, 0x549B, 0x1317, 0x0B56, 0x0AF4, 0x1B16, 0x2AF6, 0x22F5, 0x3B98,
    0x43D8, 0x1317, 0x02D6, 0x3377, 0x2B17, 0x2B58, 0x3397, 0x3378, 0x3377, 0x2B96, 0x2395, 0x2316, 0x1AF5, 0x12F5, 0x3394, 0x43F5,
    0x4416, 0x3C17, 0x2BB6, 0x02D5, 0x02D4, 0x1B35, 0x3BB4, 0x7CF4, 0x7CD5, 0x84D6, 0xBDD8, 0xC618, 0x94D7, 0x4B96, 0x12F5, 0x0295,
    0x01F4, 0x0214, 0x0BF3, 0x1C74, 0x1BD6, 0x1BB7, 0x0B98, 0x0378, 0x3C75, 0x4495, 0x1B77, 0x1AB7, 0x33B6, 0x2395, 0x0296, 0x0276,
    0x3B95, 0x7CB7, 0x74B8, 0x6C97, 0x7C97, 0x6C96, 0x1B34, 0x0255, 0x0294, 0x02F5, 0x1B94, 0x1BB1, 0x0AD2, 0x4453, 0x6D34, 0x3C75,
    0x4C17, 0x4BF6, 0x2B95, 0x33B6, 0x6456, 0x7416, 0x9D15, 0xC694, 0xBED3, 0xC6D2, 0x7CF3, 0x22F5, 0x4BD6, 0x8D54, 0xA631, 0xC6F1,
    0xCED3, 0xCED4, 0xDF14, 0xAE14, 0x3374, 0x1AF3, 0x22F3, 0x6C75, 0x7CD5, 0x8535, 0x7CD0, 0x7CB2, 0x9D58, 0x8D14, 0x7D6A, 0x85CB,
    0x7D8A, 0x6DA4, 0x5564, 0x5D84, 0x3C45, 0x3B05, 0x0AC4, 0x0285, 0x2BE5, 0x2B66, 0x4BE6, 0x0289, 0x2B86, 0x1A44, 0x01A6, 0x01A6,
    0x0125, 0x01C5, 0x0288, 0x0208, 0x0105, 0x0167, 0x0268, 0x0268, 0x0187, 0x0147, 0x01C8, 0x0105, 0x00E5, 0x0187, 0x0106, 0x00E6,
    0x0063, 0x00C4, 0x0305, 0x01A4, 0x01E4, 0x0C28, 0x00C5, 0x0044, 0x0063, 0x10A5, 0x09C7, 0x0AE7, 0x0944, 0x1906, 0x21A8, 0x3207,
    0x41E9, 0x4228, 0x6368, 0xA4AB, 0x39C8, 0x6AE9, 0xBC8C, 0xCD4D, 0x4A86, 0x00E5, 0x00E4, 0x08C6, 0x21CC, 0x21AC, 0x21A9, 0x320C,
    0x21CB, 0x19AB, 0x52CE, 0x9CB2, 0xFF9C, 0xF6D4, 0xF716, 0xFFDC, 0xDE54, 0xD5B0, 0xE654, 0xE696, 0xC657, 0xA554, 0xB5B5, 0xA595,
    0x9574, 0xADD5, 0xEEB9, 0xE677, 0xC5F6, 0x7C54, 0x63F3, 0x53B4, 0x4B94, 0x8496, 0xF6BA, 0xDE74, 0x7C51, 0xAD34, 0xFF58, 0xF718,
    0xF717, 0xFF57, 0xE656, 0xB515, 0xF6D9, 0xD678, 0x9C95, 0xA4B5, 0xA4D5, 0x9CD5, 0xA4F6, 0x4B73, 0x1A94, 0x63B4, 0xB556, 0xB576,
    0xB576, 0xBDD7, 0xC5D7, 0xC5F8, 0xEED9, 0x9515, 0x4374, 0x7C96, 0x84B7, 0xB599, 0xB599, 0x8D39, 0xC6BC, 0x95BA, 0x2357, 0xA5FA,
    0xB63B, 0xB63B, 0xC67B, 0xEF1B, 0xADDA, 0xE71C, 0xE6FC, 0xE6FC, 0xEF5D, 0xB63B, 0xBE5C, 0xE71D, 0xB63C, 0x9DBA, 0xD6BB, 0xDEFD,
    0xCE9C, 0xFFBD, 0xF7BD, 0xFFBD, 0xF77D, 0xEF3C, 0xEF3C, 0xD6BC, 0xDEDD, 0xADDA, 0x7CB9, 0xE79F, 0x861D, 0x2C19, 0x33F9, 0x3419,
    0x2C19, 0x44BA, 0x3CDA, 0x65DF, 0x5DBF, 0x5D9F, 0x5D9F, 0x559F, 0x3D9F, 0x561F, 0x55FF, 0x561F, 0x5DFF, 0x5E1F, 0x5E1F, 0x663F,
    0x5E1F, 0x661F, 0x6E3F, 0x663F, 0x663F, 0x665F, 0x665F, 0x667F, 0x6EBF, 0x6EBF, 0x6E9F, 0x6EDF, 0x6F1F, 0x6EDF, 0x6EFF, 0x76FF,
    0x76FF, 0x6EDF, 0x6EFF, 0x6F1F, 0x773F, 0x6EDF, 0x66BF, 0x6EDF, 0x6EDF, 0x76BF, 0x6E7F, 0x5E3F, 0x663F, 0x663F, 0x663F, 0x5DFF,
    0x65FF, 0x65FF, 0x5DFF, 0x5DDF, 0x55BF, 0x55DF, 0x66BF, 0x771F, 0x8EDC, 0x4D59, 0xB65B, 0xC69D, 0xC69D, 0xBE7C, 0xAE5C, 0xBE7D,
    0xC69D, 0xAE1C, 0xBE5C, 0xC67D, 0xAE1C, 0xB65D, 0xB67D, 0xBE9D, 0xAE1C, 0xA61C, 0xAE3B, 0xC67C, 0xBE7C, 0xC67C, 0xBE5C, 0xBE3C,
    0xBE5D, 0xBE7D, 0x74BB, 0x4BBA, 0xA5B9, 0x957B, 0xCE9B, 0xFFFD, 0xFFFD, 0xDEFC, 0xE71D, 0xFF9D, 0xD6DD, 0xBE5D, 0xBE3C, 0xB65C,
    0xB63C, 0xB65C, 0xC73B, 0xC75C, 0x6CDB, 0x3BFB, 0x445B, 0x4BFB, 0x5BF8, 0x53D7, 0x3B59, 0x6419, 0x5BF8, 0x3B58, 0x2B58, 0x3378,
    0x2B17, 0x4378, 0x4399, 0x3B57, 0x4B98, 0x4B98, 0x1AD7, 0x2338, 0x3BB7, 0x3376, 0x3396, 0x3BF5, 0x5416, 0x6436, 0x5C17, 0x53F7,
    0x7C98, 0x7CB8, 0x4BF7, 0x53B6, 0x3355, 0x2B56, 0x8C76, 0xA4F7, 0xA4F7, 0x5394, 0x0214, 0x1AB5, 0x7475, 0xA554, 0xAD15, 0x9CB5,
    0xA4D6, 0xAD17, 0x9CD7, 0x2B56, 0x0295, 0x2B34, 0x4354, 0x63B5, 0x7415, 0x7436, 0x7457, 0x7C78, 0x7C78, 0x8590, 0x7E21, 0x7E02,
    0x8602, 0x2B44, 0x5D03, 0x9F02, 0x5CE3, 0x00E6, 0x0246, 0x02A6, 0x02C8, 0x1B67, 0x3B85, 0x0AE7, 0x3467, 0x0A05, 0x0225, 0x02C7,
    0x0207, 0x0063, 0x0166, 0x0268, 0x0105, 0x00C5, 0x0268, 0x0248, 0x0187, 0x0105, 0x01C7, 0x0166, 0x00C5, 0x0064, 0x0064, 0x0043,
    0x00C5, 0x0167, 0x0B05, 0x4505, 0x1AE5, 0x02C6, 0x1BE7, 0x0145, 0x0064, 0x0863, 0x0884, 0x0926, 0x10A4, 0x1906, 0x2188, 0x4267,
    0x21C7, 0x62E9, 0xA44C, 0xD58F, 0x5AAA, 0x39E7, 0xBC8C, 0xE5AD, 0x7BA9, 0x0065, 0x0063, 0x1989, 0x21EC, 0x21CB, 0x1188, 0x2A0B,
    0x322D, 0x322D, 0x21CC, 0x322B, 0xE675, 0xEEB4, 0xEE93, 0xE694, 0xDE32, 0xDE53, 0xEF17, 0xE693, 0xFF59, 0xDE9A, 0x8C76, 0xBD77,
    0xD5F6, 0xB575, 0xD5D7, 0xB576, 0xB556, 0xEEB9, 0xB577, 0x63D4, 0x5394, 0x32B2, 0x6BB4, 0x9494, 0x5372, 0x5B93, 0x9CD5, 0xB597,
    0xA537, 0xBDB6, 0xEED5, 0x8413, 0x8C77, 0xDEFA, 0x95B8, 0x8556, 0xB5F9, 0xB63A, 0xC67B, 0xCE7B, 0xADDA, 0xADBA, 0xCE5B, 0xD69B,
    0xD6BC, 0xDEDC, 0xDEDC, 0xEF3D, 0xFF9E, 0xCEDC, 0x757B, 0xA67D, 0x859B, 0x7D7C, 0x7D7C, 0x859C, 0xA65D, 0x7D9B, 0x3C39, 0x7DBB,
    0x85BC, 0x7D9C, 0x95FD, 0xA69E, 0x861D, 0x963C, 0x7DBB, 0x551A, 0x555A, 0x5D1A, 0x551A, 0x4CF9, 0x4418, 0x4CB9, 0x553B, 0x5D3B,
    0x6D7C, 0x653B, 0x6D7B, 0x657C, 0x553B, 0x451C, 0x44BB, 0x44BA, 0x44BA, 0x3CBD, 0x351E, 0x557D, 0x049F, 0x045F, 0x03FC, 0x03FB,
    0x043E, 0x049F, 0x049F, 0x047F, 0x047F, 0x047F, 0x045E, 0x047F, 0x0CBF, 0x04BF, 0x04BF, 0x049F, 0x0CDF, 0x151F, 0x0CFF, 0x0CDF,
    0x153F, 0x155F, 0x155F, 0x0D5F, 0x159F, 0x157F, 0x2DFF, 0x361F, 0x363F, 0x467F, 0x3E5F, 0x3E7F, 0x3E7F, 0x3E7F, 0x46BF, 0x4EFF,
    0x56FF, 0x56FF, 0x4EFF, 0x571F, 0x5F1F, 0x571F, 0x46FF, 0x3EBF, 0x3E9F, 0x261F, 0x15BF, 0x159F, 0x1D9F, 0x1D5F, 0x151F, 0x0CFF,
    0x0CDF, 0x0CBF, 0x0CBF, 0x0CBF, 0x045F, 0x043F, 0x0CBF, 0x0CFF, 0x251F, 0x24FF, 0x4D1C, 0x4D3A, 0x4D7D, 0x4D5E, 0x451B, 0x4D5D,
    0x4D7E, 0x4D5D, 0x4D3C, 0x453C, 0x4D1B, 0x5D5D, 0x4CFC, 0x4CDB, 0x4D1A, 0x4D1A, 0x4CDA, 0x4CDB, 0x4D1C, 0x559E, 0x557E, 0x555D,
    0x4CFC, 0x553C, 0x3C5C, 0x33BD, 0x4CBD, 0x4CBD, 0x44BD, 0x44DC, 0x4CFC, 0x3C7B, 0x5CFC, 0x75FE, 0x5D1C, 0x653C, 0x64FB, 0x651C,
    0x64FB, 0x6CFB, 0x85BD, 0x8DBD, 0x7D9D, 0x757D, 0x755D, 0x755D, 0x7DFE, 0x6DBD, 0x5CDA, 0x755C, 0x75DD, 0x6D9D, 0x759D, 0x7DDD,
    0x85DD, 0x85DD, 0x85DD, 0x85DD, 0x7DDC, 0x8DFD, 0x6D5D, 0x75BD, 0x963D, 0x85FD, 0x85BC, 0x7D9C, 0x95FD, 0xA69E, 0x8E1E, 0x8E3D,
    0xA69E, 0xB6BE, 0xA69E, 0x7D7C, 0x449B, 0xA61C, 0xD6BC, 0xCE7C, 0xC65B, 0x9D7A, 0xA59A, 0xADFA, 0xCE7B, 0xC65B, 0xCE7C, 0xC63B,
    0xBE3A, 0xCE7A, 0xB61B, 0x9DDB, 0xAE1B, 0xB63B, 0xBE3B, 0xADFB, 0xB5FB, 0xB61C, 0xB61B, 0xC67D, 0x84F7, 0x1AE4, 0x6DA2, 0x6DA2,
    0x3364, 0x01C5, 0x8603, 0x6D63, 0x11E4, 0x00E4, 0x0104, 0x0207, 0x0308, 0x02E7, 0x0287, 0x0226, 0x2365, 0x0AC5, 0x0206, 0x02C8,
    0x0207, 0x0022, 0x00E5, 0x01E8, 0x00E5, 0x00C5, 0x0187, 0x01E8, 0x0167, 0x00C5, 0x00C5, 0x00C5, 0x0063, 0x528A, 0x738E, 0x83EE,
    0x0188, 0x01A8, 0x0166, 0x4465, 0x6585, 0x4CC5, 0x6625, 0x3C85, 0x0124, 0x08A5, 0x0843, 0x10A5, 0x18E6, 0x1927, 0x2189, 0x2A28,
    0x3288, 0x836B, 0x93AB, 0xD5CF, 0xAC8D, 0x1905, 0x41E7, 0x93EA, 0xC4AB, 0x08A4, 0x198A, 0x220D, 0x19AA, 0x21CB, 0x19EA, 0x19EA,
    0x2A0D, 0x2A0D, 0x2A2D, 0x428D, 0xBD30, 0x2966, 0x62C9, 0xE651, 0xF6D3, 0xEEB2, 0xF6F4, 0xF758, 0xE6B5, 0xFF9A, 0x84F6, 0x5BF5,
    0x7475, 0x6C35, 0x7434, 0x6C55, 0x6435, 0x9D78, 0x9538, 0x8559, 0x655A, 0x555B, 0x5D7B, 0x75DC, 0x6D9B, 0x8E3C, 0xA67C, 0xC6BD,
    0xCE9C, 0xD6FD, 0xFFBD, 0xE73D, 0xD6BE, 0xEF9F, 0xE79F, 0xDF9E, 0xE7BF, 0xCFFF, 0x7F5F, 0x661D, 0x6DFD, 0x7E7D, 0x86BD, 0x8EDD,
    0x8E9C, 0x75FB, 0x863C, 0x75FB, 0x6E1B, 0x4D7A, 0x0C9B, 0x353B, 0x1C7A, 0x1C7A, 0x24BB, 0x147A, 0x0419, 0x03D7, 0x0376, 0x0357,
    0x0337, 0x02F6, 0x0358, 0x3CBA, 0x1C5A, 0x44B9, 0x3CB9, 0x1458, 0x03B7, 0x0337, 0x0397, 0x0497, 0x0BB8, 0x0338, 0x13D8, 0x2C39,
    0x5D1A, 0x6D5A, 0x857A, 0x6D5A, 0x3479, 0x1419, 0x0378, 0x0399, 0x0399, 0x047E, 0x251E, 0x2D1E, 0x14BF, 0x0C9F, 0x041B, 0x0439,
    0x14BF, 0x14BF, 0x14BF, 0x1CFF, 0x251F, 0x251F, 0x251F, 0x1D1F, 0x1D1F, 0x253F, 0x253F, 0x253F, 0x255F, 0x257F, 0x2D9F, 0x2D9F,
    0x35DF, 0x361F, 0x2DBF, 0x467F, 0x469F, 0x467F, 0x469F, 0x4EDF, 0x56BF, 0x56DF, 0x671F, 0x5EFF, 0x673F, 0x6F5F, 0x6F7F, 0x779F,
    0x7F9F, 0x7FBF, 0x87BF, 0x87BF, 0x87BF, 0x87BF, 0x87BF, 0x7FBF, 0x7F9F, 0x6F5F, 0x671F, 0x56FF, 0x467F, 0x361F, 0x35FF, 0x35FF,
    0x35BF, 0x2D5F, 0x251F, 0x253F, 0x24FF, 0x1CBF, 0x1C9F, 0x1CBF, 0x0C5F, 0x043E, 0x03FD, 0x0398, 0x03FC, 0x03FE, 0x0379, 0x0399,
    0x03FD, 0x037B, 0x039A, 0x03DA, 0x03FA, 0x141C, 0x03DB, 0x0399, 0x03B8, 0x03D9, 0x03D9, 0x03B9, 0x03FA, 0x0C7B, 0x0C7B, 0x041B,
    0x03B9, 0x03B9, 0x045B, 0x043C, 0x047D, 0x1C9C, 0x759D, 0x34BC, 0x03B9, 0x0BFA, 0x5DBD, 0x559E, 0x1C7D, 0x041B, 0x03BA, 0x03DA,
    0x03DB, 0x03DA, 0x03B9, 0x039A, 0x03BB, 0x03BC, 0x039B, 0x035B, 0x145C, 0x453D, 0x13FB, 0x13FD, 0x2CBE, 0x0BFD, 0x03BC, 0x03BB,
    0x041D, 0x041D, 0x1C5D, 0x1C3D, 0x141C, 0x1C5D, 0x037C, 0x03BB, 0x045C, 0x045C, 0x0C1B, 0x03D9, 0x03FA, 0x0BFA, 0x7DDD, 0x6DDD,
    0x13FC, 0x1BDB, 0x13FA, 0x143B, 0x143C, 0x4D3C, 0x65FD, 0x65FC, 0x65FC, 0x65FC, 0x65BC, 0x5D5B, 0x75BC, 0x75DC, 0x75DC, 0x7DFC,
    0x75BB, 0x655B, 0x657C, 0x655C, 0x653C, 0x653B, 0x7DFD, 0x7DFD, 0x75FD, 0x863E, 0x867F, 0x7D99, 0x330A, 0x54A4, 0x8622, 0x6D62,
    0x01E5, 0x1245, 0x9643, 0x1AC6, 0x0146, 0x00C4, 0x01C6, 0x01C7, 0x0308, 0x02E7, 0x1BA9, 0x2349, 0x0125, 0x0287, 0x0268, 0x0248,
    0x0228, 0x0146, 0x00E5, 0x0167, 0x00C5, 0x00A5, 0x00A5, 0x00C5, 0x1106, 0x1105, 0x0883, 0x528B, 0xAD14, 0xB554, 0xC595, 0xD637,
    0x01C9, 0x0167, 0x00C5, 0x01C6, 0x5546, 0x33E5, 0x4CE5, 0x6E85, 0x1B04, 0x0064, 0x0863, 0x0884, 0x10C5, 0x1926, 0x31A8, 0x4AE8,
    0x3268, 0x5A6B, 0x52E8, 0xBDAC, 0xEE0E, 0x3186, 0x0884, 0x2947, 0x41C7, 0x21A9, 0x29ED, 0x21EC, 0x21AA, 0x2A0D, 0x2A2D, 0x220C,
    0x21EC, 0x2A0C, 0x21EC, 0x83CF, 0x4A8B, 0x734D, 0x83AC, 0x2988, 0xCDD1, 0xEE92, 0xE672, 0xE692, 0xDE70, 0xEEB2, 0xBEDB, 0x7E3B,
    0x969C, 0x8E7B, 0x8E9B, 0x9EDC, 0x9EDC, 0xAF3D, 0xA71D, 0x563E, 0x667D, 0xC75E, 0xDF9E, 0xD75C, 0x8619, 0x65BA, 0x8638, 0x9E78,
    0xA659, 0xA63A, 0x9E3A, 0x8E19, 0x8618, 0x8E18, 0x75FA, 0x65DB, 0x5D9A, 0x4D7A, 0x1CF9, 0x0C39, 0x4D3B, 0x8EBD, 0x96BD, 0x869C,
    0x761B, 0x34F9, 0x4D7A, 0x867C, 0x457A, 0x14B9, 0x3D1A, 0x9E7C, 0x7E1B, 0x65DA, 0x2C99, 0x1C18, 0x0398, 0x03B8, 0x0378, 0x0378,
    0x0358, 0x13B8, 0x44BA, 0x6D5B, 0x5D1B, 0x757B, 0x653A, 0x1BF9, 0x0357, 0x0317, 0x0B77, 0x1419, 0x243A, 0x0BFA, 0x13D9, 0x2BF8,
    0x54DB, 0x5D1C, 0x655C, 0x4D5D, 0x1CBC, 0x143A, 0x0398, 0x03D9, 0x0C7E, 0x1CFF, 0x251F, 0x253F, 0x1CFF, 0x0CBF, 0x0CBE, 0x14BC,
    0x1CDF, 0x14DF, 0x1D1F, 0x2D7F, 0x2D7F, 0x359F, 0x35BF, 0x35BF, 0x3DDF, 0x35DF, 0x35BF, 0x3DFF, 0x3E1F, 0x3E1F, 0x461F, 0x4E5F,
    0x569F, 0x569F, 0x4E7F, 0x5EDF, 0x66FF, 0x5EFF, 0x671F, 0x671F, 0x6F1F, 0x671F, 0x673F, 0x675F, 0x6F5F, 0x6F5F, 0x777F, 0x7F9F,
    0x7F9F, 0x7F9F, 0x879F, 0x879F, 0x879F, 0x87BF, 0x87BF, 0x87BF, 0x779F, 0x779F, 0x779F, 0x7F7F, 0x775F, 0x56DF, 0x56DF, 0x4E7F,
    0x465F, 0x3DFF, 0x3DDF, 0x359F, 0x253F, 0x2D5F, 0x255F, 0x251F, 0x1CFF, 0x24FF, 0x24FF, 0x0C5D, 0x149E, 0x14BF, 0x041B, 0x041B,
    0x249E, 0x141C, 0x23FB, 0x0C3C, 0x041B, 0x13FA, 0x13DA, 0x03BB, 0x03BA, 0x03B9, 0x0BDA, 0x143A, 0x143B, 0x247A, 0x247A, 0x147A,
    0x0BDA, 0x03DA, 0x0C3A, 0x0C3A, 0x0C5B, 0x2C9A, 0x6D5C, 0x3CBB, 0x1479, 0x24DA, 0x4D3B, 0x551D, 0x3D1D, 0x0C1A, 0x03B9, 0x03DA,
    0x03DB, 0x143B, 0x2D1B, 0x1C9B, 0x0C3B, 0x0BFA, 0x13DA, 0x241A, 0x349B, 0x6D9D, 0x5D5E, 0x4D3F, 0x551E, 0x3C7D, 0x1BDB, 0x03DA,
    0x03DA, 0x249D, 0x4D5E, 0x555E, 0x4D3E, 0x4D7E, 0x253F, 0x1CDD, 0x3CBC, 0x4CDC, 0x3C9C, 0x149B, 0x0C3A, 0x0C19, 0x5D5B, 0x3D1C,
    0x1C9D, 0x349B, 0x3C79, 0x3C79, 0x449A, 0x3C9A, 0x555C, 0x5D7C, 0x555C, 0x4D5B, 0x3CDA, 0x2C3A, 0x2C59, 0x5D39, 0x5D1A, 0x3CF9,
    0x2CB9, 0x34DB, 0x55BD, 0x4D7C, 0x1C7A, 0x03DB, 0x145B, 0x247B, 0x1C5A, 0x1C7C, 0x1BD7, 0x01C6, 0x01C3, 0x12A5, 0x1AE5, 0x1265,
    0x01C5, 0x01E5, 0x22E5, 0x01E7, 0x0105, 0x01E6, 0x0308, 0x0107, 0x0AA8, 0x0B68, 0x0AC7, 0x0945, 0x0145, 0x0207, 0x0187, 0x0209,
    0x0269, 0x01C8, 0x00C5, 0x00A5, 0x0064, 0x1106, 0x2187, 0x2986, 0xB552, 0xC5D5, 0xBD94, 0xBD74, 0xC5D6, 0xBD55, 0xC5B5, 0xC5D5,
    0x0147, 0x00E6, 0x00E6, 0x01C7, 0x0185, 0x0165, 0x0AA7, 0x3CA7, 0x0104, 0x0043, 0x08A5, 0x0884, 0x08A4, 0x1963, 0x4A47, 0x636A,
    0x21C7, 0x39A9, 0x5B28, 0x8CE8, 0xDDCC, 0x5267, 0x08C5, 0x10E6, 0x10E6, 0x324E, 0x3A6F, 0x2A0C, 0x21EB, 0x324F, 0x2A0D, 0x2A2D,
    0x19AA, 0x1989, 0x320C, 0x83EF, 0x218A, 0x9450, 0xCD92, 0x10C7, 0x736D, 0xFFD9, 0xB532, 0x7B4A, 0xBD4E, 0xEE90, 0xFFBD, 0x7DD9,
    0x6D78, 0x7598, 0x7577, 0x7D36, 0x7536, 0x6D77, 0x6D98, 0x6578, 0x6D57, 0x8D95, 0xA5D7, 0xAE77, 0xAE59, 0xCEFC, 0xD71B, 0xC6DA,
    0xBEBB, 0xAE7B, 0x9619, 0x6D77, 0x6D97, 0x6D77, 0x5558, 0x4D38, 0x44F8, 0x3CB8, 0x0C59, 0x34B8, 0x5D78, 0x6E19, 0x863A, 0x75FB,
    0x553A, 0x44FA, 0x44FA, 0x44FA, 0x2CBA, 0x2479, 0x44FA, 0x75BC, 0x4D5B, 0x453A, 0x34FA, 0x1C18, 0x0316, 0x0357, 0x0398, 0x0378,
    0x0378, 0x13D9, 0x3C39, 0x3439, 0x2C19, 0x3C79, 0x44B9, 0x0379, 0x03D9, 0x13D8, 0x1C18, 0x1438, 0x5D3B, 0x2C7A, 0x13FA, 0x7D1B,
    0x857C, 0x6D5B, 0x4CDC, 0x54FC, 0x34DC, 0x043C, 0x03B9, 0x0C1B, 0x14FF, 0x1CFF, 0x253F, 0x253F, 0x253F, 0x253F, 0x1D3F, 0x1D3F,
    0x2D7F, 0x35BF, 0x2DBF, 0x35DF, 0x35DF, 0x35DF, 0x35DF, 0x35DF, 0x35BF, 0x2DBF, 0x2D9F, 0x2D9F, 0x35BF, 0x35DF, 0x2DBF, 0x3DFF,
    0x363F, 0x363F, 0x463F, 0x3E3F, 0x3E5F, 0x465F, 0x5EFF, 0x5F1F, 0x56FF, 0x56FF, 0x6F5F, 0x777F, 0x6F7F, 0x6F7F, 0x777F, 0x6F7F,
    0x7F9F, 0x7F9F, 0x7F9F, 0x7F9F, 0x7F9F, 0x879F, 0x87BF, 0x87BF, 0x7F9F, 0x7F9F, 0x777F, 0x5F1F, 0x5EFF, 0x5F1F, 0x6F3F, 0x4EBF,
    0x4EBF, 0x465F, 0x3E1F, 0x3DFF, 0x257F, 0x2D9F, 0x2D9F, 0x2D7F, 0x253F, 0x251F, 0x251F, 0x14BF, 0x14BF, 0x14DF, 0x03FD, 0x045E,
    0x24FF, 0x147F, 0x0C3D, 0x0C7E, 0x0C3C, 0x13FB, 0x141B, 0x0C5D, 0x03FC, 0x143C, 0x141B, 0x0BFB, 0x0C1A, 0x1C5A, 0x13FB, 0x1C59,
    0x1439, 0x041A, 0x0BFA, 0x035A, 0x035A, 0x033A, 0x759D, 0x243B, 0x039A, 0x03DA, 0x0BFB, 0x65BF, 0x559E, 0x041C, 0x03FB, 0x0339,
    0x039C, 0x1C1D, 0x75DE, 0x65BE, 0x34FE, 0x13BD, 0x1B1C, 0x237D, 0x3C7E, 0x5D9E, 0x5DBE, 0x7E5F, 0x8E7F, 0x44FE, 0x3C7D, 0x13D9,
    0x0BD9, 0x3CBF, 0x557F, 0x5D7F, 0x659F, 0x34DE, 0x0BDD, 0x0B9A, 0x2BFC, 0x33FE, 0x239D, 0x243D, 0x351D, 0x1C9B, 0x1CBC, 0x043B,
    0x045C, 0x0C3A, 0x1439, 0x143A, 0x1C39, 0x2CBA, 0x3CFB, 0x4D1B, 0x553C, 0x4D3B, 0x3CDB, 0x347A, 0x3C9A, 0x54F9, 0x5D1A, 0x555A,
    0x5578, 0x5539, 0x5559, 0x5578, 0x2C78, 0x0BBA, 0x143B, 0x3D1B, 0x34FA, 0x2CDC, 0x1B4E, 0x01C1, 0x0225, 0x0205, 0x01E4, 0x0206,
    0x0206, 0x01C5, 0x0186, 0x00A4, 0x0083, 0x01C5, 0x02A7, 0x00E6, 0x00A5, 0x0A66, 0x0165, 0x0002, 0x0125, 0x0228, 0x01A8, 0x01A8,
    0x0106, 0x00E5, 0x0064, 0x08C5, 0x2125, 0x9C90, 0xE6B7, 0xCDD4, 0xCDB3, 0xC594, 0xC5B4, 0xBD93, 0xC5B3, 0xD614, 0xCDF5, 0xC5B4,
    0x00C5, 0x0107, 0x0147, 0x0187, 0x0166, 0x00C5, 0x0167, 0x0309, 0x02E8, 0x00E5, 0x0043, 0x1907, 0x10E6, 0x1904, 0x39E8, 0x4ACA,
    0x3A48, 0x39C8, 0x39C7, 0x7B89, 0xFE6F, 0x93EB, 0x08C6, 0x08A4, 0x21AA, 0x326F, 0x2A0D, 0x21CB, 0x324F, 0x2A4E, 0x2A2D, 0x2A2D,
    0x1968, 0x08E7, 0x3A4C, 0x6B6F, 0x320C, 0x4AAD, 0xD635, 0x73AE, 0x2988, 0xF737, 0xB511, 0x1907, 0xC5D3, 0xFF55, 0xF739, 0xC6D9,
    0x9EFC, 0x86BC, 0x7E5B, 0xAF1C, 0xA6FC, 0x5E1B, 0x8EBC, 0xC71C, 0xCF3C, 0xC73C, 0xCF5D, 0xB73A, 0x95F7, 0x8D98, 0x7598, 0x6578,
    0x5538, 0x4518, 0x4D79, 0x559A, 0x5559, 0x44F9, 0x2CD8, 0x2CF9, 0x147A, 0x0C9B, 0x1D3B, 0x3D59, 0x45D8, 0x4618, 0x65B8, 0x3D3A,
    0x24FA, 0x14BA, 0x1499, 0x2CFA, 0x1499, 0x045A, 0x24FB, 0x969D, 0x253B, 0x153B, 0x1D1B, 0x14F9, 0x0C78, 0x0479, 0x153A, 0x04B9,
    0x0499, 0x04BA, 0x14BA, 0x3D1B, 0x349B, 0x2C79, 0x1C78, 0x03D8, 0x03B9, 0x03B9, 0x2459, 0x453A, 0x9EDD, 0x351A, 0x4D3A, 0x7DBB,
    0x8E5B, 0x4D39, 0x24BC, 0x44FD, 0x4CDC, 0x0C9E, 0x0C3C, 0x14DF, 0x14DF, 0x14FF, 0x151F, 0x14FF, 0x14FF, 0x14FF, 0x1D1F, 0x153F,
    0x1D5F, 0x257F, 0x1D5F, 0x1D5F, 0x257F, 0x2D9F, 0x259F, 0x35DF, 0x463F, 0x465F, 0x465F, 0x465F, 0x467F, 0x56BF, 0x56BF, 0x56BF,
    0x56FF, 0x5EFF, 0x671F, 0x673F, 0x6F3F, 0x775F, 0x775F, 0x6F3F, 0x673F, 0x673F, 0x673F, 0x6F5F, 0x6F7F, 0x779F, 0x779F, 0x6F9F,
    0x7F9F, 0x87BF, 0x8FBF, 0x8FBF, 0x87BF, 0x87BF, 0x7FBF, 0x7FBF, 0x87BF, 0x87BF, 0x7FBF, 0x7FBF, 0x5EFF, 0x467F, 0x4EBF, 0x467F,
    0x3E3F, 0x1D5F, 0x151F, 0x1D5F, 0x1CFF, 0x1D1F, 0x14FF, 0x1CDF, 0x1CFF, 0x1CFF, 0x1CFF, 0x1CFF, 0x24FF, 0x251F, 0x14DF, 0x14DF,
    0x14BF, 0x14DF, 0x0CBE, 0x0C7E, 0x043D, 0x03DB, 0x03DB, 0x039B, 0x03DB, 0x03BB, 0x03FB, 0x043B, 0x03FA, 0x0C59, 0x0C9A, 0x03FB,
    0x03DA, 0x047A, 0x041A, 0x037A, 0x037A, 0x03BB, 0x34FD, 0x145C, 0x03DA, 0x03D9, 0x03DB, 0x457F, 0x561F, 0x04BE, 0x041D, 0x033A,
    0x0C9D, 0x0C9E, 0x44FD, 0x6DBE, 0x453F, 0x4C5F, 0x4BDF, 0x4BFF, 0x5C3F, 0x9EBF, 0x653F, 0x6D5F, 0x6D7F, 0x345E, 0x23DD, 0x03B9,
    0x0BFA, 0x34BF, 0x5DBF, 0x7E3F, 0x863F, 0x4D5F, 0x243D, 0x13FB, 0x4CDE, 0x5D5F, 0x1BDF, 0x447F, 0x7E1F, 0x5D9F, 0x4D3E, 0x0C1A,
    0x03FB, 0x03FB, 0x03DB, 0x045B, 0x045A, 0x045A, 0x045A, 0x0C7A, 0x14BB, 0x151A, 0x151B, 0x1CDB, 0x1459, 0x2498, 0x2499, 0x2D19,
    0x3D79, 0x2D1A, 0x353A, 0x2498, 0x1418, 0x1C79, 0x143A, 0x0C9A, 0x0CBA, 0x1459, 0x02EB, 0x0222, 0x01E4, 0x0206, 0x02EE, 0x0247,
    0x0287, 0x0207, 0x00A3, 0x00A4, 0x0083, 0x0145, 0x00E4, 0x00A6, 0x0147, 0x0A46, 0x0083, 0x0043, 0x0105, 0x00C5, 0x0126, 0x01A8,
    0x00E6, 0x0084, 0x4A49, 0xBD72, 0xC5B4, 0xD615, 0xCDB3, 0x944F, 0xA490, 0xBD10, 0xBD31, 0xBD71, 0xA4CE, 0x944F, 0x7BCF, 0x8C10,
    0x0084, 0x0085, 0x00A6, 0x00A5, 0x0166, 0x0127, 0x0086, 0x0105, 0x0AC7, 0x0246, 0x0843, 0x18E6, 0x1927, 0x1926, 0x3188, 0x39E7,
    0x73E7, 0x31C9, 0x10C5, 0x41E6, 0xE5CD, 0x838C, 0x08E7, 0x08C5, 0x220C, 0x2A4E, 0x19CA, 0x220C, 0x324E, 0x2A2D, 0x2A2D, 0x324E,
    0x1128, 0x39E8, 0x5B2E, 0x1969, 0x31EA, 0x1128, 0x4A8C, 0x8C51, 0x10E7, 0xA4D0, 0xBD51, 0x2168, 0xAD11, 0xEF17, 0xFF36, 0xE6F5,
    0x3557, 0x2D38, 0x3539, 0x4558, 0x3558, 0x2D59, 0x3D59, 0x4578, 0x4D97, 0x4557, 0x5557, 0x5576, 0x65B7, 0x6DD7, 0x6DD7, 0x6DD7,
    0x6D78, 0x5D38, 0x661B, 0x6E5C, 0x65DA, 0x65DB, 0x2D5A, 0x1D3A, 0x1CDA, 0x0CDB, 0x253B, 0x4DDA, 0x55DB, 0x55BB, 0x5D9B, 0x2D7A,
    0x2539, 0x0499, 0x0CB9, 0x0CDA, 0x0CFA, 0x0CFA, 0x0CD9, 0x0CD9, 0x045A, 0x03FB, 0x03BB, 0x03BB, 0x0379, 0x0338, 0x0338, 0x0358,
    0x0379, 0x1CDB, 0x4D9D, 0xA69E, 0x6D9E, 0x44FC, 0x1459, 0x0439, 0x0459, 0x045A, 0x655D, 0x9E5E, 0xC6DE, 0x4D3B, 0x659B, 0x963D,
    0x861C, 0x555C, 0x2CFD, 0x1CDF, 0x2CFF, 0x1CFF, 0x251F, 0x1D3F, 0x1D3F, 0x1D3F, 0x1D5F, 0x257F, 0x257F, 0x257F, 0x35BF, 0x35FF,
    0x3E1F, 0x4E9F, 0x4E9F, 0x4E7F, 0x4E7F, 0x4E7F, 0x4E7F, 0x4E7F, 0x467F, 0x469F, 0x4E9F, 0x4E9F, 0x4EBF, 0x4EBF, 0x4EBF, 0x469F,
    0x46BF, 0x4EBF, 0x4EDF, 0x56FF, 0x571F, 0x571F, 0x56FF, 0x4EFF, 0x56FF, 0x56FF, 0x56FF, 0x5F3F, 0x6F7F, 0x6F7F, 0x677F, 0x575F,
    0x779F, 0x7F9F, 0x7F9F, 0x879F, 0x7F9F, 0x779F, 0x777F, 0x779F, 0x7FBF, 0x87BF, 0x779F, 0x677F, 0x6F7F, 0x779F, 0x6F7F, 0x779F,
    0x6F7F, 0x5F3F, 0x4F3F, 0x46BF, 0x2DFF, 0x363F, 0x2D9F, 0x253F, 0x253F, 0x251F, 0x1CFF, 0x1CFF, 0x1CFF, 0x251F, 0x1CFF, 0x1D1F,
    0x14FF, 0x14DF, 0x14BE, 0x0C9F, 0x0C7E, 0x0C7E, 0x0C3E, 0x037C, 0x039C, 0x03BC, 0x043C, 0x045C, 0x03FB, 0x041A, 0x049B, 0x043C,
    0x03FC, 0x047B, 0x045B, 0x03DB, 0x03DA, 0x039A, 0x761E, 0x353D, 0x03FC, 0x03DA, 0x041C, 0x2D9F, 0x463F, 0x0CDF, 0x043E, 0x037C,
    0x14DE, 0x553E, 0x0B9D, 0x039E, 0x5D3E, 0x959F, 0x2B7F, 0x233F, 0x5BFF, 0xAEFF, 0x7DFF, 0x85DF, 0x9EFF, 0x65BF, 0x4C7F, 0x13BC,
    0x0BDC, 0x44FF, 0x7E7F, 0x7E7F, 0x8EBF, 0x559F, 0x44BF, 0x1BDE, 0x4CBE, 0x961F, 0x445F, 0x753F, 0x8DBF, 0x341F, 0x755F, 0x34BE,
    0x043E, 0x0C5E, 0x03FC, 0x03DB, 0x03DB, 0x03FB, 0x041C, 0x03FC, 0x041C, 0x045C, 0x1CBC, 0x2CBC, 0x0419, 0x0418, 0x03D8, 0x0C79,
    0x0CFA, 0x1D1A, 0x153A, 0x0CDA, 0x0459, 0x03D9, 0x0359, 0x03D9, 0x03F9, 0x041B, 0x03D7, 0x0246, 0x0226, 0x0334, 0x04BD, 0x0247,
    0x0247, 0x02D2, 0x0169, 0x00A4, 0x0105, 0x01C6, 0x0186, 0x13B2, 0x0269, 0x02A5, 0x0A24, 0x0146, 0x0229, 0x0106, 0x00E6, 0x00E6,
    0x00C5, 0x1968, 0xAD13, 0x9471, 0x198A, 0xA4D2, 0xC593, 0x08E6, 0x4229, 0xD5D2, 0xC615, 0xCE95, 0xAD70, 0x83CF, 0xA4D3, 0xE6B7,
    0x0022, 0x1921, 0x1983, 0x00E6, 0x01C9, 0x1B25, 0x3B63, 0x0041, 0x00C4, 0x01A6, 0x0044, 0x1927, 0x298A, 0x10C4, 0x2126, 0x3166,
    0x5A88, 0x31E8, 0x1986, 0x11E7, 0x7389, 0x836D, 0x1107, 0x1127, 0x2A4E, 0x222C, 0x19EB, 0x2A4D, 0x324D, 0x2A0C, 0x2A0C, 0x29EC,
    0x1129, 0x8410, 0xFF9B, 0x4AEE, 0x00A5, 0x738E, 0x4A8B, 0x0045, 0x1949, 0x83EF, 0x9C90, 0x426B, 0x424A, 0xACB0, 0xE675, 0xEF16,
    0x5D16, 0x23F9, 0x2398, 0x33F8, 0x3459, 0x3499, 0x2CD9, 0x2CF8, 0x3D37, 0x2D17, 0x3CF7, 0x34D7, 0x2497, 0x2496, 0x2476, 0x2C77,
    0x1BF7, 0x13D7, 0x1397, 0x1356, 0x0356, 0x0377, 0x0398, 0x0398, 0x0377, 0x1BF8, 0x1C59, 0x24BA, 0x145A, 0x0BF9, 0x03F8, 0x03B8,
    0x0BB8, 0x0358, 0x03D9, 0x043B, 0x143B, 0x1C3C, 0x13DA, 0x13FB, 0x0BFC, 0x0BFC, 0x041C, 0x047D, 0x03DB, 0x0339, 0x0359, 0x0379,
    0x039A, 0x1C3B, 0x13BB, 0x2BBB, 0x33FC, 0x03DC, 0x03FC, 0x0C3C, 0x0359, 0x0BBA, 0x343C, 0x445B, 0x751C, 0x2C3B, 0x1C1C, 0x54FD,
    0x6D7E, 0x34BF, 0x14BF, 0x1CFF, 0x1CFF, 0x1CFF, 0x1D1F, 0x255F, 0x1D5F, 0x1D3F, 0x1D3F, 0x255F, 0x2D7F, 0x257F, 0x2DBF, 0x35FF,
    0x361F, 0x3E1F, 0x3E1F, 0x361F, 0x361F, 0x361F, 0x361F, 0x3DFF, 0x465F, 0x4E9F, 0x4E7F, 0x4E7F, 0x4E9F, 0x4EBF, 0x469F, 0x4E9F,
    0x56DF, 0x4EBF, 0x56DF, 0x671F, 0x5F1F, 0x56FF, 0x5F1F, 0x5F1F, 0x673F, 0x671F, 0x671F, 0x5F1F, 0x571F, 0x571F, 0x673F, 0x7F9F,
    0x779F, 0x677F, 0x575F, 0x575F, 0x5F5F, 0x6F5F, 0x675F, 0x5F5F, 0x677F, 0x679F, 0x677F, 0x677F, 0x675F, 0x5F5F, 0x573F, 0x3EDF,
    0x3EDF, 0x46BF, 0x467F, 0x46BF, 0x3E5F, 0x2DBF, 0x2DBF, 0x255F, 0x1D3F, 0x253F, 0x251F, 0x1D1F, 0x251F, 0x253F, 0x1D1F, 0x1D1F,
    0x14FF, 0x1CDF, 0x1CDF, 0x1CDF, 0x1CDF, 0x0C5F, 0x0C1E, 0x039D, 0x037D, 0x03BC, 0x0C7C, 0x1CBD, 0x143D, 0x147D, 0x0C7D, 0x041C,
    0x039C, 0x039B, 0x03FC, 0x037C, 0x037C, 0x035C, 0x451D, 0x141D, 0x039C, 0x03DC, 0x039D, 0x451E, 0x3D5F, 0x03FE, 0x037C, 0x033C,
    0x141E, 0x447F, 0x13BD, 0x0BFE, 0x451F, 0x8D9F, 0x443F, 0x443F, 0x74BF, 0xA6FF, 0x86DF, 0x96DF, 0x9EFF, 0x5CBF, 0x53FF, 0x441F,
    0x4C7F, 0x6DFF, 0x7E9F, 0x7EBF, 0x871F, 0x76DF, 0x753F, 0x43DF, 0x43FF, 0x8D1F, 0x5C3F, 0x6CDF, 0x9DFF, 0x5C7F, 0x4C9F, 0x3CBF,
    0x3CDF, 0x2C9E, 0x245E, 0x1C3E, 0x1C1E, 0x3CBF, 0x4D3F, 0x65BE, 0x5D7D, 0x0C9C, 0x043C, 0x039C, 0x047B, 0x1CBB, 0x2C7B, 0x0399,
    0x03F9, 0x03B9, 0x0399, 0x0399, 0x0399, 0x03B9, 0x0378, 0x0C39, 0x0C59, 0x03B9, 0x045D, 0x0376, 0x0375, 0x047F, 0x024A, 0x01A2,
    0x0145, 0x049C, 0x0374, 0x0000, 0x0083, 0x0126, 0x0148, 0x2C35, 0x2C32, 0x01A7, 0x0165, 0x02C8, 0x01A7, 0x0166, 0x0186, 0x0083,
    0x0084, 0x5351, 0x42CF, 0x21CB, 0x21AB, 0x4ACE, 0x2169, 0x08A4, 0x426B, 0x41E9, 0x218B, 0x19C9, 0x73ED, 0xE5F3, 0xFF36, 0xFF16,
    0x1284, 0x5424, 0x6443, 0x0064, 0x12A6, 0x5E03, 0x53A2, 0x0022, 0x4264, 0x08E5, 0x0065, 0x1948, 0x29CB, 0x10A4, 0x10A3, 0x18E5,
    0x39C6, 0x3A48, 0x2208, 0x19E8, 0x3248, 0x29C8, 0x1127, 0x19AA, 0x2A6F, 0x220C, 0x21EC, 0x2A0D, 0x2A2D, 0x21EC, 0x21CB, 0x1127,
    0x21AB, 0x3AB0, 0x8C92, 0x3A4B, 0x1128, 0xB574, 0xFF38, 0x83F0, 0x31C9, 0x3A2A, 0x83CE, 0x6B6E, 0x320B, 0x9C4F, 0x93EF, 0xFF16,
    0xD6B7, 0x13F7, 0x1C17, 0x2457, 0x2458, 0x2458, 0x1C57, 0x1436, 0x1456, 0x1477, 0x24B8, 0x1418, 0x0397, 0x0376, 0x0356, 0x0356,
    0x0376, 0x0397, 0x0376, 0x0316, 0x0356, 0x0397, 0x0397, 0x03B8, 0x0BD8, 0x2CB8, 0x1C78, 0x24D9, 0x247A, 0x54FB, 0x4CFA, 0x1BB9,
    0x23FA, 0x0C3B, 0x039A, 0x045B, 0x149D, 0x245C, 0x347C, 0x1C1C, 0x0BBB, 0x0BDC, 0x04DE, 0x0DBF, 0x051E, 0x03BA, 0x0379, 0x039A,
    0x039A, 0x13FB, 0x13FB, 0x64DD, 0x5D5D, 0x0D1D, 0x2D9E, 0x24FD, 0x03BB, 0x143B, 0x6D3D, 0x95DD, 0xD71E, 0x54DC, 0x23FC, 0x54DD,
    0x5CDD, 0x349E, 0x14BF, 0x1CFF, 0x1CDF, 0x1CFF, 0x1D3F, 0x1D3F, 0x1D3F, 0x1D3F, 0x257F, 0x2D9F, 0x2DBF, 0x35DF, 0x3DFF, 0x35FF,
    0x35FF, 0x35FF, 0x461F, 0x463F, 0x3E1F, 0x3E1F, 0x3E1F, 0x35FF, 0x465F, 0x467F, 0x465F, 0x465F, 0x361F, 0x2DFF, 0x2DFF, 0x467F,
    0x56DF, 0x56BF, 0x4EBF, 0x46BF, 0x46BF, 0x46BF, 0x46BF, 0x4EDF, 0x5EFF, 0x5F1F, 0x5F1F, 0x571F, 0x571F, 0x56FF, 0x6F3F, 0x9FBF,
    0x9FDF, 0x97BF, 0x87BF, 0x87BF, 0x8FDF, 0x7F9F, 0x8FBF, 0x97DF, 0x87BF, 0x7FBF, 0x7F9F, 0x87BF, 0x87BF, 0x6F7F, 0x6F9F, 0x571F,
    0x4F1F, 0x56DF, 0x4E5F, 0x4E7F, 0x3E5F, 0x35FF, 0x2DBF, 0x259F, 0x259F, 0x25BF, 0x1D3F, 0x1CFF, 0x1D1F, 0x1D1F, 0x1D1F, 0x1D1F,
    0x1D1F, 0x1D1F, 0x151F, 0x151F, 0x14FF, 0x0C7F, 0x0C7F, 0x03FE, 0x03BD, 0x03FC, 0x0C5C, 0x1C9D, 0x249D, 0x2CBD, 0x1CDD, 0x0C9D,
    0x03DC, 0x039C, 0x03BC, 0x03BD, 0x03DD, 0x039D, 0x1C7D, 0x0BDC, 0x039B, 0x03BC, 0x03BC, 0x14DE, 0x14DE, 0x039C, 0x037B, 0x037C,
    0x03BD, 0x0C9F, 0x0C3E, 0x13DE, 0x0C9D, 0x5E1E, 0x5C7F, 0x5C7F, 0x74FF, 0xA6BF, 0x8E7F, 0xAF5F, 0xAEFF, 0x541F, 0x5C3F, 0x64DF,
    0x64FF, 0x6DFF, 0x76BF, 0x86FF, 0x975F, 0x7EFF, 0x6CFF, 0x4BFF, 0x5CBF, 0xC69F, 0x959F, 0x6C9F, 0x95BF, 0x4C3F, 0x3C7F, 0x2C5F,
    0x44FF, 0x249F, 0x147F, 0x147F, 0x2C3F, 0x4D1F, 0x557F, 0x8E5F, 0x7E3E, 0x0C9C, 0x03DA, 0x03FB, 0x043C, 0x2D3D, 0x3CFC, 0x0399,
    0x0398, 0x0379, 0x03B9, 0x043A, 0x041A, 0x043A, 0x03FA, 0x14DB, 0x0CBB, 0x041B, 0x043B, 0x043C, 0x045D, 0x045D, 0x028C, 0x0100,
    0x0271, 0x04BF, 0x02D3, 0x022F, 0x016B, 0x3C97, 0x2C36, 0x0024, 0x3474, 0x0948, 0x0125, 0x01C7, 0x0063, 0x0145, 0x0125, 0x00A4,
    0x3A6D, 0x4B11, 0x324D, 0x29EC, 0x29EB, 0x21EC, 0x2A2E, 0x1948, 0x21EB, 0x2A0C, 0x21EC, 0x29C9, 0xD5F4, 0xACAF, 0x630C, 0x7B6D,
    0x0267, 0x2BC6, 0x5CA4, 0x0002, 0x3363, 0x3404, 0x0002, 0x8443, 0xC662, 0x08A3, 0x0064, 0x1928, 0x21AA, 0x0883, 0x0062, 0x18E5,
    0x31C7, 0x29A7, 0x2188, 0x21A9, 0x1946, 0x1146, 0x0906, 0x11CA, 0x224E, 0x19CB, 0x21EC, 0x21EB, 0x19C9, 0x2A0D, 0x21CA, 0x19AA,
    0x21CC, 0x21CA, 0x1989, 0x1969, 0x2A0D, 0x29EB, 0xD676, 0xFFFB, 0x73AE, 0x6B4E, 0xC595, 0x422B, 0x298A, 0xAD10, 0x6B4C, 0x9C4E,
    0xBE77, 0x0377, 0x03F8, 0x0418, 0x03F8, 0x03F7, 0x03B6, 0x0396, 0x0376, 0x0356, 0x0357, 0x0337, 0x0316, 0x0356, 0x0356, 0x0336,
    0x0356, 0x0356, 0x0336, 0x0336, 0x0396, 0x0437, 0x0417, 0x0478, 0x24F9, 0x4D76, 0x1C77, 0x0359, 0x13DA, 0x3D3A, 0x34DA, 0x247B,
    0x24DB, 0x0C1B, 0x039A, 0x041A, 0x03FA, 0x141B, 0x249B, 0x0C3B, 0x03DB, 0x041C, 0x04FE, 0x053F, 0x04DF, 0x03DD, 0x039A, 0x039A,
    0x03FA, 0x04FB, 0x0D3C, 0x45BE, 0x359E, 0x0D5D, 0x1D7C, 0x1CFD, 0x1C7D, 0x1C9D, 0x75BE, 0xDF7F, 0xFFFF, 0x761E, 0x1D1D, 0x6DDD,
    0x6DDD, 0x3D7E, 0x153F, 0x1D5F, 0x1D5F, 0x1D5F, 0x1D7F, 0x1D7F, 0x2DDF, 0x2DFF, 0x3E3F, 0x467F, 0x469F, 0x56BF, 0x56BF, 0x4E9F,
    0x4E9F, 0x4E9F, 0x4E9F, 0x4E9F, 0x56BF, 0x56BF, 0x4E9F, 0x467F, 0x467F, 0x3E5F, 0x3E5F, 0x3E5F, 0x363F, 0x25DF, 0x1DDF, 0x2E5F,
    0x369F, 0x267F, 0x265F, 0x1E3F, 0x1E3F, 0x36BF, 0x3EFF, 0x3F1F, 0x3F3F, 0x3EFF, 0x3F1F, 0x3F3F, 0x473F, 0x473F, 0x471F, 0x3F1F,
    0x473F, 0x473F, 0x26FF, 0x1EFF, 0x2EFF, 0x16DF, 0x1EDF, 0x2F1F, 0x2F1F, 0x26FF, 0x2EFF, 0x2EFF, 0x36FF, 0x36FF, 0x36FF, 0x471F,
    0x3EFF, 0x573F, 0x5F7F, 0x575F, 0x573F, 0x367F, 0x2E1F, 0x1DDF, 0x1DBF, 0x155F, 0x0D1F, 0x0C9F, 0x045F, 0x0C7F, 0x0C7F, 0x047F,
    0x0C7F, 0x04BF, 0x04DF, 0x04BF, 0x0CBF, 0x0CBF, 0x0CBF, 0x04BF, 0x045F, 0x047F, 0x0C9F, 0x0C9F, 0x14BF, 0x14BF, 0x0C9F, 0x049F,
    0x045E, 0x041D, 0x03BD, 0x03DC, 0x03DC, 0x03DD, 0x24DE, 0x0C3D, 0x03DC, 0x03DC, 0x03BC, 0x045C, 0x04BC, 0x03DD, 0x03BC, 0x039C,
    0x03BC, 0x1CBD, 0x03FD, 0x039E, 0x043C, 0x0C7D, 0x0AFE, 0x02FF, 0x2B7F, 0x9DFF, 0x859F, 0xBF9F, 0xAEBF, 0x549F, 0x2C3F, 0x345F,
    0x449F, 0x763F, 0x76FF, 0x975F, 0xCFFF, 0x7EBF, 0x33FF, 0x1B7F, 0x23DF, 0x95FF, 0xBEBF, 0x4BFF, 0x3BDF, 0x1B1F, 0x035F, 0x037E,
    0x245E, 0x037F, 0x03BE, 0x039F, 0x0BBE, 0x041E, 0x03BD, 0x03DE, 0x2C1E, 0x2C5E, 0x03DC, 0x0BDB, 0x039A, 0x0C7C, 0x039B, 0x0359,
    0x03D9, 0x0359, 0x0399, 0x03F9, 0x03F9, 0x0CBC, 0x0CBC, 0x14BC, 0x0C9C, 0x043B, 0x045B, 0x043A, 0x043B, 0x043C, 0x041A, 0x02D1,
    0x041E, 0x0378, 0x0250, 0x0271, 0x09CC, 0x4E5F, 0x1A8D, 0x0022, 0x0229, 0x00C5, 0x0105, 0x01C7, 0x0145, 0x0125, 0x00A4, 0x08A5,
    0x5B52, 0x2A0C, 0x29EB, 0x2A0C, 0x21CA, 0x2A4D, 0x2A2D, 0x19AA, 0x2A0D, 0x2A0D, 0x21CB, 0x426C, 0x8410, 0x9CB2, 0x322C, 0x114A,
    0x3445, 0x44C5, 0x65E5, 0x2243, 0x1122, 0x5403, 0x7D23, 0xC702, 0xA621, 0x0903, 0x0003, 0x08A6, 0x29C9, 0x0882, 0x0884, 0x18E5,
    0x3168, 0x2147, 0x1106, 0x1926, 0x1126, 0x0064, 0x8351, 0x9434, 0x00E6, 0x0947, 0x21CB, 0x1187, 0x19C9, 0x2A2E, 0x21EB, 0x3A8F,
    0x63B4, 0x2188, 0x1989, 0x2A2D, 0x322D, 0x2A0D, 0x636E, 0xF738, 0xB592, 0x4ACC, 0xDEB8, 0xC637, 0x31EB, 0x4AC9, 0x3A48, 0x6288,
    0xC510, 0x5CB7, 0x0358, 0x0378, 0x0378, 0x0378, 0x0378, 0x0397, 0x0377, 0x0357, 0x0317, 0x0357, 0x0377, 0x03B7, 0x0437, 0x0377,
    0x03B7, 0x03D7, 0x0337, 0x0397, 0x03D7, 0x0437, 0x0457, 0x2D38, 0x4DB9, 0x55B7, 0x1C58, 0x0359, 0x0BF8, 0x0C79, 0x03DB, 0x1C5B,
    0x0C5B, 0x033A, 0x039A, 0x045B, 0x1C3B, 0x2C5B, 0x2C9C, 0x247D, 0x045E, 0x049E, 0x0D3F, 0x15BF, 0x0D3F, 0x043D, 0x041C, 0x03FB,
    0x041B, 0x053C, 0x5E3E, 0x96DF, 0x14FE, 0x045C, 0x0CBD, 0x24DE, 0x3CFE, 0x451E, 0xCF1E, 0xD75E, 0xCF1E, 0x765F, 0x151F, 0x8E1D,
    0x7E1E, 0x257F, 0x157F, 0x1D7F, 0x155F, 0x1D9F, 0x257F, 0x2DDF, 0x3E3F, 0x3E5F, 0x3E5F, 0x465F, 0x465F, 0x465F, 0x465F, 0x465F,
    0x3E5F, 0x363F, 0x4E7F, 0x467F, 0x467F, 0x467F, 0x467F, 0x3E7F, 0x469F, 0x469F, 0x3E9F, 0x365F, 0x1DDF, 0x15BF, 0x15BF, 0x0D9F,
    0x0D9F, 0x059F, 0x0DDF, 0x1E5F, 0x163F, 0x161F, 0x161F, 0x0DFF, 0x05DF, 0x061F, 0x1EDF, 0x26FF, 0x2EFF, 0x371F, 0x4F1F, 0x5F3F,
    0x5F3F, 0x675F, 0x6F5F, 0x775F, 0x5F3F, 0x573F, 0x5F5F, 0x5F5F, 0x575F, 0x5F5F, 0x575F, 0x4F5F, 0x4F3F, 0x4F3F, 0x573F, 0x5F5F,
    0x5F5F, 0x4F3F, 0x3EFF, 0x3EFF, 0x46FF, 0x467F, 0x465F, 0x463F, 0x3E1F, 0x35DF, 0x361F, 0x259F, 0x153F, 0x0CFF, 0x04BF, 0x04BF,
    0x0CDF, 0x0CDF, 0x0C9F, 0x043F, 0x041F, 0x041F, 0x043F, 0x045F, 0x041F, 0x043F, 0x047F, 0x0C5F, 0x147E, 0x0C5F, 0x0C3F, 0x0C5F,
    0x045F, 0x047F, 0x03FE, 0x03BD, 0x03BD, 0x03DE, 0x249E, 0x143E, 0x03FE, 0x03DD, 0x03BC, 0x043C, 0x045C, 0x03DD, 0x03DD, 0x039D,
    0x039D, 0x03BD, 0x043E, 0x03DE, 0x147E, 0x1C5F, 0x037F, 0x037F, 0x1BDF, 0x855F, 0x85BF, 0xB75F, 0xE79F, 0x5CFF, 0x037F, 0x035F,
    0x1BDF, 0x761F, 0x76FF, 0x9F5F, 0xE7FF, 0x7E7F, 0x1BDF, 0x3C1F, 0x139F, 0x445F, 0xCEFF, 0x3BBF, 0x135F, 0x2B9F, 0x0B5F, 0x13DF,
    0x863F, 0x035E, 0x0BBF, 0x141F, 0x037E, 0x039E, 0x243E, 0x447F, 0xBE9F, 0x9E1F, 0x0BBF, 0x23FE, 0x035B, 0x13FC, 0x0B7C, 0x033B,
    0x03DB, 0x1C5B, 0x03B9, 0x0439, 0x043A, 0x151C, 0x3DBE, 0x7E9F, 0x6E5F, 0x049C, 0x043B, 0x041A, 0x043B, 0x0C5B, 0x043C, 0x0CBF,
    0x0C3B, 0x0186, 0x00C3, 0x00A4, 0x00A4, 0x11EC, 0x0084, 0x0063, 0x00E4, 0x0125, 0x00A4, 0x01A6, 0x0208, 0x0126, 0x00A5, 0x320C,
    0x3A6E, 0x29EB, 0x29EB, 0x2A0A, 0x326D, 0x3AAF, 0x10E6, 0x1948, 0x2A0C, 0x2A0D, 0x29EC, 0x324D, 0x19AC, 0xBD33, 0x632E, 0x196A,
    0x7623, 0x65A4, 0x65E4, 0x5CC4, 0x3B04, 0xA744, 0x8EE3, 0x9EE4, 0x74E3, 0x08A2, 0x5383, 0xA602, 0x6BE3, 0x10A3, 0x0863, 0x1906,
    0x3168, 0x1947, 0x00C4, 0x08E5, 0x00A5, 0x41AA, 0xE4DB, 0xEE5E, 0x2168, 0x10E4, 0x11A8, 0x11A9, 0x2A0D, 0x21ED, 0x1189, 0x324E,
    0x324E, 0x19AA, 0x220D, 0x220D, 0x19EB, 0x224A, 0x19C9, 0x940F, 0x9C6F, 0x3AA8, 0x848B, 0xADCE, 0x6C4A, 0x7D0B, 0xCE54, 0xE6B7,
    0xEEB6, 0xF77A, 0x7D5A, 0x02F7, 0x0337, 0x0337, 0x0338, 0x0398, 0x0357, 0x0317, 0x0337, 0x0357, 0x0337, 0x0356, 0x0396, 0x0336,
    0x03B7, 0x0477, 0x0417, 0x0458, 0x04B8, 0x0458, 0x0458, 0x1499, 0x14BA, 0x0C5A, 0x039B, 0x03BB, 0x145A, 0x141B, 0x1BFC, 0x2C5C,
    0x03FC, 0x037B, 0x035B, 0x039B, 0x0BDB, 0x0BDB, 0x143C, 0x145E, 0x045F, 0x0CDF, 0x0CDF, 0x0C9F, 0x045E, 0x047E, 0x047E, 0x043D,
    0x043D, 0x043C, 0x2CBD, 0x45BF, 0x0D3E, 0x0C7D, 0x453E, 0x6D5E, 0x653E, 0x657E, 0xC71F, 0x5DFE, 0x5DFF, 0x457F, 0x1CBF, 0x4D3E,
    0x453F, 0x0CBF, 0x047F, 0x049F, 0x049F, 0x14FF, 0x155F, 0x157F, 0x1D7F, 0x1D9F, 0x1D9F, 0x1D7F, 0x157F, 0x25BF, 0x25BF, 0x361F,
    0x2DFF, 0x2DDF, 0x2DBF, 0x259F, 0x1D7F, 0x1D7F, 0x157F, 0x153F, 0x155F, 0x157F, 0x157F, 0x0D5F, 0x25FF, 0x365F, 0x2E3F, 0x261F,
    0x261F, 0x261F, 0x261F, 0x265F, 0x267F, 0x267F, 0x3EBF, 0x56FF, 0x5EFF, 0x673F, 0x6F7F, 0x6F7F, 0x779F, 0x879F, 0x5F5F, 0x3F3F,
    0x473F, 0x4F3F, 0x46FF, 0x4EFF, 0x3EDF, 0x2EBF, 0x2E9E, 0x2E9E, 0x2EBF, 0x36BF, 0x2EBF, 0x2E7F, 0x267F, 0x267F, 0x2E7F, 0x2E7F,
    0x2E7F, 0x1E3F, 0x1E5F, 0x1E3F, 0x1E1F, 0x25FF, 0x25FF, 0x2DFF, 0x25FF, 0x1D5F, 0x1CFF, 0x14BF, 0x0C9F, 0x04BF, 0x04BF, 0x04BF,
    0x04BF, 0x151F, 0x151F, 0x04FF, 0x0CFF, 0x153F, 0x0D3F, 0x0D3F, 0x04BF, 0x04BF, 0x04FF, 0x04DF, 0x0CDF, 0x049F, 0x047F, 0x0C9F,
    0x041F, 0x041F, 0x041F, 0x03FF, 0x041F, 0x041F, 0x147F, 0x0C5F, 0x041E, 0x03FE, 0x03FE, 0x043D, 0x045D, 0x03BD, 0x039D, 0x037D,
    0x037D, 0x039D, 0x03DE, 0x037E, 0x0C3E, 0x0C3F, 0x035F, 0x035E, 0x0B5E, 0x43DF, 0x64FF, 0xCF9F, 0xE79F, 0x4D1F, 0x041F, 0x041F,
    0x247F, 0x765F, 0x6EDF, 0xAF7F, 0xE7FF, 0xAF7F, 0x553F, 0x2BBF, 0x13BF, 0x657F, 0xC6DF, 0x3BFF, 0x039E, 0x13DE, 0x035F, 0x0B7F,
    0x3CBF, 0x02DD, 0x031D, 0x03BF, 0x02FE, 0x037E, 0x241F, 0x64DF, 0x85DF, 0x6D5E, 0x0B3D, 0x23FF, 0x02FD, 0x1BDE, 0x0BFE, 0x03DE,
    0x255D, 0x2CFD, 0x0379, 0x03D9, 0x03B9, 0x045A, 0x253E, 0x8EDF, 0x8E3B, 0x0227, 0x02EF, 0x043D, 0x02AF, 0x09A7, 0x0C3A, 0x0CDE,
    0x0C39, 0x01E9, 0x02D1, 0x00E6, 0x0106, 0x01E7, 0x0229, 0x00A4, 0x01A7, 0x0249, 0x00A4, 0x0105, 0x0187, 0x0187, 0x00A4, 0x4ACF,
    0x2A0B, 0x21CA, 0x322C, 0x324C, 0x2A4E, 0x2A0D, 0x1948, 0x08C5, 0x21EC, 0x21CC, 0x1927, 0x326E, 0x2A0C, 0x426D, 0x3A8F, 0x29EC,
    0x6564, 0x4CC4, 0x4CE4, 0x5D44, 0x1B24, 0x6DC4, 0xBF24, 0xDF04, 0xA5E3, 0x8604, 0xA724, 0x8583, 0x1983, 0x0063, 0x0863, 0x2106,
    0x3168, 0x1947, 0x00E5, 0x00A4, 0x2148, 0x61D0, 0xCC73, 0xA4CF, 0x7B91, 0xBDF8, 0x2209, 0x09CA, 0x1A0B, 0x11A9, 0x1169, 0x198A,
    0x196A, 0x2A2C, 0x3AD0, 0x21CC, 0x0929, 0x11E7, 0x2288, 0xBD72, 0xE6B6, 0xD673, 0xE6D3, 0xDE93, 0xE715, 0xEF36, 0xBD72, 0xDE35,
    0xF738, 0xEED6, 0xFFBA, 0x6CD7, 0x02F7, 0x0378, 0x0378, 0x0438, 0x0458, 0x0357, 0x03D8, 0x0418, 0x03F8, 0x0458, 0x0497, 0x0457,
    0x0CB7, 0x0437, 0x03B8, 0x03D8, 0x2478, 0x44B8, 0x4CDA, 0x4CDA, 0x54DA, 0x3C5A, 0x039B, 0x03BB, 0x141B, 0x13FC, 0x13DC, 0x141C,
    0x041C, 0x039C, 0x03BC, 0x143C, 0x247C, 0x247C, 0x2C9C, 0x1CBE, 0x0CDE, 0x153F, 0x25BF, 0x25BF, 0x1D5E, 0x0CBF, 0x049F, 0x043E,
    0x041D, 0x041C, 0x047D, 0x0D5E, 0x0D3F, 0x141D, 0x2CBE, 0x3CFE, 0x24DF, 0x2CFE, 0xB6BE, 0xA6BE, 0xAEBE, 0x661F, 0x45BF, 0x661F,
    0x861E, 0x25BF, 0x25BF, 0x1D9F, 0x1D9F, 0x259F, 0x2DDF, 0x25DF, 0x361F, 0x3E1F, 0x3E3F, 0x465F, 0x465F, 0x3E5F, 0x3E3F, 0x361F,
    0x361F, 0x361F, 0x361F, 0x361F, 0x2E1F, 0x363F, 0x361F, 0x2DDF, 0x25BF, 0x25BF, 0x0D1F, 0x049F, 0x0CBF, 0x0D3F, 0x0D7F, 0x0D7F,
    0x0D7F, 0x0DBF, 0x2E5F, 0x163F, 0x163F, 0x0E5F, 0x1E9F, 0x1E9F, 0x2EBF, 0x36BF, 0x2EDF, 0x2EDF, 0x3F3F, 0x3F5F, 0x575F, 0x6F7F,
    0x677F, 0x5F5F, 0x5F5F, 0x6F5F, 0x6F5F, 0x675F, 0x5F3F, 0x575F, 0x575F, 0x575F, 0x575F, 0x4F5F, 0x573F, 0x573F, 0x471F, 0x3EFF,
    0x2E9F, 0x2E9F, 0x3EDF, 0x46DF, 0x46DF, 0x46BF, 0x4EBF, 0x4EBF, 0x4EDF, 0x469F, 0x569F, 0x467F, 0x361F, 0x25DF, 0x151F, 0x047F,
    0x041E, 0x045F, 0x045E, 0x045E, 0x047F, 0x0CBF, 0x0C9F, 0x045E, 0x041E, 0x043E, 0x045E, 0x049F, 0x04BF, 0x049F, 0x04BF, 0x049F,
    0x043F, 0x043F, 0x045F, 0x047F, 0x047F, 0x045F, 0x04BF, 0x043E, 0x041E, 0x041E, 0x043E, 0x045D, 0x045D, 0x03FE, 0x03BD, 0x039D,
    0x039E, 0x03DE, 0x03FE, 0x03BE, 0x041E, 0x03FE, 0x039E, 0x039E, 0x13DF, 0x5CDF, 0x4D3F, 0xBF9F, 0xA6BF, 0x1C5F, 0x043F, 0x045F,
    0x041F, 0x5DFF, 0x773F, 0xA77F, 0xF7FF, 0x663F, 0x1CBF, 0x3C1F, 0x1BBF, 0x2C3E, 0xAE7F, 0x0B9E, 0x03FD, 0x041D, 0x033E, 0x033E,
    0x247E, 0x02BD, 0x035E, 0x0BFF, 0x033F, 0x03BF, 0x2C3F, 0x6C5F, 0x7CFF, 0x343F, 0x0B5E, 0x2C3F, 0x137F, 0x3C7F, 0x141D, 0x03DD,
    0x145C, 0x243D, 0x345D, 0x1C1C, 0x0C1D, 0x351E, 0x55DD, 0x8E5B, 0x22C8, 0x01C1, 0x030E, 0x0375, 0x0121, 0x01A5, 0x02D0, 0x01C7,
    0x026C, 0x0D5C, 0x022D, 0x0126, 0x01C8, 0x0289, 0x0248, 0x0227, 0x02A9, 0x02AA, 0x01A7, 0x0104, 0x0125, 0x00A4, 0x0883, 0x42CF,
    0x322C, 0x29EB, 0x2A0B, 0x3A6F, 0x21EA, 0x1989, 0x1948, 0x10E5, 0x2A2D, 0x218A, 0x08C4, 0x2A0A, 0x322D, 0x2A0D, 0x3A6F, 0x2A0D,
    0x5D64, 0x2BE4, 0x65A4, 0x75C4, 0x3444, 0x8644, 0xCEE2, 0xEEC3, 0xD725, 0x9F45, 0x8645, 0x4CE4, 0x6DA5, 0x3AA3, 0x0863, 0x18C6,
    0x2968, 0x00E6, 0x00C7, 0x0064, 0x72CF, 0xD4BB, 0x8B6B, 0xCD8C, 0xE4D6, 0x5AAC, 0x09A8, 0x09A9, 0x19EC, 0x0966, 0x1169, 0x21AB,
    0x092A, 0x83F5, 0xB538, 0x00A9, 0x196A, 0x324B, 0x224A, 0xA4F1, 0xFF58, 0x9C8F, 0xBDD2, 0xFF77, 0xF758, 0xE6B6, 0xEED7, 0x9C2E,
    0xDE55, 0xEED5, 0xFFDA, 0xBE57, 0x13F8, 0x0419, 0x0479, 0x0458, 0x0438, 0x03F7, 0x0417, 0x0438, 0x14F8, 0x14F8, 0x0418, 0x0418,
    0x14D7, 0x0C98, 0x0418, 0x1478, 0x24D8, 0x3518, 0x2D3A, 0x251B, 0x24BB, 0x0BDB, 0x039B, 0x039B, 0x1C3B, 0x1C3C, 0x143C, 0x1C9C,
    0x0C3C, 0x039B, 0x03DB, 0x0C3C, 0x349C, 0x345C, 0x347C, 0x1CDE, 0x1D9F, 0x25BF, 0x2DFF, 0x2DFF, 0x2DDF, 0x25BF, 0x25DF, 0x0CBE,
    0x049E, 0x051D, 0x351D, 0x567F, 0x1E1F, 0x153F, 0x151F, 0x453E, 0x5D3D, 0x5D1C, 0xBE9C, 0xD6DC, 0xBEBD, 0x565F, 0x5DDE, 0x3DFF,
    0x2DDF, 0x2DFF, 0x2E1F, 0x261F, 0x1DFF, 0x1DFF, 0x25FF, 0x25FF, 0x25FF, 0x2E1F, 0x3E5F, 0x3E5F, 0x467F, 0x363F, 0x3E5F, 0x3E5F,
    0x363F, 0x363F, 0x3E3F, 0x361F, 0x1E1F, 0x363F, 0x467F, 0x3E7F, 0x2E5F, 0x2E7F, 0x265F, 0x15FF, 0x05BF, 0x05BF, 0x05BF, 0x0DDF,
    0x15FF, 0x15FF, 0x15BF, 0x0D9F, 0x059F, 0x05BF, 0x05BF, 0x05BF, 0x0DDF, 0x0DBF, 0x05BF, 0x059F, 0x0DFF, 0x0E7F, 0x167F, 0x267F,
    0x2EDF, 0x26BF, 0x269F, 0x2EBF, 0x26DF, 0x26DF, 0x26FF, 0x475F, 0x3F7F, 0x3F9F, 0x579F, 0x5F9F, 0x4F9F, 0x3F9F, 0x4F7F, 0x5F7F,
    0x5F7F, 0x573F, 0x5F5F, 0x6F7F, 0x675F, 0x4EFF, 0x46DF, 0x46FF, 0x3EFF, 0x3EDF, 0x46FF, 0x46DF, 0x3EBF, 0x369F, 0x2E5F, 0x15DF,
    0x159F, 0x15BF, 0x0D7F, 0x0D1F, 0x157F, 0x1D9F, 0x1D9F, 0x159F, 0x0D5F, 0x0D7F, 0x157F, 0x157F, 0x157F, 0x157F, 0x04FF, 0x04DF,
    0x03FF, 0x03FF, 0x041F, 0x041F, 0x041F, 0x045F, 0x04DF, 0x04DF, 0x045F, 0x03DF, 0x03BE, 0x03FD, 0x041E, 0x03DE, 0x03BE, 0x03DE,
    0x03DE, 0x041E, 0x043E, 0x03DE, 0x041E, 0x03DE, 0x037E, 0x03BE, 0x13FF, 0x4D1F, 0x65FF, 0xC7BF, 0xCF7F, 0x3CDF, 0x03FF, 0x045F,
    0x03FF, 0x457F, 0x97BF, 0xA79F, 0xF7FF, 0x765F, 0x049F, 0x345F, 0x241F, 0x551F, 0xA6DF, 0x045E, 0x041D, 0x03DD, 0x039E, 0x037E,
    0x0BFF, 0x035F, 0x145F, 0x1CBF, 0x035F, 0x0B9F, 0x1BFF, 0x5C5F, 0x547F, 0x3C3F, 0x139F, 0x3C5F, 0x1BBF, 0x2C1F, 0x3CBD, 0x03DC,
    0x0B9C, 0x4CBE, 0x0BFE, 0x143E, 0x03FF, 0x4D5F, 0x2B8F, 0x09C4, 0x0162, 0x01E4, 0x02EF, 0x02ED, 0x01A1, 0x1436, 0x022C, 0x0351,
    0x00E4, 0x0BB1, 0x0C14, 0x0105, 0x01E8, 0x0248, 0x0227, 0x02C9, 0x030A, 0x026A, 0x01C8, 0x0207, 0x01A6, 0x0063, 0x322D, 0x4B11,
    0x2A0C, 0x322D, 0x2A0D, 0x322D, 0x19A8, 0x19EB, 0x2A0C, 0x324D, 0x21AA, 0x1128, 0x21AA, 0x21CA, 0x324E, 0x322D, 0x1948, 0x21CC,
    0x4505, 0x4CC5, 0x75A4, 0xA703, 0x6563, 0x7D63, 0xE6C2, 0xC684, 0x5DC4, 0x55E4, 0x6DE4, 0x6584, 0x3C83, 0x9602, 0x2A03, 0x1925,
    0x08A5, 0x1124, 0x3A84, 0x19A5, 0x00A4, 0x00A5, 0x61A9, 0xC331, 0xC579, 0xD65A, 0x21EA, 0x098A, 0x21ED, 0x1168, 0x19AB, 0x19AB,
    0x21CA, 0x926D, 0xB313, 0x320F, 0x21AC, 0x3A6C, 0x324D, 0x322D, 0xB553, 0x73AE, 0x320B, 0xD656, 0xF739, 0xC5B2, 0xEEB5, 0xA4D1,
    0x7B2C, 0xF717, 0xF738, 0xFF77, 0x6CF8, 0x0377, 0x23D4, 0x13B8, 0x0BD9, 0x23D8, 0x0BB8, 0x03B8, 0x0CD7, 0x14D6, 0x0C96, 0x0C97,
    0x0CB8, 0x0C99, 0x0418, 0x1439, 0x2479, 0x44B9, 0x4CFB, 0x4CDC, 0x44BC, 0x0BDC, 0x0B9B, 0x0BBB, 0x1C5B, 0x147B, 0x147C, 0x24BD,
    0x041D, 0x03DD, 0x03DC, 0x0C1C, 0x2C9C, 0x2C9D, 0x2CBD, 0x2D7F, 0x25BF, 0x25BF, 0x2DFF, 0x2DFF, 0x1D9F, 0x1D9F, 0x157F, 0x155F,
    0x053F, 0x0D7F, 0x2D7E, 0x465F, 0x261F, 0x0CBE, 0x045E, 0x147E, 0x1C7E, 0x34BD, 0x7DDC, 0x861D, 0x5E1E, 0x1DBF, 0x257F, 0x1D7F,
    0x1D9F, 0x259F, 0x25DF, 0x25BF, 0x1D9F, 0x1D9F, 0x1D9F, 0x35FF, 0x2DFF, 0x2DDF, 0x35FF, 0x465F, 0x465F, 0x3E5F, 0x3E3F, 0x1DDF,
    0x159F, 0x153F, 0x153F, 0x0D1F, 0x0D3F, 0x2D9F, 0x361F, 0x15BF, 0x055F, 0x055F, 0x055F, 0x0D9F, 0x05BF, 0x059F, 0x057F, 0x1DFF,
    0x2E3F, 0x2E3F, 0x2E3F, 0x367F, 0x369F, 0x2E7F, 0x36BF, 0x3EDF, 0x573F, 0x4F1F, 0x4F1F, 0x573F, 0x5F5F, 0x5F7F, 0x5F7F, 0x6F7F,
    0x7F9F, 0x7F9F, 0x777F, 0x7F7F, 0x677F, 0x5F5F, 0x673F, 0x673F, 0x5F3F, 0x5F3F, 0x2EDF, 0x067F, 0x067F, 0x067F, 0x065F, 0x065F,
    0x065F, 0x061F, 0x0E1F, 0x161F, 0x161F, 0x15FF, 0x15FF, 0x15DF, 0x0DBF, 0x15BF, 0x15DF, 0x159F, 0x0D7F, 0x0D7F, 0x053F, 0x055F,
    0x04FF, 0x051F, 0x053F, 0x045F, 0x045F, 0x045F, 0x04BF, 0x04BF, 0x04BF, 0x0CBF, 0x0C9F, 0x047F, 0x047F, 0x049F, 0x049F, 0x047F,
    0x043F, 0x043F, 0x043F, 0x043F, 0x043F, 0x043F, 0x049F, 0x04BF, 0x043F, 0x03FF, 0x047F, 0x049F, 0x049F, 0x045E, 0x03DE, 0x03FE,
    0x03DE, 0x041E, 0x043E, 0x03FE, 0x041E, 0x03DE, 0x039E, 0x03BE, 0x0BDF, 0x1BDF, 0x145F, 0xAEFF, 0x75BF, 0x039F, 0x041F, 0x041F,
    0x03FF, 0x3D7F, 0x87BF, 0xB7BF, 0xF7FF, 0x65DF, 0x043E, 0x041F, 0x0C1F, 0x241F, 0x85FF, 0x03BE, 0x039D, 0x03BD, 0x031D, 0x031E,
    0x039F, 0x02DE, 0x035E, 0x03BF, 0x02DE, 0x02FE, 0x23DF, 0x8D9F, 0x6CDF, 0x23BF, 0x1BDF, 0x343F, 0x139F, 0x2C1F, 0x4CDF, 0x241D,
    0x0B7D, 0x1BBF, 0x33FF, 0x1BBE, 0x037D, 0x4D3E, 0x7E9E, 0x332C, 0x1185, 0x0164, 0x01E5, 0x0265, 0x0203, 0x0BB1, 0x02F1, 0x02B1,
    0x0145, 0x0102, 0x09C4, 0x0A66, 0x12A7, 0x0208, 0x0228, 0x01C7, 0x01C7, 0x0127, 0x0188, 0x0208, 0x01C8, 0x00A4, 0x326E, 0x3A6E,
    0x29EB, 0x2A0C, 0x2A0B, 0x324D, 0x19EA, 0x222D, 0x1989, 0x1989, 0x1969, 0x21CB, 0x2A2D, 0x2A4E, 0x324E, 0x1989, 0x10E6, 0x21CB,
    0x1AE6, 0x01A4, 0x0A25, 0x6564, 0x5D03, 0x5463, 0x9CC2, 0x4404, 0x1B65, 0x43E4, 0x6D45, 0x7E05, 0x6DA4, 0x7DC2, 0x6CC3, 0x6CA6,
    0x19E5, 0x6322, 0xF6C1, 0xC582, 0x29C3, 0x0004, 0x6264, 0x7AC2, 0x0003, 0x08E4, 0x0947, 0x118A, 0x116A, 0x1148, 0x21EC, 0x118C,
    0x7B49, 0xD3E5, 0xC452, 0xCDB9, 0x112A, 0x3AAD, 0x42CE, 0x198B, 0x52CD, 0x4ACC, 0x29EA, 0x9451, 0xD5F5, 0x7BCE, 0x6B6D, 0xE6B7,
    0x4A6B, 0xD5F5, 0xC573, 0xE5F3, 0x64DA, 0x0379, 0x1416, 0x0BFA, 0x0C1B, 0x4CBA, 0x247A, 0x0439, 0x14D9, 0x0C58, 0x0BF8, 0x0BF7,
    0x2C99, 0x2479, 0x03F9, 0x243A, 0x34BC, 0x1CDD, 0x251E, 0x2CBD, 0x041D, 0x041C, 0x0BFC, 0x13DB, 0x3C7C, 0x1C5C, 0x2C9C, 0x349D,
    0x03FD, 0x03BC, 0x03BC, 0x0C1C, 0x2C9C, 0x247C, 0x2C9C, 0x1CFE, 0x1D9F, 0x1D7F, 0x2DDF, 0x2DFF, 0x155F, 0x155F, 0x14FF, 0x14DF,
    0x0CBE, 0x0CBF, 0x251F, 0x261F, 0x1DBF, 0x14DE, 0x14FE, 0x1D3F, 0x1CFE, 0x2CBD, 0x659D, 0x55BE, 0x1D9F, 0x1D7F, 0x1D7F, 0x157F,
    0x157F, 0x157F, 0x0D5F, 0x0D3F, 0x051F, 0x051F, 0x0D1F, 0x1D7F, 0x1D7F, 0x1D9F, 0x157F, 0x2DFF, 0x361F, 0x1D9F, 0x25DF, 0x1DBF,
    0x1DDF, 0x2E3F, 0x365F, 0x2E3F, 0x1E1F, 0x15FF, 0x0D9F, 0x053F, 0x051F, 0x051F, 0x051F, 0x04FF, 0x04FF, 0x053F, 0x053F, 0x053F,
    0x055F, 0x055F, 0x059F, 0x1E9F, 0x2EDF, 0x1E9F, 0x36FF, 0x471F, 0x46FF, 0x3EFF, 0x3F1F, 0x4F3F, 0x4F3F, 0x4F1F, 0x573F, 0x4F3F,
    0x575F, 0x573F, 0x371F, 0x2F3F, 0x4F7F, 0x1EFF, 0x067F, 0x0E9F, 0x26BF, 0x2EBF, 0x2EBF, 0x2E9F, 0x1E7F, 0x1E9F, 0x1E9F, 0x1EBF,
    0x1E9F, 0x167F, 0x0E5F, 0x0E5F, 0x0E5F, 0x165F, 0x1E5F, 0x15FF, 0x05DF, 0x15DF, 0x15DF, 0x15DF, 0x1DDF, 0x159F, 0x0CFF, 0x0CBF,
    0x0CBF, 0x0CDF, 0x0CDF, 0x0CBF, 0x049F, 0x0CFF, 0x15FF, 0x15FF, 0x15DF, 0x15DF, 0x159F, 0x0D5F, 0x0D9F, 0x0DBF, 0x055F, 0x051F,
    0x045F, 0x045F, 0x045F, 0x041F, 0x041F, 0x03FF, 0x0C7F, 0x14BF, 0x047F, 0x047F, 0x04DF, 0x051F, 0x04DF, 0x04FF, 0x047F, 0x047F,
    0x047F, 0x045E, 0x045E, 0x03FE, 0x041F, 0x043F, 0x041F, 0x041F, 0x145E, 0x3D3F, 0x1C9F, 0xF7DF, 0x8E5F, 0x0C1F, 0x041F, 0x043F,
    0x03FF, 0x2D7F, 0x8FBF, 0xBFBF, 0xF7FF, 0x8EFF, 0x14DE, 0x03DF, 0x03FF, 0x1C7F, 0x963F, 0x03FE, 0x03DE, 0x03FE, 0x031D, 0x039E,
    0x041F, 0x02DD, 0x02FE, 0x035E, 0x031E, 0x02FE, 0x241F, 0xAE3F, 0x851F, 0x033F, 0x1BDF, 0x341F, 0x0B5F, 0x3C3F, 0x5CDF, 0x64BF,
    0x137F, 0x0B1E, 0x543F, 0x139F, 0x03BF, 0x4D9F, 0x767F, 0xD7FF, 0xB67B, 0x0145, 0x01A4, 0x01E4, 0x0205, 0x0225, 0x0268, 0x0187,
    0x0145, 0x0AA5, 0x0304, 0x2365, 0x4446, 0x028B, 0x028B, 0x00A5, 0x0064, 0x0147, 0x0147, 0x0126, 0x0147, 0x00A3, 0x322B, 0x3A6E,
    0x2A0B, 0x320C, 0x2A0B, 0x324D, 0x19EA, 0x2A2E, 0x218A, 0x0884, 0x2A2D, 0x2A2D, 0x2A0C, 0x2A4D, 0x2A0C, 0x10E6, 0x1948, 0x2A2D,
    0x75C4, 0x6544, 0x2305, 0x0187, 0x2B64, 0x6543, 0x3BE4, 0x2B85, 0x54E5, 0x4BA5, 0x6D25, 0x7DC5, 0x9644, 0xAE22, 0xCDE1, 0xAD03,
    0xB5A2, 0xA582, 0xB4C2, 0xFEE1, 0x7382, 0x3223, 0xA4E2, 0xBD82, 0x2985, 0x0086, 0x00E8, 0x00E8, 0x00A5, 0x0928, 0x11AA, 0x014A,
    0x4267, 0x5284, 0x52E8, 0x4A4B, 0x19AA, 0x220B, 0x42EF, 0x322D, 0x21CC, 0x2A4A, 0x3A8B, 0xA4F3, 0xCDF5, 0xC5B4, 0x5AEB, 0xA491,
    0x630C, 0x83CE, 0x9C30, 0xC512, 0xAD76, 0x1C39, 0x0CD3, 0x14F5, 0x0478, 0x2551, 0x2CF7, 0x1C58, 0x5C99, 0x3D1B, 0x0D3B, 0x153C,
    0x24FC, 0x0CBC, 0x047C, 0x147C, 0x34FD, 0x3D1E, 0x351D, 0x0C3D, 0x03FC, 0x0C3C, 0x0C3C, 0x13FC, 0x347D, 0x24BD, 0x2CDD, 0x2CBD,
    0x043D, 0x03FD, 0x041D, 0x0C5D, 0x34DC, 0x2CBD, 0x1CFE, 0x2DFF, 0x365F, 0x365F, 0x3E5F, 0x3E5F, 0x3E5F, 0x3E5F, 0x3E7F, 0x3E9F,
    0x2E7F, 0x261F, 0x3E1F, 0x3E9F, 0x469F, 0x3E7F, 0x3E7F, 0x469F, 0x4DFE, 0x551C, 0x6DBD, 0x7E1D, 0x2DFF, 0x363F, 0x3E5F, 0x365F,
    0x2E5F, 0x261F, 0x0D9F, 0x0D9F, 0x057F, 0x05BF, 0x15FF, 0x261F, 0x363F, 0x363F, 0x467F, 0x467F, 0x363F, 0x261F, 0x1DFF, 0x261F,
    0x1E3F, 0x1E1F, 0x263F, 0x1E1F, 0x0D9F, 0x057F, 0x059F, 0x059F, 0x059F, 0x059F, 0x05DF, 0x05FF, 0x05FF, 0x05FF, 0x05FF, 0x063F,
    0x0E7F, 0x0E7F, 0x0E7F, 0x065F, 0x061F, 0x061F, 0x061F, 0x05DF, 0x059F, 0x059F, 0x059F, 0x059F, 0x05BF, 0x059F, 0x05BF, 0x05DF,
    0x05FF, 0x05FF, 0x05FF, 0x063F, 0x065F, 0x067F, 0x067F, 0x0E9F, 0x3EFF, 0x4F3F, 0x4F5F, 0x5F7F, 0x579F, 0x479F, 0x579F, 0x57BF,
    0x4FBF, 0x479F, 0x271F, 0x2F3F, 0x271F, 0x26FF, 0x2EFF, 0x36FF, 0x36FF, 0x36DF, 0x3EDF, 0x2E7F, 0x2E5F, 0x2E7F, 0x2E7F, 0x1E3F,
    0x263F, 0x263F, 0x1E1F, 0x1E1F, 0x0DDF, 0x1E1F, 0x1E1F, 0x15FF, 0x15FF, 0x15FF, 0x0D5F, 0x0CBF, 0x0D1F, 0x0CFF, 0x0C9F, 0x049F,
    0x04BF, 0x043F, 0x047F, 0x049F, 0x047F, 0x047F, 0x0C9F, 0x149F, 0x043F, 0x043F, 0x045F, 0x045F, 0x043F, 0x03FE, 0x03FF, 0x03FF,
    0x045F, 0x045F, 0x045F, 0x03FF, 0x043F, 0x047F, 0x047F, 0x047F, 0x049F, 0x04BF, 0x1CDF, 0x8EBF, 0x6E7F, 0x14FF, 0x045F, 0x045F,
    0x045F, 0x257F, 0x7FBF, 0xAF9F, 0xE7DF, 0x4DDE, 0x04DF, 0x045F, 0x043F, 0x145F, 0x4D3F, 0x041E, 0x043F, 0x041E, 0x033E, 0x031E,
    0x033E, 0x02DD, 0x033E, 0x037E, 0x035E, 0x031E, 0x0BBF, 0x859F, 0x3BFF, 0x031E, 0x1BBF, 0x3C5F, 0x1BBF, 0x549F, 0x64FF, 0x5C9F,
    0x033E, 0x135D, 0x4C5F, 0x0B18, 0x02AD, 0x2C32, 0x86BE, 0x9E5A, 0x5C51, 0x01E6, 0x01E6, 0x01C6, 0x01A5, 0x01E5, 0x0248, 0x0187,
    0x0AC8, 0x2C46, 0x1B25, 0x12E7, 0x1B69, 0x034C, 0x02EB, 0x00A5, 0x0107, 0x0168, 0x0147, 0x0147, 0x00E5, 0x1167, 0x324D, 0x322C,
    0x320C, 0x322C, 0x324D, 0x324D, 0x2A0C, 0x2A0D, 0x1968, 0x21AA, 0x326E, 0x324E, 0x29EB, 0x2169, 0x2169, 0x10E6, 0x322D, 0x3A8F,
    0x3D04, 0x4504, 0x3425, 0x0207, 0x12C5, 0x6DA4, 0x5485, 0x2B65, 0x7624, 0x7DE4, 0x4424, 0x3404, 0x9664, 0xB642, 0xE684, 0xEE03,
    0xB502, 0x74C2, 0x7482, 0x7402, 0x2201, 0x9BA1, 0xFE80, 0xFF00, 0x5282, 0x42E3, 0x8482, 0x73C3, 0x0064, 0x0065, 0x1923, 0x6323,
    0x0044, 0x1224, 0x09C7, 0x0129, 0x19EA, 0x1A09, 0x1AA9, 0x324B, 0x21AB, 0x2208, 0x2A4A, 0x5B2E, 0xDE36, 0xDE77, 0x6B6D, 0x632B,
    0x636C, 0x6B6D, 0xA450, 0x9C0F, 0xF633, 0x451B, 0x0436, 0x0471, 0x044E, 0x0C8C, 0x14D8, 0x14B9, 0x4D3B, 0x451B, 0x151B, 0x24FA,
    0x14BC, 0x0CBD, 0x047C, 0x1C9D, 0x2CDD, 0x2CDE, 0x24BD, 0x0C1C, 0x0C1C, 0x143D, 0x245C, 0x1C3C, 0x347D, 0x2C9D, 0x24BD, 0x24BD,
    0x03FC, 0x03FD, 0x03DC, 0x043C, 0x2CFC, 0x2CFD, 0x1D5F, 0x1DBF, 0x1DDF, 0x1DFF, 0x1DFF, 0x261F, 0x25FF, 0x1DFF, 0x1DFF, 0x1DDF,
    0x15FF, 0x0DBF, 0x0D7F, 0x261F, 0x1DDF, 0x1DDF, 0x25FF, 0x1DDF, 0x1DDF, 0x14DE, 0x65BD, 0x3DDF, 0x0D7F, 0x159F, 0x159F, 0x0D9F,
    0x057F, 0x053F, 0x051F, 0x04FF, 0x04DF, 0x04FF, 0x051F, 0x051F, 0x051F, 0x051F, 0x159F, 0x1DBF, 0x0D7F, 0x051F, 0x051F, 0x0D7F,
    0x057F, 0x0D9F, 0x15BF, 0x0D7F, 0x055F, 0x059F, 0x059F, 0x059F, 0x057F, 0x057F, 0x059F, 0x05BF, 0x059F, 0x0DBF, 0x0DDF, 0x05BF,
    0x05BF, 0x05BF, 0x05DF, 0x05DF, 0x05BF, 0x05BF, 0x061F, 0x063F, 0x1E7F, 0x269F, 0x1E9F, 0x269F, 0x36DF, 0x36DF, 0x3EBF, 0x3EBF,
    0x46FF, 0x46DF, 0x3EBF, 0x3EBF, 0x469F, 0x46BF, 0x46BF, 0x36BF, 0x3EFF, 0x3F1F, 0x16DF, 0x06BF, 0x0EDF, 0x0EDF, 0x1EDF, 0x1EBF,
    0x0E9F, 0x1EBF, 0x2EBF, 0x2E7F, 0x2E9F, 0x369F, 0x367F, 0x367F, 0x2E7F, 0x265F, 0x2E5F, 0x261F, 0x1E1F, 0x1E1F, 0x1E1F, 0x0DBF,
    0x15FF, 0x0DDF, 0x05DF, 0x0DDF, 0x05BF, 0x0DDF, 0x0DDF, 0x0DFF, 0x0DFF, 0x0DFF, 0x0DFF, 0x0DFF, 0x0E1F, 0x0DFF, 0x0DFF, 0x0E1F,
    0x05BF, 0x043F, 0x043F, 0x043F, 0x043F, 0x041F, 0x0C7F, 0x0C5F, 0x041F, 0x043F, 0x04BF, 0x0D1F, 0x04DF, 0x04DF, 0x049F, 0x04BF,
    0x04DF, 0x04FF, 0x0D1F, 0x0C9F, 0x047F, 0x049F, 0x049E, 0x049F, 0x14DF, 0x251F, 0x1D3F, 0x869F, 0x24DF, 0x03FF, 0x043F, 0x043F,
    0x043F, 0x2D3F, 0x7F7F, 0xC7DF, 0xF7DF, 0x773F, 0x0D7F, 0x045F, 0x045F, 0x147F, 0x555F, 0x03DE, 0x03FE, 0x03FE, 0x039E, 0x039E,
    0x037E, 0x02FD, 0x02FE, 0x031E, 0x031E, 0x02FE, 0x031E, 0x2CBF, 0x039F, 0x02FE, 0x1BDF, 0x3C5F, 0x2BDF, 0x6CFF, 0x4C9F, 0x2BFE,
    0x033E, 0x135D, 0x341F, 0x0B7A, 0x02CF, 0x0162, 0x43CF, 0x0A48, 0x0143, 0x01E6, 0x01E6, 0x01E7, 0x01C6, 0x01A6, 0x0126, 0x0146,
    0x13E7, 0x2BE6, 0x1AC7, 0x02AB, 0x022A, 0x030B, 0x038C, 0x022A, 0x0106, 0x0106, 0x0106, 0x0106, 0x0063, 0x3A6E, 0x3AAF, 0x29EB,
    0x322C, 0x3A6C, 0x326E, 0x324D, 0x3A8F, 0x2A0C, 0x21CB, 0x324D, 0x326E, 0x326E, 0x2A0C, 0x1969, 0x1927, 0x1107, 0x2A2D, 0x21AA,
    0x0285, 0x0226, 0x2305, 0x5D46, 0x0245, 0x1245, 0x0144, 0x0062, 0x4C64, 0x9F03, 0x96C2, 0x3C64, 0x75E4, 0xB6C3, 0xDE43, 0xD643,
    0x8564, 0x6564, 0x5D64, 0x65C5, 0x1B23, 0x3181, 0xF523, 0xB643, 0x85C2, 0xC722, 0xFFA0, 0x7362, 0x0124, 0x0165, 0x9BE3, 0x9B41,
    0x6B21, 0x0AA5, 0x09CA, 0x11AA, 0x0969, 0x0147, 0x1A26, 0x3A68, 0x196A, 0x21C9, 0x2A2B, 0x4ACD, 0xB554, 0xA4D3, 0x742E, 0x3446,
    0x2B05, 0x2A67, 0x6B8B, 0x8BCE, 0xA56E, 0x0C4B, 0x6D15, 0xAE17, 0xA5F5, 0xADF9, 0xB69E, 0x8E19, 0x0559, 0x0CFB, 0x0C7A, 0x2CDB,
    0x2CFC, 0x147D, 0x041C, 0x1C5D, 0x34FE, 0x353E, 0x251D, 0x047C, 0x041C, 0x0C3C, 0x143C, 0x1C3C, 0x34BB, 0x2CBC, 0x2CDC, 0x24FD,
    0x049D, 0x049D, 0x047D, 0x04BE, 0x24FD, 0x34FC, 0x1D5E, 0x2DDF, 0x2DFF, 0x2DFF, 0x2E1F, 0x363F, 0x2E1F, 0x2E1F, 0x361F, 0x2E1F,
    0x2E1F, 0x25FF, 0x2E1F, 0x2E1F, 0x2DFF, 0x2E1F, 0x2E1F, 0x25FF, 0x25FF, 0x459E, 0x761D, 0x5E5F, 0x25DF, 0x25DF, 0x25DF, 0x25DF,
    0x25DF, 0x25BF, 0x057F, 0x059F, 0x057F, 0x053F, 0x157F, 0x25BF, 0x25DF, 0x25DF, 0x25DF, 0x25DF, 0x25DF, 0x25BF, 0x1DBF, 0x1DBF,
    0x15BF, 0x051F, 0x04FF, 0x04FF, 0x051F, 0x053F, 0x053F, 0x053F, 0x053F, 0x055F, 0x053F, 0x051F, 0x051F, 0x0D3F, 0x0CFF, 0x0D7F,
    0x1E5F, 0x163F, 0x0E1F, 0x1E7F, 0x1EBF, 0x1E9F, 0x1EBF, 0x16DF, 0x1EBF, 0x1EBF, 0x16DF, 0x1EFF, 0x26FF, 0x26FF, 0x2F1F, 0x373F,
    0x2F1F, 0x371F, 0x377F, 0x375F, 0x373F, 0x371F, 0x371F, 0x36DF, 0x3EFF, 0x3F1F, 0x1EDF, 0x063F, 0x05BF, 0x059F, 0x057F, 0x053F,
    0x053F, 0x053F, 0x051F, 0x04FF, 0x04FF, 0x04FF, 0x04DF, 0x04DF, 0x051F, 0x053F, 0x04FF, 0x04DF, 0x04DF, 0x04FF, 0x04FF, 0x051F,
    0x04FF, 0x051F, 0x051F, 0x051F, 0x053F, 0x04FF, 0x051F, 0x051F, 0x051F, 0x055F, 0x053F, 0x051F, 0x053F, 0x051F, 0x04FF, 0x04FF,
    0x04FF, 0x04BF, 0x04DF, 0x04DF, 0x04FF, 0x04FF, 0x0D3F, 0x155F, 0x051F, 0x043F, 0x043F, 0x04BF, 0x049F, 0x049F, 0x045F, 0x04BF,
    0x04BF, 0x049F, 0x04DF, 0x049F, 0x047F, 0x04BF, 0x04BF, 0x04FF, 0x14FF, 0x2CDE, 0x2D7F, 0xAF3F, 0x663F, 0x149F, 0x041F, 0x043F,
    0x045F, 0x0CBE, 0x5F7F, 0xC7DF, 0xFFFF, 0x4E3F, 0x04FF, 0x04BF, 0x049F, 0x14DF, 0x4D7F, 0x043E, 0x047E, 0x049F, 0x03BE, 0x037E,
    0x03FF, 0x033E, 0x031E, 0x033E, 0x033E, 0x02FD, 0x039E, 0x4D9F, 0x13DF, 0x031F, 0x241F, 0x449F, 0x2BDF, 0x6D1F, 0x549F, 0x2BFE,
    0x031D, 0x1BBE, 0x4C9F, 0x0B7B, 0x041E, 0x2458, 0x01C5, 0x0184, 0x0206, 0x0185, 0x0145, 0x01E6, 0x0166, 0x0167, 0x0187, 0x0166,
    0x0206, 0x0145, 0x0188, 0x030D, 0x00E5, 0x0209, 0x036C, 0x030B, 0x00C5, 0x0106, 0x0126, 0x0084, 0x0022, 0x3A4C, 0x42AE, 0x29EB,
    0x2A0B, 0x3A6D, 0x3A6E, 0x3A6E, 0x324D, 0x21A9, 0x29EC, 0x3A6E, 0x324E, 0x326E, 0x21CB, 0x21CB, 0x2A0C, 0x1948, 0x1948, 0x1106,
    0x0145, 0x0165, 0x1A85, 0x5CE4, 0x1A84, 0x00E4, 0x5C45, 0x5404, 0x09E4, 0x64C4, 0x6D84, 0x2BC5, 0x2BA4, 0x4464, 0x6D03, 0x6D43,
    0x8625, 0x9EC5, 0xB725, 0xA726, 0x8E85, 0x3BE3, 0x9CE3, 0x8563, 0x4442, 0x64A3, 0xADA3, 0x1AC3, 0x02A3, 0x0265, 0x3203, 0xBCE1,
    0xAD02, 0x01C7, 0x09C9, 0x0169, 0x2A48, 0x5A84, 0xA544, 0x3228, 0x11AA, 0x226A, 0x2A4A, 0x3A6C, 0x7C10, 0x4B0E, 0x3B0A, 0x3367,
    0x7C8D, 0x7C6D, 0xADB2, 0xAD52, 0x3B25, 0x4BC7, 0x94CE, 0xB5AF, 0xC630, 0xCE51, 0xD6D2, 0xC68E, 0x9DD2, 0xBE5A, 0xBE5B, 0x249B,
    0x0C9D, 0x149D, 0x045D, 0x1C5C, 0x34BE, 0x34FE, 0x2CDE, 0x043D, 0x03FC, 0x141D, 0x141D, 0x0C1C, 0x2C9C, 0x349D, 0x44BD, 0x1CBD,
    0x041D, 0x041D, 0x047E, 0x045D, 0x147D, 0x249C, 0x155F, 0x25DF, 0x25DF, 0x1DBF, 0x1DBF, 0x1DBF, 0x159F, 0x159F, 0x159F, 0x159F,
    0x159F, 0x159F, 0x157F, 0x159F, 0x157F, 0x157F, 0x157F, 0x157F, 0x157F, 0x1D1E, 0x453D, 0x1D5F, 0x153F, 0x153F, 0x153F, 0x153F,
    0x1DFF, 0x161F, 0x05FF, 0x05DF, 0x05BF, 0x05BF, 0x0DFF, 0x161F, 0x0DBF, 0x15FF, 0x25FF, 0x15BF, 0x15DF, 0x0DBF, 0x0DBF, 0x0DDF,
    0x0E1F, 0x0DDF, 0x05BF, 0x059F, 0x059F, 0x0D7F, 0x0D9F, 0x059F, 0x059F, 0x059F, 0x055F, 0x055F, 0x055F, 0x055F, 0x051F, 0x055F,
    0x0D9F, 0x0D7F, 0x055F, 0x0D7F, 0x0DBF, 0x0DBF, 0x05BF, 0x05BF, 0x055F, 0x055F, 0x055E, 0x057F, 0x057F, 0x057F, 0x055E, 0x053E,
    0x055E, 0x055F, 0x05DF, 0x05DF, 0x05DF, 0x05BF, 0x05DF, 0x05FF, 0x061F, 0x061E, 0x061E, 0x063F, 0x063F, 0x063F, 0x063F, 0x063F,
    0x0E5F, 0x061F, 0x05BF, 0x05DF, 0x05BF, 0x05DF, 0x05DF, 0x05FF, 0x05DF, 0x05DF, 0x05BF, 0x05BF, 0x05BF, 0x05BF, 0x05DF, 0x05BF,
    0x057F, 0x059F, 0x059F, 0x059F, 0x059F, 0x059F, 0x057F, 0x057F, 0x057F, 0x059F, 0x059F, 0x059F, 0x059F, 0x059F, 0x057F, 0x057F,
    0x05BF, 0x057F, 0x047F, 0x049F, 0x047F, 0x045F, 0x049F, 0x049F, 0x047F, 0x049F, 0x151F, 0x157F, 0x0CDF, 0x04DF, 0x049F, 0x04BF,
    0x153F, 0x1D5F, 0x1D5F, 0x1D7F, 0x157F, 0x051F, 0x04FF, 0x051F, 0x051F, 0x0CBF, 0x045E, 0x151F, 0x1CFF, 0x045E, 0x045F, 0x049F,
    0x04FF, 0x669F, 0xAFFF, 0xDFFF, 0x9E7E, 0x1D3F, 0x04FF, 0x047F, 0x045F, 0x0C9F, 0x355F, 0x041E, 0x041E, 0x043F, 0x039E, 0x02FD,
    0x031D, 0x035D, 0x03BD, 0x03BE, 0x041F, 0x031E, 0x03DF, 0x3CDF, 0x0B5E, 0x031E, 0x1BDE, 0x447F, 0x341F, 0x6CFF, 0x64BF, 0x1B7E,
    0x02FD, 0x0B7E, 0x2C9F, 0x02F3, 0x0229, 0x1391, 0x0A47, 0x01E4, 0x01E5, 0x0105, 0x00A5, 0x01E7, 0x01E8, 0x01C8, 0x01A7, 0x00C4,
    0x00A4, 0x0166, 0x034C, 0x024A, 0x0084, 0x0084, 0x0146, 0x028A, 0x00E5, 0x00C5, 0x0126, 0x00C5, 0x0063, 0x3A4D, 0x42AE, 0x29CA,
    0x322C, 0x3A8E, 0x3A8E, 0x3A6F, 0x21EA, 0x220B, 0x324D, 0x326C, 0x324D, 0x324D, 0x1968, 0x21AA, 0x2A0C, 0x1127, 0x1128, 0x21EC,
    0x0126, 0x01A6, 0x0206, 0x01A5, 0x1A64, 0x0AA5, 0x2BA5, 0x2BE5, 0x0A24, 0x0144, 0x0124, 0x3AC4, 0x8DE6, 0x85A6, 0x2B44, 0x5564,
    0x5DA5, 0x5584, 0x9624, 0xA6E5, 0x9F25, 0x8EA4, 0x8E84, 0x8E44, 0x4443, 0x23A3, 0x3363, 0x23C3, 0x1B63, 0x1323, 0x3422, 0xA5C3,
    0x32A5, 0x09E6, 0x1AC5, 0x4C25, 0xC4E4, 0xFD00, 0xE6A1, 0x2A67, 0x1249, 0x1B86, 0xAE73, 0x84B1, 0x334C, 0x2288, 0x1105, 0x9412,
    0x732F, 0x8C11, 0xF739, 0xE6D8, 0xDE56, 0xEE98, 0xDE57, 0xCDD3, 0xC5F1, 0x5B89, 0x7488, 0xC62E, 0xD5D1, 0xDE33, 0xE673, 0xCEB5,
    0xCEF8, 0xB6BD, 0x14BE, 0x1CFE, 0x3D3E, 0x3D3F, 0x351E, 0x045E, 0x041D, 0x2C5D, 0x347E, 0x2C7D, 0x2CDD, 0x2CFD, 0x3D3D, 0x2DBE,
    0x1DFF, 0x1D9F, 0x0D3F, 0x041C, 0x14BD, 0x1D9E, 0x261E, 0x365E, 0x2E1F, 0x2E1F, 0x2E1F, 0x2E1F, 0x261F, 0x25FF, 0x25FF, 0x25FF,
    0x261F, 0x261F, 0x261F, 0x261F, 0x25FF, 0x25FF, 0x25FF, 0x1DFF, 0x0DDF, 0x0D9F, 0x4E1E, 0x15FF, 0x0DDF, 0x0DDF, 0x059F, 0x051F,
    0x053F, 0x051F, 0x051F, 0x051F, 0x051F, 0x04FF, 0x04FF, 0x04FF, 0x04DF, 0x04DF, 0x04BF, 0x04BF, 0x04DF, 0x04DF, 0x04DF, 0x04FE,
    0x057F, 0x059F, 0x059F, 0x05DF, 0x05DF, 0x05FF, 0x05FF, 0x05FF, 0x05DF, 0x05FF, 0x061F, 0x061F, 0x061F, 0x063F, 0x063F, 0x061F,
    0x05FF, 0x05FF, 0x05FF, 0x05FF, 0x05FF, 0x05FF, 0x05FF, 0x05FF, 0x05FF, 0x05FF, 0x05FF, 0x05FF, 0x05FF, 0x05DF, 0x05BF, 0x05BF,
    0x05DF, 0x05DF, 0x05FF, 0x05FF, 0x05FF, 0x369F, 0x2F1F, 0x1F1F, 0x6F5F, 0x777F, 0x775F, 0x575F, 0x2F7F, 0x2F5F, 0x1F3F, 0x679F,
    0x87BF, 0x8F9F, 0x675F, 0x6F5F, 0x777F, 0x26DF, 0x0EBF, 0x0EBF, 0x16DF, 0x3EFF, 0x3F1F, 0x2EBF, 0x169F, 0x26BF, 0x1E9F, 0x169F,
    0x0E3F, 0x05FF, 0x05FF, 0x05FF, 0x05DF, 0x05DF, 0x05DF, 0x05DF, 0x05DF, 0x05DF, 0x05DF, 0x05DF, 0x05FF, 0x05FF, 0x05FF, 0x05FF,
    0x05FF, 0x05DF, 0x057F, 0x057F, 0x055F, 0x055F, 0x155F, 0x1D7F, 0x155F, 0x159F, 0x15FF, 0x161F, 0x0DDF, 0x05DF, 0x05BF, 0x15FF,
    0x261F, 0x263F, 0x263F, 0x2E3F, 0x261F, 0x15DF, 0x15DF, 0x15BF, 0x0D7F, 0x055F, 0x257F, 0x7E5F, 0x357F, 0x049F, 0x047F, 0x047F,
    0x04DF, 0x1CDD, 0x86FE, 0xE7FF, 0xCF3F, 0x4E7F, 0x065F, 0x05FF, 0x04FF, 0x04FF, 0x055F, 0x04DF, 0x04DF, 0x04FF, 0x049F, 0x037E,
    0x035D, 0x03BD, 0x039C, 0x03FE, 0x03FF, 0x02DD, 0x03FF, 0x249F, 0x033E, 0x033E, 0x1BDE, 0x447F, 0x33FF, 0x5CBF, 0x5CBF, 0x341E,
    0x033F, 0x0296, 0x01E9, 0x022A, 0x01A6, 0x0124, 0x0165, 0x0184, 0x0124, 0x00A6, 0x00A6, 0x00A4, 0x01A6, 0x01E7, 0x01A7, 0x00A4,
    0x0084, 0x02AA, 0x030C, 0x01C8, 0x0209, 0x00E6, 0x0043, 0x00C5, 0x0146, 0x0083, 0x00A4, 0x00A5, 0x196A, 0x4B11, 0x322C, 0x320B,
    0x42D0, 0x3A8F, 0x3A8F, 0x2A4D, 0x220C, 0x222C, 0x2A4C, 0x324C, 0x324D, 0x322D, 0x2189, 0x29EC, 0x21AA, 0x1108, 0x198B, 0x2A0D,
    0x0126, 0x0247, 0x0BE7, 0x0266, 0x33A5, 0x2BA4, 0x01E6, 0x1305, 0x75E4, 0x7604, 0x3324, 0x0923, 0x85C5, 0x5506, 0x01E4, 0x1244,
    0x4C83, 0x75C3, 0x6D64, 0x8E64, 0x7583, 0x8624, 0x96A4, 0x9EC4, 0xAF05, 0xC6E5, 0xAE65, 0x2C24, 0x6D64, 0x7D84, 0x5563, 0x6563,
    0x2384, 0x2304, 0x4CC2, 0x2AC2, 0x41E2, 0xB421, 0x21A4, 0x1248, 0x0269, 0x2267, 0x3B2B, 0x22EA, 0x1288, 0x0984, 0x31EB, 0x428E,
    0x21CC, 0x2A2B, 0x42CA, 0x4A8C, 0xAD34, 0xE698, 0xCDF5, 0xE675, 0xE653, 0xCDD3, 0xCE12, 0xDE72, 0xD653, 0xDED4, 0xF7B4, 0xFFD5,
    0xFF56, 0xFF7A, 0xBEDE, 0x24BD, 0x2CDE, 0x3CFE, 0x1C5D, 0x03FD, 0x03FC, 0x0C3D, 0x0C5D, 0x247D, 0x24DC, 0x24FC, 0x351C, 0x2DDE,
    0x0D12, 0x1E5D, 0x1E3F, 0x0DBF, 0x15DE, 0x0C0E, 0x55C4, 0xA729, 0x363D, 0x2E3F, 0x2E3F, 0x2E3F, 0x2E3F, 0x1DFF, 0x15BF, 0x261F,
    0x15FF, 0x0DBF, 0x15BF, 0x159F, 0x155F, 0x159F, 0x159F, 0x0D7F, 0x0D7F, 0x0D7F, 0x35DE, 0x0D5F, 0x051F, 0x051F, 0x051F, 0x04FF,
    0x04DF, 0x04BF, 0x04DF, 0x04FF, 0x04FF, 0x04DF, 0x04FF, 0x04DF, 0x04DF, 0x04BF, 0x04BF, 0x04DF, 0x04FF, 0x04FF, 0x04FF, 0x053F,
    0x053F, 0x053F, 0x053F, 0x053F, 0x053F, 0x051F, 0x051F, 0x051F, 0x051F, 0x051F, 0x053F, 0x053F, 0x053F, 0x055F, 0x055F, 0x055F,
    0x055F, 0x053F, 0x055F, 0x055F, 0x05BF, 0x05DF, 0x2EBF, 0x2EDF, 0x2EDF, 0x16DF, 0x3EFF, 0x471F, 0x1F1F, 0x3F1F, 0x4F3F, 0x373F,
    0x271F, 0x471F, 0x2F1F, 0x271F, 0x0EFF, 0x0EDF, 0x0EFF, 0x069F, 0x167F, 0x1E9F, 0x1E7F, 0x163F, 0x0E1F, 0x063F, 0x063F, 0x163F,
    0x1E1F, 0x1DFF, 0x15FF, 0x1DFF, 0x1DFF, 0x0DDF, 0x05BF, 0x05BF, 0x05BF, 0x0DBF, 0x0DBF, 0x0DBF, 0x05BF, 0x15DF, 0x059F, 0x057F,
    0x057F, 0x057F, 0x057F, 0x055F, 0x057F, 0x057F, 0x057F, 0x057F, 0x057F, 0x057F, 0x057F, 0x057F, 0x057F, 0x057F, 0x059F, 0x057F,
    0x059F, 0x057F, 0x059F, 0x059F, 0x04FF, 0x045E, 0x0D3F, 0x15BF, 0x0D9F, 0x0DBF, 0x059F, 0x05BF, 0x051F, 0x049F, 0x049F, 0x0CBF,
    0x0CFF, 0x0CFF, 0x0D1F, 0x1DBF, 0x1D3F, 0x0C5F, 0x0C5F, 0x0C7F, 0x047F, 0x047F, 0x14BF, 0x6D9F, 0x2CFF, 0x04BF, 0x04BF, 0x04DF,
    0x1DDF, 0x96DF, 0xB79F, 0xEFFF, 0xFFFF, 0xD7DF, 0x2DFE, 0x04FF, 0x04DF, 0x047F, 0x04BF, 0x047F, 0x047F, 0x047F, 0x03FF, 0x031D,
    0x02FC, 0x033D, 0x031D, 0x035D, 0x02FD, 0x031E, 0x033E, 0x13BF, 0x031E, 0x033D, 0x0BBE, 0x54BF, 0x4C9F, 0x653F, 0x757F, 0x1BBF,
    0x02DB, 0x01AA, 0x01A7, 0x0165, 0x0145, 0x0148, 0x3D79, 0x120A, 0x0107, 0x04BA, 0x028F, 0x00C5, 0x0145, 0x0126, 0x00C6, 0x00C5,
    0x0064, 0x0166, 0x01C7, 0x01A7, 0x01C8, 0x00C5, 0x0147, 0x0106, 0x00C5, 0x0063, 0x0083, 0x0042, 0x29AA, 0x42AF, 0x322C, 0x3A8E,
    0x328D, 0x324C, 0x2A2C, 0x324E, 0x2A2D, 0x2A2D, 0x324D, 0x324D, 0x324D, 0x322C, 0x322C, 0x324D, 0x198A, 0x1149, 0x198A, 0x21EC,
    0x0268, 0x0268, 0x02E7, 0x0247, 0x33C6, 0x5505, 0x0A47, 0x6D86, 0x9F04, 0x8EC4, 0x7584, 0x0083, 0x5464, 0x8EC4, 0x1AA5, 0x00C4,
    0x2263, 0x75A3, 0x75C4, 0x96A4, 0x5BE3, 0x64C3, 0x6DE4, 0x7E04, 0x8E65, 0xD745, 0xA6C5, 0x8E66, 0x7DC5, 0x8E24, 0xB6E3, 0x9663,
    0x6543, 0x9624, 0x8E44, 0x6583, 0x6D43, 0x1124, 0x0126, 0x0946, 0x1145, 0xAD44, 0x4386, 0x0208, 0x08C4, 0x2149, 0x3A6F, 0x322E,
    0x3A8E, 0x2AAB, 0x2249, 0x324E, 0x3A6E, 0x3A4D, 0x324C, 0xBDD5, 0xCE15, 0xEF18, 0xCE14, 0xDEB5, 0xF7D6, 0xE712, 0xDE6F, 0xBD2D,
    0xA48D, 0xCD6E, 0xF695, 0xA6BE, 0x24BE, 0x2CFE, 0x0C9E, 0x045D, 0x0C5D, 0x2CBC, 0x347D, 0x445D, 0x34FD, 0x351E, 0x251D, 0x2DDF,
    0x03CD, 0x1369, 0x2E9F, 0x1EDF, 0x0371, 0x2BC3, 0x9F87, 0x970C, 0x1DFD, 0x1DFF, 0x261F, 0x1E1F, 0x1DFF, 0x0D9F, 0x055F, 0x161F,
    0x163F, 0x163F, 0x1E1F, 0x1E3F, 0x1E1F, 0x1E1F, 0x1E3F, 0x263F, 0x1E1F, 0x161F, 0x1DBE, 0x05DF, 0x0DBF, 0x0DBF, 0x05BF, 0x059F,
    0x05BF, 0x059F, 0x059F, 0x055F, 0x0DBF, 0x0DFF, 0x0DFF, 0x15FF, 0x0DFF, 0x0DFF, 0x0DDF, 0x0DFF, 0x0DFF, 0x0DDF, 0x0DDF, 0x05DF,
    0x0DDF, 0x0DBF, 0x05BF, 0x05BF, 0x055F, 0x04BF, 0x04BE, 0x04BE, 0x04BE, 0x04BE, 0x04BE, 0x04BF, 0x04BF, 0x04BF, 0x04BF, 0x04BF,
    0x04FF, 0x04DF, 0x04DF, 0x04DF, 0x059F, 0x063F, 0x05FF, 0x05DF, 0x05DF, 0x05DF, 0x05DF, 0x05BF, 0x05DF, 0x05DF, 0x05DF, 0x05DF,
    0x05DF, 0x05FF, 0x05FF, 0x05DF, 0x05BF, 0x05DF, 0x05BF, 0x05BF, 0x059F, 0x059F, 0x05BF, 0x055F, 0x04FF, 0x051F, 0x051F, 0x053F,
    0x055F, 0x051F, 0x053F, 0x053F, 0x04DF, 0x04BE, 0x04DE, 0x04DE, 0x04DF, 0x04DF, 0x04DF, 0x04DF, 0x04DF, 0x04FF, 0x04BF, 0x04BF,
    0x04BF, 0x04DF, 0x04DF, 0x04DF, 0x04DF, 0x04FF, 0x04FF, 0x04FF, 0x04FF, 0x051F, 0x053F, 0x053F, 0x053F, 0x057F, 0x059F, 0x059F,
    0x059F, 0x057F, 0x053F, 0x053F, 0x051F, 0x053F, 0x051F, 0x053F, 0x053F, 0x053F, 0x055F, 0x055F, 0x055F, 0x053F, 0x25BF, 0x2DFF,
    0x2DFF, 0x35FF, 0x2DFF, 0x2E1F, 0x2DFF, 0x25DF, 0x1D9F, 0x1DBF, 0x1DBF, 0x04FF, 0x04FF, 0x1D3F, 0x151F, 0x04FF, 0x04DF, 0x04DF,
    0x053F, 0x0CDE, 0x463F, 0xD7DF, 0x665F, 0x155E, 0x0D1F, 0x04FF, 0x04FF, 0x04FF, 0x155F, 0x157F, 0x0D3F, 0x0D3F, 0x04DF, 0x039E,
    0x031D, 0x03BD, 0x039D, 0x03FE, 0x031D, 0x033E, 0x033E, 0x34BF, 0x0B3E, 0x037E, 0x039E, 0x3C5F, 0x5CFF, 0x6D5F, 0x6D7F, 0x3C7F,
    0x035E, 0x039C, 0x022A, 0x0145, 0x00A5, 0x0BF5, 0x2F3F, 0x0189, 0x00E6, 0x0E1D, 0x0E3D, 0x0A2D, 0x0063, 0x00A5, 0x0085, 0x00A6,
    0x0106, 0x01A7, 0x0165, 0x0166, 0x0083, 0x0043, 0x0126, 0x0147, 0x0147, 0x00A5, 0x00A4, 0x0084, 0x29CB, 0x324D, 0x220B, 0x1989,
    0x21A9, 0x42AD, 0x3A8E, 0x2A4E, 0x324D, 0x324E, 0x326E, 0x326D, 0x324D, 0x324D, 0x322D, 0x21CB, 0x198A, 0x1127, 0x21AB, 0x2A0D,
    0x0228, 0x0269, 0x01E7, 0x0147, 0x1C08, 0x12A7, 0x0146, 0x6D84, 0x8E64, 0x96A4, 0x6CE5, 0x00E4, 0x7524, 0xA724, 0x1AA4, 0x2264,
    0x7604, 0x8643, 0x8E44, 0x5CA4, 0x6C45, 0x7544, 0x6DC2, 0x6DA3, 0x8604, 0x7D83, 0x9DE3, 0xFFE7, 0x9666, 0x9EC4, 0xDF42, 0xFEE1,
    0xB664, 0xA6A4, 0xB725, 0xB725, 0x9663, 0x33A5, 0x33C6, 0x11C5, 0xB524, 0x6384, 0x00E7, 0x0927, 0x08A6, 0x31AD, 0x3A8E, 0x4B2D,
    0x32CD, 0x32ED, 0x3AAF, 0x326F, 0x2A4D, 0x2A0C, 0x2A0C, 0x21AB, 0x3A4C, 0xB532, 0x3A09, 0x3207, 0x7465, 0x84C6, 0x7C68, 0x9CCB,
    0xBE2B, 0xEED5, 0xDDD1, 0xFF58, 0x7E3E, 0x0CFF, 0x0C7E, 0x03DE, 0x041D, 0x14DD, 0x1C7D, 0x1C7F, 0x251D, 0x2498, 0x25FF, 0x1E5F,
    0x157C, 0x0226, 0x2556, 0x0DDD, 0x0AC9, 0x7DC6, 0xB7C6, 0x8F0E, 0x4EBB, 0x265F, 0x2E3F, 0x1E1F, 0x0DDF, 0x0DBF, 0x059F, 0x057F,
    0x05BF, 0x059F, 0x053F, 0x059F, 0x059F, 0x059F, 0x059F, 0x057F, 0x057F, 0x055F, 0x4E1F, 0x0DBF, 0x0DBF, 0x0DDF, 0x0DDF, 0x057F,
    0x059F, 0x057F, 0x04FF, 0x051F, 0x051F, 0x04FF, 0x04FF, 0x04FF, 0x04FF, 0x04FF, 0x04FF, 0x04FF, 0x04FF, 0x051F, 0x051F, 0x051F,
    0x051F, 0x051F, 0x051F, 0x051F, 0x051F, 0x051F, 0x04FF, 0x051F, 0x053F, 0x053F, 0x055F, 0x055F, 0x055F, 0x055F, 0x055F, 0x05BF,
    0x05DF, 0x05BF, 0x055F, 0x055F, 0x053F, 0x053F, 0x053F, 0x053F, 0x053F, 0x051F, 0x051F, 0x04FF, 0x051F, 0x04FF, 0x04FF, 0x04DE,
    0x04DF, 0x04DF, 0x051F, 0x04FF, 0x04DE, 0x04DE, 0x04DF, 0x051F, 0x051F, 0x051F, 0x051F, 0x051F, 0x051F, 0x053F, 0x051F, 0x051E,
    0x051E, 0x053F, 0x053F, 0x053F, 0x051F, 0x055F, 0x055F, 0x055F, 0x057F, 0x059F, 0x059F, 0x057F, 0x059F, 0x059F, 0x059F, 0x059F,
    0x057F, 0x055F, 0x055F, 0x053F, 0x053F, 0x053F, 0x051F, 0x051F, 0x053F, 0x04FF, 0x04FF, 0x053F, 0x0DBF, 0x0DBF, 0x05BF, 0x05DF,
    0x0DDF, 0x0DBF, 0x0DDF, 0x0DDF, 0x0DDF, 0x0DDF, 0x0DDF, 0x0DDF, 0x0DDF, 0x0DBF, 0x05BF, 0x0DBF, 0x0DBF, 0x0DBF, 0x0D9F, 0x15BF,
    0x15BF, 0x0D9F, 0x0D9F, 0x15BF, 0x159F, 0x15BF, 0x0CFF, 0x0CDF, 0x0CFF, 0x0CFF, 0x051F, 0x5EBF, 0x2DBF, 0x04FF, 0x053F, 0x057F,
    0x051F, 0x047E, 0x0D9E, 0xAF3F, 0x657D, 0x0CBE, 0x055F, 0x0D3F, 0x04DF, 0x04DF, 0x2DFF, 0x2DFF, 0x2DFF, 0x2E3F, 0x0D1F, 0x03BD,
    0x035D, 0x047E, 0x059F, 0x04DF, 0x02FD, 0x031D, 0x033D, 0x03FF, 0x02FD, 0x035D, 0x041F, 0x44DF, 0x651F, 0x653F, 0x6D5F, 0x5CFF,
    0x0BFF, 0x039C, 0x0148, 0x0355, 0x0337, 0x0D3B, 0x0E9F, 0x2AED, 0x2AAB, 0x01AA, 0x02D1, 0x0989, 0x0043, 0x0107, 0x0168, 0x01CA,
    0x00A6, 0x0126, 0x0106, 0x0166, 0x00E5, 0x0084, 0x0084, 0x00C4, 0x0127, 0x0127, 0x00C6, 0x0063, 0x31EB, 0x3A6E, 0x10E6, 0x1908,
    0x29AB, 0x3A6D, 0x220A, 0x2A4C, 0x324D, 0x326E, 0x326E, 0x326D, 0x326E, 0x326E, 0x21EB, 0x196A, 0x198A, 0x1107, 0x1969, 0x1169,
    0x0249, 0x0289, 0x0208, 0x0126, 0x0B88, 0x0247, 0x0145, 0x3C24, 0x65A4, 0x6D05, 0x09E4, 0x01A5, 0x6C85, 0xBEE4, 0x2243, 0x6D44,
    0x8644, 0x8E03, 0x6C63, 0x32E3, 0x2243, 0x1B03, 0x54E2, 0x6D83, 0x4CA2, 0xA562, 0xF760, 0xFE40, 0xEE82, 0xDEC2, 0xF600, 0xFF03,
    0xCF44, 0x8E44, 0xAEE5, 0xCF27, 0x9E84, 0xB724, 0xA783, 0x85C4, 0xBE04, 0x09A4, 0x4244, 0x10C4, 0x11A6, 0x4B89, 0x3ACC, 0x74AA,
    0x330D, 0x2A8D, 0x32B0, 0x224C, 0x1A28, 0x2A0B, 0x322C, 0x29EB, 0x4AAE, 0xFF5A, 0xB594, 0x8C50, 0x94B0, 0x4286, 0x7C2A, 0xFF78,
    0xDEB1, 0xEF17, 0xDE54, 0xEED5, 0xAEDB, 0x151E, 0x047E, 0x047D, 0x049D, 0x151C, 0x153D, 0x0CFB, 0x0B07, 0x0220, 0x3C8B, 0x4E98,
    0x06BF, 0x0495, 0x0B29, 0x04B7, 0x33A0, 0x7622, 0x4E51, 0x0E1F, 0x063F, 0x063F, 0x0E3F, 0x1E3F, 0x1E1F, 0x15BF, 0x0D7F, 0x0D7F,
    0x0D5F, 0x0D5F, 0x0D3F, 0x051F, 0x053F, 0x053F, 0x053F, 0x053F, 0x051F, 0x04FF, 0x1CDE, 0x04DF, 0x04FF, 0x04BF, 0x049F, 0x04BF,
    0x049F, 0x047E, 0x049E, 0x049E, 0x049E, 0x049E, 0x049E, 0x049E, 0x049E, 0x049E, 0x049E, 0x049E, 0x049E, 0x049E, 0x04BE, 0x04BE,
    0x04BF, 0x04BF, 0x04BF, 0x04BF, 0x04BF, 0x04BF, 0x04BE, 0x04DF, 0x04FF, 0x04FF, 0x055F, 0x055F, 0x053F, 0x05BF, 0x05BF, 0x059F,
    0x05BF, 0x05DF, 0x05BF, 0x05BF, 0x05BF, 0x059F, 0x05BF, 0x05BF, 0x059F, 0x057F, 0x057F, 0x059F, 0x057F, 0x057F, 0x055F, 0x055F,
    0x055F, 0x055F, 0x055F, 0x057F, 0x059F, 0x055F, 0x055F, 0x055F, 0x0E1F, 0x1E7F, 0x163F, 0x0DFF, 0x0E7F, 0x067F, 0x065F, 0x065F,
    0x269F, 0x36DF, 0x0E7F, 0x167F, 0x3E7F, 0x167F, 0x167F, 0x1E9F, 0x169F, 0x0E5F, 0x063F, 0x0E3F, 0x0E3F, 0x063F, 0x063F, 0x061F,
    0x05BF, 0x057F, 0x057F, 0x055F, 0x051F, 0x051F, 0x051F, 0x051F, 0x051F, 0x051F, 0x051F, 0x051F, 0x051F, 0x051F, 0x051F, 0x051F,
    0x051F, 0x051F, 0x055F, 0x055F, 0x055F, 0x055F, 0x055F, 0x055F, 0x055F, 0x0D7F, 0x0DBF, 0x15DF, 0x1DDF, 0x25FF, 0x25FF, 0x2E1F,
    0x2E1F, 0x2E1F, 0x2E1F, 0x2E1F, 0x2E1F, 0x2E1F, 0x263F, 0x263F, 0x25FF, 0x15BF, 0x0DBF, 0x3E5F, 0x1DBF, 0x055F, 0x051F, 0x051E,
    0x059F, 0x56BF, 0x77BF, 0xCFFF, 0xD7DF, 0x5F3F, 0x0EBF, 0x161F, 0x0D7F, 0x0CFF, 0x0CDF, 0x04BF, 0x153F, 0x0CDF, 0x049F, 0x0C7F,
    0x033D, 0x049F, 0x04DF, 0x049F, 0x033E, 0x037E, 0x037D, 0x03FE, 0x035D, 0x03FD, 0x047F, 0x449F, 0x653F, 0x6D5F, 0x6D7F, 0x343F,
    0x035F, 0x035F, 0x035F, 0x039E, 0x03BE, 0x055E, 0x059D, 0x673F, 0x9FBF, 0x120B, 0x0A0B, 0x1BB2, 0x020B, 0x01CB, 0x01A9, 0x01A8,
    0x0106, 0x0188, 0x0168, 0x0106, 0x0063, 0x0167, 0x01E9, 0x00C5, 0x00E6, 0x0127, 0x00C6, 0x08A4, 0x3A6D, 0x42F0, 0x2189, 0x1927,
    0x1928, 0x29EA, 0x19A9, 0x2A4C, 0x326D, 0x324E, 0x326E, 0x326E, 0x3A6E, 0x2A0C, 0x198A, 0x196A, 0x196A, 0x196A, 0x1149, 0x10E6,
    0x028A, 0x028A, 0x01C8, 0x0166, 0x0207, 0x01A6, 0x22A5, 0x1225, 0x2365, 0x1224, 0x09C4, 0x01C5, 0x4B84, 0x7463, 0x22C3, 0x75A4,
    0x75A3, 0x3303, 0x0183, 0x22C4, 0x5D22, 0x23C3, 0x3C83, 0x9763, 0x5523, 0x8C62, 0xFE20, 0xED40, 0xABE1, 0xAC41, 0xFEC7, 0xFEC2,
    0xD662, 0xAE22, 0x85C2, 0x8E23, 0x9EC5, 0xE6E6, 0xD6C5, 0xCF85, 0xEF84, 0x9DA3, 0xC683, 0x4384, 0x6482, 0x8DE2, 0x1A4A, 0x2A4C,
    0x326E, 0x3ACD, 0x436B, 0x1A29, 0x220A, 0x2A0D, 0x19AB, 0x322C, 0x428D, 0xAD33, 0xEF1A, 0xE6D9, 0xF739, 0xC5D5, 0x2145, 0xBD0F,
    0xFF37, 0xEEF7, 0xEEF8, 0xEEF7, 0xFFFA, 0x5DDC, 0x047D, 0x04BC, 0x04BC, 0x151C, 0x253D, 0x1C57, 0x030B, 0x0263, 0x01C0, 0x6CA2,
    0x6F35, 0x05BB, 0x146E, 0x03EC, 0x4CC0, 0x3D6F, 0x05BF, 0x2E7D, 0x66F6, 0x7F12, 0x4616, 0x0DBF, 0x0DBF, 0x0DDF, 0x15DF, 0x15FF,
    0x15FF, 0x0DBF, 0x0DDF, 0x0E5F, 0x063F, 0x063F, 0x061F, 0x05DF, 0x059F, 0x05DF, 0x2E5F, 0x0E3F, 0x05DF, 0x055F, 0x04FF, 0x04FF,
    0x04FF, 0x04FF, 0x04FF, 0x04FE, 0x04FE, 0x04FF, 0x04FF, 0x04FF, 0x051F, 0x051F, 0x051F, 0x04FF, 0x04FF, 0x051F, 0x051F, 0x051F,
    0x051F, 0x04FF, 0x051F, 0x04FF, 0x04FF, 0x04FF, 0x04FF, 0x04FF, 0x04DF, 0x04DF, 0x051F, 0x04FE, 0x04FF, 0x053E, 0x051E, 0x04FE,
    0x059F, 0x059F, 0x059F, 0x05DF, 0x05DF, 0x05FF, 0x05FF, 0x05FF, 0x061F, 0x0E9F, 0x06BF, 0x06BF, 0x069F, 0x067F, 0x1EBF, 0x26DF,
    0x36FF, 0x36DF, 0x06BF, 0x06DF, 0x1F1F, 0x16DF, 0x069F, 0x06BF, 0x0F1F, 0x2F3F, 0x1EDF, 0x0E9F, 0x0EDF, 0x069F, 0x067F, 0x069F,
    0x369F, 0x4E7F, 0x065F, 0x165F, 0x4E5F, 0x161F, 0x163F, 0x1E3F, 0x161F, 0x05BF, 0x051F, 0x051F, 0x051F, 0x051F, 0x04FF, 0x04FF,
    0x04DF, 0x051F, 0x053F, 0x053F, 0x053F, 0x055F, 0x055F, 0x053F, 0x051F, 0x051F, 0x053F, 0x057F, 0x055F, 0x057F, 0x057F, 0x055F,
    0x055F, 0x055F, 0x055F, 0x0D5F, 0x0D5F, 0x0D5F, 0x0D7F, 0x0D7F, 0x0D5F, 0x0D7F, 0x059F, 0x059F, 0x057F, 0x0D9F, 0x0D9F, 0x0DBF,
    0x0DBF, 0x0DBF, 0x0DBF, 0x15BF, 0x15DF, 0x15BF, 0x15FF, 0x0DFF, 0x157F, 0x155F, 0x0D3F, 0x0D9F, 0x0D7F, 0x25BF, 0x661F, 0x6E1F,
    0x76BF, 0xC7FF, 0xB7DF, 0xE7FF, 0x977F, 0x879F, 0x5F1F, 0x3E9F, 0x467F, 0x1DFF, 0x1DFF, 0x25FF, 0x1DBF, 0x14DF, 0x147F, 0x149F,
    0x045E, 0x0CBF, 0x0CFF, 0x04BF, 0x033D, 0x033E, 0x02FD, 0x039E, 0x039E, 0x0BDE, 0x147F, 0x3CDF, 0x5D3F, 0x5D5F, 0x6D7F, 0x149F,
    0x049E, 0x049F, 0x047F, 0x045E, 0x043D, 0x059F, 0x059F, 0x02B1, 0x44D5, 0x1C94, 0x00C5, 0x01C9, 0x026C, 0x00E7, 0x01C8, 0x0229,
    0x0166, 0x0126, 0x00E6, 0x00E6, 0x0043, 0x0083, 0x0249, 0x0106, 0x0085, 0x0107, 0x0043, 0x1947, 0x4B0F, 0x21A8, 0x322C, 0x320C,
    0x320A, 0x3A07, 0x00A6, 0x324E, 0x3A6F, 0x324E, 0x324E, 0x2A4C, 0x324D, 0x198A, 0x198A, 0x198B, 0x1128, 0x1106, 0x1107, 0x1129,
    0x0168, 0x0188, 0x00E6, 0x0166, 0x0165, 0x0186, 0x1A86, 0x01C6, 0x01C6, 0x1225, 0x1184, 0x0205, 0x3C24, 0x0A04, 0x3424, 0x6DE3,
    0x33C3, 0x0164, 0x0304, 0x2304, 0x7582, 0x6E03, 0x3444, 0x2B43, 0x0A03, 0x00C2, 0x8281, 0xFEE0, 0xB643, 0x8462, 0xEE45, 0xFE61,
    0xFFA4, 0xC602, 0x4420, 0x6D82, 0xA725, 0xB705, 0xCF04, 0xD6C4, 0xEEE2, 0xDF62, 0xAEE4, 0x7E44, 0xADE3, 0xCDE2, 0x8525, 0x3309,
    0x09AC, 0x3B0A, 0x4BC8, 0x328B, 0x220C, 0x4B2A, 0x8487, 0x3A6D, 0x2A2D, 0x636F, 0xDE14, 0xBD51, 0xB531, 0xDE57, 0x52C9, 0x5287,
    0xFF38, 0xFF37, 0xF6D6, 0xEED7, 0xFFBB, 0x5DBD, 0x047E, 0x049D, 0x0C7D, 0x34FD, 0x451C, 0x457E, 0x1DDF, 0x0415, 0x0202, 0x01E0,
    0x5D09, 0x0F3F, 0x0DB4, 0x0A20, 0x5E0A, 0x2EDF, 0x165D, 0x96A7, 0x8541, 0x85C8, 0x3D75, 0x04FF, 0x051F, 0x053F, 0x057F, 0x051F,
    0x04FF, 0x04DF, 0x04DF, 0x057F, 0x055F, 0x053F, 0x053F, 0x04DF, 0x04BF, 0x051F, 0x053F, 0x055F, 0x053F, 0x055F, 0x055F, 0x055F,
    0x055F, 0x057F, 0x057F, 0x057F, 0x057F, 0x057F, 0x057F, 0x057F, 0x057F, 0x057F, 0x057F, 0x057F, 0x057F, 0x057F, 0x059F, 0x059F,
    0x057F, 0x057F, 0x057F, 0x057F, 0x057F, 0x057F, 0x057F, 0x055F, 0x053F, 0x053F, 0x053F, 0x053F, 0x051F, 0x051F, 0x053F, 0x053F,
    0x053F, 0x051F, 0x04FF, 0x04FF, 0x04DE, 0x051F, 0x051F, 0x04FF, 0x05BF, 0x0E3F, 0x061F, 0x063F, 0x065F, 0x063F, 0x167F, 0x1E9F,
    0x2E9F, 0x2E9F, 0x065F, 0x063F, 0x169F, 0x0E7F, 0x067F, 0x061F, 0x05DF, 0x05BF, 0x05BF, 0x057F, 0x055F, 0x051F, 0x053F, 0x055F,
    0x051F, 0x04BE, 0x04DE, 0x04DE, 0x04DF, 0x04FF, 0x04FF, 0x04DF, 0x04DF, 0x04DF, 0x049E, 0x049E, 0x047E, 0x047E, 0x047E, 0x047E,
    0x049E, 0x047E, 0x047E, 0x047E, 0x049F, 0x04BE, 0x04BF, 0x04FF, 0x051F, 0x051F, 0x053F, 0x059F, 0x057F, 0x057F, 0x057F, 0x057F,
    0x057F, 0x059F, 0x059F, 0x0D7F, 0x0D9F, 0x059F, 0x0D9F, 0x0D9F, 0x0D9F, 0x0D9F, 0x059F, 0x0DBF, 0x05FF, 0x05DF, 0x15FF, 0x15FF,
    0x15FF, 0x15FF, 0x15FF, 0x15FF, 0x1DFF, 0x1DDF, 0x1DFF, 0x1E1F, 0x265F, 0x265F, 0x163F, 0x1E7F, 0x0DDF, 0x25DF, 0x6F1F, 0x777F,
    0x673F, 0x671F, 0xE7FF, 0xFFFF, 0xF7FF, 0xDFFF, 0x9FDF, 0x97BF, 0x677F, 0x36BF, 0x157F, 0x155F, 0x1DDF, 0x1E1F, 0x155F, 0x0CFF,
    0x047D, 0x047D, 0x0CBE, 0x047E, 0x031C, 0x031D, 0x033D, 0x037E, 0x035E, 0x13DD, 0x1CBF, 0x3CFF, 0x453F, 0x4D3F, 0x5D3F, 0x149F,
    0x049F, 0x047E, 0x045E, 0x047F, 0x04FF, 0x0395, 0x0BD1, 0x0166, 0x00C3, 0x0105, 0x0146, 0x01E9, 0x0147, 0x00A5, 0x0126, 0x0167,
    0x00C5, 0x00C5, 0x01E9, 0x0126, 0x0863, 0x00E5, 0x0249, 0x0187, 0x00A5, 0x0084, 0x0083, 0x2A0B, 0x428A, 0x3A4A, 0x2A0C, 0x29EC,
    0x322B, 0x4ACB, 0x31C8, 0x08E6, 0x324D, 0x326E, 0x2A4D, 0x224B, 0x2A6D, 0x21AB, 0x196A, 0x196A, 0x1949, 0x10E6, 0x1109, 0x194A,
    0x00E6, 0x00A6, 0x00C5, 0x0126, 0x0063, 0x01A7, 0x0167, 0x0208, 0x0228, 0x0145, 0x0145, 0x02C6, 0x01C5, 0x0103, 0x4CE3, 0x5DC2,
    0x09E5, 0x0A05, 0x02A4, 0x5CE4, 0x9EC3, 0x3383, 0x4203, 0xAC82, 0x9C81, 0xA501, 0x3303, 0x5CE2, 0xDFA3, 0xCD21, 0x7BA0, 0x9DA1,
    0xDFC1, 0xD6C1, 0x54A1, 0x9562, 0xEEE3, 0x8E43, 0x8644, 0xC624, 0xF6A5, 0x9DE4, 0x8E44, 0x7E43, 0xAE25, 0xEE86, 0xB6C3, 0x8DE4,
    0x74E4, 0x2B04, 0x0185, 0x1A86, 0x12A9, 0xADC4, 0x94A6, 0x2A2C, 0x5B49, 0xCDC5, 0xFDC3, 0xFE4D, 0xCE36, 0xD5D5, 0x7C6C, 0x22A6,
    0x7B8D, 0x842C, 0xA56F, 0xE634, 0xD591, 0xCDD5, 0x2CBC, 0x049D, 0x049D, 0x1CFC, 0x1D5D, 0x1DDE, 0x0D9E, 0x05DF, 0x0268, 0x01E0,
    0x0326, 0x0E3C, 0x0205, 0x1240, 0x2426, 0x061C, 0x358C, 0x4380, 0x01A4, 0x04FF, 0x059F, 0x055F, 0x055F, 0x055F, 0x057F, 0x055F,
    0x053F, 0x053F, 0x053F, 0x053F, 0x051F, 0x051F, 0x04FF, 0x04FF, 0x04FF, 0x04FF, 0x04DF, 0x04FF, 0x04FF, 0x053F, 0x051F, 0x04FF,
    0x04DE, 0x04FD, 0x051F, 0x053F, 0x051F, 0x04FF, 0x051F, 0x051F, 0x051F, 0x051F, 0x051F, 0x051F, 0x051F, 0x051F, 0x051F, 0x04FF,
    0x04DF, 0x04FF, 0x04FF, 0x04FF, 0x04FF, 0x04FF, 0x04FF, 0x04FF, 0x04FF, 0x04FF, 0x04FF, 0x04FF, 0x04FF, 0x051F, 0x051F, 0x051F,
    0x04FF, 0x04FF, 0x04FF, 0x04FF, 0x04FF, 0x04DF, 0x04DF, 0x04FF, 0x055F, 0x055F, 0x053F, 0x053F, 0x055F, 0x057F, 0x055F, 0x053F,
    0x055F, 0x055F, 0x051F, 0x04FF, 0x051F, 0x051F, 0x053F, 0x04DF, 0x049E, 0x049E, 0x04BE, 0x04BF, 0x04BE, 0x04DF, 0x04FF, 0x04DF,
    0x04DF, 0x04BE, 0x04DF, 0x04DF, 0x04DF, 0x04DF, 0x04FF, 0x04FF, 0x04DF, 0x04DF, 0x04DF, 0x04BF, 0x04BF, 0x04BF, 0x04BF, 0x049E,
    0x049E, 0x049E, 0x049E, 0x047E, 0x049F, 0x047E, 0x047E, 0x055F, 0x059F, 0x059F, 0x057F, 0x055F, 0x055F, 0x055F, 0x055F, 0x057F,
    0x057F, 0x057F, 0x055F, 0x053F, 0x051F, 0x051F, 0x04FF, 0x04FF, 0x04FF, 0x051F, 0x051F, 0x053F, 0x055F, 0x053F, 0x0D5F, 0x157F,
    0x0D7F, 0x159F, 0x0D9F, 0x0D7F, 0x157F, 0x1D7F, 0x0D5F, 0x057E, 0x0DDF, 0x0DDF, 0x059F, 0x055E, 0x04BE, 0x04FF, 0x059F, 0x05DF,
    0x059F, 0x057F, 0x4E3F, 0xE79F, 0x8EBF, 0x3E1F, 0x3E5F, 0x465F, 0x1E3F, 0x265F, 0x055F, 0x055F, 0x05DF, 0x05DF, 0x04FF, 0x045E,
    0x033D, 0x147D, 0x149E, 0x04BE, 0x0D1E, 0x049E, 0x04BF, 0x041E, 0x041F, 0x045E, 0x049E, 0x2D1E, 0x3DBE, 0x5D9F, 0x4CFF, 0x047E,
    0x049E, 0x04BE, 0x047E, 0x049E, 0x059F, 0x0CD6, 0x01A6, 0x01C8, 0x01C8, 0x0167, 0x01C8, 0x01A9, 0x0085, 0x00A5, 0x0084, 0x0064,
    0x00E6, 0x0168, 0x01C8, 0x0125, 0x0864, 0x0906, 0x01C8, 0x0167, 0x00E5, 0x0084, 0x1968, 0x4B31, 0x42CE, 0x42AC, 0x3AAF, 0x3A6E,
    0x322B, 0x5B4C, 0x6BAF, 0x2148, 0x1127, 0x324D, 0x2A6D, 0x1A4B, 0x19EB, 0x21AB, 0x198A, 0x196A, 0x196B, 0x19CB, 0x19EB, 0x19CC,
    0x00A5, 0x00C5, 0x01C8, 0x01A7, 0x0084, 0x0106, 0x0106, 0x0209, 0x01A7, 0x0145, 0x0185, 0x0145, 0x0125, 0x1223, 0x4483, 0x2345,
    0x0187, 0x0186, 0x0224, 0x2364, 0x33C3, 0x0AC3, 0x2AE3, 0xAD42, 0xFE40, 0x6B02, 0x1B43, 0x0C02, 0x3384, 0x3263, 0x3C42, 0x3422,
    0xA5C1, 0xC5E0, 0x5441, 0x84E1, 0xAD42, 0x5C82, 0x3C02, 0x8E03, 0xB644, 0x9543, 0x85A2, 0x7E82, 0x8EA4, 0x9665, 0x7DE4, 0x8E44,
    0x5CA4, 0x7DA3, 0x5CC3, 0x1323, 0x02A5, 0x22A6, 0x0968, 0x21C7, 0xA402, 0x52C3, 0x8B64, 0xDD8E, 0xCE38, 0xDE57, 0xC5B3, 0x3B28,
    0x2246, 0x5366, 0x2B64, 0x6C48, 0xC5D0, 0xF612, 0xC638, 0xBEDC, 0xC6DC, 0x9EFE, 0x14F8, 0x01C7, 0x03D3, 0x05FF, 0x055A, 0x0265,
    0x0241, 0x042F, 0x032E, 0x21A0, 0x1D0D, 0x0450, 0x0A81, 0x01A3, 0x0456, 0x0DBB, 0x76AC, 0xA72B, 0x35FB, 0x059F, 0x059F, 0x059F,
    0x059F, 0x059F, 0x059F, 0x059F, 0x057F, 0x059F, 0x057F, 0x055F, 0x051F, 0x051F, 0x051F, 0x051F, 0x053F, 0x051C, 0x7DCA, 0x1D1A,
    0x0CFD, 0x4615, 0x04FE, 0x04FE, 0x04DE, 0x04DF, 0x04BF, 0x04BF, 0x04BE, 0x04BE, 0x04BE, 0x04BF, 0x04BF, 0x049F, 0x049F, 0x049E,
    0x047E, 0x049E, 0x049E, 0x049E, 0x049E, 0x049E, 0x049E, 0x049E, 0x049E, 0x04BE, 0x04BE, 0x04BE, 0x04DE, 0x04FE, 0x051F, 0x04FE,
    0x04FF, 0x053F, 0x055F, 0x057F, 0x057F, 0x055F, 0x055F, 0x057F, 0x057F, 0x055F, 0x051F, 0x053F, 0x053F, 0x053F, 0x053F, 0x051F,
    0x051F, 0x053F, 0x055F, 0x057F, 0x051F, 0x055F, 0x057F, 0x059F, 0x05BF, 0x05BF, 0x05BF, 0x05DF, 0x05FF, 0x05DF, 0x05DF, 0x05DF,
    0x05DF, 0x05BF, 0x059F, 0x059F, 0x059F, 0x057F, 0x055F, 0x055F, 0x055F, 0x053F, 0x053F, 0x053F, 0x053F, 0x053F, 0x053F, 0x051F,
    0x04FF, 0x04DF, 0x04DE, 0x04DF, 0x04FF, 0x04DE, 0x04DF, 0x04DF, 0x04DF, 0x04FF, 0x04DF, 0x04DF, 0x04DE, 0x04DE, 0x04DF, 0x04DE,
    0x04BF, 0x251B, 0x8610, 0x0CFF, 0x051F, 0x04FE, 0x051F, 0x051F, 0x051E, 0x051F, 0x051F, 0x04FF, 0x04DF, 0x04DF, 0x04DF, 0x04BF,
    0x051F, 0x059F, 0x2DDF, 0x669F, 0x0E3F, 0x063F, 0x469F, 0xAF1F, 0x2EBF, 0x1EFF, 0x671F, 0x369F, 0x365F, 0x4F1F, 0x873F, 0x8F1F,
    0xB71F, 0xB71F, 0x96DF, 0xDFBF, 0xBF3F, 0x96DF, 0x469F, 0x0E3F, 0x059E, 0x0DBF, 0x0DBF, 0x057F, 0x567F, 0x76FF, 0x1CBE, 0x0C3E,
    0x039E, 0x0CDF, 0x059F, 0x04DF, 0x04BF, 0x03FF, 0x03DE, 0x039E, 0x037E, 0x145F, 0x351E, 0x453E, 0x3D5E, 0x65BF, 0x657F, 0x0CBE,
    0x04BD, 0x04DE, 0x04DF, 0x051F, 0x0394, 0x030D, 0x0229, 0x01E9, 0x0187, 0x0146, 0x00E6, 0x0107, 0x0107, 0x00E6, 0x00A5, 0x00A4,
    0x0188, 0x020A, 0x01A9, 0x0146, 0x08A5, 0x10C6, 0x00E5, 0x01C9, 0x0126, 0x0063, 0x1968, 0x5352, 0x42CE, 0x3229, 0x3A4B, 0x4B11,
    0x3A6E, 0x4B0E, 0x530F, 0x29EB, 0x08A3, 0x1968, 0x2A6D, 0x1A0A, 0x1968, 0x1107, 0x196A, 0x196B, 0x194A, 0x124A, 0x0ACA, 0x11EB,
    0x00A5, 0x00A5, 0x0146, 0x028A, 0x0126, 0x0063, 0x0147, 0x01C9, 0x00A6, 0x1146, 0x09A7, 0x0126, 0x01E6, 0x3404, 0x1244, 0x0106,
    0x01A6, 0x0146, 0x0225, 0x0343, 0x01A3, 0x4442, 0x3CA2, 0x1303, 0x4262, 0x0105, 0x0B65, 0x2C04, 0x3CC4, 0x1B04, 0x3403, 0x1282,
    0x7502, 0x5B61, 0x0142, 0x74A3, 0x5BA2, 0xEEE1, 0x5C22, 0x4C82, 0x0A61, 0x7C82, 0x7D24, 0x23E5, 0x4D45, 0x6E05, 0x7E25, 0x5485,
    0x0AA4, 0x5D83, 0x7E25, 0xA6E6, 0x7E25, 0x1AA4, 0x1A45, 0x5C05, 0x31E3, 0x01C6, 0x8465, 0xC526, 0x73AE, 0xBD54, 0x9470, 0x2286,
    0x1AC5, 0x22C6, 0x5B6B, 0x6C2A, 0x64C4, 0xCDCF, 0xF6D7, 0xF6F8, 0xFF7B, 0xC637, 0x00E2, 0x00A0, 0x0102, 0x02C6, 0x065C, 0x057A,
    0x0100, 0x038A, 0x04D5, 0x3AE5, 0x377E, 0x038A, 0x0960, 0x04F7, 0x3EB8, 0xB725, 0xCF84, 0xC768, 0xC72B, 0x6E54, 0x057F, 0x3DF8,
    0x0D5D, 0x051F, 0x051F, 0x051F, 0x051F, 0x051F, 0x051F, 0x051F, 0x04FF, 0x04FF, 0x04FF, 0x051F, 0x053E, 0x057E, 0x342B, 0x5D2A,
    0x1D7C, 0x5676, 0x053F, 0x051E, 0x04FE, 0x04BF, 0x6612, 0x96AC, 0x0CFE, 0x04FF, 0x051F, 0x053F, 0x051F, 0x053F, 0x053F, 0x051F,
    0x051F, 0x051F, 0x051F, 0x04DE, 0x04DE, 0x04DE, 0x04DE, 0x04DE, 0x04BE, 0x04BE, 0x04DE, 0x04DE, 0x04DF, 0x04FE, 0x051E, 0x04DE,
    0x051E, 0x051E, 0x051F, 0x053F, 0x057F, 0x059F, 0x05FF, 0x061F, 0x061F, 0x061F, 0x061F, 0x061F, 0x061F, 0x061F, 0x061F, 0x05FF,
    0x061F, 0x061F, 0x063F, 0x063F, 0x063F, 0x063F, 0x063F, 0x067F, 0x067F, 0x05FF, 0x05DF, 0x05DF, 0x063F, 0x061F, 0x061F, 0x061F,
    0x063F, 0x063F, 0x065F, 0x061F, 0x05BF, 0x059F, 0x055F, 0x055F, 0x055F, 0x053F, 0x055F, 0x055F, 0x053F, 0x053F, 0x053F, 0x053F,
    0x053F, 0x051F, 0x053F, 0x053F, 0x053F, 0x053F, 0x053F, 0x051F, 0x051F, 0x04DE, 0x04DF, 0x04DF, 0x04BE, 0x051F, 0x04FF, 0x04DF,
    0x04DE, 0x04DF, 0x7E31, 0x7E32, 0x04BF, 0x051E, 0x04FF, 0x1D5C, 0xB668, 0x153C, 0x04FF, 0x04FF, 0x04DF, 0x04DE, 0x04DE, 0x04DE,
    0x04FF, 0x051F, 0x151F, 0x2D3E, 0x04FE, 0x051E, 0x1D3E, 0x455E, 0x1D3E, 0x1D9E, 0x4E3E, 0xC7DF, 0xD7DF, 0x5F3F, 0x2F1F, 0x8FBF,
    0xAFDF, 0xAFDF, 0xCFDF, 0xEFFF, 0xEFFF, 0xE7FF, 0xDFFF, 0x779F, 0xBF9F, 0xD7BF, 0x9F7F, 0x371F, 0x577F, 0x9FDF, 0x867F, 0x143E,
    0x03DE, 0x035C, 0x04DF, 0x043E, 0x02DD, 0x031D, 0x02DC, 0x031D, 0x031D, 0x13FE, 0x3CDF, 0x1C3F, 0x141E, 0x247F, 0x2CBF, 0x043F,
    0x03FE, 0x03BD, 0x03FE, 0x02D6, 0x0106, 0x0105, 0x0167, 0x022A, 0x0148, 0x00E6, 0x0147, 0x0188, 0x01C9, 0x0189, 0x0084, 0x00E5,
    0x01EA, 0x020A, 0x01C9, 0x00E6, 0x08A5, 0x1107, 0x0021, 0x00E5, 0x0105, 0x0063, 0x29EA, 0x5B94, 0x42ED, 0x3A49, 0x29E9, 0x4AF0,
    0x3A8F, 0x3A6E, 0x320C, 0x29EB, 0x1906, 0x08A5, 0x21AA, 0x19AA, 0x1948, 0x1949, 0x192A, 0x3288, 0x6507, 0x5508, 0x1A8A, 0x11CB,
    0x00C5, 0x00C5, 0x0106, 0x024A, 0x0209, 0x00C4, 0x00E5, 0x4ACE, 0xBC54, 0x414A, 0x09E9, 0x0168, 0x0226, 0x1325, 0x0186, 0x0145,
    0x0966, 0x1966, 0x09E6, 0x0AA4, 0x1A25, 0x1343, 0x23C2, 0x1C23, 0x0A23, 0x01A6, 0x02E7, 0x44A3, 0x5562, 0x0A24, 0x0223, 0x0A83,
    0x44C2, 0x75C3, 0x43A5, 0x11A3, 0xACA1, 0xE6C1, 0x5CE2, 0x2382, 0x2B06, 0x2B08, 0x02E5, 0x02E5, 0x0A85, 0x5CC6, 0x54E7, 0x1225,
    0x0264, 0x1BE4, 0x7645, 0x8665, 0xA704, 0xAEE3, 0x7E04, 0x8E44, 0x00C2, 0x3C23, 0xC6A1, 0xCDC2, 0x2284, 0x436A, 0x3B6B, 0x12A4,
    0x12E4, 0x6409, 0xCD16, 0x9C30, 0x7D04, 0x94E8, 0xBD31, 0xB532, 0xD698, 0x3A88, 0x1943, 0x11A4, 0x1A26, 0x0120, 0x0327, 0x063C,
    0x01A4, 0x0B28, 0x14F1, 0x3429, 0x0EDE, 0x0226, 0x01C1, 0x6E6E, 0xBFA9, 0xA6C8, 0x2366, 0x6504, 0x766C, 0x15DE, 0x053E, 0x8E09,
    0x253B, 0x04FF, 0x1DBB, 0x3619, 0x051F, 0x053F, 0x051F, 0x051F, 0x051F, 0x051F, 0x053F, 0x055F, 0x04F9, 0x0CB3, 0x049A, 0x5D6B,
    0x35D4, 0x1DBA, 0x0D7D, 0x051F, 0x0D1C, 0x866B, 0x96C9, 0x2D99, 0x051E, 0x053F, 0x053F, 0x053F, 0x055F, 0x055F, 0x057F, 0x057F,
    0x057F, 0x057F, 0x057F, 0x055F, 0x053F, 0x053F, 0x053F, 0x053F, 0x053F, 0x053E, 0x053F, 0x051F, 0x04FF, 0x04FE, 0x04DE, 0x04DE,
    0x04FE, 0x051E, 0x051F, 0x051F, 0x051E, 0x051F, 0x055F, 0x057F, 0x059F, 0x05BF, 0x059F, 0x059F, 0x05BF, 0x059F, 0x05FF, 0x063F,
    0x063F, 0x05FF, 0x053F, 0x059F, 0x061F, 0x059F, 0x055F, 0x053F, 0x053F, 0x051F, 0x051E, 0x051E, 0x051E, 0x051F, 0x053F, 0x053F,
    0x053F, 0x051F, 0x055F, 0x053F, 0x04FF, 0x051F, 0x051F, 0x051F, 0x051F, 0x051F, 0x051F, 0x053F, 0x051F, 0x051F, 0x051F, 0x051F,
    0x053F, 0x051F, 0x051F, 0x051F, 0x051F, 0x051F, 0x051F, 0x051F, 0x051F, 0x051F, 0x0D1A, 0x155C, 0x053F, 0x053F, 0x0D5E, 0x057F,
    0x053F, 0x053F, 0x151C, 0x658E, 0x151C, 0x053E, 0x155D, 0x0D7D, 0x55F3, 0x1D9B, 0x051F, 0x051F, 0x051F, 0x051F, 0x04FF, 0x059F,
    0x05DF, 0x05FF, 0x05DE, 0x05BE, 0x05FE, 0x063F, 0x05DF, 0x061F, 0x057F, 0x055F, 0x05FF, 0x26BF, 0x267F, 0x1E7F, 0x06DF, 0x063F,
    0x0DFE, 0x061F, 0x367F, 0xD7BF, 0x8F7F, 0x267F, 0x3EFF, 0x577F, 0x2EFF, 0x265F, 0x1DDE, 0x063F, 0x063F, 0x061F, 0x05FF, 0x059F,
    0x059F, 0x05BF, 0x063F, 0x05DF, 0x051E, 0x04FE, 0x04DE, 0x04BF, 0x04DF, 0x25DF, 0x2DDF, 0x3DDF, 0x459F, 0x55BF, 0x5DBF, 0x159F,
    0x05BF, 0x055E, 0x05BF, 0x0331, 0x00C3, 0x01C9, 0x0106, 0x00E6, 0x0128, 0x01CA, 0x01A8, 0x0188, 0x0167, 0x00C5, 0x0043, 0x0187,
    0x01E9, 0x01C9, 0x0188, 0x0127, 0x0843, 0x1949, 0x0063, 0x00E5, 0x0127, 0x00C4, 0x322D, 0x5332, 0x326A, 0x42AC, 0x322B, 0x42AF,
    0x42CF, 0x2A0C, 0x29EB, 0x2A0B, 0x1968, 0x1107, 0x21AA, 0x1969, 0x1148, 0x196A, 0x1949, 0x4C26, 0x7E27, 0x43EA, 0x11CB, 0x19AB,
    0x00E6, 0x00E6, 0x0106, 0x0127, 0x01C9, 0x00C7, 0x8AC8, 0xFD10, 0xFF1E, 0xAC96, 0x0127, 0x0167, 0x0126, 0x0166, 0x0146, 0x0063,
    0x42AB, 0xF7BE, 0x6B8F, 0x3A4A, 0xEF7D, 0x4B8C, 0x0204, 0x0AC4, 0x0AE5, 0x0125, 0x0206, 0x0A85, 0x1B24, 0x1965, 0x2187, 0x00E3,
    0x2303, 0x4CC3, 0x3C05, 0x00A3, 0x1982, 0x5383, 0x4BE5, 0x0202, 0x9DB5, 0xE71D, 0x2A88, 0x0AE5, 0x1204, 0x4C27, 0x2AE6, 0x1AC5,
    0x0BA4, 0x1C04, 0x6DC5, 0x7605, 0x3C44, 0x8E63, 0xBFE4, 0x86A4, 0x64C3, 0x7DC3, 0xB662, 0xD6A4, 0x6DE4, 0x4CE3, 0x1A64, 0x5443,
    0x1B43, 0x6545, 0x5C27, 0x3A69, 0x8408, 0xBD6F, 0x8C2D, 0x844B, 0xAD71, 0xD653, 0xEF3A, 0xB596, 0xC639, 0x6B8E, 0x00C0, 0x0D98,
    0x1E7A, 0x0204, 0x5DC5, 0x8F8B, 0x0C31, 0x00E0, 0x23A5, 0x8F06, 0x75AA, 0x0225, 0x0263, 0x03AC, 0x1D37, 0x053A, 0x0CD6, 0x1517,
    0x04FF, 0x153E, 0x45F5, 0x4612, 0x0D3B, 0x051F, 0x051E, 0x051F, 0x051F, 0x055F, 0x04FC, 0x04D9, 0x059F, 0x0BF0, 0x0C30, 0x0CD5,
    0x6E0F, 0x2D55, 0x4D4B, 0x053F, 0x7EAE, 0x75E9, 0x049B, 0x049F, 0x04FF, 0x051F, 0x053F, 0x051F, 0x051F, 0x053F, 0x053F, 0x053F,
    0x053F, 0x053F, 0x053F, 0x053F, 0x051F, 0x051F, 0x053E, 0x053F, 0x053F, 0x053F, 0x053E, 0x053E, 0x053F, 0x051E, 0x051E, 0x051E,
    0x051E, 0x053E, 0x051E, 0x051E, 0x053F, 0x053F, 0x051F, 0x051E, 0x051F, 0x053F, 0x055F, 0x053F, 0x053E, 0x053E, 0x059F, 0x05DF,
    0x05BF, 0x059F, 0x055F, 0x059F, 0x05BF, 0x05BF, 0x05BF, 0x057F, 0x055F, 0x057F, 0x057F, 0x057F, 0x057F, 0x057F, 0x059F, 0x059F,
    0x057F, 0x053F, 0x051F, 0x053F, 0x053F, 0x053F, 0x051F, 0x051F, 0x051F, 0x053F, 0x053F, 0x053F, 0x053F, 0x051F, 0x051F, 0x051F,
    0x051F, 0x053F, 0x053F, 0x053F, 0x051F, 0x051F, 0x053F, 0x053F, 0x051E, 0x055F, 0x1454, 0x1C93, 0x0CFA, 0x04FE, 0x4637, 0x4634,
    0x057F, 0x055F, 0x04DF, 0x75EC, 0x5E13, 0x051F, 0xAE2B, 0x6D90, 0xB668, 0x8E2F, 0x051F, 0x053E, 0x051F, 0x3DD9, 0x5DD4, 0x4597,
    0x059F, 0x057F, 0x0D9E, 0x2E5F, 0x05BF, 0x05FF, 0x05FF, 0x05FF, 0x05DF, 0x05DF, 0x05BF, 0x059F, 0x057F, 0x86DF, 0x4EDF, 0x065F,
    0x067E, 0x06DE, 0x6F7F, 0xBFFF, 0x36FF, 0x065F, 0x063F, 0x0E7F, 0x063F, 0x051E, 0x04FF, 0x04FF, 0x0D7F, 0x161F, 0x161F, 0x163F,
    0x0E1F, 0x0E1F, 0x0E5F, 0x04FD, 0x033C, 0x037D, 0x039D, 0x037D, 0x039E, 0x0C3F, 0x145E, 0x34FF, 0x4D5F, 0x5D3F, 0x453F, 0x059F,
    0x05BF, 0x059F, 0x05DF, 0x0394, 0x0168, 0x01A8, 0x00E5, 0x01AA, 0x0A8D, 0x01C9, 0x01C9, 0x01C8, 0x01C9, 0x0107, 0x016A, 0x0ACF,
    0x026B, 0x0167, 0x01EA, 0x13B2, 0x0085, 0x194A, 0x18A5, 0x0106, 0x0148, 0x00C5, 0x3A4D, 0x42D0, 0x2A09, 0x42CE, 0x42AD, 0x42AB,
    0x324D, 0x1107, 0x3A6E, 0x2A0C, 0x21AB, 0x1969, 0x29EB, 0x1948, 0x1107, 0x196A, 0x3B27, 0x75A5, 0x4CA7, 0x4C48, 0x220A, 0x11AC,
    0x00E5, 0x00C6, 0x00C6, 0x00E6, 0x0127, 0x2A27, 0xE5C5, 0xBC06, 0x828E, 0x1968, 0x0105, 0x0126, 0x0105, 0x00C5, 0x29E9, 0x52ED,
    0x4AAC, 0xE73E, 0xB61A, 0x8CD7, 0xFFFF, 0xBDD7, 0x0083, 0x00A3, 0x0326, 0x0386, 0x01E7, 0x0147, 0x0926, 0xC2D1, 0xFD3A, 0x7C2F,
    0x1266, 0x0125, 0x00E5, 0x0166, 0x01E4, 0x8508, 0xD6CC, 0x3C63, 0x2B48, 0xDF1C, 0xB638, 0x0963, 0x4CA5, 0x65A5, 0x7605, 0x4CA5,
    0x1B83, 0x6DE3, 0x6D64, 0x43E4, 0x2BC3, 0x5D83, 0x5D43, 0x3CC3, 0xC6E1, 0xFF62, 0x9684, 0x7E25, 0x75C3, 0x7603, 0x75C3, 0x8DC3,
    0x4404, 0x1BC3, 0x5D04, 0x3BC4, 0x2302, 0x6B4C, 0xD5B5, 0x3AC4, 0x21E2, 0xBD52, 0xFF3A, 0x5ACB, 0x31A7, 0xD678, 0x2A67, 0x01C5,
    0x2D55, 0x0182, 0x4300, 0x8E65, 0x0AC6, 0x0A85, 0x1E77, 0x0D34, 0x00E3, 0x09C5, 0x1D77, 0x36DF, 0xA791, 0x5486, 0x0C95, 0x053E,
    0x1559, 0x65AF, 0xA649, 0x5DB0, 0x0D3B, 0x051F, 0x051E, 0x051F, 0x04FE, 0x04BA, 0x0D1A, 0x1B68, 0x0CD8, 0x05BF, 0x0286, 0x1366,
    0x346D, 0x1C55, 0x038A, 0x157C, 0x54E4, 0x1CD6, 0x04DF, 0x0D3C, 0x051C, 0x053F, 0x0496, 0x04DA, 0x051F, 0x051F, 0x051F, 0x051F,
    0x051F, 0x051F, 0x051E, 0x051E, 0x051E, 0x051E, 0x051E, 0x053E, 0x053E, 0x053E, 0x053E, 0x053E, 0x051E, 0x051E, 0x051E, 0x051E,
    0x053F, 0x055F, 0x055F, 0x055F, 0x055F, 0x055F, 0x055F, 0x055F, 0x055E, 0x057F, 0x059F, 0x059F, 0x057F, 0x059E, 0x059F, 0x059F,
    0x05BF, 0x059F, 0x059F, 0x059F, 0x057F, 0x059F, 0x059F, 0x059F, 0x057F, 0x055F, 0x055F, 0x055F, 0x055F, 0x055F, 0x057F, 0x055F,
    0x055F, 0x055F, 0x053F, 0x053F, 0x053F, 0x051F, 0x04FF, 0x04FF, 0x04FF, 0x04FF, 0x04FF, 0x04FF, 0x04FF, 0x04FF, 0x04FF, 0x04FF,
    0x04FF, 0x051F, 0x04FF, 0x04FF, 0x051F, 0x051F, 0x051E, 0x051F, 0x055F, 0x051E, 0x055F, 0x0416, 0x0AC3, 0x0C0C, 0x0D9D, 0x762E,
    0x3D0F, 0x14D8, 0x051F, 0x1D7A, 0x3DB6, 0x0CFE, 0x2C97, 0xB605, 0x2D18, 0x04FE, 0x051F, 0x053F, 0x1D7C, 0xB669, 0xCEC6, 0xA66D,
    0x0D5E, 0x055F, 0x053F, 0x053F, 0x057F, 0x057F, 0x055F, 0x057F, 0x055F, 0x055F, 0x055F, 0x053F, 0x051F, 0x053F, 0x053F, 0x053F,
    0x051E, 0x0D7D, 0x165E, 0x6F1F, 0x373F, 0x273F, 0x1E9F, 0x063F, 0x063F, 0x0E5F, 0x2EDF, 0x4EFF, 0x56DF, 0x2E5F, 0x2E3F, 0x2E3F,
    0x1E3F, 0x1E3F, 0x0DDF, 0x0DFF, 0x04FE, 0x045E, 0x043E, 0x041E, 0x041E, 0x0C9F, 0x2D1E, 0x4D9E, 0x453F, 0x657F, 0x65DF, 0x0D9F,
    0x05DF, 0x059F, 0x055E, 0x059F, 0x0458, 0x00A4, 0x0189, 0x059D, 0x0C13, 0x0126, 0x01A8, 0x0083, 0x0B71, 0x09CB, 0x01CD, 0x0312,
    0x01C9, 0x0127, 0x0064, 0x03D4, 0x09CA, 0x10E7, 0x2AB0, 0x08E6, 0x0106, 0x0947, 0x4B12, 0x42AF, 0x322C, 0x3A6E, 0x320B, 0x428D,
    0x3A4D, 0x08E6, 0x21CB, 0x21AB, 0x196A, 0x1109, 0x194A, 0x1108, 0x1107, 0x21E8, 0x5D26, 0x4CA6, 0x5D25, 0x2AA6, 0x114A, 0x118B,
    0x00C5, 0x0924, 0x0925, 0x00A5, 0x0064, 0x6BE3, 0xC5E2, 0x0021, 0x0022, 0x0126, 0x0147, 0x00E5, 0x0063, 0x0064, 0xA59C, 0xCF1F,
    0x9DFD, 0xA4D8, 0xFE53, 0xFF95, 0xE71B, 0x5330, 0x52CD, 0x5B8F, 0x0A06, 0x0346, 0x0207, 0x01A7, 0x3969, 0xA2D1, 0xC4D5, 0xAD35,
    0x0205, 0x01C6, 0x0145, 0x0288, 0x23A7, 0x43C5, 0x1245, 0x4EC4, 0x0B62, 0x5C91, 0x2AAE, 0x00C3, 0x0143, 0x3384, 0x6524, 0x9665,
    0x8605, 0x1AC3, 0x01A4, 0x5484, 0xBF44, 0x9E64, 0x0244, 0x0264, 0x8562, 0xCE83, 0x7D84, 0x6D84, 0x6D84, 0x6D84, 0x7E44, 0x7DE3,
    0x7563, 0x4464, 0x9EC4, 0xAEA4, 0x5CC2, 0x5464, 0x742A, 0x1103, 0x2A03, 0x3206, 0x6B2B, 0x00A2, 0x00A1, 0x3A64, 0x2A84, 0x0163,
    0x0182, 0x01E2, 0x3AE2, 0x5BE4, 0x0081, 0x0DB7, 0x073F, 0x0165, 0x0080, 0x1B2D, 0x3E9E, 0x764F, 0xD720, 0x3DD5, 0x051D, 0x2DB6,
    0x9F25, 0x4E30, 0x2D9D, 0x04FF, 0x2579, 0x04FF, 0x04FF, 0x051F, 0x049B, 0x01E4, 0x1539, 0x1538, 0x02E6, 0x0456, 0x0391, 0x0A21,
    0x1304, 0x23EE, 0x2C6F, 0x0B4A, 0x0249, 0x0CB9, 0x14F5, 0x1CCC, 0x0D18, 0x0457, 0x040E, 0x0476, 0x051E, 0x051E, 0x051F, 0x051F,
    0x051E, 0x051F, 0x04FF, 0x04DF, 0x04FF, 0x04FF, 0x04FF, 0x04FF, 0x051F, 0x04FF, 0x04FE, 0x04FF, 0x04DE, 0x04BD, 0x04BD, 0x04BD,
    0x04DE, 0x04FE, 0x051E, 0x051E, 0x051E, 0x051E, 0x04FE, 0x04FE, 0x053F, 0x059F, 0x05BF, 0x059F, 0x055F, 0x055F, 0x055F, 0x053F,
    0x053F, 0x055F, 0x055F, 0x055F, 0x055F, 0x055F, 0x055F, 0x055F, 0x053F, 0x053F, 0x055F, 0x055F, 0x055F, 0x057F, 0x057F, 0x057F,
    0x057F, 0x059F, 0x059F, 0x055F, 0x051E, 0x053F, 0x051F, 0x051F, 0x053F, 0x053F, 0x053F, 0x053F, 0x053F, 0x053F, 0x051F, 0x051F,
    0x053F, 0x053F, 0x051F, 0x04FD, 0x0C54, 0x055E, 0x055F, 0x053F, 0x0455, 0x051E, 0x053E, 0x057F, 0x0411, 0x1300, 0x15BA, 0x05BF,
    0x1C92, 0x24D3, 0x053F, 0x157C, 0xBE82, 0x3538, 0x047E, 0x5D6E, 0x053F, 0x055F, 0x3DB8, 0x0D3E, 0x8E8F, 0x962B, 0x04DF, 0x051F,
    0x053F, 0x053F, 0x1D7B, 0x2DDC, 0x05DF, 0x061F, 0x05FF, 0x061F, 0x369F, 0x46DF, 0x3E9F, 0x561E, 0x3DFE, 0x1E1F, 0x1E1F, 0x15DF,
    0x053F, 0x04DE, 0x045D, 0x767F, 0x0D3E, 0x051F, 0x057F, 0x053E, 0x053E, 0x05BF, 0x46FF, 0x2EBF, 0x36BF, 0x1E3F, 0x163F, 0x161F,
    0x1E3F, 0x1E3F, 0x0DFF, 0x0E3F, 0x0DDF, 0x055F, 0x04BE, 0x045D, 0x043D, 0x049E, 0x1D1E, 0x45DE, 0x14FF, 0x34DE, 0x1D9F, 0x05FF,
    0x0435, 0x04DA, 0x059F, 0x05DF, 0x03D4, 0x0188, 0x051A, 0x05DD, 0x00E6, 0x0166, 0x020A, 0x0330, 0x0310, 0x0331, 0x0189, 0x0106,
    0x0127, 0x0084, 0x00A5, 0x0043, 0x0801, 0x020C, 0x1E1F, 0x0948, 0x00E6, 0x1168, 0x5393, 0x4AD0, 0x322C, 0x21C9, 0x322C, 0x42AF,
    0x322C, 0x08E6, 0x194A, 0x1989, 0x32C8, 0x4BA8, 0x4347, 0x2A47, 0x0087, 0x1987, 0x3467, 0x1BA7, 0x3C86, 0x2227, 0x0909, 0x00C7,
    0x0A85, 0x23C4, 0x0A04, 0x41E4, 0xCE26, 0x3B06, 0x0084, 0x8C8C, 0x94AF, 0x0127, 0x0126, 0x00A5, 0x0043, 0x222D, 0x32F5, 0x2A53,
    0xAE7F, 0xEEFD, 0xF4A9, 0xFDA0, 0xD5D2, 0xEF9F, 0xEF3C, 0x7BF0, 0x08E4, 0x01E5, 0x01C6, 0x0105, 0x41A9, 0xA292, 0x62CD, 0x634E,
    0x84D2, 0x0103, 0x0185, 0x0288, 0x0147, 0x00E6, 0x01A6, 0x1326, 0x1426, 0x450C, 0x0AC6, 0x1B24, 0x0A45, 0x0AA4, 0x2BE3, 0x6564,
    0x6DA5, 0x01E4, 0x2324, 0x8643, 0x8E25, 0x8606, 0x2345, 0x01E4, 0x3364, 0xA604, 0x5262, 0x4BC3, 0x7E64, 0x8684, 0x7644, 0x7E03,
    0x8622, 0x6DA3, 0x8E84, 0xAEE3, 0xC6A1, 0x9EA1, 0x75E2, 0x1AC4, 0x2365, 0x1B23, 0x0061, 0x31A4, 0x42A4, 0x0142, 0x0183, 0x0244,
    0x0323, 0x0202, 0x3262, 0x5403, 0x09E3, 0x45EA, 0x146A, 0x0183, 0x01A2, 0x33E3, 0x3D48, 0x5541, 0x5CA1, 0x1C91, 0x1513, 0x9E83,
    0x7D62, 0x0DB9, 0x2D7A, 0x2554, 0x4591, 0x8690, 0x2D9B, 0x051E, 0x053F, 0x036E, 0x0244, 0x03D1, 0x0244, 0x01C0, 0x03F2, 0x02E5,
    0x0261, 0x0AA3, 0x33E9, 0x0221, 0x0330, 0x0265, 0x0280, 0x02C8, 0x047C, 0x02E1, 0x03D0, 0x04BF, 0x049B, 0x04BB, 0x04DF, 0x04FF,
    0x055F, 0x153F, 0x7DB8, 0x869C, 0x761A, 0x6DBA, 0x6DFA, 0x8E79, 0xAEF9, 0xB6F8, 0xBEF8, 0xBEF7, 0xB6D7, 0xBEB7, 0xC6D6, 0xC6F6,
    0xC6D5, 0xC6F6, 0xC6F7, 0xC718, 0xC6F7, 0xC6D6, 0xC6F7, 0xC718, 0xAE76, 0x0C59, 0x043A, 0x4CB6, 0x7E5A, 0x765B, 0x761A, 0x7619,
    0x7639, 0x763A, 0x765B, 0x7E7B, 0x7E7A, 0x765A, 0x765A, 0x765A, 0x7E5A, 0x7E7A, 0x7E7B, 0x7E9B, 0x35DE, 0x055F, 0x057F, 0x051F,
    0x04FF, 0x051F, 0x053F, 0x051F, 0x04FF, 0x04FF, 0x04FF, 0x04DF, 0x04FF, 0x04FF, 0x04FF, 0x051F, 0x053F, 0x053F, 0x053F, 0x053F,
    0x053E, 0x055F, 0x055F, 0x04DB, 0x0C73, 0x059F, 0x0499, 0x055D, 0x0433, 0x0412, 0x04BA, 0x0CB7, 0x059E, 0x0B65, 0x34AB, 0x165E,
    0x2511, 0x450F, 0x8ECD, 0x2D98, 0x556E, 0x55CF, 0x54CD, 0xD685, 0x55F9, 0x5637, 0xE681, 0x4D55, 0xBE88, 0x65F1, 0x04FF, 0x04FE,
    0x051F, 0x155D, 0x8E0B, 0x3E1A, 0x05DF, 0x05DF, 0x05DF, 0x05FF, 0x46DF, 0x673F, 0x56FF, 0x8F3E, 0x7FDF, 0x37BF, 0x2F9F, 0x1F7F,
    0x4F3F, 0x7F1F, 0x771F, 0xA75F, 0x76BF, 0x76DF, 0x7EDF, 0x7EBF, 0x76BE, 0x4E7F, 0x053F, 0x053F, 0x051F, 0x051F, 0x0D5F, 0x053F,
    0x053F, 0x053F, 0x053F, 0x057F, 0x049E, 0x031D, 0x033D, 0x035D, 0x037D, 0x041E, 0x24DE, 0x6DDE, 0x451F, 0x753E, 0x35BF, 0x0435,
    0x0160, 0x02CA, 0x0DDF, 0x05FF, 0x0478, 0x051A, 0x065F, 0x057B, 0x00E3, 0x0061, 0x0ACD, 0x0FDF, 0x061B, 0x0434, 0x022B, 0x0189,
    0x0107, 0x0169, 0x0169, 0x2370, 0x1AAF, 0x00C6, 0x2D7B, 0x1A0C, 0x0107, 0x2A8E, 0x5373, 0x42D0, 0x324C, 0x2A2A, 0x2A0A, 0x42CF,
    0x3A6E, 0x08A6, 0x2A08, 0x5C66, 0x6DC5, 0x75E6, 0x75C7, 0x75C6, 0x32A4, 0x0066, 0x22E8, 0x24C7, 0x1347, 0x1148, 0x08E8, 0x00A7,
    0x0B08, 0x1BC5, 0x12C3, 0x3165, 0xD5E6, 0xC4E4, 0xA4C4, 0xF72C, 0x7BEE, 0x0907, 0x0105, 0x0187, 0x01C8, 0x09E8, 0x19A9, 0x9D79,
    0xB65D, 0xAE7E, 0x9D77, 0xAC2E, 0xF77D, 0xBE3A, 0xE75D, 0x8C72, 0x10E4, 0x00E4, 0x0145, 0x0084, 0x0024, 0x3A0A, 0x4AEC, 0x328B,
    0x632E, 0x00E3, 0x00C4, 0x00E5, 0x0145, 0x01C7, 0x0146, 0x01C7, 0x0165, 0x01E3, 0x1364, 0x1BC4, 0x1B65, 0x1BC5, 0x34A3, 0x1B64,
    0x1BA3, 0x0285, 0x1385, 0x33E4, 0x0B44, 0x6E06, 0x4425, 0x0183, 0x54A4, 0x7585, 0x12C3, 0x33E3, 0x4D03, 0x7644, 0x5DE5, 0x2B24,
    0x4BC3, 0x7E63, 0x7643, 0x86A4, 0x75E4, 0x75C2, 0x8EC2, 0x7E63, 0x5D83, 0x5562, 0x2BC2, 0x3AC3, 0x4244, 0x0164, 0x0184, 0x0344,
    0x0383, 0x0263, 0x2A02, 0x4403, 0x3483, 0x7EC2, 0x09A0, 0x0162, 0x6564, 0x65A2, 0x4400, 0x44A1, 0x02A2, 0x2B82, 0x5D81, 0x5D21,
    0x1384, 0x03D3, 0x3D8A, 0x5587, 0x0414, 0x5542, 0x1DB9, 0x051F, 0x034F, 0x038D, 0x0182, 0x0A22, 0x2284, 0x22A5, 0x22A4, 0x1AE4,
    0x1A84, 0x1263, 0x0200, 0x02A9, 0x0B4F, 0x748F, 0x8CEF, 0x8596, 0x861C, 0x95D0, 0x9590, 0x8E5A, 0x8E59, 0x9638, 0x8E5A, 0x7578,
    0x4BF2, 0x1A90, 0x7B08, 0xA44C, 0xF631, 0xFF54, 0xFF14, 0xFED3, 0xFEB3, 0xF6B3, 0xF6B3, 0xF693, 0xF693, 0xFED3, 0xF6B3, 0xF692,
    0xEE51, 0xEE51, 0xF652, 0xEE73, 0xEE52, 0xEE52, 0xEE32, 0xE632, 0xD5B1, 0xA4B1, 0xACF2, 0xAC0B, 0xD56F, 0xFEF4, 0xF6B4, 0xEE53,
    0xEE53, 0xF673, 0xF674, 0xF673, 0xF673, 0xF673, 0xF693, 0xFED5, 0xFF36, 0xFF35, 0xFF36, 0xE633, 0x7492, 0x2B72, 0x4390, 0x5C94,
    0x85F9, 0x8E5A, 0x8E9A, 0x8E9A, 0x8659, 0x8E7A, 0x8E7A, 0x969B, 0x969A, 0x9EBB, 0x7E7C, 0x055F, 0x051F, 0x051F, 0x04FF, 0x04FF,
    0x059F, 0x04F9, 0x0412, 0x0D7F, 0x040F, 0x059F, 0x0414, 0x0B0B, 0x1D13, 0x0B06, 0x04DA, 0x1386, 0x059B, 0x03B0, 0x1280, 0x244C,
    0x5D03, 0x1A80, 0xAE00, 0xB707, 0x3531, 0x9E41, 0x8CA0, 0xA623, 0xDF8B, 0x4569, 0xCE64, 0xD66A, 0x962C, 0x055E, 0x053D, 0x856D,
    0x2CF7, 0xA669, 0x862F, 0x051F, 0x057E, 0x057F, 0x057F, 0x057F, 0x053E, 0x053E, 0x053E, 0x055E, 0x05DF, 0x05BF, 0x059E, 0x059E,
    0x25FF, 0x769F, 0x7E7E, 0xB77F, 0x7EFF, 0x769E, 0x7EBF, 0x7EBF, 0x76BF, 0x4E1F, 0x04DF, 0x04FF, 0x04FE, 0x04DE, 0x04FF, 0x051F,
    0x051F, 0x051F, 0x051F, 0x053F, 0x053F, 0x04BF, 0x049E, 0x0C5D, 0x147D, 0x1CDD, 0x3D3D, 0x657F, 0x861F, 0x763B, 0x12EE, 0x00C2,
    0x0162, 0x0206, 0x0D9D, 0x0DBD, 0x01E9, 0x02D0, 0x05BF, 0x057D, 0x0332, 0x02D1, 0x0375, 0x16BE, 0x051A, 0x00C8, 0x0168, 0x0169,
    0x01EC, 0x01CB, 0x0168, 0x1BB2, 0x12D1, 0x0002, 0x224C, 0x19AA, 0x00A5, 0x3AAF, 0x5332, 0x3A6D, 0x2A0B, 0x322C, 0x324C, 0x29CB,
    0x322D, 0x08C6, 0x3289, 0x4B67, 0x6507, 0x75A6, 0x64E7, 0x3BC6, 0x4446, 0x2A66, 0x0967, 0x1C88, 0x01C8, 0x0047, 0x0946, 0x2AE6,
    0x01A8, 0x0A67, 0x0A05, 0x0085, 0x2903, 0xDD21, 0xCD63, 0x39A3, 0x0002, 0x0126, 0x0125, 0x0125, 0x0146, 0x0082, 0x1967, 0x5350,
    0x2A4D, 0xA6BF, 0x21EC, 0x4B2F, 0xFFFF, 0x9D56, 0x4AAB, 0x636F, 0x0926, 0x00E5, 0x0044, 0x08E4, 0x73C5, 0x00C3, 0x0146, 0x00C4,
    0x0063, 0x00E5, 0x0085, 0x0043, 0x0205, 0x2344, 0x4C63, 0x0246, 0x0165, 0x0185, 0x0A84, 0x02C4, 0x0A65, 0x1B85, 0x1B65, 0x3484,
    0x2404, 0x0185, 0x0246, 0x0164, 0x0AE5, 0x2C46, 0x1324, 0x3403, 0x7E05, 0x2445, 0x03C4, 0x2404, 0x4483, 0x3405, 0x2427, 0x0124,
    0x00A3, 0x3323, 0x8601, 0x8642, 0x6DC4, 0x8663, 0x3362, 0x8E22, 0x8643, 0x33E3, 0x7EC3, 0x3C63, 0x0185, 0x0245, 0x0124, 0x01C3,
    0x03A4, 0x02A3, 0x00A2, 0x0343, 0x45E2, 0x2B43, 0x0163, 0x2C42, 0x6642, 0x65E2, 0x2322, 0x09E2, 0x0221, 0x0241, 0x1341, 0x02A1,
    0x0A82, 0x01C0, 0x12A0, 0x4BE7, 0x95B0, 0x756D, 0x6E18, 0x65F9, 0x4B28, 0x3204, 0x7B69, 0xACCF, 0xE653, 0xDE34, 0xDE34, 0xE695,
    0xEED6, 0xDE54, 0xAD32, 0x8C6F, 0x9D12, 0xEEB7, 0xF719, 0xE656, 0xDDD3, 0xE635, 0xE655, 0xE613, 0xEE33, 0xF653, 0xFF16, 0xFED5,
    0xDD90, 0xACAF, 0xA4F1, 0x83AD, 0x5A48, 0x7B2A, 0x7B09, 0xE612, 0xEE53, 0xE613, 0xDDF2, 0xD592, 0xDDD2, 0xD592, 0xD592, 0xE5F2,
    0xE612, 0xE653, 0xD5B3, 0xDDD2, 0xD591, 0xC511, 0xDDB2, 0xDDD2, 0xD5D3, 0xF6B4, 0xFED5, 0xD5D3, 0x9BEC, 0x934A, 0xAC0D, 0xD5F4,
    0xDE15, 0xD5D4, 0xD5B3, 0xD592, 0xDDB2, 0xDDB1, 0xE5F2, 0xBCF1, 0xB4B0, 0x9C2E, 0x7B2B, 0x7B0A, 0xB44C, 0xC4AD, 0xD550, 0xEE74,
    0xFEB4, 0xFEB3, 0xF651, 0xF691, 0xFF32, 0xFE91, 0xFE52, 0xFE72, 0xF630, 0xFEF3, 0xFF14, 0x7C4E, 0x95D6, 0xAEDA, 0xA6B9, 0x9E99,
    0x0413, 0x0286, 0x0306, 0x0390, 0x02A3, 0x0309, 0x02E8, 0x0220, 0x12A1, 0x0AC2, 0x04D6, 0x0490, 0x0346, 0x2468, 0x0A81, 0x2321,
    0x85C1, 0x1B02, 0x01A2, 0x95E2, 0x6DA2, 0x9663, 0x4443, 0x5D41, 0x4CC2, 0x6D82, 0xD683, 0xF6C4, 0x65F1, 0x65F0, 0x4DB3, 0x550E,
    0xDE22, 0xEEE2, 0x3D99, 0x051E, 0x053E, 0x04DD, 0x04DF, 0x051F, 0x04FF, 0x051E, 0x053F, 0x04FC, 0x04BC, 0x04BE, 0x04BD, 0x049E,
    0x7DCE, 0x1599, 0x065F, 0xA77F, 0x1DDF, 0x055E, 0x059F, 0x059F, 0x05BF, 0x059F, 0x057F, 0x059F, 0x05DF, 0x05DF, 0x05FF, 0x05FF,
    0x05FF, 0x05FF, 0x05FF, 0x061F, 0x05FF, 0x063F, 0x049D, 0x03BD, 0x0C1D, 0x1D5D, 0x257E, 0x2D5F, 0x45DF, 0x2C2D, 0x01E4, 0x0208,
    0x0184, 0x0123, 0x0392, 0x0436, 0x0080, 0x0353, 0x05FF, 0x05FF, 0x063F, 0x065F, 0x049D, 0x0359, 0x05BF, 0x0C16, 0x0127, 0x2435,
    0x1333, 0x01AB, 0x0168, 0x00C6, 0x01ED, 0x00E6, 0x0822, 0x08E7, 0x0064, 0x3A4D, 0x5332, 0x322C, 0x21A9, 0x322C, 0x3A6E, 0x21AA,
    0x10E7, 0x08C5, 0x0A69, 0x026A, 0x4C89, 0x5C87, 0x7DC6, 0x5CA6, 0x1288, 0x33E5, 0x0126, 0x0248, 0x0087, 0x3205, 0x4445, 0x4D26,
    0x0147, 0x0228, 0x01C8, 0x0127, 0x0045, 0xA522, 0x53A2, 0x0001, 0x32E4, 0x3324, 0x00C5, 0x0084, 0x0145, 0x0104, 0x0063, 0x0062,
    0x1186, 0x32CF, 0x09C4, 0x1A25, 0x42CE, 0x42AB, 0x00C1, 0x0A63, 0x09C6, 0x00C5, 0x2A03, 0x8482, 0x6C04, 0x01A5, 0x0126, 0x0106,
    0x00E5, 0x00C5, 0x22E5, 0x11C3, 0x0245, 0x6523, 0x7E21, 0x0205, 0x0A85, 0x13A3, 0x23A3, 0x1344, 0x0225, 0x2464, 0x2C84, 0x3D23,
    0x1B83, 0x0A64, 0x0145, 0x0105, 0x0A05, 0x02C5, 0x1C25, 0x4D64, 0x5D85, 0x1C65, 0x0B05, 0x01C6, 0x19E4, 0x2B85, 0x2386, 0x1264,
    0x00C3, 0x0124, 0x4CE2, 0x6E03, 0x8EC5, 0x53E4, 0x0A22, 0x8663, 0x8E82, 0x0A83, 0x6603, 0x7623, 0x1A23, 0x0264, 0x0A85, 0x00C3,
    0x01A3, 0x02C4, 0x0144, 0x0B04, 0x13A3, 0x01A4, 0x01A4, 0x12E3, 0x0A62, 0x1342, 0x12A2, 0x0122, 0x0962, 0x2B26, 0x2AA6, 0x9CCD,
    0xBD91, 0xBDF3, 0xB572, 0xC591, 0xFEB5, 0xFEB5, 0xFEB4, 0xFED4, 0xF6D6, 0xCD94, 0xC533, 0xB4B2, 0xAC91, 0xCD0F, 0xE5B1, 0xC551,
    0xD591, 0xCD51, 0xE5F3, 0xD571, 0xD550, 0xBD31, 0xB511, 0xDE14, 0xD5D3, 0xD5D2, 0xDDF3, 0xDE14, 0xDE14, 0xD614, 0xE655, 0xE675,
    0xEE75, 0xEE94, 0xFEF6, 0xEEB6, 0xBD52, 0xB531, 0xC592, 0x940D, 0x7B0A, 0xAC0B, 0xCCED, 0xF6B4, 0xF694, 0xEE74, 0xDDF2, 0xC4CF,
    0xBCF0, 0xBD11, 0xB4D1, 0xB4AF, 0xCD71, 0xD5D3, 0xDDF3, 0xE613, 0xDDD3, 0xDDF2, 0xDDF2, 0xEE74, 0xEE74, 0xCDB2, 0xA3CB, 0xABEC,
    0xD571, 0xEE75, 0xE654, 0xEE53, 0xD590, 0xB46E, 0xB46E, 0x9C0E, 0xC572, 0xC552, 0xA4B0, 0xACAF, 0xCD51, 0xCD73, 0xC573, 0xC532,
    0xBCF0, 0xBCCF, 0xE5D1, 0xE5AF, 0xDDD1, 0xC511, 0xC4F1, 0xCD31, 0xEE72, 0xC50F, 0xAC8D, 0xBC2A, 0xEDB0, 0xF653, 0xEE32, 0xEE32,
    0xAD71, 0xAD90, 0xB612, 0xBDF3, 0xB634, 0x2263, 0x09C0, 0x1263, 0x0A43, 0x02C1, 0x03C5, 0x03E8, 0x0280, 0x1BA0, 0x1B41, 0x3C02,
    0x3B61, 0x2302, 0x0201, 0x7DA3, 0x6583, 0x2BE2, 0x1382, 0x2BA1, 0x6523, 0xD748, 0x9E42, 0xCEE6, 0xC6E9, 0xE702, 0x6653, 0x0557,
    0xB667, 0x2D7A, 0x053F, 0x055E, 0x053F, 0x2D77, 0xAE4D, 0x4E1B, 0x25B7, 0x053E, 0x051F, 0x45F1, 0x3D93, 0x04BE, 0x04DE, 0x96B1,
    0xDEE4, 0x1DBC, 0x1EBF, 0x4EBF, 0x1E3F, 0x05FF, 0x0DBF, 0x569E, 0x0D7E, 0x04FD, 0x0DDE, 0x161F, 0x053F, 0x057F, 0x05BF, 0x05BF,
    0x059F, 0x05DF, 0x05DF, 0x05DF, 0x05DF, 0x057F, 0x03FE, 0x033E, 0x035D, 0x03FD, 0x0C7E, 0x3DDF, 0x86BF, 0x3CF5, 0x024A, 0x022A,
    0x0185, 0x0102, 0x0249, 0x028D, 0x01EB, 0x059E, 0x063F, 0x063F, 0x061F, 0x061F, 0x05DF, 0x051E, 0x05DF, 0x167F, 0x0ACF, 0x1D9C,
    0x0AD1, 0x01CB, 0x01A9, 0x0167, 0x02F0, 0x0168, 0x0001, 0x10E7, 0x0084, 0x3A4D, 0x5332, 0x2A4B, 0x21E9, 0x3A8E, 0x29CB, 0x1969,
    0x0885, 0x01C5, 0x02A6, 0x0AA8, 0x1A09, 0x1148, 0x2A68, 0x32A8, 0x1A0A, 0x11E8, 0x11C7, 0x00E7, 0x0946, 0x2266, 0x1A26, 0x09E7,
    0x1B25, 0x1B66, 0x0228, 0x3C06, 0x2305, 0x7D23, 0x4441, 0x11C2, 0x85E4, 0x6D43, 0x0984, 0x0205, 0x02A6, 0x2244, 0x7BC3, 0x09C5,
    0x01A5, 0x00E5, 0x3404, 0x2B03, 0x00C5, 0x0283, 0x1BC2, 0x23A4, 0x9502, 0xB4C2, 0xDD40, 0x7C82, 0x0105, 0x0AC5, 0x0A26, 0x13E5,
    0x0205, 0x3BA2, 0x7E21, 0x21C4, 0x00C2, 0x42E4, 0x9626, 0x0142, 0x0AC2, 0x2CA3, 0x2C64, 0x09E5, 0x0265, 0x13A4, 0x7627, 0x65C4,
    0x5485, 0x01E4, 0x0185, 0x00A4, 0x01A5, 0x0306, 0x1B06, 0x13E4, 0x1B85, 0x4528, 0x9DD9, 0x4B74, 0x1184, 0x9EA7, 0x9EA7, 0xA705,
    0x4BA4, 0x00C4, 0x3405, 0x7EC4, 0x8F05, 0x3365, 0x0163, 0x4CA2, 0x44C2, 0x0244, 0x1364, 0x5D83, 0x33C4, 0x02E5, 0x0284, 0x0143,
    0x0103, 0x01C3, 0x0163, 0x0162, 0x0182, 0x0142, 0x00C2, 0x0081, 0x0081, 0x0143, 0x0123, 0x6B0B, 0xC592, 0xDE14, 0xEE75, 0xFE73,
    0xFEF5, 0xFF38, 0xFF57, 0xFEF6, 0xE675, 0xE655, 0xDE34, 0xDDF2, 0xDDD1, 0xEE33, 0xE633, 0xE613, 0xBD31, 0x93ED, 0xCD71, 0xD5D3,
    0xD5B2, 0xD591, 0xD5B2, 0xDDD2, 0xDDF2, 0xD5D3, 0xDE13, 0xE612, 0xDDB1, 0xDDB1, 0xD592, 0xD5B2, 0xE634, 0xEE95, 0xEE53, 0xE613,
    0xEE53, 0xEE74, 0xE633, 0xE632, 0xF652, 0xFE52, 0xFE93, 0xD570, 0xC4AC, 0xD4CC, 0xB44C, 0x8B8C, 0xBCD0, 0xAC8F, 0xBD12, 0xD5D4,
    0xD5D4, 0xCD93, 0xD5B2, 0xD5B2, 0xDE13, 0xCD92, 0xCD72, 0xCD93, 0xCD93, 0xCD93, 0xD5B2, 0xDDD2, 0xDDF3, 0xEE74, 0xDDD2, 0xCD10,
    0xA3ED, 0x9BCC, 0x9BCC, 0x9BCC, 0xC50F, 0xE613, 0xDDF2, 0xE653, 0xF6B4, 0xEEB4, 0xF6F6, 0xE634, 0xCD72, 0xCD93, 0xCDB3, 0xD5B3,
    0xCD71, 0xCD50, 0xBCEE, 0xB46D, 0xCD51, 0xD615, 0xDE55, 0xDE54, 0xEEB3, 0xE653, 0xD5D1, 0xDE32, 0xDDF2, 0xD5D3, 0xD5F3, 0xDE13,
    0xF674, 0xF694, 0xFE94, 0xFEF6, 0xFED6, 0xDE74, 0xDE74, 0xDE75, 0xD635, 0x2A85, 0x12E1, 0x1B03, 0x1A85, 0x2265, 0x0261, 0x0B02,
    0x1B83, 0x01C1, 0x1B81, 0x3C43, 0x3443, 0x1B42, 0x0A61, 0x2361, 0x7E03, 0x6D83, 0x2BA1, 0x7E01, 0xBEA4, 0xA602, 0x2444, 0x1C07,
    0x3596, 0x053C, 0x051F, 0x157E, 0x057E, 0x8E0D, 0x7DF0, 0x0D9E, 0x2DB0, 0x55F0, 0x661C, 0x2594, 0x2D54, 0x045E, 0x151D, 0xDF05,
    0x3579, 0x055F, 0x4E5F, 0xB73F, 0x265F, 0x057F, 0x6633, 0xD79D, 0x9F1F, 0x3E5E, 0x05FF, 0x0E3F, 0x057F, 0x053F, 0x055F, 0x055F,
    0x057F, 0x057F, 0x057F, 0x057F, 0x057F, 0x04FF, 0x04FF, 0x041E, 0x03DD, 0x04DD, 0x14DE, 0x559F, 0xA69E, 0x3E5F, 0x04FC, 0x0CFB,
    0x04DB, 0x01A9, 0x00E3, 0x00C3, 0x03F5, 0x063F, 0x061F, 0x05FE, 0x063F, 0x063F, 0x0E7F, 0x03F5, 0x0A2C, 0x0E5E, 0x0EFF, 0x0D7B,
    0x01EB, 0x020B, 0x01CA, 0x19A8, 0x2B4E, 0x026C, 0x0864, 0x10A5, 0x0064, 0x3A4D, 0x42AF, 0x1167, 0x2A2A, 0x21CA, 0x0885, 0x10E6,
    0x08E6, 0x0966, 0x0988, 0x1969, 0x1129, 0x1149, 0x08C9, 0x00A7, 0x0926, 0x00C5, 0x0946, 0x0064, 0x01C4, 0x23C7, 0x3348, 0x0148,
    0x4482, 0x2C03, 0x2C04, 0x6DE3, 0x6DC3, 0x6D43, 0x2AE2, 0x6523, 0x7DE3, 0x3B83, 0x0203, 0x13E3, 0x2A83, 0xCD40, 0xCE23, 0x09E4,
    0x0203, 0x0205, 0x3C44, 0x3304, 0x0A85, 0x3423, 0x2342, 0x84E3, 0xFEC0, 0xEE40, 0xCD62, 0x8506, 0x0205, 0x1325, 0x0203, 0x0381,
    0x0222, 0x3AE2, 0xCE8D, 0xD6BA, 0x53EA, 0x1183, 0x4C40, 0x74AD, 0x858F, 0xD75A, 0x8512, 0x0124, 0x0144, 0x3227, 0x9D93, 0x1244,
    0x09A5, 0x0A25, 0x2306, 0x00E5, 0x0266, 0x0246, 0x0126, 0x0225, 0x01C6, 0x09A6, 0xC67A, 0x9E38, 0x0265, 0x1327, 0x450E, 0xAF68,
    0x85C5, 0x0164, 0x0225, 0x33A4, 0x7F05, 0x2B64, 0x0AE4, 0x12C4, 0x23A4, 0x0204, 0x0283, 0x1B22, 0x0162, 0x01C3, 0x2A06, 0x31E6,
    0x2A26, 0x4B09, 0x94AF, 0x94AF, 0x94AF, 0x8C6E, 0x8C4E, 0x840D, 0x9C8F, 0x5248, 0x1906, 0x39CA, 0x422A, 0x4A2A, 0x39A8, 0x3188,
    0xA3EC, 0xAC4D, 0xB48E, 0xC4F0, 0xD550, 0xD570, 0xDDB1, 0xDD90, 0xDD6F, 0xDDD1, 0xF716, 0xFF78, 0xFF16, 0xEF16, 0xB4F0, 0x93CD,
    0xAC8E, 0xD5B2, 0xDE13, 0xF6B5, 0xEEB6, 0xD5D4, 0xCD52, 0xC531, 0xC510, 0xBCAF, 0xD550, 0xD592, 0xD5D4, 0xDE14, 0xD592, 0xD571,
    0xD5B1, 0xD52F, 0xDD0D, 0xE50B, 0xCC6B, 0xA3EC, 0xA40C, 0xB44C, 0xDD0D, 0xEE53, 0xE654, 0xE654, 0xE654, 0xE653, 0xDDF4, 0xDDD2,
    0xDDD2, 0xD592, 0xCD92, 0xDDF3, 0xDDF2, 0xD5B2, 0xCD51, 0xC552, 0xCD73, 0xC533, 0xBD32, 0xBCF1, 0xAC70, 0xA470, 0xACD2, 0xACD2,
    0xA491, 0xA471, 0xA492, 0xACD2, 0xBCAF, 0xBC6D, 0xC48D, 0xDD4E, 0xE5CF, 0xE631, 0xE632, 0xEE74, 0xF6B4, 0xF6D4, 0xF6B4, 0xF6B4,
    0xF693, 0xF6B4, 0xEEB4, 0xDDF2, 0xD5B2, 0xDDB2, 0xD571, 0xCD51, 0xCD31, 0xC510, 0xCD30, 0xEEB2, 0xFF13, 0xFEF3, 0xF6D3, 0xFEF4,
    0xE633, 0xDDF1, 0xDDF1, 0xCD70, 0x8B8A, 0x8B8A, 0xCDB1, 0xDDD2, 0xD5D3, 0xC591, 0xD633, 0xE6B5, 0xD634, 0xCE36, 0x21E5, 0x11E3,
    0x1AC4, 0x12A4, 0x1AE4, 0x0223, 0x0B01, 0x1B41, 0x0A02, 0x2B81, 0x23C2, 0x2BC2, 0x5521, 0x5D61, 0x6DA2, 0x1B81, 0x1B41, 0x8603,
    0x8E64, 0x8643, 0x2572, 0x968E, 0x96D1, 0x3D99, 0x151D, 0x055E, 0x04FC, 0x4D6C, 0x8E0C, 0x1DB9, 0x15DA, 0x04FF, 0x7E4E, 0x45B4,
    0x055F, 0x055E, 0x157E, 0x3E1F, 0x055F, 0x2DF2, 0x2613, 0x0D9F, 0x1DFF, 0x0DDF, 0x051F, 0x0DDF, 0x169F, 0x05DF, 0x061F, 0x05FF,
    0x05DF, 0x05DF, 0x05DF, 0x05DF, 0x05DF, 0x05DF, 0x05BF, 0x03FE, 0x03FD, 0x049D, 0x1C7D, 0x759E, 0x5498, 0x04BB, 0x05FF, 0x057E,
    0x05BF, 0x057D, 0x0456, 0x0062, 0x0352, 0x067F, 0x051A, 0x01EA, 0x05DE, 0x069F, 0x04B8, 0x0107, 0x00A4, 0x0C74, 0x0E7C, 0x022B,
    0x01A9, 0x01CA, 0x01CA, 0x00E6, 0x1906, 0x1A0A, 0x01C9, 0x1147, 0x0001, 0x322C, 0x428F, 0x10E6, 0x10E6, 0x08C6, 0x21AA, 0x42D0,
    0x1969, 0x08C6, 0x1969, 0x198A, 0x1969, 0x1108, 0x19A7, 0x4C85, 0x4CC5, 0x3405, 0x2AC5, 0x0944, 0x12E6, 0x0AE9, 0x2C09, 0x2B69,
    0xBE61, 0x6CE3, 0x3C44, 0x5D43, 0x75A3, 0x2A63, 0x5463, 0x7E24, 0x1BA3, 0x0243, 0x1B23, 0x7542, 0xEE21, 0xACA1, 0x11C4, 0x0AE4,
    0x23C2, 0x0102, 0x3B43, 0x4CA4, 0x0AE3, 0x9503, 0xC522, 0x9401, 0xFE60, 0xBC40, 0x4324, 0x1305, 0x0224, 0x01E3, 0x33A4, 0x5D06,
    0x3305, 0x0180, 0x5BCD, 0xCEB9, 0x9E32, 0x0964, 0x00A0, 0x7C8D, 0xFFDD, 0xB638, 0x2A67, 0x0104, 0x3A27, 0xF79C, 0x8CD2, 0x0001,
    0x0984, 0x43E5, 0x01A5, 0x12C6, 0x09E6, 0x0146, 0x0166, 0x0186, 0x01C7, 0x00E4, 0x11A6, 0x09E6, 0x00E3, 0x1223, 0x3D23, 0x3D63,
    0x34C3, 0x01C5, 0x0104, 0x0A64, 0x1BC3, 0x01A3, 0x12E4, 0x0223, 0x01C3, 0x0205, 0x3268, 0x3267, 0x2A47, 0x4AE8, 0xCDD5, 0xDE37,
    0xC573, 0xEE76, 0xFEF7, 0xFED6, 0xFED5, 0xFED4, 0xFEF6, 0xFF37, 0xFF36, 0xF6D7, 0xE6D8, 0xE6D9, 0xE6B7, 0xEEB6, 0x52CC, 0x31C9,
    0x4209, 0x39E9, 0x31A8, 0x18E6, 0x6247, 0xDD4D, 0xEE32, 0xC4EE, 0xEE53, 0xFF78, 0xEED6, 0xE6B6, 0xDE13, 0xD5B1, 0xE5F1, 0xCD2E,
    0xBCAD, 0x940D, 0x93ED, 0xB48E, 0xC510, 0xD5B2, 0xDDD3, 0xDDB2, 0xE634, 0xE634, 0xEE74, 0xEE53, 0xEE75, 0xEED6, 0xEDF1, 0xD550,
    0xDDF3, 0xDDF3, 0xE5F2, 0xE5D1, 0xE612, 0xEE54, 0xEE53, 0xEE11, 0xE5F1, 0xE654, 0xEE75, 0xEE74, 0xE633, 0xE612, 0xE613, 0xDE13,
    0xDDF3, 0xD5D3, 0xD5D3, 0xD5B3, 0xCD92, 0xCD92, 0xCD92, 0xD5B2, 0xD593, 0xD5B3, 0xD5B2, 0xC552, 0xBD12, 0xC532, 0xC553, 0xC573,
    0xC553, 0xCD52, 0xCD72, 0xC573, 0xBD53, 0xCD72, 0xCD72, 0xB48F, 0xAC2C, 0xBC4C, 0xBC0B, 0xCD2F, 0xEE74, 0xEE73, 0xE5AF, 0xE56E,
    0xE54E, 0xD54E, 0xEE53, 0xF6B4, 0xE613, 0xEE74, 0xF694, 0xEE54, 0xDDF3, 0xDDF2, 0xCD51, 0xAC8F, 0xC571, 0xCDB1, 0xCD90, 0xCDB1,
    0x9BEC, 0x9BCC, 0x93CC, 0xA46E, 0xEE94, 0xEE73, 0xF6B4, 0xF6B5, 0xEE74, 0xE675, 0xE654, 0x8329, 0x51E7, 0x832A, 0x838B, 0xDE96,
    0xEEF8, 0xE6D7, 0xE719, 0x63AB, 0x1A44, 0x01A2, 0x0200, 0x23C0, 0x0AE0, 0x22E2, 0x8E04, 0x23E2, 0x2422, 0x1BA2, 0x54A3, 0x9684,
    0x5D22, 0x8641, 0x9E81, 0xBE64, 0xFF2E, 0xCE10, 0xB64C, 0x1D76, 0x055D, 0x0D37, 0x5C88, 0x6699, 0x05DF, 0x35D6, 0xCEC2, 0x25BA,
    0x055F, 0x051F, 0x35FE, 0x25BF, 0x3CED, 0x4D6E, 0x055F, 0x055F, 0x055F, 0x055F, 0x053F, 0x051E, 0x053E, 0x053F, 0x053F, 0x055F,
    0x053F, 0x055F, 0x055F, 0x055F, 0x053F, 0x053F, 0x053F, 0x041D, 0x03BE, 0x041E, 0x2CFE, 0x861E, 0x4DFE, 0x059F, 0x04DA, 0x01C8,
    0x0414, 0x065F, 0x0E1E, 0x03F5, 0x0107, 0x0D7D, 0x022B, 0x00C3, 0x04B8, 0x05FE, 0x067F, 0x0372, 0x0127, 0x0188, 0x01A9, 0x01C9,
    0x01C9, 0x0188, 0x0107, 0x0169, 0x08A6, 0x28E6, 0x0906, 0x0906, 0x0041, 0x1125, 0x320B, 0x08C6, 0x1947, 0x29EA, 0x4AEF, 0x3AB0,
    0x324E, 0x1128, 0x1969, 0x21AB, 0x196A, 0x11C8, 0x4C85, 0x5505, 0x23A7, 0x3488, 0x0208, 0x0025, 0x1266, 0x3C67, 0x4C87, 0x4467,
    0x95C3, 0x74A4, 0xFE21, 0xBD62, 0x74C4, 0x3B44, 0x4CA3, 0x54C5, 0x1B64, 0x5D24, 0x8E03, 0x8DE3, 0xA603, 0x5C24, 0x0224, 0x1364,
    0x23C3, 0x0A63, 0x3364, 0x2BC4, 0x2B02, 0xAC82, 0xD4E2, 0xF5E1, 0xCC01, 0xEE01, 0xCEE2, 0x9EA2, 0x4C23, 0x0202, 0x6D08, 0xCF4F,
    0x9E4C, 0x0220, 0x6BED, 0xEF3A, 0x00A4, 0x2A84, 0x3362, 0x32E1, 0xBE0C, 0x84EA, 0x6CC7, 0x0123, 0x53A9, 0x85AB, 0x4CC3, 0x2243,
    0x1A83, 0x3C24, 0x2B24, 0x4486, 0x01A6, 0x0246, 0x1AE5, 0x0165, 0x09A5, 0x0145, 0x0043, 0x00C3, 0x0144, 0x0A05, 0x1BA5, 0x4DA2,
    0x2403, 0x0184, 0x00C3, 0x0A04, 0x0203, 0x0123, 0x0143, 0x534B, 0x5B8B, 0x6C0E, 0xE6FB, 0xEF1A, 0xEF1B, 0xE6D9, 0xCDF6, 0xC5D6,
    0xBD95, 0xC573, 0xBCD0, 0xBCD0, 0xC530, 0xC4EF, 0xCD51, 0xCD92, 0xD5D3, 0xD5D3, 0xCD92, 0xD592, 0xCD73, 0xCD93, 0xF715, 0xE694,
    0xE695, 0xF759, 0xD615, 0x62CB, 0x62EC, 0xB48D, 0x5228, 0x3167, 0xA48F, 0xA46E, 0xC4AD, 0xCCED, 0xC4CE, 0xD590, 0xE5F1, 0xF6B4,
    0xFF15, 0xFF35, 0xFF15, 0xACEF, 0x7B2A, 0xC4AD, 0xEDD0, 0xDD90, 0xD5F3, 0xDE56, 0xE655, 0xAC6F, 0x83CF, 0x8BF0, 0x9411, 0x8BF0,
    0x8BF0, 0x9C30, 0xA44F, 0x9C2F, 0xA430, 0xB4F1, 0xCD92, 0xA3AA, 0xCD0F, 0xC552, 0xB4F1, 0xB4F1, 0xCD52, 0xBD11, 0xCD51, 0xD572,
    0xCD71, 0xCD92, 0xCD93, 0xCD72, 0xCD72, 0xCD73, 0xCD93, 0xDDD2, 0xD591, 0xE5F2, 0xF693, 0xEE53, 0xEE33, 0xE612, 0xDDD3, 0xD5D4,
    0xDDD2, 0xE5F2, 0xE612, 0xDDD2, 0xD5D3, 0xDDD2, 0xDDD3, 0xD5D3, 0xD5D3, 0xDDF4, 0xCDB3, 0xBCD0, 0xBCD0, 0xDDD3, 0xDDB2, 0xDD91,
    0xEE11, 0xDD4F, 0xE5D1, 0xF632, 0xDD91, 0xCD93, 0xCD92, 0xC551, 0xBD10, 0xC531, 0x8BEE, 0x7B6D, 0x8BAE, 0x7B2C, 0x6AEB, 0x834B,
    0xE632, 0xE5D0, 0xCD4F, 0xCD2F, 0xD52E, 0xCD2E, 0xC50F, 0xC530, 0xC50F, 0x8B8B, 0x8B6A, 0x8B6B, 0xBCCF, 0xE632, 0xE653, 0xE674,
    0xE654, 0xDDF2, 0xDE13, 0xDE13, 0xFF17, 0x94F0, 0x63EA, 0x852B, 0x5BC9, 0x0140, 0x2C00, 0x2BC1, 0x0B62, 0x0AA2, 0x22C2, 0x8624,
    0x3462, 0x5502, 0x9643, 0x8D64, 0xB5C8, 0x3AA3, 0x6C62, 0x4655, 0x0D7C, 0x0CF3, 0x5545, 0x4E15, 0x15FE, 0x860A, 0x8E2C, 0x055E,
    0x051F, 0x2514, 0x35BB, 0x3DB5, 0x2D6D, 0x057F, 0x057F, 0x057F, 0x25BB, 0x057F, 0x055F, 0x051F, 0x051F, 0x055F, 0x053F, 0x053F,
    0x057F, 0x053F, 0x053F, 0x053F, 0x053F, 0x053F, 0x053F, 0x055F, 0x047F, 0x043E, 0x3D5F, 0x65FF, 0x25DF, 0x0498, 0x0123, 0x0102,
    0x01A6, 0x03B2, 0x024B, 0x0E3E, 0x02D0, 0x026C, 0x0209, 0x00A2, 0x0107, 0x03D8, 0x0355, 0x0169, 0x01C9, 0x020A, 0x01E9, 0x020A,
    0x020A, 0x01A8, 0x0127, 0x018A, 0x018B, 0x31A9, 0x1927, 0x10C5, 0x08E4, 0x0103, 0x1947, 0x29EC, 0x324C, 0x324C, 0x3A8E, 0x324E,
    0x322E, 0x198B, 0x218B, 0x21AA, 0x11CA, 0x3406, 0x5544, 0x4486, 0x0B4A, 0x02EB, 0x01A9, 0x00C7, 0x1248, 0x3467, 0x4446, 0x4446,
    0x8D82, 0x9D42, 0xD500, 0x8C42, 0x8D84, 0x4404, 0x4CA3, 0x54E2, 0x5502, 0x7DE2, 0x8623, 0x7DC3, 0x7E23, 0x86A4, 0x6DC5, 0x3424,
    0x2BC3, 0x02A3, 0x44C4, 0x3CC4, 0x23C3, 0x1B22, 0x8D22, 0xD661, 0x3B22, 0x8D63, 0xB6A1, 0x8623, 0x9684, 0x54C3, 0x2BC2, 0x13A1,
    0x2C80, 0x3C81, 0x7586, 0x7D07, 0x3B84, 0x8604, 0x96E3, 0x4CA2, 0x4C63, 0xCF89, 0x7DE6, 0x2382, 0x1B42, 0x23E0, 0x6582, 0x4CA3,
    0x4D03, 0x3483, 0x3CA4, 0x4D44, 0x13A5, 0x23E5, 0x6544, 0x2B44, 0x4444, 0x33A3, 0x3BC2, 0x22A3, 0x00C3, 0x0225, 0x0346, 0x3C84,
    0x1224, 0x33E5, 0x0103, 0x0104, 0x1146, 0x73AC, 0x83ED, 0xDE57, 0xE677, 0xCDD4, 0xBD53, 0xC573, 0xC5B4, 0xBDB5, 0xCE16, 0xDE35,
    0xDE15, 0xD615, 0xCDD4, 0xD635, 0xD615, 0xC531, 0xDDF3, 0xE674, 0xE655, 0xE5F2, 0xD50D, 0xD4ED, 0xA44D, 0x8BAC, 0xDE30, 0xBCEF,
    0xBCF0, 0xCDD4, 0xD5D4, 0xDE14, 0xEE75, 0xB4D0, 0x4A4A, 0x62EB, 0x628A, 0x5228, 0x6248, 0xAC4D, 0xA40C, 0xBC8C, 0xEDF0, 0xACF2,
    0xBD53, 0xBD52, 0xC573, 0xCDD5, 0x8C10, 0x834C, 0x7AE9, 0x8B8D, 0x83AF, 0x7B8F, 0x8BD0, 0x6B2E, 0x62EE, 0x632F, 0x5B0F, 0x5AEF,
    0x630F, 0x6B50, 0x7371, 0x6B50, 0x5ACE, 0x52AD, 0x5AEE, 0x3188, 0x6AEC, 0x6B0D, 0x5AEE, 0x736F, 0x9410, 0x9430, 0xB4F2, 0xB4D1,
    0xB4B1, 0xCD51, 0xCD72, 0xCD93, 0xB534, 0xBD33, 0xB512, 0xBD11, 0xCD31, 0xBD11, 0xBD32, 0xBD33, 0xBD12, 0xBD11, 0xDDB2, 0xDDD3,
    0xE5F2, 0xDDF3, 0xE633, 0xDDF3, 0xD5D3, 0xE614, 0xDDD3, 0xD5B2, 0xD592, 0xCD72, 0xD571, 0xDDD3, 0xE5F3, 0xC4CF, 0xB4F1, 0xCD73,
    0xBC8D, 0xBC8E, 0x9BEC, 0xB48E, 0xAC90, 0x6AEC, 0x838E, 0x83AE, 0x83AE, 0x7B6E, 0x83AF, 0xCD94, 0xE676, 0xEE96, 0xFED4, 0xF693,
    0xDDF2, 0xBCAE, 0xAC2D, 0xAC2D, 0xBCCE, 0xB4CF, 0x9C4E, 0xCD2F, 0xDD4F, 0xDD6E, 0xDD4E, 0xE56F, 0xF672, 0xEED2, 0xEE92, 0xEEF4,
    0xF756, 0xF715, 0xF714, 0xEEB3, 0xE654, 0xE696, 0xDE56, 0xE657, 0xCD93, 0x744C, 0x7D8F, 0x43C9, 0x0220, 0x01A0, 0x6DC3, 0x7643,
    0x2BA2, 0x8EA3, 0x7D63, 0x3BC2, 0x75A3, 0x4401, 0x140A, 0x1D56, 0x7E4B, 0x3552, 0x4DED, 0x764D, 0x5DF1, 0x5E2E, 0x057E, 0x1558,
    0x5D6B, 0x4C44, 0x6572, 0x4E10, 0x05BE, 0x059F, 0x4E15, 0x96CA, 0x3E16, 0x057F, 0x055F, 0x1D9B, 0x25BB, 0x057F, 0x057F, 0x055E,
    0x04BA, 0x059F, 0x057F, 0x055F, 0x055F, 0x055F, 0x055F, 0x055F, 0x047E, 0x0C1F, 0x453F, 0x863F, 0x4E1F, 0x022D, 0x01EB, 0x02F0,
    0x02EE, 0x0145, 0x0165, 0x028C, 0x0332, 0x00E5, 0x00E3, 0x0105, 0x0C58, 0x0377, 0x0086, 0x0128, 0x0189, 0x01A8, 0x01A9, 0x01A9,
    0x01C9, 0x0209, 0x0209, 0x01A9, 0x00C7, 0x29AA, 0x21A8, 0x10A4, 0x00C3, 0x1146, 0x4B10, 0x322D, 0x2A2A, 0x3A8D, 0x2A0C, 0x324E,
    0x324E, 0x198A, 0x198A, 0x196A, 0x1AE7, 0x44A5, 0x3C65, 0x0B4A, 0x032C, 0x0187, 0x0107, 0x022B, 0x00E6, 0x1B29, 0x23E9, 0x3C49,
    0xC660, 0xB5E1, 0x3322, 0x3C43, 0x7DE3, 0x44C1, 0x6563, 0xAE50, 0xAE51, 0x9DAB, 0x8522, 0x3CA1, 0x4CE3, 0x3C62, 0x6D43, 0x9E44,
    0x2302, 0x1B63, 0x7643, 0x65E4, 0x6E03, 0x5DA3, 0x6582, 0x8E22, 0x3C42, 0x2BA3, 0x8E43, 0x5D64, 0x7583, 0x54C3, 0x7E64, 0x23A3,
    0x0AE2, 0x5522, 0x4D02, 0x0B22, 0x5D63, 0x44C2, 0x7601, 0x6523, 0x33E2, 0x54C1, 0x3C21, 0x3C62, 0x3442, 0x5503, 0x4483, 0x23C2,
    0x3482, 0x1BA2, 0x13A1, 0x1BC1, 0x0B01, 0x3442, 0x44E2, 0x44E3, 0x3CA3, 0x4D22, 0x33E0, 0x33A2, 0x11C5, 0x0124, 0x3C05, 0x02A3,
    0x0963, 0x2B44, 0x0144, 0x0946, 0x2A2C, 0x83D0, 0xA44F, 0xCD52, 0xEE75, 0xD614, 0xDE34, 0xDE55, 0xE655, 0xDE55, 0xE675, 0xEE75,
    0xE654, 0xDE54, 0xE6B6, 0xF759, 0xF6F6, 0xEE94, 0xEE95, 0xEEF6, 0xEEF6, 0xEEB5, 0xF6B4, 0xF6B4, 0xF6B4, 0xEE72, 0xE632, 0xEE95,
    0xE676, 0xD636, 0xD5F4, 0xD5D3, 0xDDF3, 0xEE74, 0xF6B4, 0xF673, 0xFF15, 0xEE12, 0xAC4D, 0xB4D0, 0x6B0D, 0x5A69, 0xAC4E, 0x732E,
    0x8BAF, 0x838E, 0x62ED, 0x52AE, 0x52AF, 0x5AF0, 0x424C, 0x39EA, 0x5ACE, 0x6351, 0x5B31, 0x632F, 0x83D0, 0x83D1, 0x7BB1, 0x7390,
    0x52CD, 0x4A6C, 0x528C, 0x4A4B, 0x424C, 0x52CE, 0x52CE, 0x52CE, 0x4A6D, 0x632F, 0x6B4F, 0x4A6C, 0x4A6C, 0x4A8D, 0x424D, 0x5AEE,
    0x7B90, 0x9410, 0x9C30, 0x9C31, 0x8C11, 0x7B6E, 0x736F, 0x8C11, 0x8BF0, 0x83B0, 0x7BB0, 0x83D1, 0x8BF1, 0x83D0, 0xAC91, 0xB4F2,
    0xA4B2, 0xA491, 0x9C71, 0xBD32, 0xDE14, 0xC552, 0xAC90, 0xAC90, 0x9431, 0x93EF, 0x93CD, 0x8B8D, 0x8B8D, 0x6A8A, 0x736E, 0x630C,
    0x6ACA, 0xACB0, 0x942F, 0xA490, 0xACF2, 0xA4B1, 0xBD11, 0xCD72, 0xD572, 0xCD71, 0xCD71, 0xBCF0, 0xB4F1, 0xBD11, 0xC50F, 0xCD50,
    0xEE75, 0xEEB5, 0xEEB4, 0xEEB4, 0xE6D4, 0xF715, 0xFF56, 0xF6F5, 0xF6B4, 0xF6D3, 0xF6B3, 0xC510, 0xC510, 0xD5D1, 0xDE11, 0xD5F1,
    0xCDB3, 0xCDB2, 0xCD90, 0xB4CE, 0xA40E, 0x9C2E, 0x93CD, 0x9BCC, 0xA3EC, 0xE614, 0xEE98, 0xC5F5, 0x8C8F, 0x8CB0, 0x3B45, 0x0A80,
    0x01C1, 0x54E3, 0x4CA2, 0x1AA1, 0x4CC2, 0x3421, 0x1383, 0x13A3, 0x5C80, 0x350D, 0x1CD3, 0x3C25, 0x762E, 0x25D9, 0x15B9, 0x5D86,
    0x4C40, 0x0BF1, 0x2D97, 0x0536, 0x05BE, 0x7692, 0x9E8A, 0x7E92, 0x05BF, 0x057F, 0x057F, 0x2510, 0x2575, 0x059F, 0x057F, 0x05BF,
    0x3C4A, 0x0C93, 0x05DF, 0x059F, 0x057F, 0x057F, 0x057F, 0x059F, 0x047E, 0x037E, 0x451E, 0x65DE, 0x1D5F, 0x045A, 0x051E, 0x05FF,
    0x0371, 0x0125, 0x00E3, 0x09A7, 0x0D59, 0x0351, 0x024B, 0x0167, 0x13B4, 0x9678, 0x4A84, 0x3204, 0x3AA7, 0x00E7, 0x00E7, 0x00E7,
    0x0128, 0x0168, 0x0107, 0x0189, 0x00C6, 0x1927, 0x21C8, 0x1084, 0x0042, 0x29A9, 0x4AF0, 0x29EA, 0x3208, 0x322B, 0x29EC, 0x324E,
    0x21CB, 0x1969, 0x21AB, 0x1209, 0x0B88, 0x2429, 0x034B, 0x02CB, 0x01C8, 0x0043, 0x0106, 0x028A, 0x00C5, 0x00C6, 0x01CA, 0x12CB,
    0x7D42, 0x5C83, 0x23A3, 0x44A3, 0x44E4, 0x5D48, 0x5CA5, 0xEF9E, 0xFFFF, 0xDE13, 0xE6F9, 0x6D6B, 0x1BC0, 0x23A2, 0x8DA4, 0xCF25,
    0x4443, 0x1323, 0x44C4, 0x7604, 0x6584, 0x65A3, 0x5583, 0x5583, 0x23A3, 0x1B63, 0x5504, 0x5D63, 0x4CC2, 0x0AC2, 0x2BC4, 0x3CC3,
    0x0244, 0x4483, 0x44C3, 0x0AC3, 0x1B44, 0x1BC4, 0x3C83, 0x3402, 0x3401, 0x33E1, 0x1B22, 0x2362, 0x1301, 0x23C3, 0x1362, 0x4CA7,
    0x3484, 0x3C64, 0x958D, 0x9D4F, 0x9D71, 0xB631, 0x9E2A, 0x85E6, 0x9648, 0x5CE7, 0x8491, 0x6C0C, 0x11E4, 0x0063, 0xA58C, 0x95CB,
    0x0101, 0x0142, 0x01A3, 0x19A9, 0x326F, 0x118A, 0x1967, 0x4A8B, 0x8BED, 0xCD0D, 0xD570, 0xDE14, 0xCDB4, 0xCD93, 0xC573, 0xC572,
    0xC572, 0xE5F3, 0xE654, 0xF6F7, 0xEE75, 0xEEB6, 0xE675, 0xCD70, 0xEE95, 0xE696, 0xE675, 0xF717, 0xFF98, 0xFF78, 0xF6B4, 0xF693,
    0xFEF5, 0xF6D5, 0xEDD1, 0xE58F, 0xDD4F, 0xACF1, 0x9C71, 0xA491, 0xA490, 0x93EF, 0xA491, 0x8C10, 0x7390, 0x83F1, 0x83D1, 0x9C30,
    0x9410, 0x93CF, 0x734F, 0x6350, 0x6330, 0x6330, 0x6B50, 0x52AD, 0x5AEE, 0x3A2B, 0x31EB, 0x426D, 0x4A4B, 0x4A4B, 0x5AAC, 0x528C,
    0x422B, 0x428D, 0x4AEF, 0x4AAE, 0x5B0F, 0x632F, 0x5ACE, 0x5AEE, 0x5AEE, 0x630E, 0x52CE, 0x4A8D, 0x52CD, 0x62ED, 0x62EC, 0x62ED,
    0x734E, 0x736F, 0x630E, 0x6B2E, 0x7B8F, 0x738F, 0x632E, 0x630E, 0x7BF1, 0x7390, 0x8C11, 0x9452, 0x83F1, 0x7BB1, 0x6B70, 0x83D1,
    0x83F1, 0x7BD1, 0x7390, 0x83D0, 0x9C51, 0x7B90, 0x6B2F, 0x7370, 0x6B2F, 0x6B0E, 0x526B, 0x5AAC, 0x736E, 0x83F0, 0x7B8E, 0x838E,
    0xB512, 0xBD74, 0xCDB4, 0xCDB4, 0xDDF4, 0xD5D3, 0xD592, 0xE5D1, 0xDDD2, 0xDDD2, 0xE5F2, 0xEE53, 0xD5D2, 0xC571, 0xAC8E, 0xB48E,
    0xB4B0, 0xB4D1, 0xB4D1, 0xACD1, 0xA4D1, 0xBD31, 0xC50F, 0xDDB1, 0xEE74, 0xEEB4, 0xFF15, 0xE674, 0xC551, 0xD613, 0xD5D2, 0xD5B0,
    0xC56F, 0xC530, 0xC511, 0xC531, 0xBCF1, 0xBD11, 0xC573, 0xD5B3, 0xDDD2, 0xD5B2, 0xD591, 0xEEB4, 0xFFD8, 0xFFB8, 0xAD32, 0x8CF0,
    0x1AA4, 0x01A0, 0x3C62, 0x2BE2, 0x02A2, 0x4D22, 0x6562, 0x2C22, 0x0342, 0x65E6, 0x54CB, 0x09E0, 0x75E9, 0x6E6E, 0x4527, 0x4D00,
    0x03CA, 0x155D, 0x3636, 0x15D7, 0x05BD, 0x8D61, 0x762A, 0x057F, 0x05BE, 0x05BF, 0x04D8, 0x0B69, 0x059C, 0x05BF, 0x057E, 0x0D95,
    0x35F7, 0x3553, 0x0D34, 0x059F, 0x05BF, 0x05BF, 0x059F, 0x059F, 0x053F, 0x0BDD, 0x453F, 0x3D5F, 0x051F, 0x05BF, 0x05BF, 0x032F,
    0x0103, 0x0104, 0x0187, 0x0DDB, 0x0EDF, 0x0DBA, 0x0B30, 0x01AA, 0x2A47, 0xEF2E, 0x31A2, 0x63C2, 0x7444, 0x00A8, 0x3413, 0x2C75,
    0x0129, 0x00E7, 0x6BC5, 0x11E9, 0x018A, 0x2128, 0x21A9, 0x10A4, 0x0863, 0x42D0, 0x4AF0, 0x29EB, 0x31E8, 0x3A4A, 0x2A0D, 0x326E,
    0x21CB, 0x1969, 0x198A, 0x0A49, 0x0A49, 0x02EC, 0x026A, 0x0106, 0x0065, 0x0064, 0x0167, 0x028A, 0x01E9, 0x00A5, 0x00E6, 0x0107,
    0x2C23, 0x3C83, 0x3444, 0x2C22, 0x8570, 0xF79F, 0xCE99, 0xDDEF, 0xF68A, 0xF6CF, 0xDF5C, 0x4CA7, 0x3441, 0x44C2, 0xAEC5, 0x8E04,
    0x9663, 0x4C83, 0x2BE4, 0x5504, 0x3C43, 0x44A3, 0x5563, 0x1B63, 0x2C63, 0x1303, 0x0242, 0x4D02, 0x3402, 0x2BA3, 0x02A4, 0x1323,
    0x0AC3, 0x2403, 0x1BC3, 0x0B63, 0x0344, 0x1383, 0x0B43, 0x1B43, 0x2342, 0x2323, 0x1AE3, 0x33A4, 0x9605, 0x9606, 0x9E28, 0xCE6F,
    0xC68F, 0xBE6E, 0xBE8D, 0xB6EB, 0x8CCC, 0x52E9, 0xDEB5, 0xFF75, 0xFF75, 0xE735, 0xEF38, 0x3207, 0x0103, 0x00C2, 0x742D, 0x8D4C,
    0x8D0E, 0x32A6, 0x00A1, 0x218A, 0x2A0D, 0x29EC, 0x21CB, 0x00C7, 0x2167, 0x41E8, 0x2925, 0x93CC, 0xE52D, 0xD550, 0xDDD2, 0xDD91,
    0xCD30, 0x9BEE, 0xAC4F, 0xACD1, 0xA470, 0xCDD4, 0xF6F7, 0xDE13, 0xEEB6, 0xF6D7, 0xDE35, 0xD550, 0xE5B0, 0xEDF1, 0xB46F, 0x9C30,
    0xACB2, 0x9431, 0x732D, 0x6AEC, 0x6ACC, 0x5AAD, 0x528E, 0x52AD, 0x52CE, 0x52AD, 0x5AEE, 0x6B2F, 0x6B4F, 0x6B2F, 0x630E, 0x422B,
    0x3A0A, 0x39EA, 0x4A2A, 0x4A4B, 0x4A6C, 0x528C, 0x4A8D, 0x52CE, 0x424C, 0x2967, 0x2147, 0x2167, 0x3A0A, 0x528D, 0x52AE, 0x52AE,
    0x5AEF, 0x6B71, 0x6B92, 0x6B91, 0x630F, 0x52CF, 0x52CE, 0x528D, 0x528D, 0x52AD, 0x52CE, 0x5AEE, 0x5AEF, 0x5AEF, 0x6B2F, 0x5ACE,
    0x4A6D, 0x4A6C, 0x5ACE, 0x52AD, 0x52AD, 0x5AEE, 0x4A8D, 0x5AEE, 0x6B70, 0x52CF, 0x734F, 0x736F, 0x5AEF, 0x632F, 0x6B50, 0x7391,
    0x83D1, 0x7BD1, 0x7390, 0x6B4F, 0x6B2F, 0x734F, 0x734F, 0x7B6F, 0x9430, 0xA492, 0xB4F1, 0xC4F0, 0xDE13, 0xBD31, 0x9C30, 0xA491,
    0xA4B1, 0xACB2, 0xACD2, 0xA4D3, 0xBD33, 0xBD53, 0xCD93, 0xD5D3, 0xE634, 0xE613, 0xE633, 0xEE74, 0xEE75, 0xEE95, 0xEE54, 0xE613,
    0xCD92, 0xD5D4, 0xD5D4, 0xCD93, 0xCDB4, 0xCD94, 0xD655, 0xC4CF, 0xB44D, 0xB4AE, 0xC4EF, 0xD530, 0xD591, 0xDE12, 0xCD90, 0xB50F,
    0xEEF3, 0xE673, 0xEE95, 0xFF57, 0xFF58, 0xE676, 0xDDF4, 0xDE14, 0xDDF4, 0xDE14, 0xD5D3, 0xBD30, 0xC54F, 0xCD90, 0xEEB5, 0xF6B6,
    0xD654, 0x94F0, 0x0A02, 0x1342, 0x02C2, 0x1B02, 0x9EC4, 0x4D03, 0x1AE3, 0x7E43, 0x1A43, 0x3303, 0x9683, 0x5480, 0x4421, 0x7624,
    0x7666, 0x3E33, 0x3D29, 0x3D8A, 0x04B7, 0x3CCA, 0x2618, 0x05FF, 0x05DF, 0x05DF, 0x059D, 0x0D9B, 0x061F, 0x059F, 0x059E, 0x0557,
    0x059F, 0x1556, 0x0C49, 0x05FF, 0x0BF7, 0x436D, 0xB6EA, 0xAF2C, 0xA6ED, 0xA6AC, 0xA6CC, 0xB6EA, 0x5617, 0x0397, 0x026A, 0x01A6,
    0x01C6, 0x00E3, 0x0350, 0x05BB, 0x01A9, 0x022A, 0x0167, 0x0146, 0x1A68, 0x7C65, 0x0106, 0x0A27, 0x0A48, 0x0128, 0x4E3A, 0x2370,
    0x00C9, 0x3226, 0xF761, 0x4B47, 0x016A, 0x1928, 0x2169, 0x0884, 0x18E6, 0x4B11, 0x3A6D, 0x322B, 0x4248, 0x428D, 0x324D, 0x2A4C,
    0x224D, 0x198A, 0x198A, 0x118A, 0x1108, 0x0906, 0x08A6, 0x10C7, 0x08A6, 0x00A5, 0x020A, 0x0288, 0x0269, 0x020B, 0x0189, 0x00C6,
    0x3423, 0x3CA3, 0x2BE5, 0x7531, 0x8C9E, 0xCE9F, 0xF75C, 0xFC84, 0xFC60, 0xFD45, 0xE675, 0xDF39, 0xE77B, 0x75A7, 0x4D02, 0x4CC3,
    0x95E2, 0x2B82, 0x5523, 0x44A4, 0x12C4, 0x3C24, 0x2BC3, 0x0243, 0x0AA3, 0x0A43, 0x4443, 0x5583, 0x2322, 0x1323, 0x1363, 0x02C2,
    0x1302, 0x1BA2, 0x2403, 0x2BE5, 0x2307, 0x5CC5, 0x6524, 0x94AC, 0xC532, 0xCDD5, 0xD616, 0xD675, 0xF797, 0xF778, 0xEEF6, 0xE6D6,
    0xEEF7, 0xD694, 0xD6B5, 0x74CB, 0x0140, 0x4B48, 0x32E7, 0x5C2B, 0x9D4F, 0xB66E, 0xA5C9, 0x6C09, 0x7C6E, 0x0122, 0x0984, 0xA551,
    0x53CA, 0x1142, 0x0863, 0x29ED, 0x21AB, 0x2A0C, 0x2A0C, 0x3A0B, 0x7B4C, 0x21EB, 0x00A6, 0x31EA, 0x4A28, 0x31E9, 0x4A6B, 0xABAA,
    0x8B2A, 0xA4D2, 0xEEB6, 0xE655, 0xDE54, 0xD591, 0xCD30, 0xC4CF, 0xB4AF, 0xBCF1, 0xA4B1, 0x6B2F, 0x6B0E, 0x5AAD, 0x528D, 0x4A8E,
    0x5ACE, 0x52CE, 0x4A8E, 0x4A8D, 0x52AD, 0x5ACE, 0x5AEE, 0x5AEF, 0x428E, 0x3A6D, 0x426D, 0x42AE, 0x4AAF, 0x42AE, 0x4A8E, 0x424D,
    0x426D, 0x426D, 0x4A8D, 0x52CF, 0x52CD, 0x5B0F, 0x6330, 0x5B0F, 0x52CE, 0x5B0F, 0x630F, 0x52EE, 0x4A8D, 0x5ACE, 0x4A6C, 0x422B,
    0x422B, 0x424C, 0x424C, 0x422B, 0x528D, 0x6B90, 0x7BB0, 0x7391, 0x73B1, 0x7BB1, 0x7390, 0x6B2F, 0x6B70, 0x6B70, 0x5AEF, 0x52AE,
    0x5B10, 0x5B0F, 0x5ACD, 0x422B, 0x31EA, 0x31CA, 0x422C, 0x4A8D, 0x4A6D, 0x424C, 0x4A6D, 0x4A8E, 0x4A6D, 0x4A6C, 0x4A6D, 0x4A8D,
    0x52AE, 0x83D0, 0xA46F, 0xAC6F, 0xAC91, 0xAC90, 0xCD50, 0xDDB2, 0xE5F2, 0xEE53, 0xF673, 0xCD72, 0xCDB3, 0xDDF2, 0xD592, 0xCD92,
    0xD5B3, 0xB4D0, 0xACB1, 0xBD13, 0xB4F2, 0x9430, 0x8BEF, 0x93EF, 0xAC4E, 0xB4AF, 0xB4B0, 0xC4EF, 0xE613, 0xEE75, 0xE653, 0xE653,
    0xEE73, 0xDE35, 0xE675, 0xF6D5, 0xF6F5, 0xF716, 0xFF76, 0xF757, 0xE632, 0xDDD2, 0xDE14, 0xDE14, 0xDE13, 0xE696, 0xD572, 0xBC8F,
    0xC510, 0xC511, 0xCD52, 0xCD72, 0xE6B6, 0xEE96, 0xE654, 0xEE53, 0xF672, 0xEE52, 0xDDD0, 0xD5AF, 0xDDF0, 0xE632, 0xEF19, 0xEF1A,
    0xF718, 0xE635, 0x9511, 0x01E0, 0x0282, 0x3C22, 0x3382, 0x0982, 0x1A83, 0x4CE2, 0x0A42, 0x96A4, 0x6563, 0x1341, 0x8E64, 0xBFC5,
    0x8DC3, 0x1AA1, 0x6DE2, 0x5583, 0x044C, 0x1329, 0x05DE, 0x1C6D, 0x0D37, 0x05DF, 0x057B, 0x0BE7, 0x0C6C, 0x15BE, 0x2CCF, 0x0D5A,
    0x05DF, 0x057D, 0x0454, 0x1ACC, 0x2A2C, 0x29C9, 0x5B46, 0xCF25, 0xDFA6, 0xD7A6, 0xD785, 0xD784, 0xBF28, 0xA688, 0x3242, 0x0125,
    0x0104, 0x0AAD, 0x169E, 0x0BD2, 0x00C5, 0x00E5, 0x00C4, 0x00C4, 0x01A8, 0x09C7, 0x01C8, 0x01A8, 0x0188, 0x0125, 0x09EA, 0x0107,
    0x00A6, 0x3A04, 0x4AC4, 0x00E6, 0x0107, 0x0149, 0x10C6, 0x0863, 0x1926, 0x4B11, 0x29E9, 0x3A6A, 0x428E, 0x3A6F, 0x29EC, 0x2A4D,
    0x21EA, 0x1969, 0x196A, 0x1169, 0x1149, 0x08E7, 0x10E7, 0x1129, 0x0948, 0x0189, 0x1289, 0x1B67, 0x026A, 0x020B, 0x028D, 0x0127,
    0x12E5, 0x2C04, 0x12E3, 0x3B73, 0x545A, 0x32CE, 0xB5D9, 0xEE9B, 0xDBC4, 0xFEF7, 0xE654, 0xD5EA, 0xF79C, 0x4C69, 0x0B02, 0x1B63,
    0x4483, 0x0AE3, 0x2BC4, 0x2BC5, 0x01C5, 0x2C04, 0x1343, 0x3462, 0x1B22, 0x12C2, 0x3CC1, 0x4521, 0x1BE1, 0x1B82, 0x1B63, 0x12E3,
    0x3BA3, 0x8D44, 0x9DAA, 0xBE34, 0xCE79, 0xCE98, 0x954B, 0xA4EA, 0xB52E, 0xBD70, 0xC592, 0xCD71, 0xB513, 0xB575, 0x9D33, 0x3A88,
    0xD697, 0xEF39, 0xE6D8, 0x530A, 0x01C2, 0x1AC6, 0x01E2, 0x3C67, 0x1223, 0x1282, 0x22A2, 0xEF57, 0xA592, 0x0101, 0x01E5, 0x2287,
    0x0205, 0x0122, 0x1107, 0x29CC, 0x1969, 0x21CB, 0x29EC, 0x1949, 0x320B, 0x1969, 0x08A5, 0x428D, 0x1989, 0x1128, 0x218A, 0x320A,
    0x08A5, 0x4A4A, 0xCC8C, 0xA389, 0xC4CC, 0xD54E, 0xC4CE, 0x9BEE, 0x4A6C, 0x528D, 0x52CE, 0x52CF, 0x428E, 0x322D, 0x29CA, 0x31EB,
    0x424D, 0x426E, 0x3A4D, 0x3A4D, 0x3A6E, 0x322C, 0x320C, 0x3A2C, 0x21AA, 0x2189, 0x2A0C, 0x3A8F, 0x3A8F, 0x3A8F, 0x42B0, 0x5B31,
    0x73D3, 0x6BB2, 0x6B71, 0x6372, 0x4AEE, 0x3A6E, 0x42AF, 0x4ACF, 0x5B31, 0x6B71, 0x6B71, 0x52EF, 0x428F, 0x52F0, 0x52CF, 0x52CF,
    0x52EF, 0x5B0F, 0x5B0F, 0x632F, 0x8C11, 0x8C31, 0x83F0, 0x630E, 0x422A, 0x52AB, 0x6B6F, 0x528C, 0x5ACD, 0x5AEE, 0x5ACD, 0x420B,
    0x420A, 0x422B, 0x3A0A, 0x39EA, 0x424B, 0x4A8C, 0x630F, 0x6B70, 0x6B70, 0x6350, 0x630F, 0x6350, 0x632F, 0x7BD0, 0x9431, 0x9431,
    0x630E, 0x62EE, 0x630E, 0x9C71, 0xDDF3, 0xE612, 0xF692, 0xFEB3, 0xEE73, 0xEE94, 0xEE94, 0xEE96, 0xE676, 0xEE75, 0xEE95, 0xEE96,
    0xEEB6, 0xEE75, 0xEEB5, 0xD591, 0xA40D, 0xD5B3, 0xDE13, 0xDDD3, 0xD591, 0x9C0E, 0x8BCF, 0x9BED, 0xBCCF, 0xC4F0, 0xC531, 0xACB0,
    0xAC90, 0xB4B0, 0xBCD0, 0xB4AE, 0xB48E, 0xB4AF, 0xBCF0, 0xC510, 0xE693, 0xF716, 0xEED6, 0xFF78, 0xF6F6, 0xE654, 0xE634, 0xE675,
    0xDE34, 0xDDF4, 0xE614, 0xD5B3, 0xC552, 0xB4D0, 0xC4F0, 0xDDAF, 0xDDD0, 0xE6B7, 0xFF78, 0xF736, 0xF737, 0xEF3A, 0xF79D, 0xBD10,
    0xA40B, 0xC510, 0xBDF5, 0x0942, 0x01E4, 0x2C83, 0x0A22, 0x00C2, 0x54E4, 0x1223, 0x2303, 0x8683, 0x23A2, 0x5D04, 0xC7C6, 0x9665,
    0x0982, 0x1A22, 0x9EE5, 0xAF67, 0x3C63, 0x0242, 0x0AC5, 0x1260, 0x0AA4, 0x057E, 0x04D8, 0x0AA1, 0x14B0, 0x0DDF, 0x23C5, 0x33C6,
    0x0DBE, 0x04B7, 0x0AC5, 0x3288, 0x326B, 0x53A8, 0x95A4, 0x7D05, 0xBF06, 0xC766, 0xC766, 0xC747, 0xC746, 0xDFC6, 0x3AC6, 0x0065,
    0x3264, 0xC6EB, 0x6D10, 0x0086, 0x0925, 0x1124, 0xACE2, 0x29E5, 0x0148, 0x0147, 0x01A8, 0x0187, 0x0904, 0xA4C2, 0x52C3, 0x00C5,
    0x0905, 0xBD21, 0x4204, 0x1946, 0x1187, 0x016A, 0x10E6, 0x1083, 0x3A0B, 0x5311, 0x3249, 0x3269, 0x29CC, 0x324D, 0x21CB, 0x2A0D,
    0x1989, 0x196A, 0x1149, 0x0906, 0x0989, 0x120C, 0x116A, 0x08C6, 0x0106, 0x026C, 0x028A, 0x028A, 0x02CD, 0x0148, 0x01EA, 0x01CA,
    0x1B45, 0x1B65, 0x0A86, 0x0226, 0x0203, 0x8476, 0xCE3F, 0x7414, 0x73AE, 0xF7DF, 0xE75E, 0x7D8D, 0x1341, 0x1B64, 0x2404, 0x3CA3,
    0x1BE4, 0x2364, 0x2324, 0x2B83, 0x33C3, 0x1B63, 0x1B83, 0x5DC1, 0x33E3, 0x4349, 0x4B89, 0x5429, 0x4C28, 0xA5AE, 0xBDF1, 0xB5B1,
    0xA510, 0x94AD, 0x6BAA, 0x3AA9, 0x6BED, 0x534C, 0x74AF, 0x84EF, 0x7555, 0x7DB8, 0x8DF9, 0xA63A, 0x3498, 0x2BB2, 0x11C4, 0x0121,
    0x5B8A, 0xDED7, 0xF77A, 0xD6F7, 0x2266, 0x0142, 0x1A66, 0x22C5, 0x0283, 0x0243, 0x0262, 0x9590, 0x746C, 0x0121, 0x01C5, 0x01E5,
    0x0205, 0x0124, 0x2A0D, 0x21EC, 0x2189, 0x21AB, 0x19AB, 0x1108, 0x11AC, 0x196A, 0x08C5, 0x29CB, 0x2189, 0x21AA, 0x322C, 0x29EB,
    0x08C6, 0x1908, 0x2127, 0x10C6, 0x10A4, 0x10C5, 0x2126, 0xA4F2, 0x39E8, 0x2127, 0x29A9, 0x10E8, 0x10E9, 0x2A0D, 0x29EA, 0x322C,
    0x324E, 0x3A8F, 0x428E, 0x428E, 0x42AE, 0x3A2C, 0x2147, 0x320B, 0x6392, 0x5B71, 0x5B72, 0x5B73, 0x5B52, 0x5311, 0x42D0, 0x4AF0,
    0x428D, 0x3A4C, 0x31EA, 0x31EB, 0x29EA, 0x320B, 0x3A0B, 0x3A2C, 0x428E, 0x428E, 0x3A4C, 0x31EB, 0x3A2B, 0x428D, 0x42AF, 0x4ACF,
    0x52F0, 0x4A8D, 0x424B, 0x424B, 0x4A4B, 0x632E, 0x426C, 0x3A0B, 0x424B, 0x4A8C, 0x6B90, 0x83F1, 0x8C11, 0x8411, 0x630E, 0x4A6C,
    0x526C, 0x62ED, 0x632E, 0x632E, 0x7BD1, 0x8412, 0x7BD1, 0x7BD0, 0x73B0, 0x736F, 0x62EE, 0x9430, 0xBD53, 0xB533, 0xB512, 0xA4D2,
    0xA491, 0xA491, 0xACD2, 0x83CF, 0x62CC, 0x4A09, 0xA42D, 0xCD50, 0xEE32, 0xEE53, 0xDDB1, 0xD5B3, 0xDE14, 0xDDF4, 0xE634, 0xD592,
    0xCD72, 0xD5B3, 0xCD52, 0xDDF3, 0xE694, 0xCCEE, 0xDDB1, 0xF6B5, 0xF695, 0xDE13, 0xD592, 0xD5B3, 0x9C50, 0x93ED, 0xBCF0, 0xCD72,
    0xDDD2, 0xDDB2, 0xD591, 0xD5B2, 0xCD92, 0xCD92, 0xD5B2, 0xD5F4, 0xDE14, 0xBD31, 0x832A, 0xB46D, 0xDE54, 0xD613, 0xEED5, 0xF736,
    0xF6F5, 0xEED5, 0xD5D2, 0xD5F2, 0xE674, 0xC530, 0x9BED, 0x838D, 0x7B6D, 0x6B2D, 0x9C0B, 0x7AA5, 0x93CA, 0x8BAB, 0xD632, 0xD590,
    0xAC4D, 0x9BEC, 0xD5F4, 0x844F, 0x00C2, 0x23C4, 0x0A43, 0x0224, 0x7624, 0x1204, 0x01A4, 0x2384, 0x2382, 0x6504, 0x9EA5, 0x12C3,
    0x0323, 0x6DA5, 0xA704, 0x9EE4, 0x6D63, 0x1222, 0x6543, 0x8EA4, 0x6DC5, 0x1450, 0x05BF, 0x057D, 0x0C4B, 0x0CB3, 0x0BA9, 0x1AA0,
    0x1C2D, 0x0B07, 0x1AA4, 0x3AEB, 0x330A, 0x8D67, 0x5BC7, 0x426A, 0x8C6E, 0xC6CC, 0xC708, 0xC726, 0xC747, 0xCF88, 0x6406, 0x4B26,
    0xCF06, 0xD768, 0xB66B, 0x3244, 0x7C03, 0xF700, 0xD621, 0x3245, 0x0106, 0x01C7, 0x0187, 0x00C5, 0x9C62, 0xFF81, 0xEEA2, 0x7C22,
    0x0925, 0x3205, 0x8BA3, 0xFF01, 0x62E4, 0x0129, 0x0987, 0x10C5, 0x3A4E, 0x42B0, 0x322C, 0x29C9, 0x21AA, 0x2A0C, 0x218A, 0x21CB,
    0x218B, 0x196A, 0x198A, 0x0988, 0x01A8, 0x0968, 0x1148, 0x00E7, 0x0167, 0x02AC, 0x02AB, 0x0A8A, 0x028B, 0x01AA, 0x00A5, 0x0169,
    0x0AC5, 0x0AE6, 0x0207, 0x0B05, 0x02A3, 0x6411, 0x332C, 0x0141, 0x538C, 0x74B2, 0x646F, 0x9E34, 0x0B21, 0x1343, 0x1B64, 0x3C83,
    0x1BE2, 0x23A2, 0x1B62, 0x2C02, 0x3C81, 0x2BC4, 0x3BC7, 0x3386, 0x5BEA, 0xC5D6, 0xCDF6, 0xD658, 0xDE78, 0xD678, 0xC699, 0xDED8,
    0xE6D7, 0xEED7, 0xEED5, 0xB654, 0xBE54, 0xDEF6, 0x9EBD, 0x6DDD, 0x232B, 0x5C4D, 0x95D6, 0x85F9, 0x8E3A, 0x2A8A, 0x0100, 0x0265,
    0x01C3, 0x32C8, 0xA591, 0x8DAC, 0x4BEA, 0x00E1, 0xBDF7, 0x5BEB, 0x0263, 0x0265, 0x02A6, 0x01C3, 0x00E2, 0x0103, 0x0185, 0x0226,
    0x01A4, 0x19A9, 0x326F, 0x21AA, 0x21AA, 0x21CB, 0x196A, 0x0043, 0x21CC, 0x222E, 0x10E7, 0x21AA, 0x198A, 0x21AA, 0x322C, 0x10E5,
    0x0885, 0x1928, 0x1949, 0x08A5, 0x1904, 0x2146, 0x08C7, 0xD674, 0xCDF1, 0x52A8, 0xBDCE, 0x4269, 0x5B09, 0x3208, 0x1106, 0x10E5,
    0x4A49, 0x2969, 0x0863, 0x0001, 0x10E6, 0x5331, 0x5331, 0x4ACF, 0x52F0, 0x6392, 0x5331, 0x3A4C, 0x3A2B, 0x320A, 0x2167, 0x2168,
    0x29A9, 0x31EB, 0x4AAF, 0x4ACF, 0x4ACF, 0x4AAE, 0x4AD0, 0x4AF1, 0x4AD0, 0x42AF, 0x428E, 0x3A2C, 0x52CD, 0x52AD, 0x3A2C, 0x426D,
    0x52EF, 0x5AF0, 0x52EF, 0x4A8E, 0x39EA, 0x52AC, 0x4A6B, 0x6B4F, 0x8C32, 0x8C32, 0x8411, 0x83D0, 0x734F, 0x52AD, 0x7B8F, 0xB4D1,
    0xA490, 0xA450, 0x9C51, 0x9451, 0xACD2, 0xBD32, 0xBD31, 0xBD31, 0xC552, 0xB511, 0xBCF0, 0xD5B2, 0xDE34, 0xD615, 0xDE55, 0xDE34,
    0xD5B3, 0xD5D4, 0xDDF4, 0xDDF4, 0xDE15, 0x7B2C, 0x49C6, 0x51E7, 0xB42B, 0xBC6B, 0xAC4D, 0xB48F, 0xBD11, 0xB512, 0xD571, 0xBCAE,
    0xB48E, 0xC4EF, 0xC511, 0xCD92, 0xB4F0, 0xBCEF, 0xA40D, 0xBD11, 0xC592, 0xEE74, 0xFEF4, 0xFED4, 0xFEF6, 0xACCF, 0x7B4B, 0xA40C,
    0xB44D, 0xEEB6, 0xFED5, 0xF6F5, 0xEE73, 0xEE72, 0xE672, 0xEEB4, 0xEED6, 0xF738, 0xCDF4, 0x7288, 0x8B4A, 0x6AA9, 0x5A07, 0x9B47,
    0x9B87, 0x8B48, 0x7B4A, 0x93AA, 0x7AA6, 0x9B27, 0xDDF2, 0xF738, 0xE6D6, 0xDE75, 0x5A8A, 0x2105, 0x5248, 0xACAD, 0xC64C, 0xC5ED,
    0xEEB7, 0xA44E, 0xCD93, 0x94B0, 0x00E2, 0x0265, 0x01A4, 0x2424, 0x5544, 0x01E5, 0x0165, 0x1264, 0x2BC2, 0x2BE2, 0x12C2, 0x0263,
    0x3C63, 0x86A3, 0x96A4, 0x96C4, 0x1241, 0x2B42, 0x6E23, 0x7624, 0x7E03, 0x5D06, 0x25D6, 0x14AF, 0x2360, 0x2BE1, 0x1322, 0x1302,
    0x1322, 0x0B01, 0x22A6, 0x2A4A, 0x2306, 0x2AE8, 0x4B2B, 0xCDF8, 0x8C33, 0xCE17, 0xEED6, 0xC64F, 0xC6EA, 0xC708, 0xCF49, 0xCF69,
    0xD749, 0xD6CE, 0xD5E8, 0xF662, 0xFEA1, 0xBD41, 0x1124, 0x00C5, 0x0126, 0x01A7, 0x0167, 0x29A4, 0xDDA2, 0xFEC0, 0xFDC0, 0xACC2,
    0x00E5, 0x0067, 0x00C6, 0x83C3, 0x1964, 0x0187, 0x01E5, 0x09C7, 0x42D0, 0x21EB, 0x2A0C, 0x29EB, 0x2A0C, 0x2189, 0x1128, 0x19EB,
    0x116A, 0x196A, 0x196A, 0x1168, 0x0926, 0x0927, 0x1169, 0x1148, 0x01C9, 0x02AD, 0x09C8, 0x1A4A, 0x022B, 0x01AA, 0x00A5, 0x0107,
    0x01C6, 0x0227, 0x23A4, 0x2B84, 0x0285, 0x0283, 0x0282, 0x01C2, 0x01E1, 0x1382, 0x1382, 0x0B22, 0x1322, 0x0B21, 0x0B61, 0x2C05,
    0x5CAB, 0x648C, 0x5C2A, 0x4BC9, 0x84EE, 0x9D10, 0x9C71, 0x9430, 0x83EE, 0x83CE, 0x83EE, 0x8C30, 0xA471, 0x9C32, 0x8475, 0xB5F8,
    0xDE97, 0xC6DB, 0x977F, 0x7F9F, 0x8F3D, 0xCEB6, 0xE718, 0xAD92, 0x0A24, 0x32C7, 0xB592, 0xF6B3, 0xC5D0, 0x4AE9, 0x5BED, 0x22E9,
    0x01E4, 0x0184, 0x11A4, 0x2AA5, 0x0203, 0x01C4, 0x7C50, 0x32A7, 0x01A3, 0x0248, 0x032A, 0x0245, 0x0287, 0x0185, 0x0145, 0x01C6,
    0x0083, 0x218A, 0x2A0D, 0x218A, 0x21AA, 0x21AA, 0x218A, 0x1107, 0x326F, 0x222E, 0x21AA, 0x21AB, 0x218A, 0x218A, 0x21AB, 0x08A5,
    0x0884, 0x1107, 0x10C5, 0x0043, 0x6B6A, 0x52CB, 0x08C7, 0x5AEB, 0xD5B0, 0x8388, 0xF7AE, 0xF78E, 0xEF8D, 0x52C8, 0x08E7, 0x2189,
    0xB531, 0x8BAC, 0x0022, 0x0864, 0x196A, 0x196B, 0x196A, 0x1128, 0x10C5, 0x3A4C, 0x2168, 0x10A4, 0x320B, 0x428D, 0x5330, 0x5310,
    0x5B32, 0x52F0, 0x428E, 0x4ACF, 0x5310, 0x52EF, 0x5311, 0x5332, 0x3A8E, 0x3A6D, 0x3A4D, 0x424D, 0x52EF, 0x52CF, 0x52CE, 0x52CF,
    0x52CF, 0x4A8D, 0x52AE, 0x5B10, 0x6B70, 0x9451, 0x7BB0, 0x6B2F, 0x6B0E, 0x630E, 0x52AD, 0x526D, 0x736E, 0x5AAD, 0x7B8E, 0xAC90,
    0xA491, 0xCDB3, 0xC594, 0xC5B4, 0xE634, 0xDDD2, 0xD5D2, 0xE653, 0xCDD4, 0xDE14, 0xD5B3, 0xC572, 0xACD1, 0xA491, 0xD5D3, 0xF6B5,
    0xF695, 0xDDB1, 0xCD30, 0xB4B0, 0xA42E, 0xCD2F, 0xDD8F, 0xCCEF, 0xB4B0, 0x834B, 0xC510, 0xEEB6, 0xEED6, 0xF6F7, 0xEEB6, 0xF6F6,
    0xF6F5, 0xE633, 0xDE13, 0xE654, 0xE654, 0xEE53, 0xDDB1, 0x8BEE, 0x7B8E, 0xBD31, 0xAC8D, 0xB4CE, 0xEE95, 0xFF58, 0xFF78, 0xA4D0,
    0x83AD, 0x7B0A, 0xC50F, 0xD56F, 0xEE12, 0xE653, 0xEEF6, 0xE654, 0xEDF0, 0xF610, 0xF692, 0xF6F6, 0xFF36, 0xBD94, 0x5ACC, 0x18E5,
    0x1084, 0x5A67, 0xD590, 0xD56F, 0x31A6, 0x9C2D, 0xC50F, 0x93EA, 0x940A, 0xE612, 0xFF9A, 0x738E, 0x18A3, 0xC571, 0xD6ED, 0x9D68,
    0xE6B3, 0xDE11, 0xE674, 0x842D, 0x00A1, 0x0205, 0x01C5, 0x0B44, 0x0205, 0x0145, 0x00A3, 0x0042, 0x2243, 0x6564, 0x1AA3, 0x00E2,
    0x2AA3, 0x96A4, 0xB7A5, 0x4C83, 0x3BC2, 0x7564, 0x0B62, 0x02C1, 0x1B42, 0x54E1, 0x4480, 0x3C20, 0x3C41, 0x3C61, 0x1B82, 0x0B02,
    0x2BE2, 0x2BE2, 0x1284, 0x1245, 0x1286, 0x224A, 0x9CD3, 0xB536, 0x3A0B, 0x736E, 0xE6B8, 0xFF1B, 0xB551, 0xBDCC, 0xDE90, 0xDE0D,
    0xBE4B, 0xC5EC, 0xAC25, 0xBD43, 0xCDE2, 0x4B24, 0x3A64, 0x00A5, 0x00C7, 0x09A7, 0x0128, 0x8BC3, 0xBBC0, 0xCBA1, 0xB401, 0x0883,
    0x2964, 0x52A4, 0x21C5, 0x0066, 0x0106, 0x01A6, 0x0164, 0x0986, 0x42D0, 0x2A0D, 0x21CB, 0x1989, 0x2A0D, 0x218A, 0x1948, 0x41AC,
    0x396B, 0x196A, 0x196A, 0x198B, 0x116A, 0x1148, 0x11C9, 0x0969, 0x00C6, 0x0169, 0x08A5, 0x1A0A, 0x024C, 0x01EA, 0x00A5, 0x0084,
    0x0167, 0x0A87, 0x1BE3, 0x12A6, 0x0AA6, 0x0324, 0x0323, 0x0A03, 0x1B03, 0x1C42, 0x1BC2, 0x23C4, 0x1B63, 0x53C9, 0x5349, 0x8CD0,
    0x94D3, 0xACF3, 0x9C70, 0xC571, 0xCDF5, 0xBD74, 0xB514, 0xACF4, 0xACF4, 0xBD75, 0xCDF7, 0xC65B, 0xBE1A, 0xC5F7, 0xD550, 0xD4CA,
    0xD50C, 0xC592, 0xAEBA, 0xAEDB, 0xB6DB, 0xCEDB, 0xD699, 0x11C5, 0x0141, 0x0142, 0x19C5, 0xF737, 0x852A, 0xC6D3, 0xE6B9, 0x19A6,
    0x0184, 0x0102, 0x6C0E, 0xB634, 0x0284, 0x01C4, 0x0102, 0x0286, 0x0206, 0x0105, 0x0227, 0x02E7, 0x0308, 0x01E6, 0x0104, 0x00C3,
    0x0042, 0x29EC, 0x21AA, 0x21AA, 0x29AB, 0x21AB, 0x21AB, 0x21EC, 0x21CB, 0x21CB, 0x21CB, 0x29EB, 0x2A0B, 0x21AA, 0x21CC, 0x08C5,
    0x0022, 0x0884, 0x1106, 0x19E9, 0x5BEE, 0x3A0B, 0x08A7, 0x2167, 0xDDCF, 0xDDEC, 0xE76D, 0xF7AE, 0x844A, 0x10E6, 0x4A88, 0x21A8,
    0x29C9, 0xA4EF, 0x1082, 0x0885, 0x198A, 0x196A, 0x198A, 0x218A, 0x08A5, 0x0001, 0x0022, 0x29EB, 0x42B0, 0x428F, 0x428F, 0x3A2B,
    0x428D, 0x3A2B, 0x3A2C, 0x426E, 0x3A2C, 0x3A2C, 0x428E, 0x29CA, 0x3A2C, 0x426D, 0x4AAE, 0x5310, 0x4ACF, 0x424D, 0x31CA, 0x428D,
    0x3A2B, 0x426C, 0x5B30, 0x5B30, 0x5B10, 0x52D0, 0x4A8E, 0x426E, 0x424E, 0x52AE, 0xAD34, 0xCDB3, 0xFED5, 0xB512, 0x8C11, 0x8411,
    0x8411, 0xBD52, 0xEE95, 0xD5F4, 0xA470, 0x9C70, 0xB511, 0xCD50, 0x7B6C, 0xBD10, 0xC594, 0xBD74, 0xBD74, 0xCDB4, 0xC594, 0xACD1,
    0xC531, 0xCD0E, 0xBCCF, 0xBD11, 0xDE14, 0xEED7, 0xEED7, 0xEEB6, 0xEEB6, 0xB4CF, 0xD5B1, 0xE653, 0xE653, 0xE654, 0xE674, 0xE675,
    0xE696, 0xE697, 0xDE56, 0xCDB3, 0xCD72, 0xC530, 0xD591, 0xE614, 0xE634, 0xD5B2, 0x730A, 0x72CA, 0x93EC, 0x9C4D, 0xBD30, 0xDE34,
    0xE6B5, 0x83AC, 0x49A6, 0x6268, 0xA3EB, 0xCC8B, 0xBC8C, 0xCCCD, 0x8B29, 0x72C9, 0x9C4D, 0xC5F3, 0xBDD2, 0xDE95, 0xEED7, 0x39C7,
    0x1906, 0x41C8, 0x49E8, 0x6289, 0x0085, 0x940D, 0xFF77, 0xA4AD, 0xA46C, 0xD5D1, 0xD5D1, 0xD656, 0x4A08, 0x940C, 0xDE8D, 0xD66B,
    0xD60E, 0xE651, 0xF6B2, 0xD676, 0x42AA, 0x0205, 0x0286, 0x01E6, 0x0185, 0x1285, 0x5463, 0x2244, 0x3325, 0x2AE4, 0x0124, 0x2B84,
    0x3BE4, 0x4444, 0x6505, 0x19E3, 0x4C64, 0x7604, 0x1A83, 0x43E2, 0x6583, 0x2C42, 0x0B02, 0x4CA3, 0x5D63, 0x4CE2, 0x3423, 0x2383,
    0x4463, 0x5D24, 0x23A3, 0x4483, 0x3BE5, 0x3ACA, 0x7390, 0x4A2C, 0x93CA, 0xA3EC, 0xB4B0, 0xEED3, 0x8CAA, 0x7D08, 0xAE0B, 0xCDA3,
    0x9E03, 0xB6A2, 0xA6C1, 0xB744, 0xB6E4, 0xBEE3, 0xC6A2, 0x4305, 0x42E6, 0x0127, 0x0127, 0x39C3, 0x18C3, 0x7BC2, 0x3A43, 0x0065,
    0x7344, 0xFFE2, 0xC5C2, 0x1166, 0x0146, 0x0186, 0x0144, 0x0966, 0x3AAF, 0x29CB, 0x1948, 0x1969, 0x21CB, 0x198A, 0x214A, 0xCA94,
    0x99B0, 0x0908, 0x1149, 0x198A, 0x198A, 0x1189, 0x0989, 0x01AA, 0x0148, 0x0044, 0x0884, 0x0988, 0x026C, 0x00E6, 0x00C5, 0x00E6,
    0x0249, 0x0207, 0x0225, 0x01E4, 0x01E4, 0x3B08, 0x642B, 0x1285, 0x4C66, 0x74EC, 0x84EF, 0x84AE, 0x82CC, 0xC254, 0xF3B9, 0xF551,
    0x8BA9, 0x1B4F, 0x3D78, 0x9E9A, 0x4AAA, 0x5ACB, 0xB514, 0xBD33, 0xD5F1, 0xF6AF, 0xFF0C, 0xFF71, 0xF777, 0xE75C, 0xF692, 0xDD8E,
    0xA637, 0xA533, 0xC510, 0xB511, 0xB512, 0xD615, 0xC5B3, 0x8C4E, 0x6BAB, 0x0122, 0x09A4, 0x5329, 0x852E, 0x8CEF, 0x3A68, 0x01A5,
    0x0226, 0x01E6, 0x32AA, 0x4C4D, 0x0346, 0x0286, 0x01E5, 0x0B49, 0x0288, 0x0166, 0x0126, 0x0125, 0x01A6, 0x01C6, 0x00A3, 0x0042,
    0x1106, 0x29CC, 0x21CA, 0x21CA, 0x29CA, 0x29CA, 0x29CB, 0x2A0D, 0x2189, 0x2A0B, 0x29EB, 0x2A0B, 0x2A2A, 0x21CA, 0x29EC, 0x0884,
    0x1927, 0x1127, 0x324C, 0x1A09, 0x3309, 0x5C0A, 0x5BC9, 0x846B, 0xACEE, 0xD60E, 0xEF4C, 0xCE0B, 0x5269, 0x944E, 0xC5AF, 0x52AA,
    0x52EB, 0x4A4A, 0x18E5, 0x0022, 0x1128, 0x196A, 0x196A, 0x218A, 0x08A5, 0x0043, 0x218A, 0x21ED, 0x08E8, 0x08E8, 0x08C7, 0x1928,
    0x322C, 0x2A0C, 0x29EC, 0x1969, 0x0043, 0x0002, 0x3A4C, 0x428D, 0x3A4E, 0x3A6F, 0x3A6E, 0x426E, 0x3A2C, 0x2989, 0x4AF0, 0x428E,
    0x3A0B, 0x4A8D, 0x4A8D, 0x52CE, 0x8412, 0x9C51, 0x9430, 0x9410, 0xA491, 0xCDD5, 0xEE52, 0xCD4F, 0xE654, 0xC531, 0xC532, 0xE655,
    0xEED6, 0xB4F0, 0xD5B2, 0xCD72, 0x9C4F, 0xDE35, 0xDE34, 0xCD2F, 0xD54E, 0xDDD1, 0xDE55, 0xE613, 0xE5B0, 0xE5D1, 0xE634, 0xCDD4,
    0xDE56, 0xFF37, 0xF716, 0xF6D5, 0xEEB6, 0xE675, 0xE675, 0xCDB3, 0xCD93, 0xDE35, 0xD615, 0xBCF0, 0xA40C, 0xB46E, 0xBCAF, 0xBCF0,
    0xD651, 0xCDF1, 0xD5F4, 0xDDF4, 0xE654, 0xEEB6, 0xEED8, 0xEEF8, 0xF719, 0xF73A, 0xFF36, 0xFF56, 0xC593, 0x9471, 0x39C7, 0x20E5,
    0x6248, 0xC4AD, 0x2925, 0x2169, 0x1928, 0x5A08, 0x49C6, 0x4185, 0x2988, 0x08C6, 0x4A49, 0xA48E, 0x5B4A, 0x948D, 0xC552, 0x31A7,
    0x10C6, 0x29CA, 0x29AA, 0x2968, 0x4208, 0x5227, 0xD56F, 0xFEF3, 0xDDF1, 0xE653, 0xBCED, 0xEEB4, 0x9C4E, 0x8309, 0xCDCD, 0xF711,
    0xCDCC, 0xE650, 0xE612, 0xFFFB, 0x7C31, 0x0081, 0x0226, 0x0205, 0x0164, 0x11E3, 0x8624, 0x54C5, 0x0044, 0x1A44, 0x3C44, 0x7EA4,
    0x8EE4, 0x01A3, 0x0042, 0x01A3, 0x0B03, 0x1262, 0x0103, 0x3B83, 0x5523, 0x2442, 0x0302, 0x0AE1, 0x1B01, 0x3C42, 0x4481, 0x4483,
    0x54C4, 0x5D44, 0x5D43, 0x65C3, 0x5D62, 0x6D24, 0x43C5, 0x2246, 0xA485, 0xC466, 0x73AA, 0xA581, 0x5462, 0x7562, 0x9E82, 0x3441,
    0x75A2, 0xFFC5, 0xF787, 0xD643, 0xDEA2, 0xDF22, 0xC742, 0xC763, 0xCF24, 0x4B04, 0x00E5, 0x0044, 0x4243, 0xBE81, 0x2A64, 0x00E7,
    0x0106, 0x73C3, 0xBD61, 0x1184, 0x01A7, 0x01E7, 0x0124, 0x19EA, 0x326E, 0x1989, 0x1106, 0x1969, 0x0949, 0x516B, 0x412B, 0xBA73,
    0x810E, 0x3909, 0x498D, 0x0127, 0x1188, 0x11CA, 0x1149, 0x0989, 0x0948, 0x0865, 0x00A5, 0x01C9, 0x01CA, 0x0085, 0x0084, 0x0085,
    0x0226, 0x0225, 0x2268, 0x62CC, 0x21E8, 0x2207, 0xACF3, 0x22A7, 0x23C5, 0x5C4C, 0xA493, 0xACF5, 0xBA75, 0xB0D3, 0xEC30, 0xFEAD,
    0xD575, 0x4CD6, 0x4D54, 0x5CF3, 0x33D1, 0x53D1, 0x738E, 0xA46D, 0xF5AA, 0xF5AA, 0xFE05, 0xBD29, 0x5C32, 0x8E1B, 0xD73A, 0xAF7D,
    0x6FBF, 0x4F3E, 0x95F6, 0xBD50, 0xAD95, 0x8E19, 0xCE12, 0xEE92, 0x52E9, 0x00E2, 0x0164, 0x00E3, 0x8412, 0x5B4F, 0x0144, 0x0247,
    0x02E9, 0x032A, 0x01A6, 0x00A3, 0x0246, 0x02C7, 0x0164, 0x0165, 0x0288, 0x01C6, 0x0125, 0x0064, 0x0064, 0x00C4, 0x0063, 0x0042,
    0x2A0E, 0x29EC, 0x21CA, 0x29CB, 0x29CA, 0x29CB, 0x2A0D, 0x324E, 0x21AB, 0x2A0B, 0x29EB, 0x29CB, 0x21CA, 0x1106, 0x08A5, 0x1948,
    0x2A0D, 0x21AB, 0x218A, 0x1969, 0x1149, 0x4B2B, 0x6BEB, 0x7B8C, 0x7BAD, 0x8BEB, 0xE62C, 0x6AA9, 0x93CE, 0xEE73, 0xDDF1, 0xC56F,
    0xB52E, 0x2169, 0x1949, 0x0022, 0x1107, 0x198A, 0x1969, 0x1107, 0x0084, 0x0884, 0x2A2F, 0x198B, 0x1949, 0x1148, 0x08E7, 0x1969,
    0x326F, 0x326F, 0x326F, 0x21AB, 0x08C5, 0x08A4, 0x2189, 0x322D, 0x1108, 0x08E7, 0x08E7, 0x08A5, 0x0043, 0x0000, 0x3A4C, 0x1928,
    0x1948, 0x2168, 0x1947, 0x2169, 0x424B, 0x528B, 0x422A, 0x9C50, 0x942E, 0x5ACA, 0x5227, 0x2905, 0xA40D, 0xE5F2, 0xE5F2, 0x7B2B,
    0x6B0B, 0xFF16, 0xDE14, 0x6ACB, 0xCDD2, 0xF717, 0xF738, 0xF6F7, 0xFF37, 0xF6D6, 0xF717, 0xF759, 0xF717, 0xF6F6, 0x7BCE, 0x630C,
    0xC4AE, 0xCCCD, 0xDDB0, 0xF6B5, 0xEE74, 0xEE74, 0xE653, 0xDD6F, 0xD54E, 0xD571, 0xCD73, 0xCD73, 0xDE55, 0xDEB4, 0xCDD1, 0xEEB4,
    0xF793, 0xFF95, 0xCDF4, 0x7B2C, 0xA4CE, 0xE690, 0xCD92, 0xA4F4, 0xAD34, 0xAD34, 0x9D0F, 0x9D2C, 0xA511, 0xEED5, 0x4A29, 0x0885,
    0x2969, 0x7AA8, 0x2125, 0x2169, 0x29AA, 0x21AA, 0x21CA, 0x1168, 0x42A9, 0x29C7, 0x62EB, 0xBD52, 0x52CB, 0x7BCD, 0xD5B3, 0x730C,
    0x08A5, 0x29A9, 0x2989, 0x2127, 0x8B8C, 0x6288, 0x5206, 0xEE10, 0xFEF4, 0xF6B3, 0xD5AF, 0xE632, 0xE6B7, 0x730A, 0xB52E, 0xBD8D,
    0xCDA6, 0xEE6D, 0xF6D6, 0xDDD1, 0xC5B3, 0x39C7, 0x0103, 0x0185, 0x0164, 0x0164, 0x0A25, 0x1A04, 0x00E4, 0x12A5, 0x6E23, 0x8EE4,
    0x32E3, 0x0023, 0x0904, 0x0AE4, 0x0343, 0x0183, 0x0123, 0x33E3, 0x0361, 0x0BA1, 0x02C0, 0x4C09, 0x638C, 0x63CB, 0xD6B7, 0x4CA6,
    0x6DE3, 0x7604, 0x6DC3, 0x5503, 0xA565, 0x8564, 0x75E4, 0x9E45, 0x6502, 0x7521, 0x2345, 0x6443, 0xBE03, 0xF622, 0xFE80, 0xB5C1,
    0x4461, 0x9522, 0xFEC3, 0x83C1, 0x4281, 0x9CE2, 0x6384, 0xCEC1, 0xDF40, 0x9503, 0x00A5, 0x0065, 0x94A2, 0x9581, 0x0166, 0x0126,
    0x0106, 0x00A5, 0x1143, 0x00E4, 0x0165, 0x0186, 0x0145, 0x2A2D, 0x326E, 0x1988, 0x0926, 0x398B, 0x616E, 0xBAF4, 0xB272, 0xBB68,
    0xAAC8, 0xAA52, 0xAA13, 0x494B, 0x0147, 0x11A9, 0x1148, 0x0086, 0x0928, 0x0907, 0x0085, 0x01AA, 0x0148, 0x0085, 0x00A6, 0x0084,
    0x7C71, 0x8492, 0xA4F4, 0xB516, 0x8C52, 0x11E6, 0x2B48, 0x22E7, 0x7D50, 0x7C2F, 0x79AC, 0x9290, 0x9293, 0x9A27, 0xCBC4, 0xF4D1,
    0xE338, 0xE3B5, 0xBD56, 0x9D76, 0x7DB9, 0x6E1C, 0x4C95, 0x19A7, 0x41A4, 0x6B0E, 0x64B9, 0x3DFD, 0x3E5F, 0x671F, 0x973D, 0xB656,
    0xCED9, 0xB6DB, 0xBEB8, 0xDE94, 0xDED8, 0x9EDD, 0xA6DA, 0x32E9, 0x01EB, 0x0AF1, 0x0165, 0x0164, 0x09C8, 0x1B0E, 0x02A9, 0x030A,
    0x02C8, 0x02C8, 0x02A8, 0x00E4, 0x0062, 0x01E6, 0x01A6, 0x01A6, 0x00E3, 0x0165, 0x0124, 0x0023, 0x01C6, 0x01A5, 0x0022, 0x10E5,
    0x322E, 0x29EB, 0x29EB, 0x29EC, 0x29EC, 0x29EC, 0x2A0D, 0x29EC, 0x21CB, 0x29CA, 0x29CB, 0x218A, 0x1948, 0x0042, 0x10C5, 0x21EC,
    0x21AB, 0x21AB, 0x21AB, 0x21AA, 0x216A, 0x29AB, 0x420B, 0x5AAC, 0x62EC, 0x5A8A, 0x6AE9, 0x838D, 0xE632, 0xE652, 0xDE10, 0xCDEF,
    0x31C7, 0x1929, 0x29EC, 0x10E6, 0x1128, 0x218A, 0x1969, 0x10E6, 0x0084, 0x0042, 0x198B, 0x196A, 0x1949, 0x1149, 0x0907, 0x08C6,
    0x2A0D, 0x324E, 0x29EC, 0x1129, 0x1127, 0x08E4, 0x0906, 0x08C6, 0x1929, 0x1949, 0x1949, 0x08A5, 0x0021, 0x1107, 0x2A2D, 0x1989,
    0x196A, 0x1149, 0x1106, 0x1107, 0x08E7, 0x08C7, 0x00A7, 0x528B, 0x9C6E, 0x0044, 0x08A6, 0x1928, 0x39A8, 0x5A8B, 0x5ACC, 0x18E6,
    0x0864, 0x5AA9, 0x52AB, 0x0866, 0x8BED, 0xDE12, 0x4229, 0x4229, 0x4A49, 0x5A89, 0x5289, 0x6B0B, 0x62EB, 0x5AAA, 0x10E6, 0x0043,
    0x28E4, 0x3966, 0x51E7, 0x5A8A, 0x5A48, 0xA368, 0xE4E9, 0xEE93, 0xF713, 0xEED6, 0xEEB8, 0xF6F8, 0xBD73, 0xA50F, 0xB52F, 0xAC8F,
    0x8B6C, 0xACAE, 0xEED4, 0x6ACA, 0x630A, 0xAD4B, 0xD60C, 0x7B8D, 0x62EC, 0x6B2D, 0x6B2C, 0x73C9, 0x73AB, 0x840B, 0xAD11, 0x1906,
    0x2148, 0x62EC, 0x2968, 0x2168, 0x2168, 0x2168, 0x29C9, 0x31E8, 0x4266, 0x3A09, 0xACB1, 0xBD32, 0x9C4F, 0xCDB1, 0x9C70, 0x62AC,
    0x10A4, 0x2147, 0x18E6, 0x1906, 0x838C, 0xC4CD, 0xB48C, 0xEE50, 0xEE92, 0xEDF0, 0xF650, 0xCD6E, 0xFF79, 0xACD0, 0x946C, 0x7BAA,
    0x8389, 0xEE73, 0xFF37, 0xCD2F, 0xF6F6, 0x632B, 0x0041, 0x0165, 0x0164, 0x0225, 0x01E5, 0x01A6, 0x0246, 0x0185, 0x1A64, 0x4464,
    0x11A4, 0x5406, 0x00C3, 0x0102, 0x01E3, 0x0184, 0x2304, 0x55A4, 0x0A61, 0x3308, 0xB636, 0xDE77, 0xF71B, 0x7C2F, 0x5C6C, 0x2C44,
    0x2421, 0x3482, 0x65A3, 0x3BE3, 0x7C25, 0x9E05, 0x9664, 0x8E44, 0x75E2, 0x9E42, 0xA583, 0xCDE1, 0xDE82, 0xBCC1, 0xF601, 0x8C41,
    0x1281, 0x23E1, 0x5B81, 0x4322, 0x64A0, 0x53C2, 0x0126, 0x4304, 0x7CA2, 0x8CA3, 0x00C6, 0x00E6, 0x4323, 0x2326, 0x0107, 0x0106,
    0x00C4, 0x00E5, 0x0166, 0x0104, 0x0145, 0x0165, 0x0186, 0x324D, 0x322D, 0x19EA, 0x1189, 0x518D, 0xB1B3, 0xA232, 0x696B, 0x9AC5,
    0x92A7, 0x91D0, 0x716E, 0x2909, 0x0148, 0x0127, 0x08A5, 0x0044, 0x0969, 0x0989, 0x0064, 0x00A5, 0x0885, 0x00A6, 0x00A6, 0x0044,
    0x7373, 0x7392, 0x73B2, 0x7BD2, 0x8C33, 0x3A49, 0x0B23, 0x2B27, 0xD69A, 0xACF6, 0x70AD, 0x80EF, 0x91B0, 0x8A85, 0xBB24, 0xE28C,
    0xF494, 0xFE3A, 0xCD98, 0x8DB6, 0x8555, 0x9554, 0x6D37, 0x15BB, 0x2C10, 0x41E6, 0x2A8D, 0x13D6, 0x1C39, 0x147C, 0x5D38, 0xBCCE,
    0x63B4, 0x53F7, 0x3419, 0x2C5A, 0x3C79, 0x43F5, 0x0AB1, 0x0291, 0x0374, 0x03B7, 0x01CA, 0x0144, 0x01C6, 0x01A7, 0x02EA, 0x02C9,
    0x01E7, 0x00E4, 0x0165, 0x01A6, 0x00E5, 0x0185, 0x0186, 0x0043, 0x0021, 0x0021, 0x01A4, 0x01A5, 0x01E7, 0x0166, 0x0083, 0x29CB,
    0x21CC, 0x21CB, 0x29EC, 0x2A0C, 0x320C, 0x2A0D, 0x1949, 0x0043, 0x198A, 0x21CB, 0x21AA, 0x1927, 0x10C5, 0x0021, 0x21CB, 0x21CB,
    0x21AB, 0x21CB, 0x21AB, 0x324A, 0x3A29, 0x7B2C, 0xCD90, 0xCDF0, 0xAD0E, 0x9C4E, 0x738A, 0xD62E, 0xEE92, 0xEE93, 0xEEB3, 0xCDEF,
    0x6B4C, 0x1949, 0x29CB, 0x1907, 0x08C6, 0x21AB, 0x218A, 0x1107, 0x0063, 0x0883, 0x1128, 0x1149, 0x194A, 0x196A, 0x196B, 0x1107,
    0x320D, 0x2A0C, 0x1107, 0x1128, 0x196A, 0x1148, 0x1128, 0x1128, 0x1128, 0x1949, 0x1949, 0x08A5, 0x08E6, 0x21AB, 0x21CB, 0x21AB,
    0x1948, 0x1949, 0x1927, 0x1949, 0x1949, 0x1928, 0x1927, 0x942E, 0x7B6B, 0x0885, 0x1949, 0x218A, 0x21AA, 0x218A, 0x1969, 0x1948,
    0x1927, 0x2187, 0x1947, 0x0886, 0x8BEE, 0xA46F, 0x1108, 0x1128, 0x630D, 0x630E, 0x3A0C, 0x736C, 0xBD4F, 0x8BCE, 0xB512, 0xC5D4,
    0x2146, 0x08A5, 0x1927, 0x10C5, 0x0884, 0x2105, 0x3145, 0x39E8, 0xAC2A, 0x422A, 0x736A, 0xD60F, 0x8C2F, 0x8C2C, 0x8C2C, 0x942F,
    0x840C, 0x8CAB, 0xD652, 0xC5B4, 0x83ED, 0xA50D, 0xBDAD, 0xCDEF, 0xA4B0, 0xA471, 0xA490, 0x8C6B, 0x8C2D, 0x9C8E, 0xE6B4, 0xB530,
    0x2948, 0x528C, 0x2168, 0x1948, 0x2168, 0x08A4, 0x1106, 0x29C9, 0x39E7, 0x528B, 0xB4F1, 0x83AE, 0xC592, 0xA490, 0x734E, 0x526B,
    0x1907, 0x2148, 0x1107, 0x2147, 0x6B0C, 0x7B6D, 0xDDF1, 0xFF13, 0xEEB2, 0xD56F, 0xC50E, 0xBD0E, 0xD5D2, 0xEE74, 0x62C8, 0x6AE9,
    0x7B6C, 0xD611, 0xE651, 0xD570, 0xEE54, 0x6B2B, 0x0042, 0x01A6, 0x01E6, 0x0246, 0x0206, 0x0266, 0x0BC6, 0x0205, 0x0144, 0x0164,
    0x1244, 0x7E67, 0x00E3, 0x2AC3, 0x1A43, 0x0164, 0x44C4, 0x4504, 0x00A1, 0x42A9, 0xFF7D, 0xCDF1, 0xFFFC, 0x5B2B, 0x84F0, 0xDF7B,
    0x9DB2, 0x0B20, 0x4D02, 0x23C2, 0x4403, 0x6D01, 0x4442, 0x4D03, 0x3422, 0x7D42, 0xFF01, 0xEEC1, 0x8DA2, 0x85E2, 0x8E02, 0x6522,
    0x4421, 0x3362, 0x0104, 0x0124, 0x6CA2, 0x85E1, 0x0A25, 0x00E5, 0x11E4, 0xAE64, 0x6444, 0x01A7, 0x0186, 0x01E8, 0x00C4, 0x0166,
    0x01C7, 0x0228, 0x0248, 0x01C8, 0x0106, 0x0166, 0x0124, 0x21EB, 0x220B, 0x1A09, 0x19CB, 0x218B, 0x292A, 0x1085, 0x81CF, 0x8970,
    0x58CA, 0x40A9, 0x10C7, 0x0128, 0x01A9, 0x00E7, 0x0106, 0x01A9, 0x01A9, 0x0085, 0x00A5, 0x01A6, 0x00C5, 0x0085, 0x00A6, 0x00C7,
    0x9493, 0x9C94, 0x9CB4, 0x9473, 0x9C73, 0xAD14, 0x3ACA, 0x2A88, 0xCE38, 0xBE17, 0x9BD3, 0x9150, 0x696E, 0x48E7, 0xDB4F, 0xF4D4,
    0xF572, 0xEBD0, 0xE638, 0xD697, 0xD6B7, 0xE6D7, 0xEEB7, 0xBEB8, 0xB67B, 0xCD97, 0xCD12, 0x6B93, 0x12B5, 0x01AE, 0x1189, 0x224B,
    0x0B15, 0x039B, 0x0359, 0x02F4, 0x0AF4, 0x0AD3, 0x02B2, 0x0B12, 0x0B53, 0x0354, 0x0355, 0x01E9, 0x0207, 0x0104, 0x01E6, 0x0288,
    0x0125, 0x0063, 0x0063, 0x0165, 0x0104, 0x0165, 0x0206, 0x0022, 0x01C5, 0x0205, 0x00C2, 0x0103, 0x00E4, 0x00A4, 0x0021, 0x29CC,
    0x21CC, 0x29EC, 0x2A0C, 0x2A0C, 0x2A0C, 0x2A0D, 0x1149, 0x0043, 0x1969, 0x19AA, 0x1127, 0x1127, 0x0884, 0x08A4, 0x29CB, 0x21AB,
    0x21AA, 0x222B, 0x2A8B, 0x324B, 0x29CA, 0x31CA, 0x4A6A, 0xCD90, 0xCDD1, 0xC551, 0xC5CE, 0xCE2E, 0xD5F0, 0xE631, 0xEE72, 0xDE11,
    0xCDB1, 0x2148, 0x218A, 0x10E6, 0x0884, 0x21CC, 0x218A, 0x1107, 0x0042, 0x08A4, 0x1149, 0x1949, 0x196A, 0x198A, 0x196A, 0x1128,
    0x1948, 0x21AA, 0x1108, 0x1949, 0x1949, 0x194A, 0x1949, 0x1949, 0x21AA, 0x218A, 0x1949, 0x0084, 0x1128, 0x21CC, 0x1989, 0x1989,
    0x1928, 0x2169, 0x1949, 0x216A, 0x73AE, 0x1906, 0x62EC, 0xC572, 0x7B4B, 0x0064, 0x1929, 0x320B, 0x42AC, 0x21A9, 0x2188, 0x2188,
    0x31E8, 0x31E9, 0x1949, 0x1108, 0x422A, 0x424B, 0x194A, 0x21CB, 0x7390, 0x73B1, 0x4A8D, 0x5AEC, 0x9470, 0x9C72, 0xA4D2, 0xB574,
    0xCE15, 0x3185, 0x10C4, 0x10E6, 0x1928, 0x1108, 0x1108, 0x10E8, 0x31A8, 0x1929, 0x31C7, 0xBDAB, 0xD632, 0xAD12, 0xB531, 0x9C71,
    0x9CEF, 0xA56E, 0xACD0, 0xDE98, 0xAD33, 0x942E, 0xB4F0, 0xF6F2, 0xEEAF, 0xCD92, 0xBD72, 0xAD6D, 0xA4F0, 0xA4D1, 0xAD10, 0xD633,
    0x4209, 0x2967, 0x10C4, 0x1948, 0x2168, 0x08C6, 0x2147, 0x4A8B, 0x29AA, 0x3A0B, 0x4A6B, 0x424A, 0xA490, 0x734E, 0x5ACC, 0x83CF,
    0x31A9, 0x0884, 0x1949, 0x31C9, 0x422A, 0x2968, 0x4A09, 0xC590, 0xDE11, 0xDDD2, 0xC52F, 0xC52F, 0xBCEE, 0xD5B1, 0xCD2F, 0x732A,
    0x7B4B, 0xB56C, 0xBDAE, 0xCD30, 0xBCCE, 0xE655, 0x3A49, 0x00A4, 0x01C6, 0x0145, 0x01E6, 0x0246, 0x01C5, 0x0185, 0x01A5, 0x0164,
    0x01A5, 0x09A4, 0x0125, 0x7DC5, 0x7E63, 0x11E3, 0x2344, 0x3CE4, 0x0163, 0x0122, 0x8CF3, 0x5D09, 0xAE31, 0x6BCD, 0x5AEA, 0x63AB,
    0x2B05, 0x2304, 0x2B45, 0x33E5, 0x2382, 0x1381, 0x1362, 0x3442, 0x23C1, 0x75C2, 0x8E02, 0x6523, 0x6563, 0x54C3, 0x9E65, 0xBF05,
    0x7562, 0x6444, 0x0125, 0x0145, 0x09A5, 0x12A5, 0x0226, 0x01E6, 0x0186, 0x3305, 0x5485, 0x01A7, 0x01C7, 0x0105, 0x00E3, 0x034A,
    0x02A9, 0x0309, 0x0349, 0x01C9, 0x01A9, 0x022A, 0x0083, 0x19AA, 0x220C, 0x19E8, 0x0907, 0x11AB, 0x0969, 0x0928, 0x81B1, 0x814F,
    0x18C5, 0x18E8, 0x0907, 0x0928, 0x0148, 0x0148, 0x0168, 0x01EA, 0x020A, 0x0044, 0x00A4, 0x01A6, 0x00E5, 0x0064, 0x0148, 0x01AA,
    0xC5D7, 0xCE38, 0x636D, 0x530B, 0xE6B9, 0xE6BA, 0x84B0, 0x21C6, 0xAD56, 0xAD75, 0xBDB6, 0xB5B7, 0x2987, 0x60E9, 0xA152, 0xBA56,
    0xFE57, 0xD618, 0xC5B8, 0xA61B, 0x54D9, 0x94F3, 0x9CAF, 0x22CA, 0x1B13, 0x1B56, 0x1B34, 0x1315, 0x0315, 0x02D4, 0x0290, 0x0229,
    0x1333, 0x0B12, 0x0B14, 0x0338, 0x02B3, 0x02D2, 0x02B0, 0x00C2, 0x026A, 0x03B6, 0x0396, 0x026D, 0x0226, 0x0144, 0x0165, 0x01A6,
    0x00A4, 0x0185, 0x0185, 0x0124, 0x09E5, 0x0124, 0x0042, 0x0001, 0x00C3, 0x0BCA, 0x0124, 0x0022, 0x0022, 0x0022, 0x0042, 0x2A0D,
    0x21CC, 0x2A0D, 0x2A0D, 0x21CB, 0x2A0D, 0x322E, 0x1949, 0x0042, 0x29EC, 0x2189, 0x0883, 0x1129, 0x08A6, 0x2189, 0x2A0D, 0x21CB,
    0x2A2B, 0x22CD, 0x220A, 0x29CA, 0x21AA, 0x21AA, 0x2989, 0x9BEC, 0xCD71, 0xB4F1, 0x948D, 0x942E, 0xDDD1, 0xD5B0, 0xE611, 0x4A89,
    0x7BCD, 0x29AA, 0x218A, 0x1907, 0x08A4, 0x21CB, 0x1969, 0x0864, 0x0063, 0x196A, 0x196A, 0x1148, 0x1128, 0x1127, 0x198A, 0x21CC,
    0x1128, 0x08E6, 0x1928, 0x1949, 0x1149, 0x1949, 0x196A, 0x21CB, 0x21AB, 0x21AB, 0x1107, 0x0063, 0x1928, 0x21AB, 0x218A, 0x218A,
    0x1949, 0x196A, 0x2169, 0x738D, 0xE6B7, 0x736D, 0x31A8, 0x9430, 0x93ED, 0x1083, 0x1107, 0x21A9, 0x2189, 0x2189, 0x2189, 0x21A9,
    0x3A28, 0x2189, 0x10E7, 0x1108, 0x31A8, 0x9450, 0x5AAC, 0x4A6C, 0x6B4F, 0x6B70, 0x52AD, 0x52AB, 0x83EF, 0x7B8F, 0x9470, 0x8410,
    0x9CB1, 0x8C0C, 0x0022, 0x1908, 0x1949, 0x1947, 0x1968, 0x29C9, 0x4A89, 0x2189, 0x1108, 0x630A, 0xCDB2, 0xBD52, 0xBD52, 0xA491,
    0xA4B0, 0xAD30, 0xB512, 0xACD1, 0xE653, 0x9C6D, 0xA46D, 0xF6D2, 0xC58C, 0xCDD1, 0xA4D0, 0xB572, 0xCDD1, 0xA4AE, 0xACD0, 0x9C90,
    0xBD52, 0xA50F, 0x0022, 0x1948, 0x1927, 0x0884, 0x4229, 0x4A6C, 0x298A, 0x2169, 0x4A6B, 0x9C2F, 0x6B2D, 0x5AAD, 0x5AAC, 0x7B8E,
    0x4A8C, 0x08A5, 0x196A, 0x31C9, 0x39C8, 0x39A8, 0x39A8, 0xB46D, 0xD591, 0xDDD3, 0xEE53, 0xE612, 0xBCEF, 0xAC6E, 0xEE33, 0x732C,
    0x62CB, 0x4A29, 0x9C2E, 0xC4F0, 0xAC6E, 0xEEB6, 0x636C, 0x0084, 0x0105, 0x0105, 0x0125, 0x0125, 0x0042, 0x0124, 0x0185, 0x0104,
    0x0185, 0x0104, 0x0984, 0x6505, 0x1B04, 0x01A4, 0x0164, 0x0A65, 0x01A4, 0x0164, 0x0123, 0x1A24, 0x3327, 0x4348, 0x32A6, 0x3264,
    0x9D50, 0xF77A, 0xE739, 0xF7BC, 0x95AF, 0x4CA7, 0x5CC9, 0x4C48, 0x4C46, 0x3461, 0x44E2, 0x4CE3, 0x3C82, 0x5504, 0x6564, 0x5D23,
    0x3BE3, 0x00E3, 0x0145, 0x0186, 0x0126, 0x01C5, 0x1AC5, 0x01E6, 0x12E7, 0x0167, 0x01E7, 0x0145, 0x00E4, 0x0082, 0x0247, 0x034A,
    0x0289, 0x0247, 0x038A, 0x02CB, 0x02EB, 0x01C8, 0x0043, 0x08E7, 0x21CC, 0x1149, 0x1149, 0x118A, 0x1169, 0x1128, 0x1909, 0x1108,
    0x0247, 0x0107, 0x0169, 0x0148, 0x00E7, 0x08E6, 0x1107, 0x1147, 0x0106, 0x0044, 0x00C5, 0x00A5, 0x0064, 0x0064, 0x01A8, 0x01C9,
    0xC5F8, 0x8431, 0x00C4, 0x5169, 0xB453, 0xD67A, 0x3269, 0x1946, 0x94D8, 0x94D9, 0x9D58, 0x2A68, 0x08E4, 0x5415, 0x1A4C, 0x7291,
    0xA3B5, 0x4B53, 0x6370, 0x2354, 0x02F7, 0x02B3, 0x0271, 0x02AB, 0x0248, 0x02B1, 0x0335, 0x0355, 0x0335, 0x0335, 0x02AF, 0x0289,
    0x0A6E, 0x1249, 0x09E5, 0x0290, 0x00E5, 0x0125, 0x020B, 0x0103, 0x0144, 0x02CF, 0x01A9, 0x00E4, 0x0227, 0x0165, 0x0063, 0x0082,
    0x00A3, 0x01E5, 0x0348, 0x02C8, 0x0207, 0x00A3, 0x0001, 0x0021, 0x00C3, 0x0166, 0x00C5, 0x0083, 0x0062, 0x0022, 0x1129, 0x2A0E,
    0x29ED, 0x2A0D, 0x198A, 0x1929, 0x2A0D, 0x21AB, 0x1129, 0x0884, 0x2148, 0x0842, 0x1107, 0x198B, 0x0884, 0x1968, 0x2A2D, 0x2A6C,
    0x2B0B, 0x2A29, 0x21AA, 0x21AA, 0x21AA, 0x21CA, 0x31EA, 0x3A0A, 0xBD11, 0xCDD1, 0x4229, 0x838D, 0xFE73, 0x940C, 0x9C4C, 0x632B,
    0x2169, 0x21AA, 0x218A, 0x29EC, 0x0884, 0x218A, 0x10E6, 0x0063, 0x08C6, 0x196B, 0x1128, 0x1107, 0x1149, 0x0906, 0x21EC, 0x1969,
    0x2A0D, 0x1108, 0x10E6, 0x1149, 0x1149, 0x196A, 0x218B, 0x21AA, 0x21AB, 0x198A, 0x0084, 0x10E6, 0x218B, 0x218A, 0x218A, 0x2189,
    0x4289, 0x3209, 0x6C0B, 0xC5D1, 0xC593, 0xEED7, 0x6B2B, 0x31C9, 0xBD51, 0x39A6, 0x08E6, 0x1947, 0x196A, 0x29E9, 0x3249, 0x21A9,
    0x29C9, 0x1949, 0x1108, 0x298A, 0x5AAC, 0xACD1, 0xB533, 0x736F, 0x6B2F, 0x7370, 0x738F, 0x83CE, 0x942F, 0x736F, 0x7BCF, 0x8C30,
    0x7BAF, 0x0884, 0x0864, 0x196A, 0x1969, 0x1947, 0x29A8, 0x31E9, 0x3A28, 0x21C8, 0x1948, 0x1927, 0x630C, 0xBD51, 0xA4B0, 0x9C91,
    0x9471, 0x9CD1, 0xB531, 0x83AE, 0xA4AC, 0x8408, 0xA4C8, 0xB50B, 0x944D, 0x94ED, 0x9CCF, 0xA4D2, 0x9CAD, 0x8C88, 0xAD4E, 0xA4B1,
    0xBD52, 0xC5B0, 0x1904, 0x08E7, 0x08C5, 0x1906, 0x31EB, 0x29AA, 0x29AA, 0x3A0B, 0x5AAC, 0xACB0, 0x8BCE, 0x62CD, 0x62ED, 0x630E,
    0x52AD, 0x10A5, 0x1949, 0x1928, 0x4A29, 0x524A, 0x41EA, 0xB46E, 0xCD30, 0xAC91, 0xE5F4, 0xDDD2, 0xB4CF, 0xBCF0, 0xE634, 0x31A7,
    0x5A89, 0x8B69, 0xA42F, 0xA46F, 0xA44F, 0xD5F4, 0xF759, 0x31C7, 0x0063, 0x00E4, 0x0043, 0x2962, 0x39C2, 0x00A4, 0x0124, 0x0124,
    0x01A6, 0x0083, 0x3B83, 0x23E6, 0x0267, 0x02E7, 0x01E6, 0x01C6, 0x0144, 0x00E4, 0x29C7, 0x946F, 0xC5F5, 0xFF7A, 0xFF9A, 0xF718,
    0xEEF8, 0xEEF7, 0xEEF7, 0xEF38, 0xEF19, 0xEEF9, 0xFF9C, 0xFFDD, 0xE718, 0x5C4A, 0x64E7, 0x7DE3, 0x44C1, 0x3442, 0x1B42, 0x3403,
    0x75A3, 0x2B44, 0x34C7, 0x1B46, 0x09C6, 0x0944, 0x8D65, 0x2A45, 0x4D45, 0x1B26, 0x0125, 0x0125, 0x0063, 0x00A3, 0x02C9, 0x030A,
    0x0208, 0x01C7, 0x0229, 0x032C, 0x026A, 0x0042, 0x0064, 0x1127, 0x0946, 0x0927, 0x198B, 0x1168, 0x0968, 0x1129, 0x0929, 0x01A9,
    0x02C8, 0x00C6, 0x0107, 0x00C5, 0x0065, 0x21A5, 0x4B06, 0x42C6, 0x1924, 0x0085, 0x00C6, 0x00A5, 0x0024, 0x2245, 0x2306, 0x1AC6,
    0xB555, 0x19C8, 0x1A47, 0xAB0B, 0xBBB3, 0xBCF8, 0x2A49, 0x1186, 0x7D14, 0x6CB5, 0x1A4A, 0x0125, 0x3BB8, 0x3BDA, 0x1B54, 0x0B34,
    0x0B12, 0x02C7, 0x0287, 0x02F3, 0x0310, 0x0310, 0x0356, 0x02AC, 0x01A3, 0x0290, 0x02AE, 0x0326, 0x0311, 0x02F5, 0x022A, 0x01E6,
    0x0A92, 0x0A2F, 0x01E7, 0x01A3, 0x0168, 0x0124, 0x00E4, 0x0125, 0x0124, 0x0082, 0x00A2, 0x0104, 0x0063, 0x0063, 0x0083, 0x00E4,
    0x01C5, 0x0226, 0x00A3, 0x0105, 0x0145, 0x0145, 0x0124, 0x0247, 0x0247, 0x0042, 0x0001, 0x00A2, 0x0103, 0x00A3, 0x1149, 0x116A,
    0x2A2E, 0x11A9, 0x00E5, 0x196A, 0x29EC, 0x0926, 0x0948, 0x0084, 0x0883, 0x2189, 0x1949, 0x1949, 0x0863, 0x2189, 0x324E, 0x2A4C,
    0x2AE9, 0x2A4A, 0x21AA, 0x21AA, 0x21AA, 0x21CB, 0x320C, 0x424B, 0xBD51, 0x8BED, 0x526B, 0x734D, 0xBD11, 0xB4D0, 0x2965, 0xA48E,
    0x29AA, 0x216A, 0x218A, 0x29CB, 0x10C5, 0x1929, 0x10C7, 0x0043, 0x10E7, 0x1129, 0x1108, 0x1929, 0x196A, 0x198A, 0x21AB, 0x10E5,
    0x29CA, 0x1929, 0x1129, 0x1128, 0x1148, 0x196A, 0x218B, 0x1949, 0x196A, 0x08E7, 0x0885, 0x10E6, 0x21AB, 0x218A, 0x198A, 0x3209,
    0xB54C, 0xB58E, 0xB5EE, 0xCE12, 0xBD72, 0xE674, 0xBD31, 0x39A9, 0x7BAF, 0x3186, 0x1107, 0x218A, 0x1949, 0x3209, 0x5C07, 0x3ACA,
    0x2189, 0x1108, 0x29AC, 0x4A8E, 0x6B4E, 0x9C91, 0xA4B1, 0x9430, 0x632E, 0x632F, 0x738F, 0x73AF, 0x83F0, 0x4A8D, 0x738F, 0x8C51,
    0x7BD0, 0x18E6, 0x08A5, 0x218A, 0x1969, 0x1968, 0x2188, 0x2189, 0x4249, 0x29C8, 0x1948, 0x2169, 0x1107, 0x424A, 0xAD12, 0xB573,
    0xC5D3, 0xC611, 0xA52E, 0x83CF, 0x5ACC, 0x5B07, 0x6B68, 0x838D, 0xACD0, 0xAD4E, 0xAD6F, 0x9CB2, 0x9CB1, 0x9CAD, 0x94AC, 0xACF1,
    0xA4B1, 0xBD73, 0x736D, 0x00A7, 0x1948, 0x2167, 0x2189, 0x2189, 0x29AA, 0x528C, 0x4A4C, 0x52AC, 0x8BEF, 0xACD1, 0x83F0, 0x630E,
    0x31C9, 0x10C4, 0x29A9, 0x2188, 0x4A68, 0x424A, 0x420A, 0x7B4B, 0xB48F, 0xAC2E, 0xE5A7, 0xEE6A, 0xCD4E, 0xBD31, 0xE634, 0x1926,
    0x72A3, 0xFE61, 0xBCEB, 0xA450, 0xA44F, 0xA470, 0xE697, 0x3186, 0x00A3, 0x00A3, 0x18E2, 0x8C62, 0x4A42, 0x0085, 0x0186, 0x0166,
    0x01A7, 0x0063, 0x1B06, 0x1307, 0x0125, 0x0267, 0x0184, 0x0965, 0x632C, 0x6BAE, 0x6B6F, 0x738F, 0x31EB, 0x7BD0, 0xA4D3, 0xD636,
    0xDE96, 0xE6B6, 0xF757, 0xDE75, 0xC593, 0xD673, 0xCE50, 0xE6F4, 0xF737, 0xFFDD, 0xBDD6, 0x2AC4, 0x7DA3, 0x8E43, 0x54C3, 0x4CA3,
    0xA6E4, 0x9EC5, 0x85C3, 0x6D84, 0x1A47, 0x00E6, 0x3B25, 0x29A3, 0x2323, 0x2C86, 0x01A6, 0x0125, 0x0063, 0x01E8, 0x03AC, 0x02AA,
    0x034C, 0x0249, 0x0106, 0x0209, 0x0187, 0x0043, 0x0907, 0x118A, 0x01C8, 0x01E9, 0x196A, 0x0106, 0x0927, 0x1149, 0x0128, 0x0127,
    0x02C7, 0x0146, 0x00A6, 0x00A5, 0x19E4, 0x4C25, 0x4CC5, 0x5D24, 0x5CA5, 0x00A6, 0x00C6, 0x0085, 0x0904, 0x3BA6, 0x3BE6, 0x3BC6,
    0x5B2F, 0x22A9, 0x0324, 0x2322, 0x9BAC, 0xD4D7, 0x3ACB, 0x01E5, 0x4D06, 0x33E5, 0x09C3, 0x3BB2, 0x2B18, 0x1B13, 0x1BAE, 0x13CD,
    0x1369, 0x0AE8, 0x0ACE, 0x02F3, 0x0B07, 0x0B23, 0x0355, 0x02CE, 0x0289, 0x022E, 0x01C8, 0x0AA4, 0x0B12, 0x02B0, 0x01A4, 0x01E8,
    0x0188, 0x00E4, 0x0125, 0x01E7, 0x01CB, 0x0144, 0x0225, 0x01C6, 0x0144, 0x0183, 0x0144, 0x00A3, 0x00E4, 0x00E5, 0x00A4, 0x0083,
    0x0105, 0x00C4, 0x0042, 0x00C4, 0x00C4, 0x0126, 0x01E7, 0x01C6, 0x0165, 0x0185, 0x0103, 0x0123, 0x01E4, 0x00C3, 0x0145, 0x0947,
    0x1169, 0x00E4, 0x0926, 0x29CC, 0x2189, 0x0164, 0x0988, 0x0043, 0x1949, 0x21CC, 0x196A, 0x196A, 0x08A5, 0x21AA, 0x2A0C, 0x21A9,
    0x228A, 0x21AA, 0x21AA, 0x21AA, 0x21AA, 0x21CA, 0x3A4C, 0x52CD, 0xC551, 0x4A4A, 0x3A88, 0x2267, 0x62EC, 0xCD31, 0x730B, 0x5AAB,
    0x218A, 0x218A, 0x218A, 0x29CC, 0x1927, 0x08A6, 0x1108, 0x0042, 0x08C6, 0x10E6, 0x1149, 0x19AC, 0x19CC, 0x19EC, 0x1949, 0x1907,
    0x2168, 0x218A, 0x196A, 0x196A, 0x08E7, 0x1108, 0x1949, 0x196A, 0x198A, 0x1107, 0x08C5, 0x198A, 0x198B, 0x198A, 0x21AA, 0x2189,
    0x31C9, 0xCD51, 0xDDF2, 0xD5B1, 0xE654, 0xE674, 0xB4F1, 0x62AC, 0x2969, 0x0864, 0x10E7, 0x218A, 0x1969, 0x1107, 0x5327, 0x530B,
    0x1107, 0x1949, 0x4A6D, 0x52AE, 0x632E, 0x52AC, 0x83CF, 0xACF2, 0x8410, 0x52CE, 0x8C51, 0x8C51, 0x9C92, 0x83F1, 0x738F, 0x8C10,
    0x9472, 0x630C, 0x0885, 0x216A, 0x1948, 0x2189, 0x1969, 0x1948, 0x31A8, 0x4A29, 0x4229, 0x1968, 0x2989, 0x2969, 0xB533, 0xE696,
    0x946F, 0x8C8D, 0xBDD1, 0x9C71, 0x83D0, 0x4A6B, 0x62EC, 0xB512, 0xC572, 0xCDD1, 0xAD11, 0xA513, 0x6B0D, 0x7B6D, 0xA4AE, 0x8BCC,
    0x83AE, 0xACD2, 0x5ACC, 0x0087, 0x1948, 0x1947, 0x1968, 0x10C4, 0x31C9, 0x4A6B, 0x3189, 0x5ACD, 0x6B4E, 0x8C10, 0xACF3, 0x7BAF,
    0x2968, 0x18C4, 0x420A, 0x21A9, 0x3A09, 0x3A88, 0x3A47, 0x4A08, 0x9C2E, 0xAC2D, 0xDCC1, 0xFF80, 0xEDE5, 0xB490, 0x9C2E, 0x7264,
    0xE5C1, 0xD560, 0x7BE6, 0x6BEC, 0x9CAF, 0xB4D1, 0xE656, 0x39A6, 0x0041, 0x0002, 0x52E2, 0x8CE2, 0x0001, 0x2A84, 0x1266, 0x0126,
    0x0126, 0x0187, 0x01E6, 0x00A2, 0x0125, 0x01A6, 0x08A4, 0x2188, 0xB533, 0xCDD5, 0x52CE, 0xC5B4, 0xC573, 0x29AA, 0x5AEE, 0xEE96,
    0xD655, 0xCDF4, 0xC5B3, 0xDE57, 0xC5F2, 0xDE8F, 0xD6AE, 0xC6C9, 0x7C89, 0x9C50, 0xEE38, 0x628C, 0x3A64, 0xBF05, 0xBF85, 0x85C5,
    0x6DC3, 0x5D63, 0x2B83, 0x2325, 0x09E6, 0x1226, 0x0126, 0x00A4, 0x0063, 0x0287, 0x032A, 0x0228, 0x0043, 0x0146, 0x0249, 0x00E5,
    0x0228, 0x0249, 0x0043, 0x0084, 0x0084, 0x0063, 0x08E7, 0x1108, 0x0148, 0x0168, 0x08A6, 0x0084, 0x08C5, 0x08E7, 0x0148, 0x00E6,
    0x01C6, 0x01E6, 0x0107, 0x020A, 0x2AC6, 0x54A4, 0x4CC5, 0x54C5, 0x5D25, 0x1A05, 0x00A5, 0x0065, 0x2266, 0x3C46, 0x3BE6, 0x33C6,
    0x0189, 0x01E7, 0x12E5, 0x0244, 0x3A84, 0xB44C, 0x3B09, 0x01E4, 0x2BE3, 0x0984, 0x2265, 0x3C49, 0x132A, 0x02E8, 0x02E6, 0x0224,
    0x0226, 0x024D, 0x022D, 0x0147, 0x01C4, 0x0B49, 0x0BD5, 0x026E, 0x0163, 0x01CA, 0x0AF3, 0x1B4C, 0x1333, 0x0228, 0x01C5, 0x01A5,
    0x01C5, 0x0165, 0x0184, 0x0245, 0x01A5, 0x01E5, 0x02E6, 0x0207, 0x00E4, 0x0144, 0x00C3, 0x0042, 0x0021, 0x0082, 0x0187, 0x020A,
    0x00E5, 0x0063, 0x0104, 0x0125, 0x00A3, 0x0062, 0x0188, 0x0AAD, 0x0167, 0x0104, 0x0226, 0x0205, 0x0205, 0x00A3, 0x0041, 0x01A7,
    0x01C9, 0x0063, 0x08E6, 0x21AC, 0x1107, 0x0083, 0x0948, 0x0042, 0x08A5, 0x198B, 0x196A, 0x218B, 0x10E6, 0x10E6, 0x1948, 0x1107,
    0x2249, 0x218A, 0x218A, 0x21AA, 0x21A9, 0x21A9, 0x29CB, 0x4AAC, 0xA4ED, 0x526C, 0x2A86, 0x2267, 0x422A, 0xC4F0, 0xA42F, 0x29AA,
    0x216A, 0x218A, 0x218A, 0x29CB, 0x10C5, 0x0084, 0x1109, 0x0043, 0x0883, 0x1127, 0x21ED, 0x1A0C, 0x1A0A, 0x19AA, 0x1969, 0x1949,
    0x1949, 0x218B, 0x19CA, 0x0988, 0x08E7, 0x1108, 0x08E7, 0x1949, 0x196A, 0x08E6, 0x1107, 0x21AB, 0x196A, 0x218A, 0x194A, 0x1969,
    0x2148, 0x732C, 0xE5F2, 0xBCAF, 0xACAF, 0xE653, 0xACD1, 0x9430, 0x736E, 0x41E8, 0x10C6, 0x216A, 0x218A, 0x1108, 0x1969, 0x3A4C,
    0x10E6, 0x2149, 0x5ACE, 0x424C, 0x62EE, 0x3A0B, 0x4A8C, 0x9471, 0x9451, 0x6B4F, 0x9CB2, 0x9C92, 0xAD13, 0x9472, 0x52AD, 0x5AEE,
    0xA4D3, 0x8C0F, 0x0884, 0x1928, 0x0884, 0x29A9, 0x2169, 0x1107, 0x1107, 0x2988, 0x31C9, 0x4208, 0x41C9, 0x39CA, 0x632D, 0x7BCF,
    0x29EB, 0x220A, 0x8C6F, 0xB512, 0x9C91, 0x8C10, 0x6B4D, 0x62EC, 0xC573, 0xBD72, 0xA4D2, 0x83F0, 0x2146, 0x6B0D, 0xACB1, 0x7B4D,
    0x732D, 0x8C10, 0x8BCD, 0x31A7, 0x1949, 0x2168, 0x2188, 0x08A4, 0x2146, 0x5ACD, 0x4A4B, 0x630E, 0x62EE, 0x5ACD, 0x738F, 0x6B4F,
    0x2989, 0x10E5, 0x4A6A, 0x31C7, 0x422A, 0x2A06, 0x1965, 0x31A8, 0x9C0F, 0x9B4D, 0xE3A6, 0xF561, 0xF622, 0xCD0D, 0x2946, 0x6A42,
    0xCDE1, 0xEE03, 0x8409, 0x22C6, 0x5C28, 0xBCF0, 0x836D, 0x8C0C, 0x10C3, 0x3B02, 0x85A3, 0x29C2, 0x1901, 0x53C4, 0x1164, 0x00A5,
    0x0106, 0x0166, 0x00C4, 0x00C3, 0x00E4, 0x0063, 0x2189, 0x2A0B, 0x21CA, 0x4AAD, 0x29EB, 0x428B, 0xCDB4, 0xAD13, 0x9CB1, 0x734C,
    0xB510, 0xDE54, 0xD5F4, 0xE6F5, 0xB68C, 0x8429, 0xB5EC, 0x8DE6, 0x09A2, 0x0964, 0x5B6C, 0x2A48, 0x00C5, 0x3403, 0x96E4, 0xB764,
    0x54E3, 0x2362, 0x3484, 0x02C7, 0x23E4, 0x1244, 0x0105, 0x0186, 0x00E4, 0x0125, 0x032A, 0x0289, 0x0106, 0x00C4, 0x0063, 0x0084,
    0x0166, 0x0208, 0x00E5, 0x00A5, 0x00A4, 0x0064, 0x10E7, 0x0A0B, 0x0A4B, 0x0967, 0x00E5, 0x022A, 0x0188, 0x0065, 0x00C6, 0x00C6,
    0x0125, 0x01E5, 0x00A5, 0x0167, 0x0086, 0x1144, 0x54A5, 0x54E5, 0x3C46, 0x4384, 0x0023, 0x0044, 0x1A45, 0x2388, 0x1A88, 0x1248,
    0x0208, 0x0228, 0x0AA7, 0x0AE6, 0x0AC4, 0x3B44, 0x1B24, 0x01A5, 0x09C5, 0x0125, 0x22E5, 0x0A45, 0x02A4, 0x1B64, 0x33C5, 0x3385,
    0x22E5, 0x0167, 0x0106, 0x00A3, 0x01E4, 0x0C11, 0x0C56, 0x03AE, 0x01A3, 0x0146, 0x02AD, 0x1389, 0x0208, 0x01C6, 0x01C5, 0x0247,
    0x0268, 0x0207, 0x0185, 0x0225, 0x0245, 0x01C5, 0x0145, 0x00A4, 0x0964, 0x0244, 0x12C8, 0x09EB, 0x1209, 0x19EA, 0x1A6F, 0x0A4D,
    0x0063, 0x0926, 0x1B91, 0x1AEF, 0x226F, 0x2A4F, 0x228F, 0x11C9, 0x0126, 0x0084, 0x02A6, 0x0205, 0x00C4, 0x0083, 0x0125, 0x02A9,
    0x0289, 0x0124, 0x0042, 0x0906, 0x08E6, 0x00A4, 0x0925, 0x0063, 0x0063, 0x218B, 0x196A, 0x21AB, 0x10E7, 0x08C6, 0x08C7, 0x10E7,
    0x1948, 0x218A, 0x21AB, 0x21CB, 0x21AA, 0x21AA, 0x21CA, 0x1A27, 0x4309, 0x530C, 0x2A88, 0x2A08, 0x19A7, 0x4B69, 0x1A07, 0x11A8,
    0x2A0B, 0x29EC, 0x21CB, 0x21AB, 0x0884, 0x0064, 0x08E8, 0x0042, 0x0884, 0x21ED, 0x220D, 0x0A28, 0x11C8, 0x218B, 0x196A, 0x1949,
    0x196A, 0x198A, 0x19A9, 0x11A9, 0x198B, 0x1108, 0x08C6, 0x1129, 0x1108, 0x08E6, 0x218A, 0x218A, 0x198A, 0x1969, 0x3AC9, 0x1989,
    0x1947, 0x946D, 0xEE12, 0xBCF1, 0x93EF, 0xBD10, 0x9C70, 0x9450, 0x734D, 0x736E, 0x10C6, 0x218A, 0x216A, 0x320A, 0x29CA, 0x320B,
    0x1928, 0x2169, 0x5ACE, 0x5ACE, 0x6B2E, 0x422B, 0x218A, 0x7BD0, 0x422B, 0x5AED, 0x736F, 0x9451, 0xAD13, 0x8C11, 0x52CE, 0x52CE,
    0x9472, 0x83CE, 0x0063, 0x10E7, 0x0064, 0x2167, 0x3A0A, 0x39EA, 0x29C9, 0x21E9, 0x4A6A, 0x6ACA, 0x4328, 0x2308, 0x29EA, 0x29AA,
    0x322B, 0x1A2A, 0x4BCA, 0xB52E, 0xA4B0, 0xA492, 0x4AEB, 0x42E8, 0x9430, 0x9C91, 0xA4D2, 0x738F, 0x52AB, 0x9451, 0x9C92, 0x9451,
    0x83EF, 0x83D0, 0xBD31, 0x732A, 0x0086, 0x2168, 0x2189, 0x1948, 0x10E5, 0x31A8, 0x5ACD, 0x630E, 0x62ED, 0x630E, 0x52AD, 0x422C,
    0x2989, 0x10C5, 0x428B, 0x3A88, 0x2A08, 0x1A05, 0x1985, 0x1948, 0x6B2A, 0xCD84, 0x6A03, 0x8A41, 0xFEC0, 0x9506, 0x0144, 0x01A2,
    0x4442, 0x7403, 0x7388, 0x19E7, 0x3B43, 0x94A7, 0x4B65, 0xA5CA, 0x29C4, 0x8EA4, 0x4CC3, 0x0082, 0x2A23, 0x19E4, 0x0024, 0x0126,
    0x00E5, 0x0083, 0x00E4, 0x01C7, 0x0062, 0x1907, 0x320C, 0x2A2A, 0x2A2B, 0x322C, 0x29E9, 0x21EA, 0x52ED, 0xA4D2, 0x326A, 0x21A9,
    0x6B2C, 0x7BAE, 0xC556, 0xCEEF, 0x96A3, 0x7D87, 0x5D23, 0x44A2, 0x3364, 0x01E4, 0x02A4, 0x02A5, 0x01A6, 0x1344, 0x3D23, 0x3C23,
    0x2343, 0x0A44, 0x23A5, 0x1B85, 0x23C3, 0x0A85, 0x0165, 0x0166, 0x01A7, 0x0064, 0x0187, 0x028A, 0x01A7, 0x00C4, 0x0083, 0x01A7,
    0x02AB, 0x0166, 0x00C5, 0x0063, 0x00E6, 0x026B, 0x02AB, 0x030C, 0x030C, 0x0B0B, 0x01E8, 0x01A8, 0x01EA, 0x022B, 0x00A5, 0x0044,
    0x00E4, 0x0246, 0x0084, 0x0064, 0x0106, 0x00E6, 0x1A26, 0x4CA6, 0x1367, 0x3366, 0x1984, 0x0004, 0x1A86, 0x0B4C, 0x018A, 0x1A86,
    0x0247, 0x0247, 0x0248, 0x02A8, 0x0A07, 0x2B25, 0x1BA3, 0x0146, 0x00E6, 0x1225, 0x1325, 0x0227, 0x02C7, 0x3C65, 0x5504, 0x5504,
    0x4CE4, 0x3385, 0x0166, 0x01E6, 0x0328, 0x02AB, 0x0391, 0x04B3, 0x030A, 0x00C3, 0x0185, 0x0AC5, 0x0123, 0x01A5, 0x0206, 0x01E6,
    0x0268, 0x0248, 0x0165, 0x01A4, 0x0143, 0x00A3, 0x00C7, 0x1A8A, 0x23A7, 0x1449, 0x0B50, 0x232E, 0x4D0A, 0x2B4E, 0x1A0F, 0x1A0D,
    0x0125, 0x0A0A, 0x23F4, 0x23B5, 0x2A71, 0x1148, 0x08E4, 0x0021, 0x0083, 0x01A7, 0x01A6, 0x00E5, 0x00E5, 0x0186, 0x0227, 0x0185,
    0x0206, 0x0247, 0x0104, 0x0104, 0x0147, 0x0063, 0x0125, 0x0083, 0x00A3, 0x1969, 0x196A, 0x1949, 0x0064, 0x08E7, 0x1149, 0x08C6,
    0x0064, 0x1148, 0x21CB, 0x21CB, 0x21CB, 0x21CB, 0x11C7, 0x0105, 0x3A49, 0x6449, 0x1149, 0x1969, 0x29E8, 0x3AA9, 0x11A5, 0x11A7,
    0x220B, 0x1A09, 0x19EA, 0x29ED, 0x08A4, 0x0063, 0x08E8, 0x0043, 0x0885, 0x21ED, 0x19EC, 0x0A28, 0x09C8, 0x218B, 0x198A, 0x196A,
    0x196A, 0x198A, 0x1969, 0x198A, 0x196A, 0x08A5, 0x10E7, 0x1109, 0x08E7, 0x1107, 0x21AC, 0x218A, 0x196A, 0x2208, 0x8E07, 0x5348,
    0x6BA9, 0xB54C, 0xA44F, 0x9C0F, 0x9C50, 0x732B, 0x8BED, 0x6B0D, 0x39C9, 0x5AAC, 0x10C5, 0x1928, 0x196A, 0x2A09, 0x2A29, 0x21AA,
    0x1128, 0x31EB, 0x52AE, 0x5AEE, 0x6B4E, 0x39EA, 0x2989, 0x424C, 0x29AB, 0x422C, 0x420B, 0x7BD0, 0x9471, 0x8C11, 0x73B0, 0x6B70,
    0x7BF1, 0x4A6C, 0x0064, 0x1128, 0x1108, 0x1106, 0x1966, 0x4A69, 0x52CA, 0x32A9, 0x324A, 0x6AEB, 0x5CAA, 0x1CA8, 0x42EB, 0x31CA,
    0x2A49, 0x1366, 0x0B44, 0x6C4A, 0xA4B0, 0x7BAF, 0x3A8A, 0x2247, 0x7BCF, 0x8410, 0x8C51, 0x738F, 0x8410, 0x9CB2, 0x9492, 0x7BCF,
    0x736F, 0x83D0, 0x9451, 0x528A, 0x0064, 0x1948, 0x1968, 0x1948, 0x1105, 0x4444, 0x5B8B, 0x4A4C, 0x630E, 0x6B2E, 0x4A8A, 0x74A7,
    0x1946, 0x10A5, 0x3A0A, 0x3228, 0x2A48, 0x11A6, 0x09C6, 0x19A8, 0x4304, 0xFFE0, 0x7441, 0x5A22, 0xFE00, 0x3B41, 0x01E2, 0x9DE3,
    0x1342, 0x02A1, 0x2303, 0x2AA4, 0x6D83, 0x6542, 0x4C82, 0x7584, 0x6D63, 0x6D24, 0x1223, 0x2303, 0x4363, 0x3BC3, 0x0083, 0x00C4,
    0x0062, 0x0104, 0x0125, 0x00A4, 0x0A24, 0x1A69, 0x19EA, 0x1288, 0x2A0B, 0x2A49, 0x22A6, 0x324C, 0x3A2C, 0x2A29, 0x1246, 0x424C,
    0x320B, 0x0928, 0x62B0, 0x748B, 0x5D04, 0x5C66, 0x1A25, 0x4CA4, 0x6585, 0x3C06, 0x1365, 0x1385, 0x0AA5, 0x0A45, 0x02E5, 0x01C4,
    0x0183, 0x0163, 0x0A04, 0x1AE4, 0x12E4, 0x0B86, 0x02A8, 0x0228, 0x0208, 0x0146, 0x00C5, 0x0249, 0x01E8, 0x00E4, 0x0083, 0x0249,
    0x026A, 0x0126, 0x0023, 0x0127, 0x030E, 0x03CF, 0x038D, 0x034C, 0x02CB, 0x02CB, 0x01C8, 0x0002, 0x0168, 0x02CC, 0x022A, 0x00A5,
    0x00E5, 0x0287, 0x0106, 0x0187, 0x01C8, 0x0209, 0x0189, 0x1B08, 0x1387, 0x0B28, 0x1A86, 0x0985, 0x0B49, 0x020B, 0x2B65, 0x3C64,
    0x0A87, 0x0AC7, 0x02A7, 0x0228, 0x00E7, 0x0925, 0x1B04, 0x0165, 0x00E5, 0x00E3, 0x0184, 0x0266, 0x2BA6, 0x44A5, 0x44C5, 0x3C65,
    0x0AE7, 0x2C27, 0x4484, 0x12E6, 0x01C7, 0x0166, 0x01A6, 0x0229, 0x0228, 0x01C7, 0x0185, 0x01C4, 0x0104, 0x0126, 0x01E8, 0x0268,
    0x02E8, 0x02A8, 0x0207, 0x0124, 0x0125, 0x09EA, 0x0A0D, 0x2B89, 0x44A6, 0x23AB, 0x124E, 0x1AAF, 0x446B, 0x4C89, 0x11C9, 0x0189,
    0x0267, 0x01C7, 0x01E8, 0x09A8, 0x08C4, 0x0061, 0x0062, 0x0906, 0x53F6, 0x2A6E, 0x0084, 0x00A4, 0x0105, 0x01A6, 0x01A5, 0x01E6,
    0x01A5, 0x0145, 0x0228, 0x0208, 0x0268, 0x0186, 0x0084, 0x0062, 0x09A5, 0x1968, 0x1969, 0x10E6, 0x0022, 0x1168, 0x0A4A, 0x0105,
    0x0967, 0x21CA, 0x19A9, 0x11C7, 0x19E9, 0x19AA, 0x0987, 0x0969, 0x3249, 0x3AC7, 0x0148, 0x0926, 0x1968, 0x2209, 0x09A6, 0x21AA,
    0x218A, 0x00C5, 0x0906, 0x29ED, 0x10A5, 0x0064, 0x08E7, 0x0022, 0x0863, 0x19AB, 0x19AA, 0x09A8, 0x0228, 0x19CA, 0x198A, 0x1969,
    0x1988, 0x1989, 0x1989, 0x1188, 0x0968, 0x08E6, 0x114A, 0x0969, 0x0207, 0x09A8, 0x21AB, 0x218A, 0x218A, 0x2189, 0x3248, 0x8D88,
    0x52E7, 0x3166, 0x836D, 0x834E, 0x8B8E, 0x6ACB, 0x6AEB, 0x526C, 0x2968, 0x41E9, 0x3187, 0x08A6, 0x1949, 0x1166, 0x1A26, 0x1948,
    0x1928, 0x3A0C, 0x5AEE, 0x630E, 0x4A6C, 0x3A0B, 0x6B4F, 0x31EC, 0x73B0, 0x39EB, 0x4A4B, 0x83F0, 0x736F, 0x6B4F, 0x6B4F, 0x6B70,
    0x73B0, 0x218A, 0x0023, 0x08C5, 0x1948, 0x1127, 0x1948, 0x29A9, 0x31EA, 0x29CA, 0x21CA, 0x29CA, 0x43CA, 0x3509, 0x3AEB, 0x4A2B,
    0x1A48, 0x1345, 0x4BAA, 0x6BAD, 0x83D0, 0x52ED, 0x1208, 0x11E8, 0x424B, 0x8411, 0x8C11, 0x8C11, 0x738F, 0x6B4E, 0x83F0, 0x6B2E,
    0x62ED, 0x736E, 0x9452, 0x4A29, 0x0022, 0x1988, 0x11C8, 0x1128, 0x1987, 0x4507, 0x43C8, 0x41EA, 0x4A4B, 0x420B, 0x3269, 0x8625,
    0x1964, 0x0023, 0x1926, 0x42C9, 0x332A, 0x32C6, 0x9DC2, 0x3244, 0x0103, 0xB341, 0xE520, 0x9DE1, 0x6BC1, 0x0181, 0x8561, 0xC681,
    0x1181, 0x0140, 0x3BE2, 0x9EC4, 0x5443, 0x19A2, 0x4C63, 0x6582, 0x7E62, 0x2343, 0x2362, 0x5DA2, 0x4CE3, 0x1263, 0x1303, 0x0AA3,
    0x00E3, 0x0144, 0x0207, 0x00C6, 0x0AA5, 0x1346, 0x09C7, 0x0227, 0x4AEA, 0x3288, 0x19E7, 0x29E9, 0x3A4B, 0x1A07, 0x1286, 0x428C,
    0x424B, 0x01A5, 0x2267, 0x3BE5, 0x33E3, 0x4445, 0x09A7, 0x0985, 0x2C06, 0x13A6, 0x1365, 0x1345, 0x12C4, 0x11E6, 0xBE59, 0x5BEF,
    0x9556, 0x08E4, 0x0924, 0x09A6, 0x0186, 0x0AE7, 0x02E9, 0x0208, 0x0146, 0x01A7, 0x0269, 0x02C9, 0x01E8, 0x00E5, 0x0063, 0x0187,
    0x00A4, 0x0042, 0x00A5, 0x024C, 0x030E, 0x026C, 0x026C, 0x03AE, 0x036D, 0x026B, 0x01E9, 0x01C8, 0x022A, 0x022A, 0x01EA, 0x0189,
    0x0126, 0x0308, 0x0147, 0x00A5, 0x00C4, 0x00C5, 0x00C5, 0x00C5, 0x0125, 0x0145, 0x0125, 0x01E7, 0x0229, 0x22C6, 0x3BC4, 0x1B06,
    0x0147, 0x09C7, 0x1B05, 0x1307, 0x0227, 0x0085, 0x01E5, 0x0165, 0x0104, 0x12A6, 0x1B05, 0x2B65, 0x3C05, 0x1AE6, 0x0287, 0x0247,
    0x02E9, 0x0329, 0x0B27, 0x0287, 0x0227, 0x0207, 0x0144, 0x0185, 0x0207, 0x0105, 0x0145, 0x01A5, 0x0125, 0x0146, 0x01C9, 0x01C6,
    0x2BE5, 0x1306, 0x01C6, 0x0105, 0x0A06, 0x4C87, 0x4447, 0x4466, 0x3C06, 0x0A2C, 0x234B, 0x33AB, 0x4B8E, 0x3AEC, 0x11CC, 0x0229,
    0x0245, 0x0124, 0x00C2, 0x00C3, 0x00C4, 0x4AD1, 0xACFB, 0x5C16, 0x2BB6, 0x5475, 0x1966, 0x0126, 0x0A2B, 0x0062, 0x0185, 0x01A5,
    0x0082, 0x0165, 0x0187, 0x00A4, 0x0124, 0x0083, 0x0104, 0x0062, 0x09C7, 0x1969, 0x1969, 0x0885, 0x00A4, 0x120A, 0x0207, 0x0246,
    0x0207, 0x1A0A, 0x218A, 0x1187, 0x1A08, 0x1947, 0x0927, 0x128A, 0x11C7, 0x0987, 0x0208, 0x0144, 0x0084, 0x29E9, 0x11E7, 0x19A9,
    0x1108, 0x00C6, 0x00C5, 0x1189, 0x1106, 0x00A4, 0x00A4, 0x0021, 0x0021, 0x09A8, 0x0946, 0x11AB, 0x0A29, 0x0248, 0x0A08, 0x1969,
    0x1969, 0x1148, 0x0947, 0x11A9, 0x0166, 0x1108, 0x11EB, 0x02EA, 0x02EA, 0x0A09, 0x21CB, 0x218A, 0x1969, 0x1949, 0x1908, 0x5D27,
    0x5D07, 0x5AE9, 0x9C30, 0x9C0F, 0xD3A5, 0xA3AA, 0x836E, 0x62AA, 0x39C7, 0x2967, 0x2127, 0x08E6, 0x08A7, 0x3367, 0x2286, 0x10E7,
    0x1969, 0x29CB, 0x630F, 0x4AAE, 0x29CC, 0x320C, 0x8411, 0x3A2C, 0x8411, 0x630D, 0x2128, 0x632F, 0x83F1, 0x7BD1, 0x6B70, 0x6350,
    0x5B2F, 0x29AA, 0x0084, 0x0926, 0x1146, 0x1167, 0x1968, 0x2189, 0x1129, 0x1129, 0x1969, 0x1107, 0x3329, 0x3CA9, 0x42EB, 0x21A9,
    0x09A5, 0x536B, 0x7BAF, 0x6B8E, 0x530D, 0x3A8B, 0x09E8, 0x01C8, 0x2169, 0x31A8, 0x7BED, 0x5ACD, 0x5ACD, 0x734F, 0x632E, 0x632E,
    0x62EE, 0x6B4F, 0x83F0, 0x3168, 0x0064, 0x11C8, 0x09C7, 0x1189, 0x1B0A, 0x2C87, 0x3464, 0x29E8, 0x4A4C, 0x1948, 0x0106, 0x7DC5,
    0x8E04, 0x08E2, 0x0003, 0x1267, 0x1348, 0x19C6, 0x94A2, 0xCD82, 0xA502, 0x2142, 0x8461, 0x8602, 0x0142, 0x1AE2, 0xCF21, 0x8401,
    0xB4E3, 0x3BE3, 0x5D82, 0x7603, 0x4464, 0x6544, 0x6583, 0x33E2, 0x6DC3, 0x23E2, 0x34A2, 0x4CC2, 0x5DA2, 0x3483, 0x1BC3, 0x1305,
    0x1247, 0x0102, 0x0206, 0x01E5, 0x0224, 0x0225, 0x0A66, 0x1227, 0x2B26, 0x12A6, 0x1228, 0x1207, 0x22C7, 0x2BC5, 0x2B85, 0x3287,
    0x0906, 0x01A7, 0x0187, 0x2B04, 0x54C4, 0x4485, 0x1B28, 0x01A8, 0x01E7, 0x0227, 0x01A4, 0x4B6D, 0xDF1C, 0x42CC, 0xAE3C, 0xC73F,
    0x7D3A, 0x1126, 0x751C, 0x3B31, 0x0145, 0x01E7, 0x026A, 0x022A, 0x00A4, 0x0083, 0x00C3, 0x0248, 0x0187, 0x0084, 0x00A4, 0x0084,
    0x0063, 0x0043, 0x00E6, 0x0169, 0x0128, 0x0128, 0x0129, 0x01CA, 0x01EA, 0x00E7, 0x01A8, 0x030C, 0x02CB, 0x022A, 0x01CA, 0x020B,
    0x022A, 0x0267, 0x00A5, 0x0084, 0x0064, 0x0043, 0x0024, 0x0044, 0x0065, 0x0924, 0x1A44, 0x0126, 0x1327, 0x1224, 0x0905, 0x0146,
    0x0127, 0x0147, 0x0188, 0x01E8, 0x02A7, 0x01E7, 0x00A6, 0x09C5, 0x1BA6, 0x02C8, 0x1B46, 0x3405, 0x2BC5, 0x33E6, 0x11E5, 0x00E5,
    0x0186, 0x0309, 0x0308, 0x0186, 0x0145, 0x0104, 0x01E6, 0x02C8, 0x0268, 0x0186, 0x00E5, 0x00A4, 0x0105, 0x0185, 0x0A66, 0x00C3,
    0x1142, 0x44C5, 0x1AA5, 0x0166, 0x09A6, 0x4CA6, 0x4CE5, 0x44A6, 0x3429, 0x2C6A, 0x2C8A, 0x2347, 0x1148, 0x29ED, 0x1A2D, 0x01E8,
    0x0187, 0x0189, 0x0A8E, 0x1395, 0x0395, 0x43F6, 0xA478, 0x1AAE, 0x01A6, 0x0265, 0x02E8, 0x2B2E, 0x8CD6, 0x19EB, 0x01C9, 0x0146,
    0x00A3, 0x0042, 0x0022, 0x0084, 0x0124, 0x01A6, 0x01A6, 0x00A3, 0x01E8, 0x09C9, 0x08A6, 0x0967, 0x02E9, 0x0268, 0x0227, 0x0267,
    0x0166, 0x09E8, 0x11E9, 0x09A8, 0x11E6, 0x2226, 0x1188, 0x02E9, 0x0A47, 0x0147, 0x0289, 0x0207, 0x00C5, 0x2167, 0x09C6, 0x0105,
    0x0185, 0x0247, 0x0229, 0x01E8, 0x01C8, 0x0186, 0x0146, 0x0166, 0x00C4, 0x0186, 0x0186, 0x0126, 0x01A8, 0x01C6, 0x0225, 0x0987,
    0x1949, 0x0966, 0x0988, 0x118A, 0x11CA, 0x0968, 0x0208, 0x02AA, 0x0289, 0x0249, 0x0A68, 0x11C9, 0x1969, 0x1187, 0x1A87, 0x2388,
    0x1265, 0x63AA, 0x9C30, 0x940A, 0xE5E1, 0xA487, 0xAB6D, 0x8B86, 0x9DA2, 0x6B27, 0x0068, 0x0887, 0x1146, 0x3BC7, 0x19C6, 0x10E7,
    0x1949, 0x31EC, 0x3A4C, 0x19EA, 0x11E9, 0x322C, 0x52AD, 0x7BD0, 0x9471, 0x738F, 0x422C, 0x6310, 0x7390, 0x83F0, 0x8C31, 0x7390,
    0x52EF, 0x21AA, 0x08C5, 0x1169, 0x1168, 0x1188, 0x1167, 0x1989, 0x3288, 0x2A48, 0x1127, 0x08A6, 0x29A9, 0x4B0B, 0x428C, 0x09E7,
    0x0346, 0x432C, 0x42EC, 0x12C8, 0x0A47, 0x0186, 0x01A7, 0x22E7, 0x2228, 0x29E5, 0x9E07, 0x7C4B, 0x6B6F, 0x6B2F, 0x6B2E, 0x630E,
    0x6B8C, 0x73AC, 0x630F, 0x31A9, 0x0084, 0x01A7, 0x09A7, 0x0148, 0x0308, 0x0346, 0x0306, 0x0966, 0x2969, 0x10E6, 0x00C4, 0x0903,
    0x85E3, 0x8604, 0x1104, 0x01E6, 0x01E6, 0x0084, 0x01A4, 0x2982, 0xA5C1, 0x6561, 0x5D41, 0x4CA3, 0x0122, 0x33E3, 0xCF61, 0xADA0,
    0x7D23, 0xA6E5, 0x5542, 0x7E64, 0x2B44, 0x4425, 0x65C3, 0x1B62, 0x3C82, 0x2BE2, 0x2C02, 0x2C02, 0x2C02, 0x13A1, 0x02A0, 0x7554,
    0xAE5B, 0x0A49, 0x01C8, 0x01A8, 0x0186, 0x0102, 0x01A3, 0x0183, 0x1303, 0x1364, 0x0245, 0x0204, 0x0AC5, 0x23E5, 0x1345, 0x01A4,
    0x00C5, 0x024B, 0x030D, 0x2348, 0x54E4, 0x4466, 0x2366, 0x0186, 0x01C7, 0x0165, 0x11C6, 0x5BF3, 0xAE7F, 0x9E1E, 0x8CB5, 0xB4AE,
    0x6B4E, 0x753D, 0x859F, 0x53F6, 0x1187, 0x0166, 0x01A7, 0x0166, 0x0146, 0x00A4, 0x0185, 0x00E4, 0x00A4, 0x0106, 0x00E5, 0x0064,
    0x0084, 0x0169, 0x024C, 0x020B, 0x01CB, 0x01EB, 0x02ED, 0x032D, 0x01CA, 0x0107, 0x0148, 0x0106, 0x01C8, 0x028B, 0x01EA, 0x0189,
    0x020A, 0x01C7, 0x0085, 0x00A5, 0x00C5, 0x0944, 0x0945, 0x08E5, 0x0065, 0x0167, 0x0208, 0x0166, 0x0A46, 0x01A6, 0x0AA8, 0x1328,
    0x0188, 0x0249, 0x0269, 0x0106, 0x01A6, 0x0308, 0x00E6, 0x09A5, 0x0B06, 0x02A9, 0x0B68, 0x0B47, 0x1BC6, 0x3465, 0x33C6, 0x0145,
    0x00E5, 0x0227, 0x0348, 0x0287, 0x0125, 0x00A4, 0x0186, 0x0268, 0x01A6, 0x0186, 0x00E5, 0x0145, 0x0104, 0x00A2, 0x1304, 0x1B24,
    0x11C3, 0x2344, 0x3445, 0x3466, 0x1184, 0x1A85, 0x54E4, 0x44A5, 0x2BC7, 0x3424, 0x3465, 0x3484, 0x22C6, 0x0989, 0x0166, 0x0147,
    0x01AB, 0x024D, 0x0311, 0x0332, 0x0BD4, 0x02AC, 0x0AAA, 0x3367, 0x2A23, 0x2227, 0x2B75, 0x853C, 0x95DA, 0x3BF2, 0x02AD, 0x0147,
    0x0021, 0x0167, 0x0168, 0x01C8, 0x0249, 0x00C4, 0x01E7, 0x01A6, 0x0166, 0x01E7, 0x0084, 0x0125, 0x01E6, 0x0144, 0x01E7, 0x0208,
    0x0146, 0x09A6, 0x0A08, 0x11C7, 0x0186, 0x1186, 0x21E8, 0x0AE7, 0x0AE5, 0x00C5, 0x0248, 0x0288, 0x01A6, 0x00A4, 0x0206, 0x0165,
    0x0246, 0x0266, 0x01C7, 0x0187, 0x00E5, 0x00A4, 0x0063, 0x0083, 0x0188, 0x0126, 0x0187, 0x0186, 0x0186, 0x0146, 0x00C5, 0x0227,
    0x0926, 0x01A5, 0x01C8, 0x198A, 0x198A, 0x09E9, 0x0207, 0x0209, 0x0289, 0x0288, 0x0247, 0x1189, 0x1169, 0x09A6, 0x2B69, 0x436C,
    0x1247, 0x3AE8, 0x7B6C, 0x4208, 0x74A6, 0x94E7, 0x924A, 0x3AA4, 0x6463, 0xAAE6, 0x7366, 0x3A26, 0x43C4, 0x3325, 0x0045, 0x1927,
    0x1949, 0x29AA, 0x1988, 0x0105, 0x1206, 0x3A8B, 0x320B, 0x9C72, 0x9C92, 0x8450, 0x73AF, 0x6B71, 0x5ACE, 0x630E, 0x7BB0, 0x736F,
    0x31EB, 0x218A, 0x08A5, 0x1128, 0x1949, 0x1969, 0x1148, 0x1128, 0x6CC7, 0x9F46, 0x43C6, 0x08E5, 0x1928, 0x422B, 0x422B, 0x08E4,
    0x2AA9, 0x3AAB, 0x1209, 0x01C7, 0x2A47, 0x52E8, 0x4AE7, 0x9DA9, 0x7CAB, 0x73EA, 0xBEE7, 0xE7EC, 0xC68D, 0x736D, 0x630E, 0x630E,
    0x95A5, 0x8507, 0x5AAE, 0x3A2B, 0x00A3, 0x00A3, 0x0104, 0x4B24, 0x1285, 0x0347, 0x0B27, 0x0165, 0x0185, 0x0164, 0x01C5, 0x11E4,
    0x00C3, 0x8645, 0x64E5, 0x01C5, 0x2386, 0x0924, 0x0183, 0x0184, 0x1AE2, 0x44A1, 0x2342, 0x0A62, 0x09E1, 0x1262, 0x75C1, 0x1280,
    0x7583, 0x9663, 0x5D03, 0x5D24, 0x01E2, 0x2BC3, 0x2C82, 0x1342, 0x2422, 0x3422, 0x0261, 0x0A61, 0x1AC4, 0x3B67, 0x1AA3, 0x02E4,
    0x4D75, 0x8DFB, 0x6C76, 0x84D7, 0x3B52, 0x0105, 0x0126, 0x0145, 0x0162, 0x0203, 0x00A3, 0x0124, 0x0AE5, 0x02C5, 0x0225, 0x02E6,
    0x01E6, 0x0208, 0x0208, 0x0249, 0x2BC9, 0x1B49, 0x0248, 0x0125, 0x0187, 0x0946, 0x6BF4, 0xD75F, 0x9D9B, 0x9DFD, 0xC552, 0xC448,
    0xBCF0, 0x7D1C, 0x961F, 0x8D9D, 0x2A0B, 0x0104, 0x01A7, 0x0186, 0x0209, 0x0126, 0x01E7, 0x0145, 0x0105, 0x01A8, 0x01A9, 0x00C5,
    0x00A5, 0x01EB, 0x022B, 0x024C, 0x022C, 0x036E, 0x03CE, 0x028B, 0x01EA, 0x030E, 0x032E, 0x020A, 0x00E6, 0x01C9, 0x01EA, 0x0169,
    0x0189, 0x0147, 0x0064, 0x00A5, 0x0086, 0x3BA4, 0x5CE4, 0x4C45, 0x19E5, 0x0085, 0x0189, 0x09A6, 0x0964, 0x00E6, 0x01C7, 0x01A7,
    0x02AA, 0x026A, 0x0188, 0x00A6, 0x0186, 0x0AA7, 0x0105, 0x01C5, 0x02E5, 0x0288, 0x01E8, 0x0209, 0x1B27, 0x2B04, 0x1B05, 0x01E6,
    0x0125, 0x01E6, 0x0186, 0x01E6, 0x0165, 0x00E5, 0x0166, 0x0207, 0x0207, 0x0186, 0x0124, 0x0286, 0x0367, 0x00E4, 0x0206, 0x1C06,
    0x0A46, 0x0165, 0x3444, 0x2BC5, 0x1224, 0x0064, 0x1A45, 0x3C64, 0x0AE8, 0x0107, 0x0A28, 0x12E7, 0x01A6, 0x0166, 0x0166, 0x430F,
    0x53B1, 0x2A6C, 0x11C7, 0x6C11, 0x2A8B, 0x0125, 0x0AC9, 0x2C47, 0x4C06, 0x7B71, 0x32D1, 0x5C94, 0x02EB, 0x0289, 0x02EB, 0x0126,
    0x0043, 0x02AD, 0x0370, 0x026A, 0x0209, 0x0043, 0x01C7, 0x0208, 0x00C4, 0x0104, 0x0125, 0x0043, 0x00E4, 0x0286, 0x01A5, 0x0966,
    0x0208, 0x0286, 0x01C6, 0x09C7, 0x09E7, 0x00A4, 0x1187, 0x3348, 0x01E5, 0x00A4, 0x01E7, 0x0267, 0x0227, 0x00C5, 0x01A5, 0x0225,
    0x01E5, 0x0124, 0x0082, 0x00C4, 0x0084, 0x0084, 0x0084, 0x0167, 0x01C8, 0x0127, 0x00C5, 0x0125, 0x00C4, 0x00A4, 0x0083, 0x0267,
    0x0166, 0x0146, 0x01C8, 0x0209, 0x0A09, 0x0107, 0x0064, 0x01E9, 0x0289, 0x02A8, 0x0186, 0x0865, 0x0948, 0x0127, 0x1949, 0x19CA,
    0x4C45, 0x5446, 0x52C8, 0x1846, 0x53C4, 0x7D45, 0x42A6, 0x6DE3, 0x2B03, 0x9403, 0xEFE3, 0x8525, 0x2225, 0x2A46, 0x0026, 0x1107,
    0x1969, 0x1169, 0x0947, 0x00C7, 0x3B27, 0x5B6C, 0x422C, 0x850D, 0x7D0C, 0x4AEB, 0x73AF, 0x638E, 0x5ACE, 0x4A6D, 0x6B70, 0x6B4F,
    0x31CB, 0x29AA, 0x08A4, 0x0884, 0x1107, 0x1128, 0x1148, 0x1108, 0x0925, 0x6D05, 0x9783, 0x4444, 0x00A7, 0x29C9, 0x3A2B, 0x0987,
    0x3A4B, 0x2A4A, 0x19E8, 0x426C, 0x630D, 0xAD4D, 0xDF4B, 0xBE89, 0x950A, 0x730A, 0x7C67, 0xCFC8, 0xD7C9, 0xC6AA, 0x62EE, 0x738D,
    0x9645, 0x532B, 0x4A2C, 0x29E9, 0x00C2, 0x0000, 0x7C83, 0xB6A3, 0x1964, 0x01A6, 0x0186, 0x0226, 0x0B85, 0x1484, 0x02E4, 0x7607,
    0x2B05, 0x11E4, 0x6DE5, 0x2384, 0x6623, 0x4403, 0x0163, 0x01A3, 0x0A04, 0x0AA4, 0x00E2, 0x2322, 0x44C2, 0x1263, 0x2342, 0x3C62,
    0xA6E3, 0x85C3, 0x1A83, 0x54A4, 0x1342, 0x2C23, 0x44E3, 0x3CA2, 0x1B62, 0x4B67, 0x7C8C, 0x950E, 0xA54F, 0xE6D6, 0xC652, 0x43C6,
    0x4BA7, 0xBD53, 0xB513, 0xAD13, 0x53B1, 0x224D, 0x2A4E, 0x3A8E, 0x31EA, 0x2188, 0x0945, 0x0145, 0x01A5, 0x0164, 0x0124, 0x01E5,
    0x02C7, 0x0184, 0x0184, 0x01A6, 0x026B, 0x034B, 0x0389, 0x0248, 0x0146, 0x11C9, 0x53D6, 0x4313, 0x2A4F, 0x74DB, 0x755F, 0x753F,
    0x645B, 0x4B77, 0x2A92, 0x222D, 0x00E4, 0x0146, 0x01C7, 0x01C7, 0x0186, 0x01C8, 0x0084, 0x0146, 0x0207, 0x022A, 0x028C, 0x01EA,
    0x0106, 0x0168, 0x01A9, 0x0169, 0x020A, 0x034D, 0x032C, 0x02CC, 0x028C, 0x036F, 0x026C, 0x01A9, 0x0168, 0x0148, 0x00A5, 0x00C5,
    0x00A5, 0x0106, 0x0147, 0x0127, 0x0148, 0x3387, 0x3C26, 0x2B86, 0x2B25, 0x1225, 0x0187, 0x00A5, 0x0084, 0x0064, 0x00C6, 0x00C6,
    0x01C8, 0x0148, 0x0189, 0x0127, 0x0064, 0x0A66, 0x0166, 0x01E5, 0x0286, 0x0167, 0x0106, 0x028A, 0x0167, 0x0166, 0x0267, 0x0206,
    0x0125, 0x0125, 0x0105, 0x0105, 0x00E4, 0x00A4, 0x0126, 0x0187, 0x0186, 0x01A7, 0x01A7, 0x02E7, 0x0307, 0x0125, 0x0267, 0x02A8,
    0x01A5, 0x1B45, 0x1B05, 0x0185, 0x00E5, 0x0063, 0x1AA4, 0x2C05, 0x0AA8, 0x0148, 0x01C9, 0x01E9, 0x01E8, 0x0166, 0x0083, 0x953B,
    0xCF3F, 0x7CD9, 0x6C33, 0xFFFF, 0x73CF, 0x0061, 0x01C6, 0x0288, 0x0A69, 0x29EB, 0x0187, 0x01A6, 0x0269, 0x0249, 0x02CA, 0x024A,
    0x01A8, 0x034D, 0x032C, 0x02EB, 0x026A, 0x01A8, 0x00E5, 0x0207, 0x01C6, 0x0185, 0x0145, 0x00C5, 0x0207, 0x0B06, 0x0325, 0x0AE7,
    0x0165, 0x0226, 0x0206, 0x0185, 0x0104, 0x0164, 0x0125, 0x1A07, 0x0AE5, 0x0246, 0x0208, 0x0227, 0x0207, 0x00C4, 0x00E4, 0x0226,
    0x0286, 0x0123, 0x00C4, 0x0146, 0x00A4, 0x0105, 0x01A7, 0x026A, 0x030C, 0x01A8, 0x0084, 0x0063, 0x0083, 0x0104, 0x0042, 0x0124,
    0x01C5, 0x00E4, 0x0125, 0x01E7, 0x0187, 0x00E5, 0x0083, 0x00A4, 0x0105, 0x01A6, 0x1245, 0x1264, 0x0146, 0x0105, 0x00C4, 0x0186,
    0x4C24, 0x8EA4, 0x8E25, 0x3B44, 0x4C25, 0x7584, 0x8E44, 0x96E2, 0x4C42, 0xA601, 0x8DE2, 0x8DC5, 0x3226, 0x0004, 0x3285, 0x19A6,
    0x0908, 0x1189, 0x0968, 0x1226, 0x33A6, 0x4B0A, 0x2B26, 0x24E3, 0x2B65, 0x31A9, 0x53CA, 0x34C6, 0x4B2B, 0x528E, 0x8411, 0x4A8D,
    0x29CC, 0x29CB, 0x10E6, 0x0884, 0x10E7, 0x1107, 0x0086, 0x0066, 0x0004, 0x1986, 0x5CE6, 0x2445, 0x0206, 0x10E7, 0x21C9, 0x0A29,
    0x220A, 0x0947, 0x2A2A, 0x634E, 0x424C, 0x39EB, 0x7C29, 0xC689, 0xD728, 0xADE8, 0x7B66, 0xBEA7, 0xCFA8, 0xDFEA, 0xADAC, 0x73AD,
    0x6C87, 0x422C, 0x52E9, 0x22C5, 0x01E5, 0x6C45, 0xBF25, 0x21A2, 0x0002, 0x0084, 0x0064, 0x0063, 0x0204, 0x1324, 0x0244, 0x4CE7,
    0x86A7, 0x1AE4, 0x4545, 0x3C45, 0x1A83, 0x5504, 0x2BC4, 0x0244, 0x0285, 0x01C4, 0x3384, 0x6603, 0x6DE3, 0x5525, 0x0204, 0x2383,
    0x4D23, 0x54C3, 0x0162, 0x3BE3, 0x6DC3, 0x12E3, 0x44A3, 0x6583, 0x1283, 0x52C9, 0xBD54, 0xD615, 0xE6D7, 0xEF37, 0xEF18, 0xD635,
    0xE697, 0xCE16, 0xACF2, 0x7C0E, 0x73EE, 0x8C50, 0x9451, 0x6B72, 0x5B12, 0x3A8C, 0x01C5, 0x0166, 0x0146, 0x00E3, 0x0123, 0x01C4,
    0x0328, 0x0287, 0x0124, 0x0124, 0x01A8, 0x032B, 0x034A, 0x036B, 0x0208, 0x00E5, 0x00E4, 0x0080, 0x53F4, 0xA69F, 0x3251, 0x3AD0,
    0x192A, 0x959E, 0x19A8, 0x0104, 0x0167, 0x01C7, 0x0269, 0x0146, 0x0105, 0x024A, 0x0147, 0x0105, 0x0166, 0x01A8, 0x032D, 0x02EC,
    0x01E9, 0x00C6, 0x0107, 0x00E6, 0x01A9, 0x030C, 0x032C, 0x01E9, 0x022B, 0x01A8, 0x00C7, 0x00C7, 0x0107, 0x0107, 0x0064, 0x0023,
    0x0187, 0x02C9, 0x0AA8, 0x0AE8, 0x0B29, 0x02CA, 0x024B, 0x01E9, 0x01A8, 0x1227, 0x0147, 0x0086, 0x0145, 0x01E6, 0x1AE7, 0x2328,
    0x00C6, 0x0127, 0x01C9, 0x0106, 0x00A5, 0x1327, 0x09A5, 0x0266, 0x0206, 0x0128, 0x01E8, 0x01E7, 0x00E5, 0x01A8, 0x0248, 0x01A7,
    0x00C4, 0x00A4, 0x0084, 0x0063, 0x0063, 0x0084, 0x00C5, 0x00E5, 0x00C5, 0x0106, 0x00C5, 0x01C6, 0x0266, 0x0083, 0x0207, 0x01C6,
    0x0245, 0x0AC6, 0x0227, 0x0207, 0x0187, 0x0206, 0x02C6, 0x0286, 0x0247, 0x01A8, 0x0209, 0x022A, 0x0145, 0x4BB2, 0x5C16, 0x3317,
    0x95FF, 0x753E, 0xAE9F, 0xCE7B, 0x32D0, 0x3B93, 0x09E8, 0x01C6, 0x0166, 0x0188, 0x024B, 0x0209, 0x01A7, 0x026A, 0x02EC, 0x4448,
    0x2BC9, 0x0470, 0x04CF, 0x036C, 0x02AB, 0x030C, 0x01C8, 0x01E8, 0x02A9, 0x03AB, 0x02A8, 0x01A6, 0x01C7, 0x01A5, 0x0183, 0x0225,
    0x0022, 0x00E3, 0x0226, 0x01A5, 0x0144, 0x0266, 0x0145, 0x0083, 0x0AE4, 0x0A85, 0x00A4, 0x0125, 0x0145, 0x00A4, 0x1366, 0x1447,
    0x0287, 0x0247, 0x0165, 0x00A4, 0x01A7, 0x026A, 0x02AA, 0x01C8, 0x01E9, 0x0187, 0x0146, 0x0125, 0x0186, 0x0186, 0x0084, 0x0022,
    0x0226, 0x0185, 0x0084, 0x0166, 0x01E7, 0x0247, 0x00E3, 0x0164, 0x0A66, 0x0084, 0x0AA5, 0x3E28, 0x1B87, 0x4BE6, 0x1A05, 0x00C4,
    0x0144, 0x2443, 0x65C3, 0xA7C3, 0x75C3, 0x54C4, 0xA764, 0x5483, 0x33E2, 0x7E03, 0x8664, 0x7D85, 0x2984, 0x3B03, 0xAF64, 0x85A6,
    0x11A7, 0x0A68, 0x0207, 0x1B86, 0x1A86, 0x2326, 0x24C4, 0x0A24, 0x08C7, 0x4B0B, 0x3CC6, 0x2D24, 0x4B8A, 0x42CD, 0x32AB, 0x322C,
    0x29EC, 0x29AB, 0x08C6, 0x0885, 0x1107, 0x0085, 0x5368, 0x7D08, 0x5BA8, 0x08A6, 0x00C6, 0x02A6, 0x0385, 0x0165, 0x1127, 0x0267,
    0x0126, 0x198A, 0x1A2A, 0x0A08, 0x3A6B, 0x424D, 0x39A9, 0x5A69, 0xCEA8, 0xCF88, 0xBDAA, 0xA527, 0xCFA8, 0xBF68, 0xDFCA, 0x73CC,
    0x3249, 0x6C67, 0x7565, 0x2323, 0x6505, 0xD7E8, 0x7D06, 0x0022, 0x53C4, 0x5CC4, 0x6C03, 0x00E4, 0x0206, 0x0105, 0x0145, 0x0387,
    0x4DC7, 0x6E05, 0x34C5, 0x4DA5, 0x0A44, 0x2323, 0x6DE4, 0x1B64, 0x01E4, 0x0A45, 0x5DE4, 0x4CE3, 0x4CC4, 0x6E04, 0x09C3, 0x0223,
    0x2442, 0x3422, 0x01C3, 0x0AA2, 0x3C21, 0x1B42, 0x0B02, 0x2302, 0x0201, 0x0121, 0x21A7, 0x4A4B, 0x946F, 0xCE71, 0xEF37, 0xF719,
    0xE6B7, 0xEED7, 0xD656, 0xA532, 0xA573, 0xC5F5, 0x5C12, 0x22D2, 0x1A70, 0x124C, 0x122B, 0x228E, 0x324F, 0x298B, 0x00E5, 0x0104,
    0x0287, 0x0329, 0x0146, 0x00A4, 0x0084, 0x01C8, 0x0208, 0x02CA, 0x03AD, 0x0249, 0x0105, 0x0144, 0x228B, 0x4310, 0x1188, 0x0166,
    0x08A5, 0x3A6D, 0x224C, 0x0146, 0x01E8, 0x02AA, 0x02EA, 0x0228, 0x01A8, 0x024A, 0x01E9, 0x0084, 0x00A4, 0x0125, 0x0228, 0x02CA,
    0x0187, 0x00C6, 0x00C6, 0x0127, 0x024B, 0x036E, 0x028C, 0x01CA, 0x0127, 0x0085, 0x00E7, 0x00C6, 0x00C5, 0x00A5, 0x0064, 0x01E9,
    0x02EC, 0x0B0A, 0x4426, 0x2B87, 0x1327, 0x0AC9, 0x02AB, 0x028A, 0x0107, 0x00E9, 0x016A, 0x0128, 0x0268, 0x0309, 0x1B07, 0x4BE5,
    0x00C6, 0x00E6, 0x0188, 0x0084, 0x00C6, 0x0228, 0x0166, 0x02A6, 0x01E5, 0x00C5, 0x0208, 0x0125, 0x0064, 0x00A5, 0x00C5, 0x00A5,
    0x00E7, 0x124F, 0x122E, 0x124E, 0x124E, 0x224F, 0x1A0D, 0x00A4, 0x00A4, 0x00C5, 0x00C5, 0x0106, 0x01A6, 0x00A4, 0x0146, 0x01A7,
    0x01C7, 0x0288, 0x02E7, 0x02A8, 0x00E5, 0x02A8, 0x0207, 0x0104, 0x0207, 0x01E9, 0x01A8, 0x09CA, 0x4B97, 0x6CBC, 0x9E3F, 0x7D7E,
    0xAC4E, 0xBC87, 0xB4CC, 0x8477, 0x8D9C, 0xD79F, 0xA5D9, 0x11A8, 0x0146, 0x0188, 0x022A, 0x026A, 0x036C, 0x03AE, 0x44A9, 0x85C4,
    0x6D87, 0x0BEE, 0x034D, 0x4CCA, 0x65AA, 0x140B, 0x01C8, 0x00E5, 0x01A7, 0x036A, 0x0389, 0x036A, 0x0207, 0x00C3, 0x00E3, 0x01C4,
    0x2B63, 0x09E3, 0x01A5, 0x0266, 0x01A6, 0x5425, 0x8DA3, 0x0943, 0x0A44, 0x3BC5, 0x00E5, 0x0144, 0x5464, 0x8E06, 0x44A6, 0x0A46,
    0x0186, 0x0247, 0x0206, 0x01C5, 0x0268, 0x0208, 0x028A, 0x028A, 0x0269, 0x0289, 0x0269, 0x0228, 0x00A4, 0x0146, 0x00E5, 0x0022,
    0x0145, 0x01A6, 0x00A4, 0x00E5, 0x0207, 0x0287, 0x01E5, 0x5505, 0x3568, 0x02C9, 0x0146, 0x23C5, 0x6E04, 0x9665, 0x7DC6, 0x1346,
    0x0145, 0x0B05, 0x1365, 0x6524, 0x9702, 0x5583, 0x7E64, 0x3343, 0x8523, 0xC763, 0xB743, 0x75A3, 0x4C23, 0x8EC4, 0x64A5, 0x32A6,
    0x1186, 0x0165, 0x1205, 0x3405, 0x09C7, 0x0348, 0x0A25, 0x0884, 0x29C9, 0x22EA, 0x244A, 0x2B69, 0x2A68, 0x0B29, 0x0289, 0x2A0C,
    0x21AA, 0x1927, 0x08A4, 0x0863, 0x08A6, 0x63E8, 0xB76A, 0x9729, 0xA72B, 0x7429, 0x2A86, 0x2B48, 0x4B66, 0x6366, 0x0906, 0x0125,
    0x216A, 0x29EC, 0x09C9, 0x2209, 0x4A8C, 0x52CD, 0x5368, 0x52E8, 0xCE69, 0xBEC7, 0xA706, 0x3BE4, 0xA607, 0xB766, 0x7D28, 0xA4CC,
    0x32E6, 0x8603, 0x75C3, 0x54C4, 0x8E85, 0xB708, 0x2B24, 0x8544, 0xC7C4, 0x8E84, 0x4365, 0x0166, 0x0226, 0x0226, 0x0B25, 0x0408,
    0x0C48, 0x3CA5, 0x3465, 0x3425, 0x5565, 0x0AC4, 0x4465, 0x8685, 0x12A4, 0x1245, 0x4CC5, 0x0A04, 0x2BC4, 0x65C4, 0x11C3, 0x0223,
    0x2403, 0x1B23, 0x22E5, 0x8D0C, 0xB5D3, 0xBE33, 0xB5F3, 0x3A67, 0x94EF, 0xBDF3, 0x9CD1, 0x734D, 0x83CC, 0x83CB, 0x944E, 0x942E,
    0xC69A, 0x977E, 0xB69B, 0xCDF8, 0xCE59, 0xDE98, 0x9D96, 0x8535, 0xB617, 0xAD76, 0xC5D7, 0x6BAF, 0x11AA, 0x5354, 0x52D0, 0x1167,
    0x0105, 0x02C9, 0x036A, 0x0267, 0x00C3, 0x0146, 0x0249, 0x036C, 0x03AD, 0x0208, 0x0208, 0x0186, 0x00E3, 0x00A3, 0x0125, 0x0226,
    0x00A4, 0x00A3, 0x00E5, 0x0209, 0x030B, 0x02AA, 0x0228, 0x030B, 0x01A7, 0x01A8, 0x01E8, 0x00E6, 0x0023, 0x0126, 0x01E9, 0x0249,
    0x0229, 0x0106, 0x0085, 0x0126, 0x01A8, 0x01CA, 0x026D, 0x0127, 0x00A5, 0x00E6, 0x00C6, 0x00C5, 0x0063, 0x00A4, 0x0209, 0x02EC,
    0x030C, 0x138B, 0x2BE9, 0x3C08, 0x1328, 0x0B09, 0x0A29, 0x00E6, 0x11E5, 0x1AC8, 0x1289, 0x11C5, 0x00A6, 0x028B, 0x02CA, 0x0AC8,
    0x0064, 0x0084, 0x0084, 0x0064, 0x00A5, 0x00C6, 0x0106, 0x0205, 0x0144, 0x0084, 0x00C5, 0x00A4, 0x0084, 0x018A, 0x026F, 0x024E,
    0x0A8F, 0x1B12, 0x1310, 0x02EE, 0x1B32, 0x3314, 0x32F3, 0x324F, 0x2A4F, 0x2A4F, 0x0908, 0x00A5, 0x0084, 0x00A5, 0x00A4, 0x00A4,
    0x0105, 0x0288, 0x0228, 0x0126, 0x00E5, 0x0287, 0x0227, 0x0084, 0x00A4, 0x0147, 0x00C4, 0x198A, 0x7D5F, 0x6CFF, 0x4C3B, 0x4C5D,
    0x9C73, 0xC3A1, 0xB407, 0x9DDF, 0x8D9E, 0x851B, 0xA65F, 0x3B0F, 0x00C5, 0x00E5, 0x00A4, 0x01E8, 0x02CB, 0x02EB, 0x1BEB, 0x7586,
    0x3C07, 0x03AD, 0x02EC, 0x236A, 0x248B, 0x0B4A, 0x01E7, 0x00A4, 0x02C9, 0x03EA, 0x0245, 0x0369, 0x3D08, 0x1284, 0x01C5, 0x0A85,
    0x5DC3, 0x3C43, 0x00C4, 0x3BE6, 0x3BC6, 0x1184, 0x8564, 0x75A4, 0x2364, 0x5465, 0x0043, 0x3B44, 0xA746, 0xA745, 0x1A04, 0x00C5,
    0x4CC6, 0x5C86, 0x0084, 0x0285, 0x1428, 0x0BCB, 0x1C2B, 0x02CA, 0x028A, 0x0289, 0x02AA, 0x034C, 0x0187, 0x0043, 0x0062, 0x0166,
    0x0208, 0x0288, 0x00A3, 0x0104, 0x0206, 0x0145, 0x01E7, 0x1AA6, 0x1C87, 0x03EA, 0x13C8, 0x34A5, 0x34C5, 0x34E6, 0x86A5, 0x2406,
    0x02C6, 0x65E5, 0x8642, 0x3B64, 0x11C5, 0x1265, 0x6583, 0x2AE2, 0x8523, 0xBEE4, 0x85E4, 0x54E4, 0x96E4, 0x96E4, 0x3467, 0x0247,
    0x0A45, 0x00C3, 0x00E3, 0x09A5, 0x0309, 0x0289, 0x00A6, 0x10E6, 0x1187, 0x032A, 0x02AA, 0x1126, 0x01E6, 0x0226, 0x3AAC, 0x29CA,
    0x08C4, 0x08E5, 0x08C5, 0x0042, 0x08A5, 0x1944, 0x3C48, 0x1B07, 0x8E89, 0x7628, 0x3569, 0x22A6, 0x0863, 0x1985, 0x0063, 0x1948,
    0x3A4C, 0x220A, 0x01E8, 0x3289, 0x62ED, 0x426C, 0x2207, 0x11E7, 0x42C8, 0x9E45, 0x8EC2, 0x2323, 0x5B48, 0xCEE9, 0x4368, 0x32E7,
    0x1AE5, 0x4C64, 0x9EA3, 0x96A3, 0xCF47, 0xD768, 0x9E64, 0xBF85, 0x6504, 0x0963, 0x00A4, 0x02A6, 0x0B67, 0x0205, 0x01C4, 0x01E6,
    0x0AA6, 0x3445, 0x0245, 0x0205, 0x44E6, 0x2365, 0x0226, 0x3D46, 0x3444, 0x2B24, 0x3C24, 0x0A85, 0x23A4, 0x1223, 0x0163, 0x0163,
    0x01A2, 0x0142, 0x1A25, 0x532B, 0xB534, 0xF6D8, 0xEE97, 0xE656, 0xEEB7, 0xF718, 0xF719, 0xDE56, 0xCDB4, 0xBD53, 0xBD32, 0x8BCD,
    0x5B4C, 0x53EB, 0xD699, 0xF77D, 0x5B91, 0xDEBA, 0xFF9B, 0xEF38, 0xE6F7, 0xFF1A, 0xBD74, 0x1185, 0x0185, 0x0987, 0x7434, 0x7473,
    0x0106, 0x00E5, 0x0268, 0x03AA, 0x0227, 0x00C3, 0x0228, 0x02AA, 0x02AA, 0x0208, 0x0186, 0x0124, 0x00A3, 0x0125, 0x0126, 0x02E6,
    0x0104, 0x00E5, 0x0228, 0x02CA, 0x030B, 0x02CA, 0x0125, 0x02CA, 0x0289, 0x00E5, 0x01C8, 0x0127, 0x0084, 0x0084, 0x01A9, 0x026B,
    0x02AB, 0x0209, 0x0127, 0x00A5, 0x00A4, 0x00A5, 0x0127, 0x00A5, 0x00A5, 0x00A5, 0x00A5, 0x0084, 0x0063, 0x0188, 0x02AD, 0x028B,
    0x1B49, 0x2388, 0x3427, 0x238A, 0x01E9, 0x0147, 0x0085, 0x08A4, 0x2B66, 0x2367, 0x1288, 0x2326, 0x00E6, 0x0128, 0x02CA, 0x02EA,
    0x0085, 0x00C5, 0x0106, 0x0084, 0x00A5, 0x00C6, 0x00A5, 0x0185, 0x0104, 0x0084, 0x0085, 0x01CB, 0x028E, 0x02AE, 0x02F0, 0x0310,
    0x02EF, 0x0ACF, 0x02AE, 0x02AC, 0x12D0, 0x2AD2, 0x1A90, 0x0A0D, 0x1AB1, 0x1AB1, 0x2250, 0x2A4F, 0x08E6, 0x0084, 0x00A5, 0x0084,
    0x0125, 0x0166, 0x0106, 0x0126, 0x0145, 0x02A7, 0x0186, 0x00A4, 0x0125, 0x0145, 0x00C5, 0x0106, 0x118A, 0x11AA, 0x2A91, 0x74FD,
    0x7D5F, 0x5353, 0x9DFF, 0x74BB, 0x959E, 0x5394, 0x0927, 0x0967, 0x0106, 0x00C5, 0x0043, 0x0146, 0x032C, 0x02CA, 0x02CA, 0x1C0A,
    0x038A, 0x032A, 0x036C, 0x038D, 0x038C, 0x0269, 0x0187, 0x0126, 0x0309, 0x0307, 0x0245, 0x0227, 0x1369, 0x0225, 0x0205, 0x0AA5,
    0x65A3, 0x44E4, 0x2384, 0x4CC5, 0x7E04, 0x1B04, 0x11E3, 0x8663, 0x5544, 0x0984, 0x2A84, 0x8E65, 0x96E5, 0x4465, 0x0183, 0x3C66,
    0x6D87, 0x0965, 0x0106, 0x3C46, 0x34E7, 0x038B, 0x0C09, 0x13A9, 0x0228, 0x0249, 0x02AA, 0x034C, 0x0208, 0x00E5, 0x01C7, 0x0288,
    0x0268, 0x0268, 0x01A6, 0x0125, 0x0288, 0x0289, 0x0147, 0x00C6, 0x01C6, 0x040A, 0x02E8, 0x0985, 0x1BE7, 0x2CC8, 0x12A7, 0x3C06,
    0x2467, 0x3C65, 0x2264, 0x1327, 0x01A7, 0x0064, 0x3BE3, 0x7E03, 0x5504, 0x5D44, 0x8EC5, 0x54E5, 0x11A4, 0x2346, 0x24A7, 0x1C06,
    0x1345, 0x0123, 0x01A6, 0x0349, 0x03A9, 0x0186, 0x0127, 0x01A7, 0x01A6, 0x0268, 0x1167, 0x1065, 0x01C6, 0x0267, 0x3ACB, 0x10C5,
    0x0063, 0x0948, 0x0927, 0x0063, 0x0106, 0x0167, 0x01C8, 0x1248, 0x7589, 0x12A6, 0x1327, 0x00A3, 0x00E5, 0x01C6, 0x00A3, 0x1228,
    0x3365, 0x1208, 0x1229, 0x1268, 0x2A89, 0x322A, 0x11C7, 0x0227, 0x1AA8, 0xA647, 0xAF24, 0x43C6, 0x2208, 0x6409, 0x2B46, 0x1B63,
    0x5D03, 0x4C83, 0x5503, 0x7E23, 0xD7A6, 0xCF44, 0xB744, 0x3304, 0x11E4, 0x2365, 0x12A5, 0x4548, 0x55E8, 0x1B05, 0x0165, 0x01C6,
    0x0247, 0x0A87, 0x0206, 0x0246, 0x02E6, 0x0A86, 0x0246, 0x0307, 0x0164, 0x0A24, 0x1305, 0x1B45, 0x1C04, 0x01C4, 0x0163, 0x0123,
    0x3268, 0x840F, 0x8C51, 0x73B0, 0x4A8C, 0x422A, 0x8C2F, 0xDE56, 0xEED7, 0xE6B7, 0xE6B8, 0xE6F9, 0xE6FA, 0xDE56, 0xD5D4, 0xCDD4,
    0xBDB3, 0xB4CA, 0xA50E, 0x32CA, 0x0125, 0x9D11, 0xD5F4, 0x4C13, 0x3394, 0x43F6, 0x2B31, 0x0165, 0x01C6, 0x01A5, 0x11E7, 0x8552,
    0x2CD1, 0x034D, 0x0126, 0x0146, 0x01E8, 0x0187, 0x0208, 0x024A, 0x0209, 0x01C7, 0x0309, 0x02A7, 0x0124, 0x0105, 0x0105, 0x02E6,
    0x0125, 0x0146, 0x0289, 0x0186, 0x0167, 0x028A, 0x0187, 0x00E5, 0x0125, 0x0043, 0x00C5, 0x00C5, 0x0064, 0x0084, 0x00A5, 0x01E9,
    0x028B, 0x028B, 0x01A9, 0x0064, 0x00A4, 0x00A5, 0x0085, 0x00A5, 0x00C5, 0x00C6, 0x00A5, 0x0063, 0x0167, 0x024C, 0x024C, 0x026C,
    0x0A89, 0x2326, 0x0AA9, 0x0189, 0x0169, 0x00E7, 0x0044, 0x3B25, 0x2387, 0x12C9, 0x1AE8, 0x1AA7, 0x00E7, 0x0148, 0x01C9, 0x026A,
    0x01CA, 0x020B, 0x026C, 0x01C9, 0x00A6, 0x0085, 0x0085, 0x0185, 0x0124, 0x0043, 0x016A, 0x028F, 0x02AF, 0x02CF, 0x02CF, 0x02CE,
    0x030C, 0x02EE, 0x02CE, 0x0ACE, 0x12CF, 0x12B0, 0x1290, 0x1A90, 0x1A91, 0x22D2, 0x2AB2, 0x2270, 0x2A91, 0x116A, 0x0084, 0x00A4,
    0x0145, 0x0125, 0x00A4, 0x0126, 0x0166, 0x01C7, 0x00E5, 0x00A4, 0x0145, 0x01C7, 0x0126, 0x0106, 0x00A4, 0x224D, 0x755E, 0x8DBF,
    0x4B32, 0x1106, 0xA67F, 0x5BD3, 0x42AF, 0x8D7B, 0x1166, 0x00C4, 0x00E6, 0x0126, 0x0209, 0x0188, 0x0126, 0x0187, 0x01E8, 0x0105,
    0x032A, 0x030A, 0x01C8, 0x0229, 0x01E8, 0x01A7, 0x01C8, 0x01E8, 0x01E7, 0x01A6, 0x01A5, 0x01C5, 0x0A85, 0x0245, 0x0AC5, 0x1B84,
    0x6DE4, 0x7623, 0x4445, 0x12E4, 0x54E3, 0x4483, 0x33C4, 0x6D23, 0x4D23, 0x33E4, 0x33C4, 0x9F24, 0x65A5, 0x1C25, 0x4545, 0x8EA5,
    0x2B85, 0x1AC6, 0x1BC8, 0x2CE9, 0x13E9, 0x34A7, 0x2C87, 0x02C7, 0x0309, 0x032B, 0x030B, 0x02AA, 0x032B, 0x02EB, 0x02EA, 0x02C9,
    0x01C7, 0x01C7, 0x0208, 0x0249, 0x0289, 0x02A9, 0x0187, 0x00C4, 0x02E8, 0x02A8, 0x0084, 0x0084, 0x2B05, 0x4CE4, 0x12E6, 0x3406,
    0x6546, 0x22E6, 0x4D05, 0x1CA5, 0x2C44, 0x1264, 0x0143, 0x6544, 0x4DC5, 0x5584, 0x65A4, 0x4525, 0x1BA7, 0x0307, 0x3486, 0x6566,
    0x1285, 0x0166, 0x0207, 0x0BAA, 0x0B68, 0x01A6, 0x02E9, 0x03CA, 0x0369, 0x0146, 0x00C5, 0x0043, 0x0185, 0x0226, 0x0185, 0x01A6,
    0x00C5, 0x00A6, 0x00C5, 0x0106, 0x00E6, 0x0147, 0x0188, 0x0106, 0x0987, 0x01C8, 0x0003, 0x00E5, 0x0207, 0x00E4, 0x0104, 0x0267,
    0x1326, 0x0A69, 0x0A2A, 0x0127, 0x0164, 0x0A24, 0x0185, 0x0206, 0x01A8, 0x2A29, 0x9DC8, 0x19E7, 0x01E7, 0x12A4, 0x3C42, 0x3C83,
    0x5503, 0xAF25, 0x7E25, 0x3463, 0x9E44, 0xA6E5, 0x5E05, 0x22C4, 0x6524, 0x8EE4, 0x96A5, 0xC769, 0x9669, 0x3CA8, 0x0226, 0x0165,
    0x01E6, 0x0165, 0x0226, 0x1367, 0x13C7, 0x0246, 0x0226, 0x0205, 0x0103, 0x0123, 0x0164, 0x0266, 0x0AE5, 0x0284, 0x0986, 0x19A9,
    0x7BB0, 0x9C52, 0xA493, 0xACD3, 0xACB2, 0x7BAF, 0x4A2A, 0x4A49, 0xB596, 0xDE55, 0xEED3, 0xEED1, 0xEEF1, 0xE698, 0xDE56, 0xDE77,
    0xDE77, 0xD636, 0x32A9, 0x0165, 0x0165, 0x0986, 0xB553, 0x3B92, 0x1B13, 0x2B33, 0x22F1, 0x1209, 0x122A, 0x0208, 0x01A6, 0x0144,
    0x4CF0, 0x14D0, 0x0289, 0x0063, 0x0105, 0x0B6D, 0x022A, 0x022A, 0x00E6, 0x00A4, 0x01E7, 0x0309, 0x0329, 0x0228, 0x00E4, 0x0286,
    0x0126, 0x02CB, 0x02A9, 0x0125, 0x0083, 0x00A4, 0x00A5, 0x0084, 0x0064, 0x0106, 0x00E5, 0x0106, 0x0106, 0x00E5, 0x0064, 0x00C5,
    0x026A, 0x01E9, 0x0147, 0x0084, 0x00A5, 0x0085, 0x00C6, 0x00C6, 0x00C6, 0x00C6, 0x0084, 0x0106, 0x024D, 0x022C, 0x026D, 0x01C9,
    0x1246, 0x22C6, 0x0189, 0x01AA, 0x01A9, 0x0084, 0x0167, 0x3C27, 0x1B68, 0x1308, 0x33E6, 0x1A05, 0x0045, 0x0168, 0x01A9, 0x01A9,
    0x01EB, 0x01AA, 0x01AA, 0x028D, 0x01EA, 0x00E7, 0x0064, 0x0105, 0x00E4, 0x00C6, 0x01AB, 0x018A, 0x022D, 0x02CF, 0x024C, 0x01A8,
    0x026C, 0x0A8F, 0x020B, 0x124E, 0x32F4, 0x32F3, 0x3AF3, 0x32D2, 0x32D2, 0x3290, 0x2A4F, 0x0928, 0x11AB, 0x2A70, 0x0907, 0x0084,
    0x0125, 0x0144, 0x0105, 0x00A5, 0x00C4, 0x09C7, 0x20E7, 0x08C5, 0x00E5, 0x0106, 0x0106, 0x00C5, 0x00A4, 0x0084, 0x2AB3, 0x3315,
    0x00A4, 0x0103, 0x3311, 0x4371, 0x00E5, 0x0126, 0x00E5, 0x00A4, 0x0186, 0x140B, 0x14AC, 0x134A, 0x12E9, 0x0187, 0x0023, 0x0187,
    0x0209, 0x0188, 0x0209, 0x01C8, 0x0187, 0x2989, 0x29CA, 0x428D, 0x19A7, 0x01E6, 0x01E6, 0x01E5, 0x2BA4, 0x1345, 0x0B45, 0x0AA4,
    0x1B24, 0x3324, 0x00A3, 0x22A4, 0x7E02, 0x8662, 0x3C24, 0x01A6, 0x1285, 0x4483, 0x3CA4, 0x6DE4, 0x7DE4, 0x2B85, 0x7E44, 0x7E64,
    0x7664, 0x5565, 0x13A8, 0x03A9, 0x24A8, 0x5D05, 0x13A8, 0x040A, 0x144A, 0x034B, 0x02EA, 0x0208, 0x0228, 0x032B, 0x02EA, 0x0269,
    0x02C9, 0x0145, 0x00E5, 0x030C, 0x0167, 0x01A7, 0x02E9, 0x0166, 0x0246, 0x0144, 0x0186, 0x0329, 0x0227, 0x0084, 0x4424, 0x7645,
    0x0AC8, 0x1226, 0x44C4, 0x1BE4, 0x4CE3, 0x2B24, 0x0104, 0x0206, 0x0BC8, 0x0B27, 0x22E4, 0x3404, 0x02A6, 0x1C46, 0x0B47, 0x44E7,
    0x2BC7, 0x0267, 0x02A8, 0x0B29, 0x01A6, 0x0268, 0x040B, 0x034A, 0x02A9, 0x036B, 0x03AC, 0x0145, 0x00E5, 0x00C5, 0x0146, 0x0145,
    0x00A4, 0x01A8, 0x0209, 0x0166, 0x0064, 0x0084, 0x0022, 0x0063, 0x02CD, 0x01A9, 0x01A7, 0x00E5, 0x00E5, 0x00C4, 0x0187, 0x0268,
    0x0247, 0x0248, 0x0A27, 0x1A44, 0x0145, 0x0A26, 0x01A5, 0x0044, 0x11E5, 0x1A46, 0x2AA6, 0x22A5, 0x01E5, 0x1B24, 0x5D64, 0xAF04,
    0x6D84, 0x4CE5, 0x6545, 0x4C44, 0x2304, 0x6E05, 0x3C84, 0x6523, 0x8E44, 0xB744, 0x96E6, 0x5587, 0x3488, 0x02C8, 0x4509, 0x3305,
    0x00A3, 0x00A3, 0x0083, 0x33C8, 0x2BA7, 0x0125, 0x0145, 0x0205, 0x0AA5, 0x0B06, 0x0163, 0x0265, 0x01E3, 0x19C6, 0x7BB1, 0x83B1,
    0x5AEE, 0x5ACE, 0x632E, 0x83D0, 0x9410, 0x9C51, 0xACF3, 0x7B8E, 0x7B29, 0xC4C3, 0xDDE5, 0xE629, 0xCD8B, 0xD616, 0xE677, 0xDE57,
    0xDE36, 0xA4F3, 0x0946, 0x0144, 0x0185, 0x01C7, 0x5B2B, 0x3A8B, 0x63D4, 0x5351, 0x2249, 0x3AAE, 0x3AAF, 0x09C8, 0x01A6, 0x0124,
    0x02AA, 0x0BCD, 0x0289, 0x0208, 0x00E5, 0x02AB, 0x022A, 0x01E9, 0x00E5, 0x0229, 0x026A, 0x0249, 0x02A9, 0x0228, 0x0185, 0x0285,
    0x01A6, 0x030C, 0x0166, 0x0145, 0x01A6, 0x0063, 0x0043, 0x0064, 0x01A8, 0x02ED, 0x028B, 0x02CC, 0x030E, 0x032E, 0x0188, 0x0043,
    0x0147, 0x01E9, 0x0147, 0x0083, 0x0084, 0x0106, 0x0167, 0x0106, 0x00A5, 0x00A5, 0x0084, 0x0168, 0x028D, 0x028C, 0x022B, 0x0187,
    0x12A8, 0x026A, 0x0188, 0x0127, 0x00C5, 0x0044, 0x01A9, 0x130A, 0x1B29, 0x2367, 0x2346, 0x1165, 0x0064, 0x0127, 0x01A9, 0x01C9,
    0x0149, 0x0108, 0x0149, 0x0169, 0x024C, 0x026D, 0x0106, 0x0043, 0x00A4, 0x01AB, 0x01CB, 0x01CB, 0x01CB, 0x020C, 0x01C9, 0x01C9,
    0x01AA, 0x01CB, 0x020C, 0x020C, 0x022C, 0x022D, 0x122D, 0x226F, 0x32D1, 0x118B, 0x0129, 0x096A, 0x0949, 0x1A0E, 0x116A, 0x00A5,
    0x00E5, 0x00A3, 0x00A4, 0x00A4, 0x0041, 0x1146, 0xAA14, 0x2928, 0x00C3, 0x00E5, 0x0126, 0x0166, 0x0105, 0x0105, 0x0082, 0x0063,
    0x00E5, 0x0204, 0x0124, 0x00C5, 0x0167, 0x0126, 0x0146, 0x0146, 0x0B2A, 0x2CCB, 0x352C, 0x342A, 0x2C09, 0x0B8C, 0x0147, 0x0147,
    0x01E9, 0x0209, 0x01E8, 0x0187, 0x00C4, 0x692C, 0xB213, 0xEC99, 0x28A6, 0x0103, 0x01C5, 0x0246, 0x0B06, 0x0B06, 0x0AA6, 0x01A6,
    0x0126, 0x0184, 0x09A3, 0x00A4, 0x22E4, 0x6DC3, 0x7623, 0x09E5, 0x0106, 0x11E5, 0x8E84, 0x6544, 0x0145, 0x23A6, 0x5547, 0x1327,
    0x4506, 0x1C06, 0x1387, 0x0309, 0x02A9, 0x0268, 0x01E7, 0x0269, 0x02A9, 0x030A, 0x01A6, 0x0001, 0x0022, 0x0229, 0x0147, 0x01A8,
    0x0208, 0x00C4, 0x01C7, 0x02CA, 0x00E5, 0x01C6, 0x0349, 0x0268, 0x00C4, 0x01C5, 0x0349, 0x0389, 0x01C6, 0x0064, 0x2386, 0x2427,
    0x02A9, 0x0125, 0x12A4, 0x24C4, 0x0A44, 0x0104, 0x0205, 0x0226, 0x01C7, 0x0146, 0x0104, 0x0164, 0x09C4, 0x0AA6, 0x0187, 0x02A9,
    0x1C67, 0x1487, 0x0B68, 0x01A6, 0x00C3, 0x0227, 0x03AB, 0x034A, 0x0187, 0x0146, 0x0248, 0x0145, 0x0063, 0x0085, 0x0127, 0x0146,
    0x01E8, 0x03CE, 0x0CAF, 0x038D, 0x00C5, 0x0084, 0x0146, 0x01C8, 0x01EA, 0x038C, 0x16B2, 0x030B, 0x0002, 0x0084, 0x00E5, 0x0125,
    0x0145, 0x0145, 0x2243, 0x5D44, 0x3C05, 0x0186, 0x00C5, 0x2AA4, 0x96A4, 0x4403, 0x0984, 0x8EA4, 0x5C84, 0x0124, 0x0145, 0x4CA5,
    0x7665, 0x0B66, 0x2AA5, 0x6528, 0x02A9, 0x3406, 0x1264, 0x6D45, 0x9EC5, 0x8E87, 0x4508, 0x4D89, 0x7E68, 0x6E27, 0x8687, 0x6E07,
    0x0A47, 0x09E5, 0x09A6, 0x0145, 0x0285, 0x01A5, 0x00A4, 0x0123, 0x02E5, 0x13E6, 0x02A5, 0x01C3, 0x0945, 0x6B2F, 0x73AF, 0x7BF0,
    0xACD3, 0x9C51, 0x9431, 0x9410, 0x8BF1, 0x83D1, 0x8C53, 0x7BB0, 0xCC82, 0xB440, 0x7BA7, 0x7BAD, 0x72E2, 0xC529, 0xB575, 0xA535,
    0xBDB6, 0xBD97, 0x532F, 0x21C9, 0x09C7, 0x01E7, 0x0186, 0x5B50, 0x5351, 0x3B10, 0x09A7, 0x0104, 0x0165, 0x0186, 0x0165, 0x01C6,
    0x0208, 0x01C8, 0x0209, 0x02CB, 0x01A8, 0x0126, 0x0166, 0x0167, 0x0187, 0x0229, 0x00A5, 0x0106, 0x02CB, 0x0228, 0x0083, 0x0AA6,
    0x0207, 0x0125, 0x0084, 0x0146, 0x0146, 0x0022, 0x00E5, 0x0167, 0x030D, 0x02CC, 0x01EA, 0x01EA, 0x022B, 0x026C, 0x02CD, 0x0147,
    0x0044, 0x0188, 0x0126, 0x00C4, 0x0106, 0x01C9, 0x01A7, 0x00A5, 0x0064, 0x0084, 0x0084, 0x0106, 0x02CC, 0x026A, 0x00E5, 0x028B,
    0x0209, 0x0167, 0x00A4, 0x0043, 0x0085, 0x0085, 0x01C9, 0x12EA, 0x1B08, 0x2368, 0x1227, 0x0045, 0x00C5, 0x00A4, 0x0168, 0x01C9,
    0x0149, 0x01AA, 0x026D, 0x01CA, 0x0128, 0x020B, 0x026D, 0x0084, 0x00C6, 0x01CB, 0x01CA, 0x01CB, 0x018A, 0x0189, 0x024D, 0x020B,
    0x01EB, 0x028D, 0x02ED, 0x034D, 0x03AC, 0x038C, 0x020A, 0x114B, 0x19CD, 0x118C, 0x096B, 0x096A, 0x0928, 0x096B, 0x11AD, 0x0085,
    0x0084, 0x00E5, 0x00E4, 0x3108, 0x48EA, 0x49E8, 0x9BAB, 0x59AC, 0x596D, 0x3129, 0x0185, 0x01E7, 0x0289, 0x02CA, 0x0228, 0x00C5,
    0x00E6, 0x0204, 0x0124, 0x00A4, 0x00A5, 0x01C9, 0x030C, 0x032B, 0x02A9, 0x02CA, 0x0229, 0x00C6, 0x028A, 0x034C, 0x02EB, 0x01C8,
    0x00C5, 0x01A7, 0x0125, 0x2108, 0x69CF, 0x716F, 0xCB0C, 0xDC0F, 0x8ACD, 0x832F, 0x522B, 0x01E5, 0x0A65, 0x01A5, 0x0126, 0x0106,
    0x0226, 0x1C24, 0x23A4, 0x01E5, 0x0144, 0x2BA4, 0x4484, 0x09A6, 0x0249, 0x0AC5, 0x2424, 0x22E5, 0x0126, 0x1367, 0x02A9, 0x0228,
    0x1286, 0x5D85, 0x23A8, 0x01E9, 0x0269, 0x01A7, 0x0065, 0x0107, 0x02C9, 0x01A6, 0x0023, 0x00E6, 0x0188, 0x00A5, 0x00E5, 0x0106,
    0x0146, 0x01C7, 0x01A7, 0x01A7, 0x0166, 0x01A6, 0x0227, 0x0288, 0x00C5, 0x0248, 0x0369, 0x02A8, 0x00E4, 0x0043, 0x0208, 0x026A,
    0x0208, 0x0043, 0x0103, 0x0245, 0x0185, 0x01E5, 0x2C04, 0x44C5, 0x33C6, 0x2306, 0x0923, 0x00C4, 0x0208, 0x02A9, 0x0289, 0x01E9,
    0x0BC7, 0x0386, 0x0206, 0x0105, 0x0145, 0x0186, 0x0309, 0x01C7, 0x00C6, 0x00C5, 0x0063, 0x0022, 0x0146, 0x0126, 0x0084, 0x028B,
    0x038E, 0x036D, 0x03ED, 0x042F, 0x02CC, 0x00A4, 0x028A, 0x026A, 0x0A28, 0x45AC, 0x5E8D, 0x660D, 0x3B29, 0x00A4, 0x00E5, 0x00C5,
    0x00A4, 0x0084, 0x0104, 0x1B64, 0x6604, 0x1A64, 0x32C4, 0x8EA4, 0x6544, 0x1B05, 0x22A4, 0x6D63, 0xA723, 0x5D05, 0x09C5, 0x0206,
    0x1447, 0x0AA6, 0x1984, 0x22C7, 0x0B67, 0x2B87, 0xAF26, 0x9645, 0x4C86, 0x6588, 0x6DA9, 0x1C4A, 0x1387, 0x54C5, 0x5DC7, 0x4DA7,
    0x13C9, 0x2D08, 0x0227, 0x0267, 0x0406, 0x0266, 0x0165, 0x0103, 0x23E5, 0x1407, 0x01E5, 0x0966, 0x4A8D, 0x4A8C, 0x2286, 0x0A05,
    0x636D, 0xACB3, 0xA4B3, 0xA4B2, 0xB4CF, 0xC530, 0xB4EF, 0x7366, 0x8B40, 0x5AE7, 0x6B88, 0x7B44, 0x93C0, 0x7BA4, 0x5B90, 0x2ACD,
    0x5350, 0x5B32, 0x6B94, 0x83D6, 0x4ACF, 0x0145, 0x0145, 0x3A8B, 0x09A7, 0x3B32, 0x5C16, 0x0A6B, 0x030C, 0x032D, 0x0187, 0x0105,
    0x0187, 0x01E9, 0x028B, 0x0209, 0x0126, 0x00E4, 0x0104, 0x0063, 0x0147, 0x01C9, 0x0085, 0x00E6, 0x0105, 0x01E8, 0x0187, 0x0AC6,
    0x0186, 0x00E5, 0x00C5, 0x0064, 0x0022, 0x0106, 0x02CC, 0x02CC, 0x028B, 0x02AC, 0x02ED, 0x02AD, 0x022C, 0x0148, 0x01A9, 0x01EA,
    0x0084, 0x00C6, 0x0188, 0x01EA, 0x01A9, 0x01A9, 0x01C8, 0x0085, 0x0148, 0x0106, 0x0084, 0x00C5, 0x01A8, 0x00A5, 0x0044, 0x0167,
    0x0085, 0x0044, 0x00A5, 0x00E7, 0x00A5, 0x0085, 0x0107, 0x12CA, 0x1B49, 0x1B49, 0x0126, 0x0085, 0x00A5, 0x00C5, 0x00E6, 0x0106,
    0x0189, 0x01CA, 0x026C, 0x024B, 0x0128, 0x0169, 0x01EB, 0x0168, 0x00A4, 0x0169, 0x01AA, 0x0148, 0x0148, 0x020C, 0x01AA, 0x0085,
    0x0108, 0x020C, 0x020B, 0x022B, 0x09EA, 0x0A2B, 0x09CB, 0x094B, 0x094A, 0x096B, 0x098B, 0x0168, 0x0127, 0x0928, 0x0929, 0x00A6,
    0x0063, 0x0126, 0x2188, 0x89D0, 0xA9B3, 0x822C, 0x3382, 0x71D0, 0xB1F7, 0x59ED, 0x00C2, 0x0022, 0x01C8, 0x0248, 0x0125, 0x0127,
    0x0167, 0x0246, 0x00A3, 0x00C4, 0x0166, 0x0229, 0x028A, 0x0269, 0x02EA, 0x0289, 0x0228, 0x01A7, 0x01E8, 0x01E8, 0x0309, 0x02E8,
    0x00E5, 0x0126, 0x00C6, 0x614E, 0xBA55, 0x91B0, 0xCC22, 0x93C6, 0xBB31, 0xFB98, 0xA2B1, 0x0185, 0x0145, 0x0104, 0x59E9, 0x9B8E,
    0x1B26, 0x0BE4, 0x0BC5, 0x0B05, 0x00C3, 0x1A84, 0x02A6, 0x0228, 0x0267, 0x13A3, 0x02C5, 0x01A6, 0x00C4, 0x0A86, 0x13A8, 0x0287,
    0x09A7, 0x23E9, 0x0228, 0x0187, 0x024A, 0x1B09, 0x43C7, 0x12A7, 0x0145, 0x0063, 0x01A8, 0x038D, 0x044F, 0x13AB, 0x0986, 0x0063,
    0x00C4, 0x00E4, 0x0083, 0x0186, 0x0228, 0x0228, 0x01A7, 0x00E5, 0x0166, 0x02C9, 0x032A, 0x01A6, 0x00C4, 0x01A8, 0x00E6, 0x0126,
    0x00C5, 0x0043, 0x0124, 0x1326, 0x0A25, 0x01E5, 0x2C24, 0x2B64, 0x4444, 0x4D43, 0x43E3, 0x01E7, 0x040C, 0x038B, 0x038B, 0x0309,
    0x02E7, 0x0185, 0x0166, 0x0228, 0x0166, 0x01C6, 0x0268, 0x0126, 0x0126, 0x0127, 0x0147, 0x0188, 0x03AF, 0x032D, 0x00E6, 0x01A8,
    0x032D, 0x0C8E, 0x24EC, 0x1C6B, 0x24AB, 0x0A06, 0x028A, 0x030B, 0x146C, 0x9F0A, 0x96C8, 0x85A9, 0x33EB, 0x0147, 0x0063, 0x0083,
    0x01A3, 0x0163, 0x0146, 0x0346, 0x13E5, 0x33A4, 0x75E3, 0x3343, 0x1A64, 0x65C5, 0x4504, 0x4463, 0x3383, 0x86A4, 0x23E5, 0x0165,
    0x0267, 0x0186, 0x00C4, 0x00E3, 0x0A23, 0x1A24, 0x6CA6, 0xB726, 0x450A, 0x1C09, 0x9EC6, 0x8668, 0x4CA7, 0x09E5, 0x12A6, 0x23A8,
    0x0BC9, 0x5585, 0x2AE4, 0x0186, 0x0185, 0x02A8, 0x02A8, 0x0165, 0x2385, 0x0184, 0x0925, 0x426C, 0x5AAE, 0x21A7, 0x530B, 0x3269,
    0x11E6, 0x8BF2, 0x9C73, 0x9C73, 0xAC6A, 0xC4A8, 0xB404, 0xB420, 0x5263, 0x11C9, 0x73A6, 0xDD00, 0x83A6, 0x326E, 0x6BCC, 0x5BC9,
    0x530F, 0x6352, 0x42AD, 0x2A09, 0x52F1, 0x3A4E, 0x0926, 0x0185, 0x126A, 0x5B53, 0x298C, 0x0A2B, 0x02CC, 0x0209, 0x0146, 0x0064,
    0x0209, 0x024A, 0x01A7, 0x00C5, 0x0106, 0x0125, 0x00A2, 0x0104, 0x0188, 0x01C9, 0x0187, 0x00C4, 0x0043, 0x0105, 0x0207, 0x01E5,
    0x0165, 0x01E8, 0x00A5, 0x0085, 0x0127, 0x028B, 0x02AB, 0x02EC, 0x02CC, 0x028B, 0x028C, 0x01EA, 0x01A9, 0x0147, 0x0106, 0x00E5,
    0x00E5, 0x026B, 0x028B, 0x01CA, 0x01EA, 0x026C, 0x0168, 0x01A9, 0x026C, 0x0168, 0x00E6, 0x00E6, 0x0107, 0x00A5, 0x00A5, 0x0107,
    0x0189, 0x0149, 0x0107, 0x0107, 0x00E6, 0x00A5, 0x0064, 0x09C6, 0x2389, 0x09A6, 0x0085, 0x00C5, 0x00A5, 0x00A5, 0x00A5, 0x0085,
    0x026C, 0x028D, 0x02CD, 0x02CD, 0x02AD, 0x01AA, 0x0108, 0x0106, 0x00A5, 0x01AA, 0x0148, 0x0064, 0x0107, 0x0169, 0x0107, 0x0108,
    0x0149, 0x018A, 0x020B, 0x028C, 0x024A, 0x022A, 0x01A9, 0x0909, 0x094A, 0x096A, 0x0189, 0x0186, 0x0127, 0x0908, 0x0908, 0x00C6,
    0x0062, 0x0125, 0x1988, 0x2908, 0x490B, 0x89B1, 0x0947, 0x59CE, 0x28E7, 0x08C3, 0x0063, 0x00A6, 0x0188, 0x00C5, 0x0043, 0x00C5,
    0x00E5, 0x0205, 0x00C4, 0x01C7, 0x0207, 0x01E7, 0x01C7, 0x00E6, 0x0289, 0x0269, 0x02A7, 0x0266, 0x0043, 0x0084, 0x02A8, 0x0327,
    0x0227, 0x0106, 0x01A8, 0x2929, 0x18A6, 0x48EB, 0x9A2E, 0x69CC, 0x9A51, 0x48CB, 0x296A, 0x0185, 0x0145, 0x0104, 0x924C, 0xFCF3,
    0x09C5, 0x01A4, 0x0225, 0x01A5, 0x0145, 0x0186, 0x0288, 0x02E8, 0x0246, 0x0143, 0x0185, 0x0104, 0x01A6, 0x0B88, 0x1C67, 0x0B89,
    0x01A8, 0x0188, 0x0186, 0x0166, 0x0146, 0x2BC8, 0x6ECA, 0x5568, 0x00A4, 0x09C7, 0x2CAC, 0x456C, 0x452C, 0x0ACA, 0x0105, 0x024A,
    0x01C8, 0x0084, 0x00C4, 0x00A4, 0x01C7, 0x01C7, 0x00E5, 0x0146, 0x0228, 0x0228, 0x01C8, 0x0186, 0x0229, 0x0229, 0x00A4, 0x0044,
    0x00A5, 0x0209, 0x0288, 0x0B06, 0x0286, 0x0226, 0x0164, 0x00C3, 0x1285, 0x3CA5, 0x1AE4, 0x0186, 0x0207, 0x030A, 0x038B, 0x02A9,
    0x0186, 0x0228, 0x0269, 0x02AA, 0x0105, 0x0125, 0x0126, 0x00A4, 0x028A, 0x034D, 0x030C, 0x02ED, 0x038F, 0x030D, 0x01A9, 0x0084,
    0x02AC, 0x0B8C, 0x2409, 0x2C49, 0x3D29, 0x0B8B, 0x01A8, 0x034B, 0x4DAC, 0x65CA, 0x2388, 0x0269, 0x0147, 0x0043, 0x0105, 0x01C6,
    0x5D83, 0x2B43, 0x0025, 0x0186, 0x0125, 0x4404, 0x2B43, 0x0063, 0x1183, 0x44A4, 0x44C3, 0x5D83, 0x01C3, 0x2283, 0x12C4, 0x0164,
    0x0145, 0x0187, 0x2B66, 0x5D25, 0x2B24, 0x00E3, 0x0145, 0x2286, 0x2328, 0x0185, 0x33E4, 0x5D85, 0x4426, 0x0986, 0x01E8, 0x0269,
    0x02E9, 0x3426, 0x75C5, 0x2245, 0x01A6, 0x02E8, 0x02A8, 0x0165, 0x0144, 0x0062, 0x21C7, 0x5AED, 0x19E8, 0x2248, 0x7BAE, 0x42CB,
    0x0A66, 0x4AED, 0x734F, 0xA46C, 0xCD43, 0x8BC9, 0x3A6B, 0x740C, 0x4AEA, 0x1943, 0x3202, 0x4AA4, 0x5B07, 0x7B66, 0x2A82, 0x32A6,
    0x6311, 0x42AE, 0x01C5, 0x0122, 0x0905, 0x2A0D, 0x0948, 0x028A, 0x02EC, 0x122B, 0x0106, 0x00E5, 0x0126, 0x0084, 0x0084, 0x00E6,
    0x024A, 0x0147, 0x00E5, 0x00C5, 0x00E6, 0x0084, 0x0145, 0x0125, 0x0106, 0x0168, 0x0126, 0x00A4, 0x00C6, 0x00A4, 0x00C4, 0x0166,
    0x0125, 0x00E5, 0x00A5, 0x0065, 0x028C, 0x034E, 0x032D, 0x038E, 0x038E, 0x024B, 0x00A5, 0x00E6, 0x024A, 0x0187, 0x0147, 0x0168,
    0x0189, 0x01C9, 0x02AC, 0x028C, 0x01EA, 0x01EB, 0x00A5, 0x026B, 0x02AC, 0x0107, 0x00C6, 0x01A9, 0x01CA, 0x00E6, 0x0188, 0x028C,
    0x02CD, 0x01CA, 0x01AA, 0x0169, 0x0128, 0x00C6, 0x00A5, 0x00C5, 0x0966, 0x0084, 0x00A5, 0x00A5, 0x00A5, 0x00A5, 0x0085, 0x0085,
    0x024D, 0x028D, 0x02EE, 0x028C, 0x022C, 0x020C, 0x01EB, 0x0189, 0x0084, 0x0147, 0x0169, 0x00E7, 0x00A5, 0x0169, 0x01EB, 0x020A,
    0x024A, 0x028B, 0x02EC, 0x034D, 0x034D, 0x032C, 0x02EB, 0x01E9, 0x0908, 0x0949, 0x0949, 0x01A7, 0x0127, 0x08E5, 0x0107, 0x00E6,
    0x0063, 0x0106, 0x0146, 0x0126, 0x0927, 0x2168, 0x1A25, 0x4A0A, 0x00C3, 0x00C5, 0x0107, 0x0A48, 0x01A7, 0x1225, 0x1285, 0x0145,
    0x00A4, 0x01E5, 0x0186, 0x01E7, 0x01A7, 0x0125, 0x00A3, 0x00C5, 0x0106, 0x0127, 0x0207, 0x0207, 0x0125, 0x0187, 0x01E7, 0x01A5,
    0x0267, 0x0207, 0x01A7, 0x0105, 0x0084, 0x714E, 0xA152, 0x612D, 0x31A9, 0x0145, 0x0124, 0x30E8, 0xA9D4, 0xB314, 0x9B6A, 0xABC7,
    0xB2EF, 0x7A2E, 0x00E4, 0x01C6, 0x01C6, 0x0146, 0x02A9, 0x0267, 0x0123, 0x0063, 0x0104, 0x0144, 0x02E9, 0x0BA9, 0x02E6, 0x01E7,
    0x0188, 0x0126, 0x01E8, 0x0249, 0x0944, 0x5D48, 0x4D89, 0x4549, 0x1288, 0x34C9, 0x4DEA, 0x3C6A, 0x1208, 0x01E8, 0x2369, 0x0A29,
    0x00E5, 0x00C5, 0x0126, 0x0147, 0x00E4, 0x00C4, 0x00C5, 0x01C7, 0x0208, 0x0166, 0x0126, 0x01C7, 0x0186, 0x00C4, 0x00E4, 0x0166,
    0x0289, 0x038C, 0x030B, 0x0268, 0x0267, 0x0185, 0x0063, 0x00A4, 0x0105, 0x0B68, 0x0347, 0x0266, 0x0146, 0x0105, 0x01C8, 0x01E9,
    0x01E8, 0x02C9, 0x0289, 0x02AB, 0x028B, 0x0127, 0x0043, 0x0063, 0x026A, 0x040E, 0x03AD, 0x030D, 0x02CC, 0x028B, 0x02AC, 0x0083,
    0x0106, 0x01E9, 0x0209, 0x134A, 0x1CCB, 0x042C, 0x0167, 0x036A, 0x1BCA, 0x0AA9, 0x01E9, 0x01C8, 0x01A7, 0x028A, 0x034C, 0x0187,
    0x3BE5, 0x5D45, 0x2AA4, 0x0084, 0x0043, 0x1164, 0x0145, 0x00A4, 0x0124, 0x02C6, 0x2C65, 0x34C5, 0x0247, 0x00E5, 0x01C4, 0x00E3,
    0x00E5, 0x0208, 0x0AC8, 0x2B87, 0x2427, 0x1AC4, 0x4485, 0x2B85, 0x0165, 0x00A4, 0x0125, 0x02A8, 0x0209, 0x23C8, 0x4525, 0x0AE8,
    0x0248, 0x0208, 0x1BCA, 0x1309, 0x01A6, 0x0287, 0x0287, 0x0186, 0x00C4, 0x0124, 0x0A29, 0x126A, 0x0249, 0x1346, 0x2B87, 0x2B48,
    0x0A66, 0x01A5, 0x0B46, 0x2B05, 0x9C20, 0x8C42, 0x09E9, 0x0A4D, 0xB54F, 0x9362, 0x0103, 0x0146, 0x11C5, 0x6BA1, 0x2AE5, 0x3AAC,
    0x2249, 0x0A06, 0x0229, 0x022C, 0x0147, 0x0147, 0x0188, 0x0147, 0x028B, 0x0269, 0x028A, 0x01E8, 0x0187, 0x00A5, 0x0105, 0x0106,
    0x0147, 0x00A5, 0x00C5, 0x01A8, 0x0187, 0x0105, 0x00C4, 0x00E4, 0x00C5, 0x00A5, 0x0085, 0x00A5, 0x00E6, 0x0106, 0x0085, 0x01C8,
    0x0145, 0x0063, 0x0063, 0x0167, 0x02CD, 0x028C, 0x01A9, 0x0147, 0x0148, 0x0085, 0x0106, 0x030D, 0x02AC, 0x0188, 0x01C9, 0x02EE,
    0x02AD, 0x0129, 0x024C, 0x02CD, 0x024B, 0x01C9, 0x0084, 0x0146, 0x024A, 0x01E9, 0x02AB, 0x02AC, 0x01AA, 0x01A9, 0x01A9, 0x028B,
    0x02CC, 0x028D, 0x020B, 0x00C6, 0x0107, 0x0148, 0x00C6, 0x00C5, 0x0085, 0x00C6, 0x0107, 0x0105, 0x00E5, 0x0085, 0x0085, 0x0084,
    0x01CB, 0x01CB, 0x022C, 0x026D, 0x022C, 0x024D, 0x01EB, 0x00A5, 0x0084, 0x0104, 0x0145, 0x00A6, 0x0107, 0x00C6, 0x01EA, 0x0209,
    0x0229, 0x02CB, 0x030C, 0x02CC, 0x024B, 0x028B, 0x02EC, 0x032C, 0x01A8, 0x00C7, 0x0127, 0x0186, 0x0148, 0x0927, 0x0106, 0x00C6,
    0x0084, 0x00C5, 0x0127, 0x0127, 0x00A5, 0x0104, 0x01E4, 0x09C6, 0x0147, 0x0127, 0x1AC5, 0x23A4, 0x1AE4, 0x5C63, 0x4C43, 0x12A5,
    0x0186, 0x0245, 0x0186, 0x0125, 0x0105, 0x1103, 0x82E1, 0x1923, 0x0084, 0x00E5, 0x1186, 0x1185, 0x0187, 0x01A7, 0x0146, 0x00E4,
    0x01E6, 0x01E7, 0x00C5, 0x0106, 0x00C5, 0x10A6, 0x18E6, 0x1126, 0x00E5, 0x00E5, 0x0146, 0x2108, 0x8911, 0x596B, 0x52A5, 0xC429,
    0xAA8A, 0x2106, 0x0185, 0x01E6, 0x01C6, 0x0186, 0x0146, 0x0126, 0x01C7, 0x0125, 0x0125, 0x0104, 0x0227, 0x0308, 0x0247, 0x00C4,
    0x0106, 0x01A8, 0x0147, 0x0126, 0x0289, 0x34A9, 0x4549, 0x0B09, 0x240A, 0x4DE8, 0x2C88, 0x024A, 0x134A, 0x4D68, 0x6DE8, 0x64E7,
    0x3BE7, 0x00E5, 0x0106, 0x0147, 0x0105, 0x00C5, 0x00C5, 0x00C5, 0x0105, 0x00E5, 0x0146, 0x0145, 0x00C4, 0x0105, 0x01A7, 0x02E9,
    0x03EB, 0x038B, 0x028B, 0x0B49, 0x2C66, 0x0A25, 0x00A4, 0x00C4, 0x0167, 0x02A8, 0x1407, 0x0329, 0x0289, 0x00A4, 0x0043, 0x00A4,
    0x01E7, 0x0247, 0x01A7, 0x028B, 0x02ED, 0x0127, 0x0064, 0x0209, 0x02AB, 0x02EC, 0x032D, 0x03CF, 0x036E, 0x038E, 0x032C, 0x01E8,
    0x0042, 0x026A, 0x02AB, 0x02EB, 0x03AB, 0x04AC, 0x0187, 0x02AA, 0x01E8, 0x01A8, 0x02AA, 0x036B, 0x032B, 0x0BEB, 0x4D8B, 0x2369,
    0x0166, 0x5546, 0x6584, 0x2284, 0x0063, 0x00A4, 0x0146, 0x00A4, 0x01A6, 0x0327, 0x1C66, 0x0287, 0x01A7, 0x0146, 0x0125, 0x00A4,
    0x01C6, 0x0206, 0x0207, 0x0268, 0x0185, 0x13E5, 0x13A5, 0x4CC4, 0x5CE3, 0x01A6, 0x00C4, 0x0166, 0x02AA, 0x0B28, 0x1BC7, 0x5464,
    0x2BA6, 0x0208, 0x01E9, 0x0249, 0x0125, 0x01A5, 0x0267, 0x0247, 0x01A6, 0x0227, 0x02EA, 0x0187, 0x0186, 0x0BA6, 0x0247, 0x1A29,
    0x1A28, 0x00E4, 0x01C5, 0x3288, 0x526A, 0x6363, 0x22A6, 0x01A8, 0x3AEC, 0x29C5, 0x0164, 0x01E7, 0x01C7, 0x1265, 0x2AC7, 0x4A8D,
    0x0205, 0x01E6, 0x0228, 0x0248, 0x0229, 0x0209, 0x01A8, 0x0063, 0x00E5, 0x028A, 0x02CB, 0x032D, 0x0188, 0x0147, 0x0229, 0x00A3,
    0x00A3, 0x0249, 0x02AA, 0x026A, 0x01C9, 0x01C8, 0x00E5, 0x0105, 0x0084, 0x0064, 0x0064, 0x00A4, 0x00C5, 0x00E5, 0x00A5, 0x0147,
    0x0105, 0x0084, 0x00A5, 0x01A9, 0x0106, 0x00A5, 0x0065, 0x0064, 0x0023, 0x00A5, 0x030D, 0x038E, 0x024A, 0x01C9, 0x02CC, 0x030D,
    0x030D, 0x024C, 0x01CB, 0x022B, 0x026C, 0x01A8, 0x00A5, 0x0107, 0x01A9, 0x024A, 0x02CC, 0x02CC, 0x02AB, 0x026B, 0x01A9, 0x01A9,
    0x01A9, 0x01CA, 0x01CA, 0x0189, 0x0128, 0x0148, 0x00E6, 0x00C5, 0x00C5, 0x00A5, 0x0106, 0x0105, 0x0084, 0x00E7, 0x0108, 0x0085,
    0x01CA, 0x022C, 0x024C, 0x026D, 0x0169, 0x0085, 0x00A5, 0x018A, 0x018A, 0x0147, 0x0146, 0x022A, 0x028C, 0x01A9, 0x0085, 0x00C5,
    0x0126, 0x01E9, 0x01E9, 0x026A, 0x02EC, 0x026C, 0x022B, 0x02CC, 0x02EC, 0x00E7, 0x0907, 0x0166, 0x0127, 0x00E7, 0x00E6, 0x0085,
    0x0085, 0x00C5, 0x0105, 0x00E5, 0x0084, 0x0044, 0x0185, 0x0226, 0x0085, 0x2AA4, 0x3BE4, 0x2324, 0x5403, 0x5C22, 0x22C4, 0x0205,
    0x0186, 0x0266, 0x0106, 0x00E5, 0x00A5, 0x6AC2, 0xCCC0, 0x9BE1, 0x0063, 0x5A83, 0xBCA0, 0x93E1, 0x0965, 0x0106, 0x00C5, 0x0125,
    0x00C4, 0x00A3, 0x0104, 0x00E5, 0x00C5, 0x00A5, 0x0165, 0x02C5, 0x0106, 0x0147, 0x0127, 0x00E6, 0x08A5, 0x00C3, 0x1109, 0x818E,
    0x1966, 0x01A6, 0x01C7, 0x01A6, 0x01E7, 0x00A3, 0x0063, 0x0229, 0x02EA, 0x0229, 0x0106, 0x0146, 0x0105, 0x00C4, 0x0083, 0x0104,
    0x0965, 0x0946, 0x00E5, 0x0085, 0x0125, 0x02E9, 0x0AEA, 0x0B0A, 0x0B8B, 0x02EA, 0x1369, 0x4588, 0x3D08, 0x3427, 0x5507, 0x1BC9,
    0x1CEA, 0x0B8A, 0x0188, 0x0126, 0x0146, 0x0146, 0x00A4, 0x00A4, 0x0084, 0x0064, 0x00A4, 0x0125, 0x0126, 0x0147, 0x026A, 0x030A,
    0x032A, 0x0329, 0x140B, 0x0288, 0x0A87, 0x0207, 0x0063, 0x01A6, 0x03AA, 0x0AC7, 0x09C6, 0x01E7, 0x01E8, 0x0125, 0x0186, 0x0268,
    0x0185, 0x00E4, 0x026A, 0x01E9, 0x01C9, 0x00C5, 0x0147, 0x022B, 0x0127, 0x00C5, 0x024C, 0x028B, 0x02EC, 0x02EB, 0x01A8, 0x022A,
    0x0064, 0x0126, 0x0209, 0x0187, 0x02EA, 0x01C6, 0x0106, 0x0167, 0x0229, 0x038B, 0x0C2C, 0x14AD, 0x0C4D, 0x6549, 0x3CA9, 0x3D2C,
    0x1289, 0x0206, 0x09A4, 0x0A47, 0x01E7, 0x00C4, 0x00C4, 0x00A4, 0x00E5, 0x01E6, 0x0165, 0x0166, 0x0104, 0x00A4, 0x0146, 0x0104,
    0x02E7, 0x3465, 0x75A3, 0x6584, 0x0A66, 0x01A5, 0x0B66, 0x2446, 0x1386, 0x01E7, 0x0105, 0x0105, 0x01A6, 0x0228, 0x02C9, 0x0AC8,
    0x0A27, 0x0369, 0x02E8, 0x0207, 0x0186, 0x00A4, 0x01A6, 0x0288, 0x01C7, 0x0125, 0x0248, 0x0248, 0x01E6, 0x0289, 0x022A, 0x228B,
    0x0A6A, 0x01A7, 0x0126, 0x42CB, 0x426C, 0x19E4, 0x2AA4, 0x09A4, 0x00E5, 0x0125, 0x2324, 0x0186, 0x0187, 0x09E6, 0x0187, 0x11E9,
    0x0AC6, 0x0247, 0x01E7, 0x01A5, 0x0146, 0x01A8, 0x00E6, 0x0064, 0x0166, 0x0188, 0x0209, 0x03AF, 0x020A, 0x0084, 0x01A7, 0x01C7,
    0x0145, 0x02CA, 0x030A, 0x0186, 0x0147, 0x02ED, 0x00E5, 0x00E4, 0x0085, 0x0065, 0x0085, 0x0146, 0x026A, 0x0166, 0x0043, 0x00C5,
    0x0105, 0x0085, 0x0085, 0x0084, 0x0064, 0x0084, 0x00A5, 0x0107, 0x0085, 0x0147, 0x038E, 0x02AC, 0x01A9, 0x02AC, 0x034D, 0x030D,
    0x024A, 0x0107, 0x01EB, 0x01CB, 0x01CA, 0x0084, 0x0043, 0x0044, 0x01AA, 0x020A, 0x0189, 0x022A, 0x030D, 0x026B, 0x020B, 0x00E7,
    0x00A5, 0x0189, 0x01A9, 0x01CA, 0x00E6, 0x0107, 0x0107, 0x00C6, 0x00C5, 0x00A5, 0x00C5, 0x0168, 0x00E6, 0x0108, 0x0149, 0x00A5,
    0x01CA, 0x01EB, 0x0148, 0x00A5, 0x00C5, 0x0085, 0x01EB, 0x02CE, 0x026D, 0x0149, 0x0128, 0x020A, 0x030C, 0x030D, 0x0106, 0x0063,
    0x0083, 0x00A5, 0x00C6, 0x0147, 0x01CA, 0x022C, 0x028C, 0x028C, 0x028C, 0x0148, 0x00E7, 0x0147, 0x00C5, 0x0063, 0x00A4, 0x00E5,
    0x00E7, 0x09E7, 0x1306, 0x12A4, 0x1244, 0x0084, 0x00C5, 0x01E6, 0x1164, 0x4383, 0x1AA5, 0x3BA4, 0x4403, 0x1AC5, 0x01C6, 0x0125,
    0x00C4, 0x0207, 0x00E5, 0x1124, 0x00E4, 0x08E5, 0xAC21, 0xBC80, 0x31A3, 0xAC61, 0xCD00, 0x5242, 0x0003, 0x0064, 0x00A5, 0x0084,
    0x0084, 0x1285, 0x2365, 0x1B45, 0x0965, 0x0065, 0x0186, 0x0AE5, 0x00A5, 0x0145, 0x0105, 0x00E4, 0x0164, 0x02E6, 0x0167, 0x0025,
    0x0105, 0x0187, 0x0105, 0x0186, 0x0125, 0x0043, 0x01C8, 0x02CA, 0x0249, 0x00C6, 0x0106, 0x0126, 0x0126, 0x0127, 0x0106, 0x0B09,
    0x34CA, 0x246B, 0x0A28, 0x0002, 0x0062, 0x00C4, 0x01E9, 0x33C9, 0x448A, 0x026A, 0x0A08, 0x3CC8, 0x45A9, 0x1C29, 0x0208, 0x032C,
    0x02EC, 0x02EB, 0x0249, 0x0105, 0x00E5, 0x00E5, 0x00A5, 0x0084, 0x0106, 0x0147, 0x0085, 0x0084, 0x0064, 0x01E9, 0x028B, 0x0187,
    0x0289, 0x02A9, 0x036A, 0x0207, 0x0024, 0x0188, 0x0106, 0x02C9, 0x0CCB, 0x3425, 0x0104, 0x00A4, 0x0084, 0x0084, 0x00C4, 0x0186,
    0x01A6, 0x00A4, 0x01C9, 0x01E9, 0x00E5, 0x0063, 0x0127, 0x0147, 0x0064, 0x0023, 0x00C6, 0x022A, 0x02AB, 0x00E5, 0x0002, 0x00A5,
    0x00C6, 0x00E5, 0x01C8, 0x0147, 0x0085, 0x0064, 0x0084, 0x01C8, 0x03AC, 0x0CAD, 0x0C8C, 0x0289, 0x01E9, 0x0B4B, 0x03CB, 0x0349,
    0x0207, 0x00A4, 0x0064, 0x0125, 0x0268, 0x00C5, 0x00A5, 0x00A4, 0x00C4, 0x0104, 0x00C4, 0x00A4, 0x0063, 0x00E5, 0x0146, 0x0146,
    0x0B68, 0x1406, 0x54C3, 0x5D05, 0x01A6, 0x0125, 0x0B08, 0x0327, 0x0AC7, 0x0A67, 0x0207, 0x00E5, 0x0083, 0x0166, 0x0289, 0x0289,
    0x0146, 0x0165, 0x0309, 0x02C9, 0x0186, 0x00C5, 0x0126, 0x01E8, 0x00E5, 0x00A4, 0x0166, 0x0288, 0x01C6, 0x028B, 0x02EC, 0x02CB,
    0x02AA, 0x0187, 0x00E4, 0x01C9, 0x1A27, 0x22A4, 0x2B03, 0x2383, 0x0225, 0x0166, 0x2364, 0x0185, 0x0187, 0x0166, 0x0167, 0x0126,
    0x0208, 0x01C8, 0x0147, 0x0106, 0x01A9, 0x00C6, 0x0064, 0x0064, 0x01C8, 0x02CC, 0x028B, 0x024A, 0x02AC, 0x0147, 0x00A4, 0x0186,
    0x02C9, 0x02EA, 0x0309, 0x0207, 0x00A3, 0x01E8, 0x00C4, 0x0063, 0x00A5, 0x0127, 0x02EC, 0x030D, 0x02ED, 0x0147, 0x0085, 0x00A5,
    0x0084, 0x0085, 0x0084, 0x00A4, 0x0084, 0x00E5, 0x0127, 0x0127, 0x00A5, 0x02AD, 0x030E, 0x022B, 0x026C, 0x02CC, 0x030D, 0x02ED,
    0x00A5, 0x0043, 0x00C6, 0x0128, 0x00A6, 0x00A5, 0x00E5, 0x00E6, 0x01EA, 0x022B, 0x00E6, 0x0107, 0x024B, 0x026B, 0x024B, 0x01A9,
    0x0084, 0x00E5, 0x01CA, 0x0168, 0x00A5, 0x00A4, 0x00E6, 0x00C6, 0x00E6, 0x0189, 0x0147, 0x0147, 0x01AA, 0x0169, 0x0169, 0x0169,
    0x00A6, 0x00A5, 0x0084, 0x0085, 0x00A5, 0x00A5, 0x020B, 0x02AD, 0x024B, 0x0169, 0x0189, 0x01CA, 0x02AB, 0x02EC, 0x028B, 0x0107,
    0x00A4, 0x00A4, 0x00C6, 0x00C6, 0x00A6, 0x0149, 0x01EA, 0x022A, 0x026B, 0x0168, 0x00A5, 0x00C3, 0x00A4, 0x00E5, 0x0145, 0x0166,
    0x0168, 0x0249, 0x0307, 0x0A86, 0x0A86, 0x0A86, 0x0145, 0x0246, 0x0A27, 0x0A47, 0x1286, 0x12C5, 0x0246, 0x01E7, 0x01C6, 0x0145,
    0x0084, 0x00E4, 0x5A62, 0xB460, 0x6B02, 0x2984, 0x7B22, 0x9C00, 0x7342, 0xAD00, 0x6B83, 0x1904, 0x3182, 0x3183, 0x08A4, 0x0064,
    0x01A6, 0x0166, 0x0124, 0x1325, 0x1346, 0x0146, 0x0165, 0x0AC6, 0x0924, 0x22E3, 0x2384, 0x0AC5, 0x0286, 0x02A7, 0x00E5, 0x0044,
    0x00E5, 0x00C5, 0x0105, 0x0166, 0x0084, 0x00C5, 0x026A, 0x02CA, 0x0147, 0x00A5, 0x0127, 0x0168, 0x01E9, 0x01A9, 0x026A, 0x02EB,
    0x032B, 0x0269, 0x0186, 0x00E3, 0x0063, 0x0146, 0x0188, 0x01E9, 0x0B8D, 0x0B2C, 0x00E7, 0x0148, 0x0B0B, 0x1CAA, 0x02EA, 0x01E9,
    0x0209, 0x02AB, 0x0229, 0x0105, 0x00C4, 0x00A5, 0x0064, 0x0126, 0x032C, 0x038D, 0x01C9, 0x0064, 0x0187, 0x01E8, 0x00C4, 0x00C5,
    0x00C5, 0x01E8, 0x02EA, 0x00E4, 0x00E6, 0x032C, 0x034B, 0x01E8, 0x0186, 0x2345, 0x1307, 0x0208, 0x0187, 0x0187, 0x0105, 0x0084,
    0x0126, 0x0126, 0x0084, 0x0127, 0x00A4, 0x0084, 0x00E6, 0x0063, 0x00C6, 0x0107, 0x01C9, 0x01A9, 0x00A4, 0x0084, 0x0188, 0x020B,
    0x034F, 0x022A, 0x01C8, 0x01A8, 0x0107, 0x00E6, 0x0106, 0x020A, 0x028B, 0x032C, 0x03CC, 0x03AB, 0x01A8, 0x01CA, 0x030C, 0x0147,
    0x00A4, 0x00E5, 0x00A4, 0x0044, 0x0186, 0x0186, 0x0064, 0x0943, 0x2344, 0x12E6, 0x0105, 0x10E2, 0x1264, 0x01E6, 0x00C5, 0x0166,
    0x0186, 0x13A7, 0x3B64, 0x0125, 0x0104, 0x0125, 0x0288, 0x0AC7, 0x5CE4, 0x4CA6, 0x0B29, 0x0A27, 0x01E7, 0x0126, 0x00E6, 0x01E8,
    0x0186, 0x0146, 0x01C7, 0x0146, 0x00A4, 0x0105, 0x0229, 0x0146, 0x0125, 0x01E8, 0x0249, 0x01A7, 0x01A7, 0x030B, 0x028B, 0x026A,
    0x0249, 0x0126, 0x0125, 0x0166, 0x0227, 0x1306, 0x0A47, 0x0227, 0x0AE6, 0x0A25, 0x12A4, 0x1B25, 0x1348, 0x02CB, 0x026A, 0x02CD,
    0x0168, 0x0209, 0x024B, 0x020A, 0x024B, 0x0168, 0x0146, 0x01A8, 0x0187, 0x01C8, 0x01A8, 0x01A8, 0x0167, 0x0106, 0x0063, 0x0207,
    0x032A, 0x0309, 0x0348, 0x02C7, 0x0226, 0x0104, 0x0063, 0x0043, 0x02AB, 0x034D, 0x02AC, 0x024B, 0x0189, 0x01AA, 0x022B, 0x01C9,
    0x00A4, 0x0084, 0x0085, 0x00E5, 0x00E5, 0x00A5, 0x0106, 0x00C5, 0x00A5, 0x028C, 0x026C, 0x024C, 0x030E, 0x02ED, 0x020A, 0x01A9,
    0x0064, 0x0064, 0x0064, 0x0169, 0x0128, 0x0127, 0x0188, 0x024B, 0x022B, 0x022B, 0x0168, 0x0064, 0x0084, 0x0147, 0x022B, 0x01EA,
    0x00A5, 0x0084, 0x0127, 0x01EB, 0x0148, 0x00A5, 0x00A4, 0x00C5, 0x0189, 0x01AA, 0x0126, 0x0167, 0x01AA, 0x0169, 0x0169, 0x0189,
    0x00A6, 0x00A5, 0x00A5, 0x00A5, 0x00A5, 0x0084, 0x022B, 0x02CD, 0x024B, 0x024B, 0x022C, 0x022C, 0x030D, 0x02CC, 0x02EC, 0x01CA,
    0x00E7, 0x0084, 0x00C5, 0x00C5, 0x00C5, 0x00A5, 0x00A5, 0x0084, 0x0168, 0x01A9, 0x0084, 0x0125, 0x0147, 0x0127, 0x0127, 0x0147,
    0x0208, 0x0B2B, 0x02C9, 0x0247, 0x0226, 0x0226, 0x0A46, 0x12E5, 0x0A86, 0x0A27, 0x12C6, 0x01A5, 0x0186, 0x00E5, 0x00A4, 0x0105,
    0x08C3, 0x6A81, 0xC460, 0xBC80, 0xCCC0, 0xC4A0, 0x7B01, 0x5201, 0x5201, 0x5B01, 0x3A44, 0x9382, 0xCCE0, 0xBCA0, 0x72E1, 0x0884,
    0x00A5, 0x00E6, 0x00A5, 0x00E4, 0x2B85, 0x1B26, 0x0187, 0x0AE6, 0x1B03, 0x1B44, 0x1285, 0x00C4, 0x0125, 0x0146, 0x00A5, 0x0126,
    0x00E5, 0x0126, 0x0105, 0x00A5, 0x00C5, 0x00A5, 0x01E8, 0x0168, 0x0127, 0x00E5, 0x0168, 0x01A8, 0x024A, 0x0167, 0x00A4, 0x01A8,
    0x030C, 0x0309, 0x13E7, 0x0A65, 0x00A4, 0x0145, 0x0105, 0x0249, 0x02AA, 0x024A, 0x0064, 0x0084, 0x0127, 0x022A, 0x02CB, 0x00E5,
    0x0083, 0x01A7, 0x0167, 0x00A4, 0x00E5, 0x00C5, 0x0106, 0x032C, 0x034B, 0x038C, 0x0209, 0x0148, 0x02CC, 0x028A, 0x0125, 0x0062,
    0x00C5, 0x01C9, 0x0167, 0x00A5, 0x030C, 0x03AB, 0x03EA, 0x01C6, 0x0043, 0x0AC7, 0x0388, 0x03A9, 0x02CA, 0x026A, 0x0146, 0x00E5,
    0x0209, 0x0187, 0x0084, 0x0084, 0x00A4, 0x00C5, 0x0084, 0x00A4, 0x01A8, 0x020A, 0x02CD, 0x0168, 0x0023, 0x00C5, 0x02AD, 0x034F,
    0x01A9, 0x0085, 0x024B, 0x01A8, 0x0106, 0x0188, 0x0106, 0x0188, 0x01A8, 0x01E9, 0x00E5, 0x0269, 0x02EB, 0x0128, 0x01CA, 0x026B,
    0x00E5, 0x0083, 0x00C4, 0x0146, 0x0206, 0x0B47, 0x09A5, 0x11E4, 0x3C03, 0x11E5, 0x0106, 0x32E4, 0x3C62, 0x0204, 0x0146, 0x00A4,
    0x0165, 0x034A, 0x0207, 0x00C3, 0x0125, 0x0146, 0x02A8, 0x0BC8, 0x1BA7, 0x2BE7, 0x1BA8, 0x1327, 0x0289, 0x0269, 0x00C5, 0x0105,
    0x01C7, 0x01A7, 0x01A7, 0x0166, 0x00C4, 0x00A4, 0x0167, 0x01E9, 0x0166, 0x01A7, 0x0228, 0x0207, 0x0186, 0x01E7, 0x01A7, 0x01E8,
    0x01C8, 0x0167, 0x0145, 0x01E7, 0x01E7, 0x01E6, 0x0126, 0x00E6, 0x12A6, 0x1B05, 0x0A45, 0x23A7, 0x0248, 0x026A, 0x032C, 0x02ED,
    0x024A, 0x024B, 0x01E9, 0x0147, 0x020A, 0x024B, 0x022A, 0x02CB, 0x0167, 0x0126, 0x01A8, 0x0105, 0x0042, 0x0043, 0x0064, 0x0167,
    0x02CB, 0x0269, 0x01E7, 0x0207, 0x0A27, 0x01E7, 0x00A3, 0x00E5, 0x028B, 0x026B, 0x01EA, 0x020A, 0x020A, 0x024B, 0x020A, 0x022A,
    0x01E9, 0x00A6, 0x0085, 0x00C6, 0x00A6, 0x00A5, 0x00E5, 0x00A5, 0x00C6, 0x026C, 0x022B, 0x028C, 0x028C, 0x020A, 0x00A5, 0x0044,
    0x0084, 0x0063, 0x0107, 0x022C, 0x01EC, 0x0149, 0x01CA, 0x028D, 0x022B, 0x020A, 0x0167, 0x0064, 0x00A5, 0x0085, 0x0127, 0x0189,
    0x00E6, 0x00C5, 0x0128, 0x022C, 0x0148, 0x0084, 0x00C5, 0x0167, 0x01EA, 0x01A9, 0x0147, 0x01AA, 0x0169, 0x0189, 0x0189, 0x0128,
    0x00A5, 0x00A5, 0x00A5, 0x00A5, 0x00C5, 0x00A5, 0x0168, 0x022B, 0x028C, 0x02AC, 0x022B, 0x01AA, 0x026C, 0x026B, 0x026C, 0x022B,
    0x0149, 0x00C6, 0x00A5, 0x00E5, 0x00E5, 0x00C5, 0x00E4, 0x00C4, 0x0064, 0x00C5, 0x00E5, 0x0189, 0x0148, 0x00A5, 0x0169, 0x024A,
    0x020A, 0x022A, 0x01AA, 0x0A08, 0x0AC7, 0x0188, 0x01E8, 0x0A25, 0x0A85, 0x0A66, 0x0186, 0x00E5, 0x0084, 0x00A4, 0x0084, 0x00A5,
    0x1104, 0x6AE3, 0x5A83, 0x5AA3, 0x62C3, 0x5A83, 0x93A1, 0x6A62, 0x49A2, 0x72E1, 0xC4E0, 0x93E1, 0x8BC1, 0xAC60, 0x5A62, 0x08A4,
    0x00A5, 0x00E6, 0x0106, 0x0085, 0x1224, 0x1B87, 0x0146, 0x0206, 0x1B85, 0x0AE6, 0x0084, 0x0023, 0x0084, 0x00E5, 0x01C7, 0x0208,
    0x01A7, 0x0269, 0x0289, 0x0146, 0x00E6, 0x00A5, 0x0084, 0x0127, 0x0127, 0x00C4, 0x00E5, 0x0106, 0x0167, 0x0042, 0x0125, 0x02EC,
    0x0249, 0x038A, 0x0347, 0x01A5, 0x0208, 0x02AA, 0x0228, 0x01E7, 0x0145, 0x0186, 0x0084, 0x0084, 0x0084, 0x0168, 0x01A9, 0x00C5,
    0x00A4, 0x00A4, 0x0126, 0x0167, 0x00E5, 0x0105, 0x0229, 0x03AD, 0x038C, 0x02EB, 0x00E6, 0x028B, 0x024A, 0x0166, 0x0209, 0x01E8,
    0x0064, 0x00A5, 0x0085, 0x0147, 0x030C, 0x0349, 0x02E8, 0x01E7, 0x00A5, 0x1328, 0x2466, 0x0328, 0x0208, 0x0147, 0x024A, 0x01E9,
    0x01C8, 0x01C7, 0x0126, 0x0043, 0x00A4, 0x00C5, 0x0084, 0x0126, 0x0188, 0x01E9, 0x01CA, 0x00E6, 0x0084, 0x0064, 0x01C9, 0x0168,
    0x0024, 0x0148, 0x026B, 0x028B, 0x0167, 0x01A8, 0x02AB, 0x0187, 0x0126, 0x00C5, 0x0063, 0x00A4, 0x022A, 0x020A, 0x01C9, 0x020A,
    0x0167, 0x0064, 0x01A7, 0x1BE8, 0x1B85, 0x0A45, 0x09E6, 0x0126, 0x22A4, 0x2304, 0x0A05, 0x0247, 0x1BE5, 0x09E3, 0x0226, 0x00A3,
    0x00C4, 0x02CA, 0x02E9, 0x0247, 0x02E8, 0x0105, 0x0145, 0x0329, 0x02A9, 0x0B28, 0x1327, 0x0227, 0x0228, 0x0248, 0x00A4, 0x00E5,
    0x0126, 0x00A4, 0x00C4, 0x0166, 0x0208, 0x00E5, 0x0085, 0x01E9, 0x0209, 0x0106, 0x01E7, 0x01A6, 0x0125, 0x0084, 0x01A7, 0x0209,
    0x0105, 0x00C4, 0x0124, 0x01E6, 0x0146, 0x0166, 0x0208, 0x0126, 0x0126, 0x0A87, 0x0A87, 0x01E8, 0x01A8, 0x028A, 0x022A, 0x0148,
    0x02CC, 0x022A, 0x0107, 0x01A9, 0x028C, 0x022A, 0x0209, 0x026A, 0x00E5, 0x00A5, 0x00A4, 0x0064, 0x00A4, 0x0064, 0x0084, 0x0106,
    0x0085, 0x0167, 0x01A9, 0x0128, 0x0085, 0x00A4, 0x00E4, 0x0167, 0x0168, 0x020A, 0x02CC, 0x034D, 0x030C, 0x01E8, 0x00C5, 0x0106,
    0x0147, 0x0149, 0x00E7, 0x0085, 0x00A6, 0x00C6, 0x00C5, 0x00A5, 0x00A5, 0x01C9, 0x022B, 0x01EA, 0x00E6, 0x0064, 0x00A5, 0x00A5,
    0x0085, 0x00A5, 0x01CA, 0x022C, 0x01EB, 0x018A, 0x01CA, 0x026C, 0x022B, 0x022B, 0x0167, 0x00A4, 0x00A5, 0x00C5, 0x00A5, 0x00A5,
    0x00C6, 0x00C6, 0x01CA, 0x0189, 0x00E7, 0x00A5, 0x00E7, 0x0107, 0x0169, 0x01AA, 0x0189, 0x01AA, 0x0127, 0x00E6, 0x0127, 0x0107,
    0x00C6, 0x00C6, 0x00C6, 0x00C5, 0x00C5, 0x00C6, 0x0064, 0x0147, 0x02CD, 0x028C, 0x022B, 0x01EB, 0x0169, 0x01EB, 0x020B, 0x018A,
    0x01AA, 0x0149, 0x0084, 0x00E6, 0x00E6, 0x00C5, 0x00C3, 0x00E5, 0x00E6, 0x00E5, 0x0188, 0x0147, 0x00C5, 0x00A5, 0x0148, 0x01A9,
    0x022A, 0x022A, 0x020A, 0x01A9, 0x01E9, 0x0249, 0x022A, 0x0167, 0x0126, 0x01E6, 0x00C5, 0x0085, 0x00E5, 0x0165, 0x0165, 0x09C5,
    0x0105, 0x0085, 0x00A5, 0x0085, 0x0064, 0x39E3, 0xA3E1, 0x9BC1, 0x39C3, 0xBC80, 0xAC40, 0x7B61, 0x31E2, 0x4223, 0x00C5, 0x01C6,
    0x01C7, 0x0186, 0x00E6, 0x00E6, 0x00E5, 0x0266, 0x0226, 0x0185, 0x02A7, 0x0126, 0x00A4, 0x0146, 0x0208, 0x0249, 0x0187, 0x0105,
    0x0248, 0x0248, 0x01C7, 0x0166, 0x00E6, 0x00C5, 0x0084, 0x00C5, 0x00E5, 0x00A4, 0x0084, 0x0085, 0x0043, 0x0063, 0x026B, 0x02AB,
    0x00C5, 0x0207, 0x030A, 0x0288, 0x0228, 0x01A8, 0x034B, 0x0269, 0x0289, 0x0187, 0x00A4, 0x00C5, 0x0126, 0x0105, 0x0126, 0x00C5,
    0x00A4, 0x0106, 0x026B, 0x01E9, 0x00C4, 0x0166, 0x01A7, 0x01C8, 0x02CC, 0x01C8, 0x01A7, 0x03CC, 0x032B, 0x0167, 0x01A9, 0x024B,
    0x0167, 0x0084, 0x0063, 0x0084, 0x01E8, 0x034A, 0x0227, 0x0166, 0x0127, 0x0126, 0x12A9, 0x01A9, 0x0229, 0x02CB, 0x0209, 0x0127,
    0x01C8, 0x0187, 0x00C4, 0x00C5, 0x00C5, 0x00A5, 0x00A5, 0x0167, 0x0147, 0x0167, 0x0127, 0x0127, 0x00C5, 0x0084, 0x0084, 0x0085,
    0x01A9, 0x028C, 0x02CC, 0x02CC, 0x02CC, 0x02AC, 0x02AC, 0x01A9, 0x0188, 0x00E6, 0x0084, 0x0064, 0x0106, 0x020A, 0x01C9, 0x01A9,
    0x0106, 0x0146, 0x0349, 0x1AE6, 0x1AC4, 0x0287, 0x0207, 0x0168, 0x01A7, 0x23C3, 0x0A26, 0x01E7, 0x01C6, 0x0105, 0x0165, 0x01A5,
    0x00E5, 0x0209, 0x0268, 0x02A8, 0x02A8, 0x01C7, 0x0125, 0x0145, 0x01A6, 0x01E8, 0x0249, 0x01E8, 0x01E8, 0x00E5, 0x00E5, 0x01A7,
    0x00E5, 0x00A4, 0x0063, 0x00E5, 0x0146, 0x00C5, 0x00A5, 0x0187, 0x0146, 0x0106, 0x0187, 0x00E4, 0x00A4, 0x0084, 0x00E5, 0x0146,
    0x0105, 0x0105, 0x0105, 0x0146, 0x0188, 0x0248, 0x0267, 0x00E4, 0x0187, 0x01A6, 0x0166, 0x01A8, 0x024A, 0x0188, 0x00C6, 0x0128,
    0x01A9, 0x01EA, 0x022B, 0x02CD, 0x028C, 0x02AC, 0x020A, 0x0126, 0x00C5, 0x0063, 0x0085, 0x0107, 0x00E6, 0x0106, 0x00E6, 0x00C5,
    0x01E9, 0x02EB, 0x02EB, 0x02EC, 0x01A8, 0x00C5, 0x0105, 0x0147, 0x0107, 0x01A9, 0x028C, 0x01E9, 0x01C9, 0x0084, 0x0064, 0x0084,
    0x0084, 0x0168, 0x0168, 0x00E6, 0x00A5, 0x00C5, 0x00C5, 0x00A5, 0x0084, 0x0106, 0x020B, 0x00A5, 0x0085, 0x00A5, 0x00A5, 0x0085,
    0x00A5, 0x0108, 0x0128, 0x01A9, 0x01EA, 0x01AA, 0x0169, 0x024C, 0x024C, 0x020B, 0x0127, 0x00E6, 0x00A5, 0x00A5, 0x00C6, 0x00A5,
    0x0085, 0x0107, 0x0169, 0x0107, 0x00A6, 0x00C5, 0x00A5, 0x00C6, 0x00E6, 0x01AA, 0x01AA, 0x01A9, 0x0189, 0x00A6, 0x00A5, 0x00C7,
    0x00E6, 0x00C6, 0x00C6, 0x00C6, 0x00C6, 0x00A5, 0x00A5, 0x00E6, 0x026C, 0x02AD, 0x022B, 0x022C, 0x00C6, 0x0189, 0x020C, 0x01CA,
    0x01AA, 0x0148, 0x00A5, 0x00C6, 0x00C6, 0x00C5, 0x00A4, 0x00C5, 0x0127, 0x0148, 0x0168, 0x00E6, 0x00A5, 0x0107, 0x0148, 0x0128,
    0x01EA, 0x026C, 0x022A, 0x0249, 0x0268, 0x01C9, 0x01CA, 0x0168, 0x0106, 0x01C5, 0x0125, 0x0126, 0x0187, 0x0247, 0x0228, 0x0A87,
    0x01E7, 0x0126, 0x0126, 0x0106, 0x4A43, 0xB460, 0xAC20, 0xAC00, 0x08C3, 0x62E2, 0xBC80, 0xB400, 0x2164, 0x00A7, 0x0187, 0x0287,
    0x02A7, 0x0287, 0x0186, 0x00C5, 0x0085, 0x0125, 0x0286, 0x01C5, 0x01C7, 0x00A5, 0x0126, 0x0249, 0x0249, 0x01C8, 0x00A5, 0x0146,
    0x0228, 0x0126, 0x0085, 0x00E5, 0x0126, 0x0147, 0x00C5, 0x0084, 0x00A4, 0x00A4, 0x00C5, 0x00E6, 0x00E6, 0x0127, 0x0188, 0x0147,
    0x00E5, 0x022A, 0x02CB, 0x0248, 0x01E8, 0x0148, 0x02CB, 0x02EA, 0x0269, 0x0106, 0x00C5, 0x0167, 0x01E8, 0x0187, 0x0146, 0x0106,
    0x00E5, 0x0106, 0x01E9, 0x026B, 0x024B, 0x01E9, 0x0167, 0x0168, 0x0107, 0x0147, 0x02EB, 0x032B, 0x030B, 0x02EC, 0x01CA, 0x0127,
    0x0147, 0x00C5, 0x00E5, 0x00A5, 0x0167, 0x02CB, 0x01C8, 0x0146, 0x01C9, 0x0168, 0x00C7, 0x0168, 0x0167, 0x026A, 0x0167, 0x0085,
    0x0126, 0x0126, 0x00E5, 0x0126, 0x00C5, 0x0084, 0x0127, 0x0189, 0x0127, 0x00C5, 0x0106, 0x0188, 0x0106, 0x0084, 0x0084, 0x0128,
    0x022B, 0x026B, 0x028C, 0x028B, 0x02CC, 0x02CD, 0x01CA, 0x0188, 0x01C9, 0x0168, 0x0063, 0x0084, 0x00A5, 0x0126, 0x0106, 0x0147,
    0x0106, 0x0187, 0x0247, 0x0126, 0x01E7, 0x0B28, 0x0B08, 0x0248, 0x0106, 0x0A86, 0x0207, 0x0228, 0x01A7, 0x00E5, 0x00C4, 0x01A5,
    0x01E8, 0x0229, 0x01E7, 0x01A6, 0x0288, 0x01C8, 0x01C7, 0x0165, 0x01C6, 0x0126, 0x0126, 0x0187, 0x0187, 0x0167, 0x0125, 0x0166,
    0x0147, 0x0147, 0x00E6, 0x0168, 0x0106, 0x00A5, 0x00C5, 0x00E5, 0x00E5, 0x0167, 0x0188, 0x0147, 0x00E5, 0x00C5, 0x00C5, 0x00E5,
    0x0126, 0x0168, 0x0168, 0x0107, 0x0188, 0x0209, 0x0145, 0x00E4, 0x01C8, 0x0187, 0x0167, 0x0229, 0x0209, 0x00A5, 0x0148, 0x022B,
    0x01EA, 0x022A, 0x028C, 0x024B, 0x024B, 0x026B, 0x0168, 0x00E6, 0x0127, 0x0084, 0x00E7, 0x0168, 0x0147, 0x0148, 0x0188, 0x01C9,
    0x02AB, 0x0187, 0x01C8, 0x028A, 0x028A, 0x0147, 0x01A7, 0x01C9, 0x0189, 0x0189, 0x00A5, 0x0064, 0x00A6, 0x00A6, 0x00C6, 0x00A5,
    0x0127, 0x0148, 0x0168, 0x0127, 0x00A5, 0x00C6, 0x00C5, 0x00A5, 0x00A5, 0x00C5, 0x00E7, 0x0085, 0x00A5, 0x00A5, 0x00A5, 0x0085,
    0x0107, 0x0107, 0x00A5, 0x0127, 0x01EA, 0x01CA, 0x01AA, 0x01CA, 0x022B, 0x0148, 0x00C6, 0x00C6, 0x00A5, 0x00C5, 0x00C6, 0x00A6,
    0x00C6, 0x0169, 0x0128, 0x00E6, 0x00C6, 0x00C5, 0x00C5, 0x00A5, 0x00C6, 0x01CA, 0x01AA, 0x01CA, 0x0148, 0x00C6, 0x00C6, 0x00A5,
    0x00C6, 0x00C6, 0x00C6, 0x00C6, 0x00C6, 0x00A5, 0x00A5, 0x0084, 0x0148, 0x028D, 0x024C, 0x0168, 0x0064, 0x0128, 0x01CA, 0x01AA,
    0x0169, 0x00E7, 0x00E6, 0x00C5, 0x00C6, 0x00C5, 0x00A5, 0x00A5, 0x00E6, 0x0128, 0x00C6, 0x00C6, 0x00A5, 0x0148, 0x0148, 0x0149,
    0x0148, 0x01C9, 0x0208, 0x01C8, 0x01A8, 0x0189, 0x0168, 0x00A5, 0x0106, 0x0166, 0x0186, 0x0207, 0x0167, 0x01A7, 0x0228, 0x0207,
    0x0227, 0x0207, 0x01A7, 0x09E6, 0x73A2, 0xA400, 0x6AC1, 0x2963, 0x0085, 0x08E5, 0x4324, 0x3AE3, 0x0A26, 0x0167, 0x0167, 0x0207,
    0x0247, 0x01C6, 0x0227, 0x0146, 0x0085, 0x0125, 0x0165, 0x01A6, 0x0146, 0x00E5, 0x0126, 0x0126, 0x01A7, 0x0208, 0x0167, 0x0126,
    0x0147, 0x0107, 0x00E5, 0x0145, 0x0166, 0x0187, 0x00E5, 0x0084, 0x00C5, 0x00C5, 0x0107, 0x0127, 0x0127, 0x0148, 0x0127, 0x00A5,
    0x00E5, 0x022A, 0x01A9, 0x0188, 0x01E8, 0x01C9, 0x0188, 0x026A, 0x00E5, 0x0084, 0x00C5, 0x0188, 0x01C8, 0x01E8, 0x01E8, 0x00E5,
    0x00E5, 0x0147, 0x01A8, 0x01E9, 0x024B, 0x02AC, 0x028A, 0x022A, 0x0188, 0x00A4, 0x0249, 0x028B, 0x0147, 0x01C8, 0x026A, 0x01E9,
    0x00A5, 0x0168, 0x0188, 0x0105, 0x0106, 0x0168, 0x0127, 0x0106, 0x01A8, 0x01C9, 0x00C5, 0x0106, 0x0127, 0x0147, 0x022A, 0x0106,
    0x00A5, 0x00C5, 0x00C5, 0x0106, 0x0127, 0x00C5, 0x0148, 0x0148, 0x0107, 0x0106, 0x0106, 0x0127, 0x0106, 0x0106, 0x0107, 0x0128,
    0x01A9, 0x00E6, 0x0189, 0x026C, 0x01A8, 0x0148, 0x01AA, 0x01C9, 0x0107, 0x00C6, 0x00A5, 0x0084, 0x00A5, 0x00E5, 0x00C5, 0x0105,
    0x0126, 0x0126, 0x0126, 0x0146, 0x0166, 0x0A67, 0x0AE7, 0x0AC8, 0x0106, 0x0126, 0x0228, 0x0228, 0x0208, 0x01C7, 0x0105, 0x0166,
    0x0187, 0x01C8, 0x01A7, 0x0166, 0x01A7, 0x01E8, 0x0187, 0x01A6, 0x0186, 0x0187, 0x00C5, 0x00E6, 0x01A8, 0x01A8, 0x00E5, 0x0106,
    0x0168, 0x0188, 0x0106, 0x0147, 0x01E9, 0x0187, 0x00E6, 0x00C5, 0x00E6, 0x0188, 0x0188, 0x01A9, 0x0126, 0x00C4, 0x00E6, 0x0106,
    0x0147, 0x01A9, 0x0188, 0x0147, 0x0168, 0x01C9, 0x0187, 0x0125, 0x0105, 0x0188, 0x01E9, 0x01A8, 0x0106, 0x0106, 0x0107, 0x01CA,
    0x01EA, 0x01A9, 0x0147, 0x022A, 0x022B, 0x0107, 0x00E6, 0x0127, 0x0106, 0x0085, 0x0107, 0x0148, 0x0168, 0x0128, 0x0189, 0x01C9,
    0x01A9, 0x0106, 0x028A, 0x028A, 0x01E9, 0x00E6, 0x01E9, 0x02CC, 0x02AB, 0x026B, 0x0167, 0x0064, 0x00C6, 0x00E6, 0x00C5, 0x00C6,
    0x0127, 0x0169, 0x0189, 0x0148, 0x00C6, 0x00E6, 0x00C5, 0x00A5, 0x00A5, 0x00A5, 0x0085, 0x00A5, 0x00A5, 0x0085, 0x00A5, 0x0085,
    0x0107, 0x00E7, 0x00A5, 0x00C6, 0x0189, 0x020B, 0x01A9, 0x0169, 0x0168, 0x00C6, 0x00A6, 0x00A5, 0x00A5, 0x00C6, 0x0107, 0x00C6,
    0x00A6, 0x0148, 0x00E7, 0x00A6, 0x00C6, 0x00C6, 0x00A5, 0x00A5, 0x00A5, 0x0107, 0x01CA, 0x01EA, 0x0148, 0x00A5, 0x00C6, 0x00A5,
    0x00C6, 0x00C6, 0x00C6, 0x00C6, 0x00C6, 0x00A5, 0x00A5, 0x00A5, 0x0063, 0x0189, 0x01EB, 0x0084, 0x0084, 0x0085, 0x0189, 0x01AA,
    0x0169, 0x00C6, 0x0106, 0x00C5, 0x00C5, 0x00C5, 0x00A5, 0x00A5, 0x0107, 0x0148, 0x00C6, 0x00A5, 0x00A5, 0x0127, 0x0148, 0x0169,
    0x0128, 0x00C5, 0x01A7, 0x01C8, 0x0147, 0x0147, 0x0147, 0x0084, 0x00C6, 0x0107, 0x0187, 0x0247, 0x0167, 0x0167, 0x0248, 0x0227,
    0x0227, 0x0207, 0x0146, 0x1205, 0x6BC1, 0x3A23, 0x00A4, 0x0066, 0x0085, 0x00A5, 0x0265, 0x02C5, 0x0266, 0x01A7, 0x01E7, 0x0207,
    0x01C7, 0x0166, 0x0227, 0x0186, 0x0084, 0x0105, 0x0104, 0x00C4, 0x0106, 0x0105, 0x0126, 0x00E6, 0x0106, 0x01C8, 0x01E8, 0x00A5,
    0x0127, 0x0127, 0x00C5, 0x00A4, 0x0105, 0x0167, 0x00E5, 0x00A5, 0x00C5, 0x00C5, 0x0148, 0x0147, 0x0126, 0x0148, 0x0147, 0x00E6,
    0x0105, 0x020A, 0x01A9, 0x0167, 0x01A7, 0x01C9, 0x00E6, 0x0147, 0x00C5, 0x00A5, 0x00A4, 0x0126, 0x01C8, 0x01E8, 0x0146, 0x00A4,
    0x00E5, 0x0127, 0x01E9, 0x01C8, 0x0188, 0x028A, 0x032C, 0x022A, 0x0188, 0x0063, 0x01A9, 0x020B, 0x0107, 0x0167, 0x026A, 0x0229,
    0x00E6, 0x01CA, 0x0188, 0x00A4, 0x00E5, 0x0107, 0x0107, 0x0127, 0x0147, 0x0167, 0x00A5, 0x00C5, 0x0147, 0x00E5, 0x01E9, 0x0147,
    0x00A5, 0x00C5, 0x00A5, 0x0107, 0x0168, 0x00C5, 0x0148, 0x0148, 0x0107, 0x00E5, 0x00E5, 0x0127, 0x0106, 0x0126, 0x0148, 0x0128,
    0x00C5, 0x0085, 0x00E7, 0x01A9, 0x0106, 0x0085, 0x01AA, 0x01CA, 0x00E6, 0x0084, 0x00A5, 0x0084, 0x0084, 0x00A5, 0x00A4, 0x0126,
    0x0126, 0x0126, 0x0146, 0x0146, 0x0106, 0x0267, 0x0B27, 0x0AC8, 0x0105, 0x00E5, 0x0167, 0x01C8, 0x0209, 0x01C8, 0x0106, 0x0146,
    0x0126, 0x0167, 0x0186, 0x0105, 0x00C5, 0x01E9, 0x0167, 0x00C4, 0x00E5, 0x0166, 0x00E5, 0x00C5, 0x0188, 0x01A8, 0x00E6, 0x0107,
    0x0188, 0x01A8, 0x0106, 0x0126, 0x0209, 0x01C8, 0x0126, 0x00E6, 0x00C5, 0x0106, 0x0188, 0x0188, 0x0127, 0x00A4, 0x00E6, 0x0106,
    0x0126, 0x01A8, 0x0188, 0x0106, 0x0127, 0x01C9, 0x01A8, 0x00E5, 0x00C5, 0x0167, 0x01C9, 0x0147, 0x0107, 0x0127, 0x00A4, 0x0189,
    0x01CA, 0x00C5, 0x00C5, 0x020A, 0x022B, 0x00A5, 0x0085, 0x0127, 0x0126, 0x0084, 0x00E7, 0x0148, 0x0168, 0x0127, 0x0189, 0x01EA,
    0x0148, 0x0106, 0x02AB, 0x026A, 0x01A9, 0x0106, 0x0168, 0x02EC, 0x02EB, 0x024A, 0x024B, 0x00A5, 0x0085, 0x00E6, 0x00A5, 0x00E7,
    0x00E7, 0x0168, 0x0189, 0x00E7, 0x00C6, 0x00A5, 0x00A5, 0x00A5, 0x00A5, 0x00A5, 0x00A5, 0x00A5, 0x00A5, 0x0085, 0x0085, 0x0085,
    0x0107, 0x00E7, 0x00A5, 0x00A6, 0x0107, 0x01EA, 0x01A9, 0x00E7, 0x0085, 0x00C6, 0x00A5, 0x00A5, 0x00A5, 0x00E6, 0x0107, 0x00A6,
    0x00E7, 0x0148, 0x00E6, 0x00A5, 0x00A6, 0x00C6, 0x00A5, 0x00A5, 0x00A5, 0x00C6, 0x0189, 0x01EA, 0x0128, 0x00A5, 0x00C6, 0x00A5,
};

}}
